{"distribution": "lg", "edges": [["A", "D"], ["B", "D"], ["D", "E"], ["C", "E"]], "root_params": "A ~ N(20,20) B ~ N(20,20) C ~ N(15,15)", "experiment": 1, "not_root_params": "D   ~   N ( 2 A + 3 B , 2 )   E   ~   N ( 3 C + 3 D , 2 )", "sample_size": 5000, "means": {"A": 20, "B": 20, "C": 15, "D": 100, "E": 345}, "disc_method": "EV", "bins": 5, "target_column": null, "Wass1D": 5.269845219912529, "Wass_multi": 5.868764903498476, "RMSE": 1.408191027886946, "WRMSE": 1.408191027886946, "MAE": 1.9830019710212938, "VE_complexity": 7129.0}