{"distribution": "lg", "edges": [["A", "D"], ["B", "D"], ["D", "E"], ["C", "E"]], "root_params": "A ~ N(20,20) B ~ N(20,20) C ~ N(15,15)", "experiment": 1, "not_root_params": "D   ~   N ( 2 A + 3 B , 2 )   E   ~   N ( 3 C + 3 D , 2 )", "sample_size": 5000, "means": {"A": 20, "B": 20, "C": 15, "D": 100, "E": 345}, "disc_method": "EV", "bins": 14, "target_column": null, "Wass1D": 2.155030423295326, "Wass_multi": 2.5989281647638878, "RMSE": 0.5930854349986163, "WRMSE": 0.5935280815529342, "MAE": 0.35175033320749793, "VE_complexity": 1119565.0}