{"distribution": "lg", "edges": [["A", "D"], ["B", "D"], ["D", "E"], ["C", "E"]], "root_params": "A ~ N(20,20) B ~ N(20,20) C ~ N(15,15)", "experiment": 101, "not_root_params": "D   ~   N ( 2 A + 3 B , 1 . 0 )   E   ~   N ( 3 C + 3 D , 1 . 0 )", "sample_size": 100, "means": {"A": 20, "B": 20, "C": 15, "D": 100, "E": 345}, "disc_method": "EV", "bins": 10, "target_column": null, "CPT_method": "MLE", "time_disc": 0.08839679999800865, "time_cnf": 0.030708999998751096, "time_VE": 0.0020626999903470278, "time_BP": 0.00850229999923613, "RMSE": 2.724996570875616, "WRMSE": 2.724996570875616, "MAE": 2.036757041176929, "PE": 0.19914879338437233, "exact_EV": 345, "disc_EV": 344.3129366628239, "Wass_scaled": 0.22395300629162798, "Wass_multi": 1.600811634750807, "time_wass": 0.019105600003967993}