{
	"nodecount" : 1751,
	"peaknodes" : 3926,
	"total_load_time" : 4.78792,
	"build_time" : 4.20503,
	"wmc_time" : 0.00226784
}
