{
	"nodecount" : 1475,
	"peaknodes" : 1960,
	"total_load_time" : 0.408494,
	"build_time" : 0.380488,
	"wmc_time" : 0.00207305
}
