{"distribution": "lg", "edges": [["A", "D"], ["B", "D"], ["D", "E"], ["C", "E"]], "root_params": "A ~ N(20,20) B ~ N(20,20) C ~ N(15,15)", "experiment": 101, "not_root_params": "D   ~   N ( 2 A + 3 B , 1 . 0 )   E   ~   N ( 3 C + 3 D , 1 . 0 )", "sample_size": 100, "means": {"A": 20, "B": 20, "C": 15, "D": 100, "E": 345}, "disc_method": "EB", "bins": 20, "target_column": null, "CPT_method": "MLE", "time_disc": 0.10001049999846146, "time_cnf": 0.17879809999431018, "time_VE": 0.0019464999932097271, "time_BP": 0.010477600008016452, "RMSE": 7.119878789244426, "WRMSE": 4.729478840044194, "MAE": 5.9955952077606085, "PE": 0.1013218455102725, "exact_EV": 345, "disc_EV": 344.65043963298956, "Wass_scaled": 0.032308954901668484, "Wass_multi": 0.6810160666661408, "time_wass": 0.01927109999815002}