{
	"nodecount" : 2582,
	"peaknodes" : 3725,
	"total_load_time" : 6.71842,
	"build_time" : 6.07726,
	"wmc_time" : 0.00333595,
	"wmc_value" : 1,
	"bn_to_cnf_time" : 0.307384
}
