{"distribution": "lg", "edges": [["A", "D"], ["B", "D"], ["D", "E"], ["C", "E"]], "root_params": "A ~ N(20,20) B ~ N(20,20) C ~ N(15,15)", "experiment": 101, "not_root_params": "D   ~   N ( 2 A + 3 B , 1 . 0 )   E   ~   N ( 3 C + 3 D , 1 . 0 )", "sample_size": 100, "means": {"A": 20, "B": 20, "C": 15, "D": 100, "E": 345}, "disc_method": "EV", "bins": 14, "target_column": null, "CPT_method": "MLE", "time_disc": 0.09293309999338817, "time_cnf": 0.07408740000391845, "time_VE": 0.002435300004435703, "time_BP": 0.0061012000078335404, "RMSE": 4.123588865593427, "WRMSE": 4.262425361475719, "MAE": 3.135527524931429, "PE": 0.0792774924476375, "exact_EV": 345, "disc_EV": 344.72649265105565, "Wass_scaled": 0.19144208245018565, "Wass_multi": 1.3358565222066585, "time_wass": 0.014657200008514337}