{
	"nodecount" : 2582,
	"peaknodes" : 3725,
	"total_load_time" : 4.65821,
	"build_time" : 4.10502,
	"wmc_time" : 0.00261116
}
