{
	"nodecount" : 2198,
	"peaknodes" : 4302,
	"total_load_time" : 7.3872,
	"build_time" : 6.34714,
	"wmc_time" : 0.00395703
}
