{"distribution": "lg", "edges": [["A", "D"], ["B", "D"], ["D", "E"], ["C", "E"]], "root_params": "A ~ N(20,20) B ~ N(20,20) C ~ N(15,15)", "experiment": 101, "not_root_params": "D   ~   N ( 2 A + 3 B , 1 . 0 )   E   ~   N ( 3 C + 3 D , 1 . 0 )", "sample_size": 100, "means": {"A": 20, "B": 20, "C": 15, "D": 100, "E": 345}, "disc_method": "EV", "bins": 12, "target_column": null, "CPT_method": "MLE", "time_disc": 0.09587509999983013, "time_cnf": 0.04808569999295287, "time_VE": 0.0014643000031355768, "time_BP": 0.00781999999890104, "RMSE": 3.5811040715580202, "WRMSE": 3.6622787689575294, "MAE": 2.809736395561032, "PE": 0.09809068144946928, "exact_EV": 345, "disc_EV": 344.66158714899933, "Wass_scaled": 0.20725763747561562, "Wass_multi": 1.5583494819613346, "time_wass": 0.02608429999963846}