{"distribution": "lg", "edges": [["A", "D"], ["B", "D"], ["D", "E"], ["C", "E"]], "root_params": "A ~ N(20,20) B ~ N(20,20) C ~ N(15,15)", "experiment": 101, "not_root_params": "D   ~   N ( 2 A + 3 B , 1 . 0 )   E   ~   N ( 3 C + 3 D , 1 . 0 )", "sample_size": 100, "means": {"A": 20, "B": 20, "C": 15, "D": 100, "E": 345}, "disc_method": "EB", "bins": 25, "target_column": null, "CPT_method": "MLE", "time_disc": 0.07896711863577366, "time_cnf": 1.0879938560537994, "time_VE": 0.00378658389672637, "time_BP": 0.00827490584924817, "RMSE": 6.806624257707102, "WRMSE": 4.920177784865877, "MAE": 5.701096790671682, "PE": 0.06330107107716515, "exact_EV": 345, "disc_EV": 345.2183886952162, "Wass_scaled": 0.026451817126060706, "Wass_multi": 0.5009551712892566, "time_wass": 0.015792057383805513}