{"distribution": "lg", "edges": [["A", "D"], ["B", "D"], ["D", "E"], ["C", "E"]], "root_params": "A ~ N(20,20) B ~ N(20,20) C ~ N(15,15)", "experiment": 101, "not_root_params": "D   ~   N ( 2 A + 3 B , 1 . 0 )   E   ~   N ( 3 C + 3 D , 1 . 0 )", "sample_size": 100, "means": {"A": 20, "B": 20, "C": 15, "D": 100, "E": 345}, "disc_method": "EB", "bins": 17, "target_column": null, "CPT_method": "MLE", "time_disc": 0.09423539999988861, "time_cnf": 0.10355010000057518, "time_VE": 0.001647400000365451, "time_BP": 0.012860700007877313, "RMSE": 6.963372040487148, "WRMSE": 4.560753975594383, "MAE": 5.742407567097693, "PE": 0.04362758315536389, "exact_EV": 345, "disc_EV": 344.849484838114, "Wass_scaled": 0.038070755551816694, "Wass_multi": 0.9262489700970913, "time_wass": 0.01885290000063833}