{"distribution": "lg", "edges": [["A", "D"], ["B", "D"], ["D", "E"], ["C", "E"]], "root_params": "A ~ N(20,20) B ~ N(20,20) C ~ N(15,15)", "experiment": 101, "not_root_params": "D   ~   N ( 2 A + 3 B , 1 . 0 )   E   ~   N ( 3 C + 3 D , 1 . 0 )", "sample_size": 100, "means": {"A": 20, "B": 20, "C": 15, "D": 100, "E": 345}, "disc_method": "MDLP", "bins": 2, "target_column": "E", "CPT_method": "MLE", "time_disc": 0.13599325204268098, "time_cnf": 0.1668304270133376, "time_VE": 0.0016696471720933914, "time_BP": 0.005613971967250109, "RMSE": 1.7143396402156659, "WRMSE": 1.346933002276242, "MAE": 1.202330008107893, "PE": 0.02076769081795185, "exact_EV": 345, "disc_EV": 345.07164853332193, "Wass_scaled": 0.3941422977008384, "Wass_multi": 1.3276461117074339, "time_wass": 0.011440444737672806}