{"distribution": "lg", "edges": [["A", "D"], ["B", "D"], ["D", "E"], ["C", "E"]], "root_params": "A ~ N(20,20) B ~ N(20,20) C ~ N(15,15)", "experiment": 101, "not_root_params": "D   ~   N ( 2 A + 3 B , 1 . 0 )   E   ~   N ( 3 C + 3 D , 1 . 0 )", "sample_size": 100, "means": {"A": 20, "B": 20, "C": 15, "D": 100, "E": 345}, "disc_method": "EV", "bins": 17, "target_column": null, "CPT_method": "MLE", "time_disc": 0.06815187772735953, "time_cnf": 0.2472279816865921, "time_VE": 0.0028204768896102905, "time_BP": 0.0094006541185081, "RMSE": 4.564800348123173, "WRMSE": 4.602918136859095, "MAE": 3.5297165427005988, "PE": 0.02637618048904345, "exact_EV": 345, "disc_EV": 344.9090021773128, "Wass_scaled": 0.15450291877792344, "Wass_multi": 1.0609041720551422, "time_wass": 0.020287033170461655}