{
	"nodecount" : 2076,
	"peaknodes" : 2579,
	"total_load_time" : 1.24211,
	"build_time" : 1.12547,
	"wmc_time" : 0.00255299
}
