{"distribution": "lg", "edges": [["A", "D"], ["B", "D"], ["D", "E"], ["C", "E"]], "root_params": "A ~ N(20,20) B ~ N(20,20) C ~ N(15,15)", "experiment": 101, "not_root_params": "D   ~   N ( 2 A + 3 B , 1 . 0 )   E   ~   N ( 3 C + 3 D , 1 . 0 )", "sample_size": 100, "means": {"A": 20, "B": 20, "C": 15, "D": 100, "E": 345}, "disc_method": "EB", "bins": 12, "target_column": null, "CPT_method": "MLE", "time_disc": 0.094524400003138, "time_cnf": 0.048383200002717786, "time_VE": 0.0018099000008078292, "time_BP": 0.00602489999437239, "RMSE": 6.813023044501849, "WRMSE": 3.98062444268803, "MAE": 5.363929659527931, "PE": 0.00407326823033211, "exact_EV": 345, "disc_EV": 345.01405277539465, "Wass_scaled": 0.05896402385256358, "Wass_multi": 1.2917809036661345, "time_wass": 0.02183129999320954}