{
	"nodecount" : 2405,
	"peaknodes" : 3629,
	"total_load_time" : 3.39495,
	"build_time" : 3.06656,
	"wmc_time" : 0.0025959
}
