{
	"nodecount" : 1532,
	"peaknodes" : 2079,
	"total_load_time" : 1.10615,
	"build_time" : 1.03254,
	"wmc_time" : 0.00286293,
	"wmc_value" : 1,
	"bn_to_cnf_time" : 0.0348206
}
