{
	"nodecount" : 964,
	"peaknodes" : 1130,
	"total_load_time" : 0.239287,
	"build_time" : 0.141029,
	"wmc_time" : 0.00199008
}
