{
	"nodecount" : 1590,
	"peaknodes" : 2049,
	"total_load_time" : 0.560804,
	"build_time" : 0.383752,
	"wmc_time" : 0.00217009
}
