{"distribution": "lg", "edges": [["A", "D"], ["B", "D"], ["D", "E"], ["C", "E"]], "root_params": "A ~ N(20,20) B ~ N(20,20) C ~ N(15,15)", "experiment": 101, "not_root_params": "D   ~   N ( 2 A + 3 B , 1 . 0 )   E   ~   N ( 3 C + 3 D , 1 . 0 )", "sample_size": 100, "means": {"A": 20, "B": 20, "C": 15, "D": 100, "E": 345}, "disc_method": "EB", "bins": 30, "target_column": null, "CPT_method": "MLE", "time_disc": 0.1099644000059925, "time_cnf": 0.4062199999898439, "time_VE": 0.00203719999990426, "time_BP": 0.011235300000407733, "RMSE": 7.09908949112993, "WRMSE": 4.985886803103454, "MAE": 5.976817046148502, "PE": 0.07683515425380551, "exact_EV": 345, "disc_EV": 344.73491871782437, "Wass_scaled": 0.021250678033524678, "Wass_multi": 0.43610523448765315, "time_wass": 0.012145000000600703}