{
	"nodecount" : 1896,
	"peaknodes" : 3440,
	"total_load_time" : 3.14856,
	"build_time" : 2.98031,
	"wmc_time" : 0.00288987,
	"wmc_value" : 1,
	"bn_to_cnf_time" : 0.108733
}
