{
	"nodecount" : 501,
	"peaknodes" : 501,
	"total_load_time" : 0.0777268,
	"build_time" : 0.068265,
	"wmc_time" : 0.0015471
}
