{
	"nodecount" : 1771,
	"peaknodes" : 1771,
	"total_load_time" : 0.868451,
	"build_time" : 0.782603,
	"wmc_time" : 0.00185394
}
