{"distribution": "lg", "edges": [["A", "D"], ["B", "D"], ["D", "E"], ["C", "E"]], "root_params": "A ~ N(20,20) B ~ N(20,20) C ~ N(15,15)", "experiment": 112, "not_root_params": "D   ~   N ( 2 A + 3 B , 6 . 0 6 2 5 )   E   ~   N ( 3 C + 3 D , 6 . 0 6 2 5 )", "sample_size": 931, "means": {"A": 20, "B": 20, "C": 15, "D": 100, "E": 345}, "disc_method": "EB", "bins": 5, "target_column": null, "CPT_method": "Bayes", "time_disc": 0.1184512000036193, "time_cnf": 0.009494900004938245, "time_VE": 0.00230609999562148, "time_BP": 0.012261099996976554, "RMSE": 32.30416577897138, "WRMSE": 15.04862954971113, "MAE": 25.06184414170365, "PE": 0.18818642519719384, "exact_EV": 345, "disc_EV": 345.6492431669303, "Wass_scaled": 0.1728330179935416, "Wass_multi": 22.91654833993521, "time_wass": 0.470859000008204}