{"distribution": "lg", "edges": [["A", "D"], ["B", "D"], ["D", "E"], ["C", "E"]], "root_params": "A ~ N(20,20) B ~ N(20,20) C ~ N(15,15)", "experiment": 112, "not_root_params": "D   ~   N ( 2 A + 3 B , 6 . 0 6 2 5 )   E   ~   N ( 3 C + 3 D , 6 . 0 6 2 5 )", "sample_size": 931, "means": {"A": 20, "B": 20, "C": 15, "D": 100, "E": 345}, "disc_method": "EV", "bins": 5, "target_column": null, "CPT_method": "Bayes", "time_disc": 0.06752746598795056, "time_cnf": 0.37136276299133897, "time_VE": 0.0012114522978663445, "time_BP": 0.004722147714346647, "RMSE": 10.335279750578632, "WRMSE": 10.341857873235188, "MAE": 8.136098860337075, "PE": 0.03323091601406515, "exact_EV": 345, "disc_EV": 345.1146466602485, "Wass_scaled": 0.4099392924185673, "Wass_multi": 18.24600872979656, "time_wass": 0.41179870534688234}