{
	"nodecount" : 18307,
	"peaknodes" : 19261,
	"total_load_time" : 1.06572,
	"build_time" : 0.994015,
	"wmc_time" : 0.005476
}
