{"distribution": "lg", "edges": [["A", "D"], ["B", "D"], ["D", "E"], ["C", "E"]], "root_params": "A ~ N(20,20) B ~ N(20,20) C ~ N(15,15)", "experiment": 112, "not_root_params": "D   ~   N ( 2 A + 3 B , 6 . 0 6 2 5 )   E   ~   N ( 3 C + 3 D , 6 . 0 6 2 5 )", "sample_size": 931, "means": {"A": 20, "B": 20, "C": 15, "D": 100, "E": 345}, "disc_method": "EV", "bins": 17, "target_column": null, "CPT_method": "Bayes", "time_disc": 0.10533160000341013, "time_cnf": 0.1420832000003429, "time_VE": 0.0015073000104166567, "time_BP": 0.013285399996675551, "RMSE": 34.28697316469374, "WRMSE": 34.33129888671676, "MAE": 27.50505647670279, "PE": 0.11245746104775564, "exact_EV": 345, "disc_EV": 345.38797824061476, "Wass_scaled": 0.20509416039178519, "Wass_multi": 6.44394097785927, "time_wass": 0.49361879999923985}