{
	"nodecount" : 1782,
	"peaknodes" : 1834,
	"total_load_time" : 0.168511,
	"build_time" : 0.152932,
	"wmc_time" : 0.00349808,
	"wmc_value" : 1,
	"bn_to_cnf_time" : 0.00281239
}
