{"distribution": "lg", "edges": [["A", "D"], ["B", "D"], ["D", "E"], ["C", "E"]], "root_params": "A ~ N(20,20) B ~ N(20,20) C ~ N(15,15)", "experiment": 112, "not_root_params": "D   ~   N ( 2 A + 3 B , 6 . 0 6 2 5 )   E   ~   N ( 3 C + 3 D , 6 . 0 6 2 5 )", "sample_size": 931, "means": {"A": 20, "B": 20, "C": 15, "D": 100, "E": 345}, "disc_method": "EV", "bins": 20, "target_column": null, "CPT_method": "Bayes", "time_disc": 0.10581860000093002, "time_cnf": 0.22668140000314452, "time_VE": 0.002626899993629195, "time_BP": 0.01558649999788031, "RMSE": 34.843123119932855, "WRMSE": 34.904330421321845, "MAE": 27.938010060211774, "PE": 0.13549292200907628, "exact_EV": 345, "disc_EV": 345.4674505809313, "Wass_scaled": 0.18889983105997868, "Wass_multi": 5.563399676967765, "time_wass": 0.5004240999987815}