{"distribution": "lg", "edges": [["A", "D"], ["B", "D"], ["D", "E"], ["C", "E"]], "root_params": "A ~ N(20,20) B ~ N(20,20) C ~ N(15,15)", "experiment": 112, "not_root_params": "D   ~   N ( 2 A + 3 B , 6 . 0 6 2 5 )   E   ~   N ( 3 C + 3 D , 6 . 0 6 2 5 )", "sample_size": 931, "means": {"A": 20, "B": 20, "C": 15, "D": 100, "E": 345}, "disc_method": "EB", "bins": 25, "target_column": null, "CPT_method": "Bayes", "time_disc": 0.07718785433098674, "time_cnf": 2.852381329983473, "time_VE": 0.0015472620725631714, "time_BP": 0.008358955848962069, "RMSE": 63.73442190460002, "WRMSE": 36.30469621708352, "MAE": 54.96729293817708, "PE": 0.9398773137461772, "exact_EV": 345, "disc_EV": 348.2425767324243, "Wass_scaled": 0.0307325478690354, "Wass_multi": 4.789215177679108, "time_wass": 0.372203161008656}