{"distribution": "lg", "edges": [["A", "D"], ["B", "D"], ["D", "E"], ["C", "E"]], "root_params": "A ~ N(20,20) B ~ N(20,20) C ~ N(15,15)", "experiment": 112, "not_root_params": "D   ~   N ( 2 A + 3 B , 6 . 0 6 2 5 )   E   ~   N ( 3 C + 3 D , 6 . 0 6 2 5 )", "sample_size": 931, "means": {"A": 20, "B": 20, "C": 15, "D": 100, "E": 345}, "disc_method": "EB", "bins": 8, "target_column": null, "CPT_method": "Bayes", "time_disc": 0.09355890000006184, "time_cnf": 0.01843650000228081, "time_VE": 0.001372400001855567, "time_BP": 0.005227700006798841, "RMSE": 49.69322895825279, "WRMSE": 22.975619195027726, "MAE": 39.36050312413737, "PE": 0.4585231988098581, "exact_EV": 345, "disc_EV": 346.581905035894, "Wass_scaled": 0.09873873300327408, "Wass_multi": 14.775178349524289, "time_wass": 0.46359949999896344}