{
	"nodecount" : 9795,
	"peaknodes" : 10145,
	"total_load_time" : 1.18527,
	"build_time" : 1.14271,
	"wmc_time" : 0.00489712,
	"wmc_value" : 1,
	"bn_to_cnf_time" : 0.0227523
}
