{"distribution": "lg", "edges": [["A", "D"], ["B", "D"], ["D", "E"], ["C", "E"]], "root_params": "A ~ N(20,20) B ~ N(20,20) C ~ N(15,15)", "experiment": 112, "not_root_params": "D   ~   N ( 2 A + 3 B , 6 . 0 6 2 5 )   E   ~   N ( 3 C + 3 D , 6 . 0 6 2 5 )", "sample_size": 931, "means": {"A": 20, "B": 20, "C": 15, "D": 100, "E": 345}, "disc_method": "EB", "bins": 14, "target_column": null, "CPT_method": "Bayes", "time_disc": 0.1023016999970423, "time_cnf": 0.07799649999651592, "time_VE": 0.0016872999985935166, "time_BP": 0.014621200010878965, "RMSE": 60.740993316625705, "WRMSE": 32.46751556782299, "MAE": 51.43283489767374, "PE": 0.909503318464612, "exact_EV": 345, "disc_EV": 348.1377864487029, "Wass_scaled": 0.0586553439160406, "Wass_multi": 8.639060310931809, "time_wass": 0.49548280000453815}