{
	"nodecount" : 1708,
	"peaknodes" : 1738,
	"total_load_time" : 0.136651,
	"build_time" : 0.12529,
	"wmc_time" : 0.00315213,
	"wmc_value" : 1,
	"bn_to_cnf_time" : 0.00291705
}
