{"distribution": "lg", "edges": [["A", "D"], ["B", "D"], ["D", "E"], ["C", "E"]], "root_params": "A ~ N(20,20) B ~ N(20,20) C ~ N(15,15)", "experiment": 112, "not_root_params": "D   ~   N ( 2 A + 3 B , 6 . 0 6 2 5 )   E   ~   N ( 3 C + 3 D , 6 . 0 6 2 5 )", "sample_size": 931, "means": {"A": 20, "B": 20, "C": 15, "D": 100, "E": 345}, "disc_method": "MDLP", "bins": 2, "target_column": "E", "CPT_method": "Bayes", "time_disc": 0.815739499987103, "time_cnf": 0.08457880000059959, "time_VE": 0.003674100007629022, "time_BP": 0.014490700006717816, "RMSE": 32.41917338644952, "WRMSE": 29.862063205280453, "MAE": 28.052712693078334, "PE": 1.6045183412606145, "exact_EV": 345, "disc_EV": 350.5355882773491, "Wass_scaled": 0.3799747423403623, "Wass_multi": 6.902219136176553, "time_wass": 0.4928232000092976}