{"distribution": "lg", "edges": [["A", "D"], ["B", "D"], ["D", "E"], ["C", "E"]], "root_params": "A ~ N(20,20) B ~ N(20,20) C ~ N(15,15)", "experiment": 112, "not_root_params": "D   ~   N ( 2 A + 3 B , 6 . 0 6 2 5 )   E   ~   N ( 3 C + 3 D , 6 . 0 6 2 5 )", "sample_size": 931, "means": {"A": 20, "B": 20, "C": 15, "D": 100, "E": 345}, "disc_method": "EV", "bins": 14, "target_column": null, "CPT_method": "Bayes", "time_disc": 0.1005109999969136, "time_cnf": 0.07608830000390299, "time_VE": 0.0015617000026395544, "time_BP": 0.006483799996203743, "RMSE": 32.93765675327688, "WRMSE": 32.98402494598294, "MAE": 26.53581389812243, "PE": 0.12290368349358621, "exact_EV": 345, "disc_EV": 345.4240177080529, "Wass_scaled": 0.22783300630995673, "Wass_multi": 7.637662080663353, "time_wass": 0.4950052000058349}