{
	"nodecount" : 37001,
	"peaknodes" : 39511,
	"total_load_time" : 2.09394,
	"build_time" : 1.94803,
	"wmc_time" : 0.00736213
}
