{
	"nodecount" : 5075,
	"peaknodes" : 5130,
	"total_load_time" : 0.194967,
	"build_time" : 0.182235,
	"wmc_time" : 0.00276113
}
