{"distribution": "lg", "edges": [["A", "D"], ["B", "D"], ["D", "E"], ["C", "E"]], "root_params": "A ~ N(20,20) B ~ N(20,20) C ~ N(15,15)", "experiment": 112, "not_root_params": "D   ~   N ( 2 A + 3 B , 6 . 0 6 2 5 )   E   ~   N ( 3 C + 3 D , 6 . 0 6 2 5 )", "sample_size": 931, "means": {"A": 20, "B": 20, "C": 15, "D": 100, "E": 345}, "disc_method": "EB", "bins": 17, "target_column": null, "CPT_method": "Bayes", "time_disc": 0.07142380904406309, "time_cnf": 0.29745080694556236, "time_VE": 0.0013149199075996876, "time_BP": 0.005945722106844187, "RMSE": 63.22133508635457, "WRMSE": 34.37759645376047, "MAE": 53.73409845354842, "PE": 0.8369619423088654, "exact_EV": 345, "disc_EV": 347.8875187009656, "Wass_scaled": 0.04313309039246527, "Wass_multi": 6.88636977930247, "time_wass": 0.38579525006935}