{
	"nodecount" : 33315,
	"peaknodes" : 35538,
	"total_load_time" : 2.55224,
	"build_time" : 2.32335,
	"wmc_time" : 0.00814795
}
