{
	"nodecount" : 50487,
	"peaknodes" : 57850,
	"total_load_time" : 5.72072,
	"build_time" : 4.86431,
	"wmc_time" : 0.00924706
}
