{
	"nodecount" : 42072,
	"peaknodes" : 46558,
	"total_load_time" : 5.16126,
	"build_time" : 4.83544,
	"wmc_time" : 0.00951195,
	"wmc_value" : 1,
	"bn_to_cnf_time" : 0.176521
}
