{"distribution": "lg", "edges": [["A", "D"], ["B", "D"], ["D", "E"], ["C", "E"]], "root_params": "A ~ N(20,20) B ~ N(20,20) C ~ N(15,15)", "experiment": 112, "not_root_params": "D   ~   N ( 2 A + 3 B , 6 . 0 6 2 5 )   E   ~   N ( 3 C + 3 D , 6 . 0 6 2 5 )", "sample_size": 931, "means": {"A": 20, "B": 20, "C": 15, "D": 100, "E": 345}, "disc_method": "EB", "bins": 20, "target_column": null, "CPT_method": "Bayes", "time_disc": 0.10467430000426248, "time_cnf": 0.2177220000012312, "time_VE": 0.0033113000099547207, "time_BP": 0.008542700001271442, "RMSE": 63.55785563319403, "WRMSE": 35.46751254072796, "MAE": 54.66715593800461, "PE": 0.8144214228743618, "exact_EV": 345, "disc_EV": 347.80975390891655, "Wass_scaled": 0.038628575964594666, "Wass_multi": 6.041685226333609, "time_wass": 0.44108309999865014}