{
	"nodecount" : 52178,
	"peaknodes" : 57246,
	"total_load_time" : 5.2151,
	"build_time" : 4.47177,
	"wmc_time" : 0.0138121
}
