{
	"nodecount" : 3567,
	"peaknodes" : 4250,
	"total_load_time" : 1.51992,
	"build_time" : 1.43997,
	"wmc_time" : 0.00336599,
	"wmc_value" : 1,
	"bn_to_cnf_time" : 0.0555749
}
