{"distribution": "lg", "edges": [["A", "D"], ["B", "D"], ["D", "E"], ["C", "E"]], "root_params": "A ~ N(20,20) B ~ N(20,20) C ~ N(15,15)", "experiment": 101, "not_root_params": "D   ~   N ( 2 A + 3 B , 1 . 0 )   E   ~   N ( 3 C + 3 D , 1 . 0 )", "sample_size": 100, "means": {"A": 20, "B": 20, "C": 15, "D": 100, "E": 345}, "disc_method": "EB", "bins": 5, "target_column": null, "CPT_method": "Bayes", "time_disc": 0.10919109999667853, "time_cnf": 0.011267600013525225, "time_VE": 0.003074200008995831, "time_BP": 0.005962700000964105, "RMSE": 6.9382919658220645, "WRMSE": 4.416338818452967, "MAE": 5.767550610359604, "PE": 0.10774519875855296, "exact_EV": 345, "disc_EV": 345.371720935717, "Wass_scaled": 0.1729503290900531, "Wass_multi": 2.881341622297239, "time_wass": 0.019544300012057647}