{"distribution": "lg", "edges": [["A", "D"], ["B", "D"], ["D", "E"], ["C", "E"]], "root_params": "A ~ N(20,20) B ~ N(20,20) C ~ N(15,15)", "experiment": 101, "not_root_params": "D   ~   N ( 2 A + 3 B , 1 . 0 )   E   ~   N ( 3 C + 3 D , 1 . 0 )", "sample_size": 100, "means": {"A": 20, "B": 20, "C": 15, "D": 100, "E": 345}, "disc_method": "EB", "bins": 8, "target_column": null, "CPT_method": "Bayes", "time_disc": 0.09573250000539701, "time_cnf": 0.01923689999966882, "time_VE": 0.0028385000041453168, "time_BP": 0.011965099998633377, "RMSE": 7.526809277190909, "WRMSE": 5.223597883285798, "MAE": 6.374822634574997, "PE": 0.2119477594076677, "exact_EV": 345, "disc_EV": 345.73121976995645, "Wass_scaled": 0.10601077728268761, "Wass_multi": 1.9488799812706181, "time_wass": 0.024888400002964772}