{
	"nodecount" : 1741,
	"peaknodes" : 1879,
	"total_load_time" : 0.286778,
	"build_time" : 0.1924,
	"wmc_time" : 0.00426984
}
