{"distribution": "lg", "edges": [["A", "D"], ["B", "D"], ["D", "E"], ["C", "E"]], "root_params": "A ~ N(20,20) B ~ N(20,20) C ~ N(15,15)", "experiment": 101, "not_root_params": "D   ~   N ( 2 A + 3 B , 1 . 0 )   E   ~   N ( 3 C + 3 D , 1 . 0 )", "sample_size": 100, "means": {"A": 20, "B": 20, "C": 15, "D": 100, "E": 345}, "disc_method": "EV", "bins": 8, "target_column": null, "CPT_method": "Bayes", "time_disc": 0.1296550752595067, "time_cnf": 0.33597405767068267, "time_VE": 0.0019996180199086666, "time_BP": 0.012527190148830414, "RMSE": 4.793119175191442, "WRMSE": 4.850022442757526, "MAE": 3.77710601867998, "PE": 0.04847899014471888, "exact_EV": 345, "disc_EV": 344.8327474840007, "Wass_scaled": 0.26899525075010255, "Wass_multi": 2.0152378960759196, "time_wass": 0.037474886048585176}