{"distribution": "lg", "edges": [["A", "D"], ["B", "D"], ["D", "E"], ["C", "E"]], "root_params": "A ~ N(20,20) B ~ N(20,20) C ~ N(15,15)", "experiment": 101, "not_root_params": "D   ~   N ( 2 A + 3 B , 1 . 0 )   E   ~   N ( 3 C + 3 D , 1 . 0 )", "sample_size": 100, "means": {"A": 20, "B": 20, "C": 15, "D": 100, "E": 345}, "disc_method": "EV", "bins": 5, "target_column": null, "CPT_method": "Bayes", "time_disc": 0.0888571166433394, "time_cnf": 0.8346426719799638, "time_VE": 0.0025771302171051502, "time_BP": 0.010101745836436749, "RMSE": 3.987597167462117, "WRMSE": 3.9875971674621176, "MAE": 3.1445139926695447, "PE": 0.023227226184542524, "exact_EV": 345, "disc_EV": 344.9198660696633, "Wass_scaled": 0.37382523022371184, "Wass_multi": 2.847231935651826, "time_wass": 0.030615047086030245}