{"distribution": "lg", "edges": [["A", "D"], ["B", "D"], ["D", "E"], ["C", "E"]], "root_params": "A ~ N(20,20) B ~ N(20,20) C ~ N(15,15)", "experiment": 101, "not_root_params": "D   ~   N ( 2 A + 3 B , 1 . 0 )   E   ~   N ( 3 C + 3 D , 1 . 0 )", "sample_size": 100, "means": {"A": 20, "B": 20, "C": 15, "D": 100, "E": 345}, "disc_method": "EV", "bins": 17, "target_column": null, "CPT_method": "Bayes", "time_disc": 0.09783889999380335, "time_cnf": 0.14328439999371767, "time_VE": 0.001533899994683452, "time_BP": 0.015070300010847859, "RMSE": 5.004910375884866, "WRMSE": 5.040192261936324, "MAE": 3.8849558998583755, "PE": 0.036015394756944166, "exact_EV": 345, "disc_EV": 344.87574688808854, "Wass_scaled": 0.15450291877792344, "Wass_multi": 1.0609041720551422, "time_wass": 0.025920500003849156}