{"distribution": "lg", "edges": [["A", "D"], ["B", "D"], ["D", "E"], ["C", "E"]], "root_params": "A ~ N(20,20) B ~ N(20,20) C ~ N(15,15)", "experiment": 101, "not_root_params": "D   ~   N ( 2 A + 3 B , 1 . 0 )   E   ~   N ( 3 C + 3 D , 1 . 0 )", "sample_size": 100, "means": {"A": 20, "B": 20, "C": 15, "D": 100, "E": 345}, "disc_method": "EV", "bins": 5, "target_column": null, "CPT_method": "Bayes", "time_disc": 0.08409410000604112, "time_cnf": 0.007527800000389107, "time_VE": 0.0017952000052900985, "time_BP": 0.013740900001721457, "RMSE": 3.9875971674621002, "WRMSE": 3.9875971674621002, "MAE": 3.144513992669522, "PE": 0.023227226184542524, "exact_EV": 345, "disc_EV": 344.9198660696633, "Wass_scaled": 0.37382523022371184, "Wass_multi": 2.847231935651826, "time_wass": 0.01972620000015013}