{"distribution": "lg", "edges": [["A", "D"], ["B", "D"], ["D", "E"], ["C", "E"]], "root_params": "A ~ N(20,20) B ~ N(20,20) C ~ N(15,15)", "experiment": 101, "not_root_params": "D   ~   N ( 2 A + 3 B , 1 . 0 )   E   ~   N ( 3 C + 3 D , 1 . 0 )", "sample_size": 100, "means": {"A": 20, "B": 20, "C": 15, "D": 100, "E": 345}, "disc_method": "EV", "bins": 12, "target_column": null, "CPT_method": "Bayes", "time_disc": 0.1411267681978643, "time_cnf": 0.8964721942320466, "time_VE": 0.0034629921428859234, "time_BP": 0.012496939860284328, "RMSE": 4.906037046919408, "WRMSE": 4.984296996003507, "MAE": 3.835333067376036, "PE": 0.036062836490297435, "exact_EV": 345, "disc_EV": 344.8755832141085, "Wass_scaled": 0.20725763747561562, "Wass_multi": 1.5583494819613346, "time_wass": 0.03699620394036174}