{"distribution": "lg", "edges": [["A", "D"], ["B", "D"], ["D", "E"], ["C", "E"]], "root_params": "A ~ N(20,20) B ~ N(20,20) C ~ N(15,15)", "experiment": 101, "not_root_params": "D   ~   N ( 2 A + 3 B , 1 . 0 )   E   ~   N ( 3 C + 3 D , 1 . 0 )", "sample_size": 100, "means": {"A": 20, "B": 20, "C": 15, "D": 100, "E": 345}, "disc_method": "MDLP", "bins": 2, "target_column": "E", "CPT_method": "Bayes", "time_disc": 0.1649945229291916, "time_cnf": 27.271597950719297, "time_VE": 0.0037041446194052696, "time_BP": 0.010975305922329426, "RMSE": 5.104171028133151, "WRMSE": 4.382665738758233, "MAE": 4.193111300969491, "PE": 0.04539926511146062, "exact_EV": 345, "disc_EV": 345.15662746463454, "Wass_scaled": 0.3941422977008384, "Wass_multi": 1.3276461117074339, "time_wass": 0.02056323690339923}