{
	"nodecount" : 6305,
	"peaknodes" : 9267,
	"total_load_time" : 9.20281,
	"build_time" : 7.26433,
	"wmc_time" : 0.00321198
}
