{
	"nodecount" : 2061,
	"peaknodes" : 2216,
	"total_load_time" : 0.299091,
	"build_time" : 0.178049,
	"wmc_time" : 0.00260901
}
