{"distribution": "lg", "edges": [["A", "D"], ["B", "D"], ["D", "E"], ["C", "E"]], "root_params": "A ~ N(20,20) B ~ N(20,20) C ~ N(15,15)", "experiment": 101, "not_root_params": "D   ~   N ( 2 A + 3 B , 1 . 0 )   E   ~   N ( 3 C + 3 D , 1 . 0 )", "sample_size": 100, "means": {"A": 20, "B": 20, "C": 15, "D": 100, "E": 345}, "disc_method": "EV", "bins": 10, "target_column": null, "CPT_method": "Bayes", "time_disc": 0.11367906769737601, "time_cnf": 17.708616617601365, "time_VE": 0.003103251103311777, "time_BP": 0.011763546615839005, "RMSE": 4.954003467855795, "WRMSE": 4.954003467855795, "MAE": 3.8897965120470417, "PE": 0.04361680400109805, "exact_EV": 345, "disc_EV": 344.8495220261962, "Wass_scaled": 0.22395300629162798, "Wass_multi": 1.600811634750807, "time_wass": 0.03399812709540129}