{"distribution": "lg", "edges": [["A", "D"], ["B", "D"], ["D", "E"], ["C", "E"]], "root_params": "A ~ N(20,20) B ~ N(20,20) C ~ N(15,15)", "experiment": 101, "not_root_params": "D   ~   N ( 2 A + 3 B , 1 . 0 )   E   ~   N ( 3 C + 3 D , 1 . 0 )", "sample_size": 100, "means": {"A": 20, "B": 20, "C": 15, "D": 100, "E": 345}, "disc_method": "EB", "bins": 25, "target_column": null, "CPT_method": "Bayes", "time_disc": 0.09444020000228193, "time_cnf": 0.28705580001405906, "time_VE": 0.004223199997795746, "time_BP": 0.016502300000865944, "RMSE": 6.974527422374578, "WRMSE": 5.464275080937326, "MAE": 5.871096900356281, "PE": 0.09340528363089146, "exact_EV": 345, "disc_EV": 345.3222482285266, "Wass_scaled": 0.026451817126060706, "Wass_multi": 0.5009551712892566, "time_wass": 0.013168299992685206}