{"distribution": "lg", "edges": [["A", "D"], ["B", "D"], ["D", "E"], ["C", "E"]], "root_params": "A ~ N(20,20) B ~ N(20,20) C ~ N(15,15)", "experiment": 101, "not_root_params": "D   ~   N ( 2 A + 3 B , 1 . 0 )   E   ~   N ( 3 C + 3 D , 1 . 0 )", "sample_size": 100, "means": {"A": 20, "B": 20, "C": 15, "D": 100, "E": 345}, "disc_method": "EB", "bins": 12, "target_column": null, "CPT_method": "Bayes", "time_disc": 0.12765832478180528, "time_cnf": 7.220307055860758, "time_VE": 0.0037350202910602093, "time_BP": 0.016689701937139034, "RMSE": 7.822944630149292, "WRMSE": 5.501540905484312, "MAE": 6.634812198313085, "PE": 0.2703233272171948, "exact_EV": 345, "disc_EV": 345.9326154788993, "Wass_scaled": 0.05896402385256358, "Wass_multi": 1.2917809036661345, "time_wass": 0.042185038793832064}