{"distribution": "lg", "edges": [["A", "D"], ["B", "D"], ["D", "E"], ["C", "E"]], "root_params": "A ~ N(20,20) B ~ N(20,20) C ~ N(15,15)", "experiment": 101, "not_root_params": "D   ~   N ( 2 A + 3 B , 1 . 0 )   E   ~   N ( 3 C + 3 D , 1 . 0 )", "sample_size": 100, "means": {"A": 20, "B": 20, "C": 15, "D": 100, "E": 345}, "disc_method": "EB", "bins": 10, "target_column": null, "CPT_method": "Bayes", "time_disc": 0.1180137968622148, "time_cnf": 14.100236700847745, "time_VE": 0.00380178214982152, "time_BP": 0.012294467072933912, "RMSE": 7.827511665932535, "WRMSE": 5.379469933442451, "MAE": 6.663687725366645, "PE": 0.1968398077762053, "exact_EV": 345, "disc_EV": 345.6790973368279, "Wass_scaled": 0.08025894519711467, "Wass_multi": 1.4764860476392014, "time_wass": 0.03266386967152357}