{"distribution": "lg", "edges": [["A", "D"], ["B", "D"], ["D", "E"], ["C", "E"]], "root_params": "A ~ N(20,20) B ~ N(20,20) C ~ N(15,15)", "experiment": 101, "not_root_params": "D   ~   N ( 2 A + 3 B , 1 . 0 )   E   ~   N ( 3 C + 3 D , 1 . 0 )", "sample_size": 100, "means": {"A": 20, "B": 20, "C": 15, "D": 100, "E": 345}, "disc_method": "EV", "bins": 14, "target_column": null, "CPT_method": "Bayes", "time_disc": 0.18388964608311653, "time_cnf": 0.5623986939899623, "time_VE": 0.003269737120717764, "time_BP": 0.007536597084254026, "RMSE": 4.879823606214657, "WRMSE": 5.002483338252044, "MAE": 3.795210888992898, "PE": 0.03883379974701935, "exact_EV": 345, "disc_EV": 344.8660233908728, "Wass_scaled": 0.19144208245018565, "Wass_multi": 1.3358565222066585, "time_wass": 0.020690287929028273}