{"distribution": "lg", "edges": [["A", "D"], ["B", "D"], ["D", "E"], ["C", "E"]], "root_params": "A ~ N(20,20) B ~ N(20,20) C ~ N(15,15)", "experiment": 101, "not_root_params": "D   ~   N ( 2 A + 3 B , 1 . 0 )   E   ~   N ( 3 C + 3 D , 1 . 0 )", "sample_size": 100, "means": {"A": 20, "B": 20, "C": 15, "D": 100, "E": 345}, "disc_method": "EB", "bins": 20, "target_column": null, "CPT_method": "Bayes", "time_disc": 0.18483615294098854, "time_cnf": 0.8647141302935779, "time_VE": 0.0035206316970288754, "time_BP": 0.016381374094635248, "RMSE": 7.425918521875012, "WRMSE": 5.524838444543331, "MAE": 6.359659881386389, "PE": 0.05484979308387638, "exact_EV": 345, "disc_EV": 344.8107682138606, "Wass_scaled": 0.032308954901668484, "Wass_multi": 0.6810160666661408, "time_wass": 0.03462887508794665}