{"distribution": "lg", "edges": [["A", "D"], ["B", "D"], ["D", "E"], ["C", "E"]], "root_params": "A ~ N(20,20) B ~ N(20,20) C ~ N(15,15)", "experiment": 101, "not_root_params": "D   ~   N ( 2 A + 3 B , 1 . 0 )   E   ~   N ( 3 C + 3 D , 1 . 0 )", "sample_size": 100, "means": {"A": 20, "B": 20, "C": 15, "D": 100, "E": 345}, "disc_method": "EB", "bins": 30, "target_column": null, "CPT_method": "Bayes", "time_disc": 0.1340973931364715, "time_cnf": 1.6807900532148778, "time_VE": 0.0029382342472672462, "time_BP": 0.03351754089817405, "RMSE": 7.187083370394186, "WRMSE": 5.59288122680487, "MAE": 6.066746396611508, "PE": 0.11354995311059111, "exact_EV": 345, "disc_EV": 344.60825266176846, "Wass_scaled": 0.021250678033524678, "Wass_multi": 0.43610523448765315, "time_wass": 0.05603656405583024}