{
	"nodecount" : 5350,
	"peaknodes" : 6861,
	"total_load_time" : 6.06884,
	"build_time" : 4.48472,
	"wmc_time" : 0.00674105
}
