{
	"nodecount" : 4042,
	"peaknodes" : 5571,
	"total_load_time" : 3.36864,
	"build_time" : 2.97007,
	"wmc_time" : 0.00577497
}
