{"distribution": "lg", "edges": [["A", "D"], ["B", "D"], ["D", "E"], ["C", "E"]], "root_params": "A ~ N(20,20) B ~ N(20,20) C ~ N(15,15)", "experiment": 119, "not_root_params": "D   ~   N ( 2 A + 3 B , 2 . 9 6 8 7 5 )   E   ~   N ( 3 C + 3 D , 2 . 9 6 8 7 5 )", "sample_size": 1703, "means": {"A": 20, "B": 20, "C": 15, "D": 100, "E": 345}, "disc_method": "EB", "bins": 14, "target_column": null, "CPT_method": "Bayespriors", "time_disc": 0.09871583199128509, "time_cnf": 0.5798242064192891, "time_VE": 0.0012687561102211475, "time_BP": 0.0054368432611227036, "RMSE": 10.224192996153665, "WRMSE": 2.324174547180947, "MAE": 6.126087715953474, "PE": 0.07297828217247115, "exact_EV": 345, "disc_EV": 344.748224926505, "Wass_scaled": 0.05305939832472741, "Wass_multi": 2.8516363873953154, "time_wass": 0.872448586858809}