{
	"nodecount" : 73744,
	"peaknodes" : 79313,
	"total_load_time" : 4.14673,
	"build_time" : 3.58233,
	"wmc_time" : 0.0133491
}
