{
	"nodecount" : 61205,
	"peaknodes" : 65135,
	"total_load_time" : 7.70798,
	"build_time" : 6.82286,
	"wmc_time" : 0.01752
}
