{
	"nodecount" : 19402,
	"peaknodes" : 19407,
	"total_load_time" : 1.58595,
	"build_time" : 1.52746,
	"wmc_time" : 0.00615597,
	"wmc_value" : 1,
	"bn_to_cnf_time" : 0.036978
}
