{"distribution": "lg", "edges": [["A", "D"], ["B", "D"], ["D", "E"], ["C", "E"]], "root_params": "A ~ N(20,20) B ~ N(20,20) C ~ N(15,15)", "experiment": 119, "not_root_params": "D   ~   N ( 2 A + 3 B , 2 . 9 6 8 7 5 )   E   ~   N ( 3 C + 3 D , 2 . 9 6 8 7 5 )", "sample_size": 1703, "means": {"A": 20, "B": 20, "C": 15, "D": 100, "E": 345}, "disc_method": "EB", "bins": 25, "target_column": null, "CPT_method": "Bayespriors", "time_disc": 0.11907601822167635, "time_cnf": 2.7530982047319412, "time_VE": 0.001670542173087597, "time_BP": 0.007946580648422241, "RMSE": 16.467913902238724, "WRMSE": 4.015465372819631, "MAE": 10.558040924561617, "PE": 0.1796997852843758, "exact_EV": 345, "disc_EV": 344.3800357407689, "Wass_scaled": 0.03012535908918197, "Wass_multi": 1.6351417296128214, "time_wass": 0.7964564082212746}