{
	"nodecount" : 1423,
	"peaknodes" : 1497,
	"total_load_time" : 0.0966311,
	"build_time" : 0.0590029,
	"wmc_time" : 0.00179791
}
