{"distribution": "lg", "edges": [["A", "D"], ["B", "D"], ["D", "E"], ["C", "E"]], "root_params": "A ~ N(20,20) B ~ N(20,20) C ~ N(15,15)", "experiment": 119, "not_root_params": "D   ~   N ( 2 A + 3 B , 2 . 9 6 8 7 5 )   E   ~   N ( 3 C + 3 D , 2 . 9 6 8 7 5 )", "sample_size": 1703, "means": {"A": 20, "B": 20, "C": 15, "D": 100, "E": 345}, "disc_method": "EB", "bins": 17, "target_column": null, "CPT_method": "Bayespriors", "time_disc": 0.10277781309559941, "time_cnf": 0.35895695304498076, "time_VE": 0.0012872922234237194, "time_BP": 0.005663265008479357, "RMSE": 12.692007785086656, "WRMSE": 2.7776936855668675, "MAE": 7.611130689195313, "PE": 0.04673704106530618, "exact_EV": 345, "disc_EV": 344.8387572083247, "Wass_scaled": 0.046478837015181254, "Wass_multi": 2.3489340074964122, "time_wass": 0.8826103378087282}