{
	"nodecount" : 60370,
	"peaknodes" : 62916,
	"total_load_time" : 5.0527,
	"build_time" : 4.72865,
	"wmc_time" : 0.0114141,
	"wmc_value" : 1,
	"bn_to_cnf_time" : 0.180145
}
