{"distribution": "lg", "edges": [["A", "D"], ["B", "D"], ["D", "E"], ["C", "E"]], "root_params": "A ~ N(20,20) B ~ N(20,20) C ~ N(15,15)", "experiment": 119, "not_root_params": "D   ~   N ( 2 A + 3 B , 2 . 9 6 8 7 5 )   E   ~   N ( 3 C + 3 D , 2 . 9 6 8 7 5 )", "sample_size": 1703, "means": {"A": 20, "B": 20, "C": 15, "D": 100, "E": 345}, "disc_method": "EV", "bins": 12, "target_column": null, "CPT_method": "Bayespriors", "time_disc": 0.1584010000078706, "time_cnf": 0.05105829999956768, "time_VE": 0.002101200007018633, "time_BP": 0.007408300007227808, "RMSE": 0.7058546913140312, "WRMSE": 0.7059768556056605, "MAE": 0.5162194140844463, "PE": 0.05601562944947005, "exact_EV": 345, "disc_EV": 344.8067460783993, "Wass_scaled": 0.2553159215895827, "Wass_multi": 2.8255978215923525, "time_wass": 1.308000200006063}