{"distribution": "lg", "edges": [["A", "D"], ["B", "D"], ["D", "E"], ["C", "E"]], "root_params": "A ~ N(20,20) B ~ N(20,20) C ~ N(15,15)", "experiment": 119, "not_root_params": "D   ~   N ( 2 A + 3 B , 2 . 9 6 8 7 5 )   E   ~   N ( 3 C + 3 D , 2 . 9 6 8 7 5 )", "sample_size": 1703, "means": {"A": 20, "B": 20, "C": 15, "D": 100, "E": 345}, "disc_method": "EV", "bins": 30, "target_column": null, "CPT_method": "Bayespriors", "time_disc": 0.12569822510704398, "time_cnf": 5.51613473566249, "time_VE": 0.001955620013177395, "time_BP": 0.010670789051800966, "RMSE": 3.6123256327635804, "WRMSE": 3.613299843184557, "MAE": 2.8485827544010816, "PE": 0.17533436967819002, "exact_EV": 345, "disc_EV": 344.39509642461024, "Wass_scaled": 0.16386705505637442, "Wass_multi": 1.2370648903890664, "time_wass": 0.9438627040944993}