{
	"nodecount" : 28601,
	"peaknodes" : 28601,
	"total_load_time" : 1.20052,
	"build_time" : 1.12935,
	"wmc_time" : 0.006881
}
