{"distribution": "lg", "edges": [["A", "D"], ["B", "D"], ["D", "E"], ["C", "E"]], "root_params": "A ~ N(20,20) B ~ N(20,20) C ~ N(15,15)", "experiment": 119, "not_root_params": "D   ~   N ( 2 A + 3 B , 2 . 9 6 8 7 5 )   E   ~   N ( 3 C + 3 D , 2 . 9 6 8 7 5 )", "sample_size": 1703, "means": {"A": 20, "B": 20, "C": 15, "D": 100, "E": 345}, "disc_method": "EV", "bins": 14, "target_column": null, "CPT_method": "Bayespriors", "time_disc": 0.09936287114396691, "time_cnf": 0.2845150548964739, "time_VE": 0.0012616468593478203, "time_BP": 0.005452442914247513, "RMSE": 0.8259177244709438, "WRMSE": 0.8260928539263336, "MAE": 0.7304173315582554, "PE": 0.019570161975061506, "exact_EV": 345, "disc_EV": 344.93248294118604, "Wass_scaled": 0.23555745004678386, "Wass_multi": 2.4406349871678703, "time_wass": 0.9684922867454588}