{
	"nodecount" : 1627,
	"peaknodes" : 1627,
	"total_load_time" : 0.460449,
	"build_time" : 0.41346,
	"wmc_time" : 0.00191021
}
