{"distribution": "lg", "edges": [["A", "D"], ["B", "D"], ["D", "E"], ["C", "E"]], "root_params": "A ~ N(20,20) B ~ N(20,20) C ~ N(15,15)", "experiment": 119, "not_root_params": "D   ~   N ( 2 A + 3 B , 2 . 9 6 8 7 5 )   E   ~   N ( 3 C + 3 D , 2 . 9 6 8 7 5 )", "sample_size": 1703, "means": {"A": 20, "B": 20, "C": 15, "D": 100, "E": 345}, "disc_method": "EB", "bins": 5, "target_column": null, "CPT_method": "Bayespriors", "time_disc": 0.15128839999670163, "time_cnf": 0.010670800009393133, "time_VE": 0.0014081999979680404, "time_BP": 0.00564190000295639, "RMSE": 3.331580230007236, "WRMSE": 1.7715537662300143, "MAE": 2.738274543428304, "PE": 0.07088798301062023, "exact_EV": 345, "disc_EV": 344.75543645861336, "Wass_scaled": 0.1700000330792481, "Wass_multi": 7.32445804797111, "time_wass": 1.2728161999984877}