{"distribution": "lg", "edges": [["A", "D"], ["B", "D"], ["D", "E"], ["C", "E"]], "root_params": "A ~ N(20,20) B ~ N(20,20) C ~ N(15,15)", "experiment": 119, "not_root_params": "D   ~   N ( 2 A + 3 B , 2 . 9 6 8 7 5 )   E   ~   N ( 3 C + 3 D , 2 . 9 6 8 7 5 )", "sample_size": 1703, "means": {"A": 20, "B": 20, "C": 15, "D": 100, "E": 345}, "disc_method": "EV", "bins": 20, "target_column": null, "CPT_method": "Bayespriors", "time_disc": 0.16522569999506231, "time_cnf": 0.23078040000109468, "time_VE": 0.002188800004660152, "time_BP": 0.009081900003366172, "RMSE": 1.0734269852455276, "WRMSE": 1.0751504785968558, "MAE": 0.8309369574521724, "PE": 0.04178802965031827, "exact_EV": 345, "disc_EV": 344.8558312977064, "Wass_scaled": 0.1981982088374191, "Wass_multi": 1.7680481106303003, "time_wass": 1.3119998999900417}