{"distribution": "lg", "edges": [["A", "D"], ["B", "D"], ["D", "E"], ["C", "E"]], "root_params": "A ~ N(20,20) B ~ N(20,20) C ~ N(15,15)", "experiment": 119, "not_root_params": "D   ~   N ( 2 A + 3 B , 2 . 9 6 8 7 5 )   E   ~   N ( 3 C + 3 D , 2 . 9 6 8 7 5 )", "sample_size": 1703, "means": {"A": 20, "B": 20, "C": 15, "D": 100, "E": 345}, "disc_method": "EB", "bins": 12, "target_column": null, "CPT_method": "Bayespriors", "time_disc": 0.16077539999969304, "time_cnf": 0.05266729999857489, "time_VE": 0.0014418000064324588, "time_BP": 0.01292480000120122, "RMSE": 9.073867967257721, "WRMSE": 2.003832859134184, "MAE": 5.181290498654832, "PE": 0.066109074523081, "exact_EV": 345, "disc_EV": 344.77192369289537, "Wass_scaled": 0.06721424075962158, "Wass_multi": 3.3477592774652427, "time_wass": 1.2532869999995455}