{"distribution": "lg", "edges": [["A", "D"], ["B", "D"], ["D", "E"], ["C", "E"]], "root_params": "A ~ N(20,20) B ~ N(20,20) C ~ N(15,15)", "experiment": 119, "not_root_params": "D   ~   N ( 2 A + 3 B , 2 . 9 6 8 7 5 )   E   ~   N ( 3 C + 3 D , 2 . 9 6 8 7 5 )", "sample_size": 1703, "means": {"A": 20, "B": 20, "C": 15, "D": 100, "E": 345}, "disc_method": "MDLP", "bins": 2, "target_column": "E", "CPT_method": "Bayespriors", "time_disc": 1.3300045000069076, "time_cnf": 0.05405370000516996, "time_VE": 0.002072000002954155, "time_BP": 0.005748199997469783, "RMSE": 1.0531742627427083, "WRMSE": 0.9848145020158653, "MAE": 0.9557791448694957, "PE": 0.03366386731173683, "exact_EV": 345, "disc_EV": 344.8838596577745, "Wass_scaled": 0.34454441123988067, "Wass_multi": 1.9446706458019227, "time_wass": 1.2839138000126695}