{"distribution": "lg", "edges": [["A", "D"], ["B", "D"], ["D", "E"], ["C", "E"]], "root_params": "A ~ N(20,20) B ~ N(20,20) C ~ N(15,15)", "experiment": 119, "not_root_params": "D   ~   N ( 2 A + 3 B , 2 . 9 6 8 7 5 )   E   ~   N ( 3 C + 3 D , 2 . 9 6 8 7 5 )", "sample_size": 1703, "means": {"A": 20, "B": 20, "C": 15, "D": 100, "E": 345}, "disc_method": "EV", "bins": 25, "target_column": null, "CPT_method": "Bayespriors", "time_disc": 0.11571696866303682, "time_cnf": 3.559027778916061, "time_VE": 0.0017144340090453625, "time_BP": 0.007641712203621864, "RMSE": 2.4036934426406082, "WRMSE": 2.408997812948233, "MAE": 1.8276802428417886, "PE": 0.17175133307246404, "exact_EV": 345, "disc_EV": 344.4074579009, "Wass_scaled": 0.17862567332855472, "Wass_multi": 1.4245116767296133, "time_wass": 0.9586343420669436}