{"distribution": "lg", "edges": [["A", "D"], ["B", "D"], ["D", "E"], ["C", "E"]], "root_params": "A ~ N(20,20) B ~ N(20,20) C ~ N(15,15)", "experiment": 119, "not_root_params": "D   ~   N ( 2 A + 3 B , 2 . 9 6 8 7 5 )   E   ~   N ( 3 C + 3 D , 2 . 9 6 8 7 5 )", "sample_size": 1703, "means": {"A": 20, "B": 20, "C": 15, "D": 100, "E": 345}, "disc_method": "EV", "bins": 17, "target_column": null, "CPT_method": "Bayespriors", "time_disc": 0.10388445481657982, "time_cnf": 0.3213752321898937, "time_VE": 0.0013113822788000107, "time_BP": 0.005949021317064762, "RMSE": 0.7026243782818219, "WRMSE": 0.7028913709781166, "MAE": 0.5849623450242502, "PE": 0.07827471173226039, "exact_EV": 345, "disc_EV": 344.7299522445237, "Wass_scaled": 0.2138350455583628, "Wass_multi": 2.030822739765172, "time_wass": 0.965876845177263}