{"distribution": "lg", "edges": [["A", "D"], ["B", "D"], ["D", "E"], ["C", "E"]], "root_params": "A ~ N(20,20) B ~ N(20,20) C ~ N(15,15)", "experiment": 119, "not_root_params": "D   ~   N ( 2 A + 3 B , 2 . 9 6 8 7 5 )   E   ~   N ( 3 C + 3 D , 2 . 9 6 8 7 5 )", "sample_size": 1703, "means": {"A": 20, "B": 20, "C": 15, "D": 100, "E": 345}, "disc_method": "EV", "bins": 8, "target_column": null, "CPT_method": "Bayespriors", "time_disc": 0.09581207716837525, "time_cnf": 0.3968394389376044, "time_VE": 0.0011872360482811928, "time_BP": 0.0047990442253649235, "RMSE": 1.076657084289381, "WRMSE": 1.0769642715466297, "MAE": 0.7570524825035179, "PE": 0.05039735653954465, "exact_EV": 345, "disc_EV": 344.82612911993857, "Wass_scaled": 0.31836636568353527, "Wass_multi": 4.008649478826237, "time_wass": 0.9885067506693304}