{"distribution": "lg", "edges": [["A", "D"], ["B", "D"], ["D", "E"], ["C", "E"]], "root_params": "A ~ N(20,20) B ~ N(20,20) C ~ N(15,15)", "experiment": 119, "not_root_params": "D   ~   N ( 2 A + 3 B , 2 . 9 6 8 7 5 )   E   ~   N ( 3 C + 3 D , 2 . 9 6 8 7 5 )", "sample_size": 1703, "means": {"A": 20, "B": 20, "C": 15, "D": 100, "E": 345}, "disc_method": "EB", "bins": 10, "target_column": null, "CPT_method": "Bayespriors", "time_disc": 0.09649781137704849, "time_cnf": 0.31408689729869366, "time_VE": 0.001166805624961853, "time_BP": 0.004876266233623028, "RMSE": 6.597515829499209, "WRMSE": 1.2903718907454595, "MAE": 3.4720356064569957, "PE": 0.03569823660735681, "exact_EV": 345, "disc_EV": 344.8768410837046, "Wass_scaled": 0.07731383530306922, "Wass_multi": 3.9099015087508078, "time_wass": 0.9012645417824388}