{"distribution": "lg", "edges": [["A", "D"], ["B", "D"], ["D", "E"], ["C", "E"]], "root_params": "A ~ N(20,20) B ~ N(20,20) C ~ N(15,15)", "experiment": 119, "not_root_params": "D   ~   N ( 2 A + 3 B , 2 . 9 6 8 7 5 )   E   ~   N ( 3 C + 3 D , 2 . 9 6 8 7 5 )", "sample_size": 1703, "means": {"A": 20, "B": 20, "C": 15, "D": 100, "E": 345}, "disc_method": "EB", "bins": 8, "target_column": null, "CPT_method": "Bayespriors", "time_disc": 0.15900660000625066, "time_cnf": 0.02318659999582451, "time_VE": 0.0014220000011846423, "time_BP": 0.012092800010577776, "RMSE": 6.513062483314996, "WRMSE": 1.684042503136245, "MAE": 3.939708354465374, "PE": 0.032940907938533805, "exact_EV": 345, "disc_EV": 344.88635386761206, "Wass_scaled": 0.1008161574809016, "Wass_multi": 4.815692926704772, "time_wass": 1.2507705999887548}