{
	"nodecount" : 5643,
	"peaknodes" : 5643,
	"total_load_time" : 0.290306,
	"build_time" : 0.185148,
	"wmc_time" : 0.00293994
}
