{
	"nodecount" : 73744,
	"peaknodes" : 79313,
	"total_load_time" : 7.27525,
	"build_time" : 6.61418,
	"wmc_time" : 0.0152659,
	"wmc_value" : 1,
	"bn_to_cnf_time" : 0.406848
}
