{"distribution": "lg", "edges": [["A", "D"], ["B", "D"], ["D", "E"], ["C", "E"]], "root_params": "A ~ N(20,20) B ~ N(20,20) C ~ N(15,15)", "experiment": 119, "not_root_params": "D   ~   N ( 2 A + 3 B , 2 . 9 6 8 7 5 )   E   ~   N ( 3 C + 3 D , 2 . 9 6 8 7 5 )", "sample_size": 1703, "means": {"A": 20, "B": 20, "C": 15, "D": 100, "E": 345}, "disc_method": "EB", "bins": 10, "target_column": null, "CPT_method": "Bayespriors", "time_disc": 0.16379999999480788, "time_cnf": 0.03379000000131782, "time_VE": 0.002064800006337464, "time_BP": 0.008347800001502037, "RMSE": 6.597515829499211, "WRMSE": 1.2903718907454624, "MAE": 3.472035606457001, "PE": 0.03569823660735681, "exact_EV": 345, "disc_EV": 344.8768410837046, "Wass_scaled": 0.07731383530306922, "Wass_multi": 3.9099015087508078, "time_wass": 1.2187959000002593}