{
	"nodecount" : 10496,
	"peaknodes" : 10930,
	"total_load_time" : 1.36499,
	"build_time" : 1.30016,
	"wmc_time" : 0.00474811,
	"wmc_value" : 1,
	"bn_to_cnf_time" : 0.0376601
}
