{
	"nodecount" : 24809,
	"peaknodes" : 26076,
	"total_load_time" : 2.03782,
	"build_time" : 1.80169,
	"wmc_time" : 0.00634122
}
