{"distribution": "lg", "edges": [["A", "D"], ["B", "D"], ["D", "E"], ["C", "E"]], "root_params": "A ~ N(20,20) B ~ N(20,20) C ~ N(15,15)", "experiment": 17, "not_root_params": "D   ~   N ( 2 A + 3 B , 2 )   E   ~   N ( 3 C + 3 D , 2 )", "sample_size": 300, "means": {"A": 20, "B": 20, "C": 15, "D": 100, "E": 345}, "disc_method": "EV", "bins": 5, "target_column": null, "CPT_method": "Bayespriors", "time_disc": 0.08758064731955528, "time_cnf": 0.39396490808576345, "time_VE": 0.0012631206773221493, "time_BP": 0.004749479703605175, "RMSE": 1.8658552307769545, "WRMSE": 1.8658552307769545, "MAE": 1.672996180144321, "PE": 0.32392797030073434, "exact_EV": 345, "disc_EV": 343.88244850246247, "Wass_scaled": 0.3878085496560906, "Wass_multi": 5.890774209477772, "time_wass": 0.032927000895142555}