{"distribution": "lg", "edges": [["A", "D"], ["B", "D"], ["D", "E"], ["C", "E"]], "root_params": "A ~ N(20,20) B ~ N(20,20) C ~ N(15,15)", "experiment": 17, "not_root_params": "D   ~   N ( 2 A + 3 B , 2 )   E   ~   N ( 3 C + 3 D , 2 )", "sample_size": 300, "means": {"A": 20, "B": 20, "C": 15, "D": 100, "E": 345}, "disc_method": "EB", "bins": 14, "target_column": null, "CPT_method": "Bayespriors", "time_disc": 0.162781899998663, "time_cnf": 0.07564360000833403, "time_VE": 0.0025005999923450872, "time_BP": 0.009142399998381734, "RMSE": 14.402391660109087, "WRMSE": 6.018816440650239, "MAE": 10.097521259424477, "PE": 0.41033472681746114, "exact_EV": 345, "disc_EV": 343.58434519247976, "Wass_scaled": 0.052267962102042716, "Wass_multi": 2.6385047280777902, "time_wass": 0.0593520999973407}