{
	"nodecount" : 6055,
	"peaknodes" : 6923,
	"total_load_time" : 1.02289,
	"build_time" : 0.7927,
	"wmc_time" : 0.00279117
}
