{"distribution": "lg", "edges": [["A", "D"], ["B", "D"], ["D", "E"], ["C", "E"]], "root_params": "A ~ N(20,20) B ~ N(20,20) C ~ N(15,15)", "experiment": 17, "not_root_params": "D   ~   N ( 2 A + 3 B , 2 )   E   ~   N ( 3 C + 3 D , 2 )", "sample_size": 300, "means": {"A": 20, "B": 20, "C": 15, "D": 100, "E": 345}, "disc_method": "EV", "bins": 20, "target_column": null, "CPT_method": "Bayespriors", "time_disc": 0.1729237999970792, "time_cnf": 0.2474357000028249, "time_VE": 0.0022415999992517754, "time_BP": 0.010639500003890134, "RMSE": 7.987925621677352, "WRMSE": 7.987925621677352, "MAE": 6.452607883636759, "PE": 0.3452603215090465, "exact_EV": 345, "disc_EV": 343.8088518907938, "Wass_scaled": 0.15144581471046356, "Wass_multi": 1.8271302934995448, "time_wass": 0.06346350000239909}