{"distribution": "lg", "edges": [["A", "D"], ["B", "D"], ["D", "E"], ["C", "E"]], "root_params": "A ~ N(20,20) B ~ N(20,20) C ~ N(15,15)", "experiment": 17, "not_root_params": "D   ~   N ( 2 A + 3 B , 2 )   E   ~   N ( 3 C + 3 D , 2 )", "sample_size": 300, "means": {"A": 20, "B": 20, "C": 15, "D": 100, "E": 345}, "disc_method": "EB", "bins": 17, "target_column": null, "CPT_method": "Bayespriors", "time_disc": 0.18646699999226257, "time_cnf": 0.14348930001142435, "time_VE": 0.0037853000103496015, "time_BP": 0.013721299997996539, "RMSE": 14.710248581878863, "WRMSE": 6.822358379635587, "MAE": 10.545687852375497, "PE": 0.4847131682777546, "exact_EV": 345, "disc_EV": 343.32773956944175, "Wass_scaled": 0.041305289735668514, "Wass_multi": 2.0599899138900404, "time_wass": 0.05839770000602584}