{
	"nodecount" : 6716,
	"peaknodes" : 11072,
	"total_load_time" : 5.57506,
	"build_time" : 4.6023,
	"wmc_time" : 0.00263906
}
