{"distribution": "lg", "edges": [["A", "D"], ["B", "D"], ["D", "E"], ["C", "E"]], "root_params": "A ~ N(20,20) B ~ N(20,20) C ~ N(15,15)", "experiment": 17, "not_root_params": "D   ~   N ( 2 A + 3 B , 2 )   E   ~   N ( 3 C + 3 D , 2 )", "sample_size": 300, "means": {"A": 20, "B": 20, "C": 15, "D": 100, "E": 345}, "disc_method": "EV", "bins": 8, "target_column": null, "CPT_method": "Bayespriors", "time_disc": 0.14640520000830293, "time_cnf": 0.02072529999713879, "time_VE": 0.0023469000007025898, "time_BP": 0.010561500006588176, "RMSE": 1.533638818378432, "WRMSE": 1.538369701045733, "MAE": 1.2599163489319594, "PE": 0.38814529532360675, "exact_EV": 345, "disc_EV": 343.66089873113356, "Wass_scaled": 0.28550502256327853, "Wass_multi": 4.054280325375346, "time_wass": 0.06752290000440553}