{
	"nodecount" : 6507,
	"peaknodes" : 7227,
	"total_load_time" : 1.24721,
	"build_time" : 1.18467,
	"wmc_time" : 0.00359988,
	"wmc_value" : 1,
	"bn_to_cnf_time" : 0.0359855
}
