{
	"nodecount" : 8255,
	"peaknodes" : 10284,
	"total_load_time" : 1.85858,
	"build_time" : 1.62479,
	"wmc_time" : 0.00285292
}
