{"distribution": "lg", "edges": [["A", "D"], ["B", "D"], ["D", "E"], ["C", "E"]], "root_params": "A ~ N(20,20) B ~ N(20,20) C ~ N(15,15)", "experiment": 17, "not_root_params": "D   ~   N ( 2 A + 3 B , 2 )   E   ~   N ( 3 C + 3 D , 2 )", "sample_size": 300, "means": {"A": 20, "B": 20, "C": 15, "D": 100, "E": 345}, "disc_method": "EV", "bins": 30, "target_column": null, "CPT_method": "Bayespriors", "time_disc": 0.13229259476065636, "time_cnf": 8.071972955018282, "time_VE": 0.0020306729711592197, "time_BP": 0.01082012988626957, "RMSE": 10.763184413972455, "WRMSE": 10.763184413972455, "MAE": 8.619073419511482, "PE": 0.44173376179633517, "exact_EV": 345, "disc_EV": 343.47601852180264, "Wass_scaled": 0.11304409764034097, "Wass_multi": 1.3011264266103941, "time_wass": 0.028633165638893843}