{"distribution": "lg", "edges": [["A", "D"], ["B", "D"], ["D", "E"], ["C", "E"]], "root_params": "A ~ N(20,20) B ~ N(20,20) C ~ N(15,15)", "experiment": 17, "not_root_params": "D   ~   N ( 2 A + 3 B , 2 )   E   ~   N ( 3 C + 3 D , 2 )", "sample_size": 300, "means": {"A": 20, "B": 20, "C": 15, "D": 100, "E": 345}, "disc_method": "EB", "bins": 8, "target_column": null, "CPT_method": "Bayespriors", "time_disc": 0.15794829999504145, "time_cnf": 0.019845000002533197, "time_VE": 0.0032722000032663345, "time_BP": 0.0064934999973047525, "RMSE": 9.843305562687657, "WRMSE": 3.568510851866018, "MAE": 6.011990832849847, "PE": 0.18106478538262982, "exact_EV": 345, "disc_EV": 344.3753264904299, "Wass_scaled": 0.09808511191173061, "Wass_multi": 4.3307011289662265, "time_wass": 0.06287289998726919}