{
	"nodecount" : 6507,
	"peaknodes" : 7227,
	"total_load_time" : 0.67205,
	"build_time" : 0.589624,
	"wmc_time" : 0.00270796
}
