{
	"nodecount" : 11305,
	"peaknodes" : 13927,
	"total_load_time" : 4.81208,
	"build_time" : 4.01402,
	"wmc_time" : 0.00379395
}
