{
	"nodecount" : 9358,
	"peaknodes" : 11223,
	"total_load_time" : 2.29424,
	"build_time" : 1.98626,
	"wmc_time" : 0.00328612
}
