{"distribution": "lg", "edges": [["A", "D"], ["B", "D"], ["D", "E"], ["C", "E"]], "root_params": "A ~ N(20,20) B ~ N(20,20) C ~ N(15,15)", "experiment": 17, "not_root_params": "D   ~   N ( 2 A + 3 B , 2 )   E   ~   N ( 3 C + 3 D , 2 )", "sample_size": 300, "means": {"A": 20, "B": 20, "C": 15, "D": 100, "E": 345}, "disc_method": "EB", "bins": 25, "target_column": null, "CPT_method": "Bayespriors", "time_disc": 0.11859445692971349, "time_cnf": 3.194922441150993, "time_VE": 0.001492515206336975, "time_BP": 0.00762578472495079, "RMSE": 16.468436880470172, "WRMSE": 8.850309691772104, "MAE": 13.074987146219119, "PE": 0.501734304569475, "exact_EV": 345, "disc_EV": 343.2690166492353, "Wass_scaled": 0.026397418658613295, "Wass_multi": 1.3445664358999614, "time_wass": 0.02748278621584177}