{
	"nodecount" : 1080,
	"peaknodes" : 1143,
	"total_load_time" : 0.0941031,
	"build_time" : 0.0552599,
	"wmc_time" : 0.00165892
}
