{"distribution": "lg", "edges": [["A", "D"], ["B", "D"], ["D", "E"], ["C", "E"]], "root_params": "A ~ N(20,20) B ~ N(20,20) C ~ N(15,15)", "experiment": 17, "not_root_params": "D   ~   N ( 2 A + 3 B , 2 )   E   ~   N ( 3 C + 3 D , 2 )", "sample_size": 300, "means": {"A": 20, "B": 20, "C": 15, "D": 100, "E": 345}, "disc_method": "EV", "bins": 14, "target_column": null, "CPT_method": "Bayespriors", "time_disc": 0.1561511000036262, "time_cnf": 0.07727399999566842, "time_VE": 0.001476000004913658, "time_BP": 0.0061741999961668625, "RMSE": 3.0938267338064045, "WRMSE": 3.1002274638339005, "MAE": 2.6066620320059712, "PE": 0.438447540386914, "exact_EV": 345, "disc_EV": 343.48735598566515, "Wass_scaled": 0.19790413120310016, "Wass_multi": 2.416302780936933, "time_wass": 0.07421619999513496}