{
	"nodecount" : 7920,
	"peaknodes" : 8858,
	"total_load_time" : 1.79412,
	"build_time" : 1.56122,
	"wmc_time" : 0.00378394
}
