{
	"nodecount" : 5588,
	"peaknodes" : 6055,
	"total_load_time" : 0.477829,
	"build_time" : 0.406464,
	"wmc_time" : 0.00254703
}
