{
	"nodecount" : 10797,
	"peaknodes" : 12746,
	"total_load_time" : 3.33916,
	"build_time" : 2.86589,
	"wmc_time" : 0.00352597
}
