{"distribution": "nm", "edges": [["X", "Y"]], "root_params": ["X ~ B(0.8)"], "experiment": 6, "not_root_params": "P(Y|X) ~ N(21,10) if X = 0.0 and P(Y|X) ~ N(25,1) if X = 1.0", "sample_size": 100, "means": 21.8, "disc_method": "EB", "bins": 14, "target_column": null, "CPT_method": "MLE", "time_disc": 0.01740334928035736, "time_cnf": 0.4207810228690505, "time_VE": 0.0012547359801828861, "time_BP": 0.0034057581797242165, "RMSE": 0.054467836292872544, "WRMSE": 0.03838177707466549, "MAE": 0.04711637720494011, "PE": 9.921317188108372, "exact_EV": 21.8, "disc_EV": 23.962847147007626, "Wass_scaled": 0.013296846823194545, "Wass_multi": 0.4314485120715067, "time_wass": 0.013339163735508919}