{
	"nodecount" : 40,
	"peaknodes" : 43,
	"total_load_time" : 0.0127881,
	"build_time" : 0.00994396,
	"wmc_time" : 0.000422001
}
