{
	"nodecount" : 28,
	"peaknodes" : 29,
	"total_load_time" : 0.00828505,
	"build_time" : 0.00494695,
	"wmc_time" : 0.000257015
}
