{
	"nodecount" : 28,
	"peaknodes" : 29,
	"total_load_time" : 0.00975013,
	"build_time" : 0.00502396,
	"wmc_time" : 0.000263929
}
