{"distribution": "nm", "edges": [["X", "Y"]], "root_params": ["X ~ B(0.8)"], "experiment": 6, "not_root_params": "P(Y|X) ~ N(21,10) if X = 0.0 and P(Y|X) ~ N(25,1) if X = 1.0", "sample_size": 100, "means": 21.8, "disc_method": "EB", "bins": 12, "target_column": null, "CPT_method": "MLE", "time_disc": 0.014381696935743093, "time_cnf": 0.24079375015571713, "time_VE": 0.0008773310109972954, "time_BP": 0.0025059767067432404, "RMSE": 0.06754260342201027, "WRMSE": 0.047595155674017994, "MAE": 0.05842645856398043, "PE": 9.921317188108372, "exact_EV": 21.8, "disc_EV": 23.962847147007626, "Wass_scaled": 0.015653621084343143, "Wass_multi": 0.5015365041589568, "time_wass": 0.01011213706806302}