{"distribution": "nm", "edges": [["X", "Y"]], "root_params": ["X ~ B(0.8)"], "experiment": 6, "not_root_params": "P(Y|X) ~ N(21,10) if X = 0.0 and P(Y|X) ~ N(25,1) if X = 1.0", "sample_size": 100, "means": 21.8, "disc_method": "EV", "bins": 30, "target_column": null, "CPT_method": "MLE", "time_disc": 0.014897545333951712, "time_cnf": 0.0033701700158417225, "time_VE": 0.0008360599167644978, "time_BP": 0.0024553481489419937, "RMSE": 0.0894499708723918, "WRMSE": 0.06303259088352516, "MAE": 0.07737701468317759, "PE": 9.921317188108354, "exact_EV": 21.8, "disc_EV": 23.962847147007622, "Wass_scaled": 0.029850103090902486, "Wass_multi": 0.36598040683684296, "time_wass": 0.010076900944113731}