{
	"nodecount" : 33,
	"peaknodes" : 34,
	"total_load_time" : 0.00928903,
	"build_time" : 0.00611091,
	"wmc_time" : 0.000346899
}
