{
	"nodecount" : 26,
	"peaknodes" : 27,
	"total_load_time" : 0.00802612,
	"build_time" : 0.00451207,
	"wmc_time" : 0.000232935
}
