{"distribution": "nm", "edges": [["X", "Y"]], "root_params": ["X ~ B(0.8)"], "experiment": 6, "not_root_params": "P(Y|X) ~ N(21,10) if X = 0.0 and P(Y|X) ~ N(25,1) if X = 1.0", "sample_size": 100, "means": 21.8, "disc_method": "EB", "bins": 10, "target_column": null, "CPT_method": "MLE", "time_disc": 0.01477175997570157, "time_cnf": 0.3613791959360242, "time_VE": 0.001055167056620121, "time_BP": 0.002762477844953537, "RMSE": 0.09895972694744946, "WRMSE": 0.06973381792960744, "MAE": 0.08560325029037585, "PE": 9.921317188108354, "exact_EV": 21.8, "disc_EV": 23.962847147007622, "Wass_scaled": 0.025476435458819096, "Wass_multi": 0.6113007464285146, "time_wass": 0.01053424272686243}