{
	"nodecount" : 42,
	"peaknodes" : 45,
	"total_load_time" : 0.0137239,
	"build_time" : 0.0115719,
	"wmc_time" : 0.000459909
}
