{"distribution": "nm", "edges": [["X", "Y"]], "root_params": ["X ~ B(0.8)"], "experiment": 6, "not_root_params": "P(Y|X) ~ N(21,10) if X = 0.0 and P(Y|X) ~ N(25,1) if X = 1.0", "sample_size": 100, "means": 21.8, "disc_method": "EV", "bins": 25, "target_column": null, "CPT_method": "MLE", "time_disc": 0.01945628272369504, "time_cnf": 0.01531176408752799, "time_VE": 0.0009989449754357338, "time_BP": 0.002884501125663519, "RMSE": 0.143456348147326, "WRMSE": 0.10108919225155268, "MAE": 0.12409421544503552, "PE": 9.921317188108372, "exact_EV": 21.8, "disc_EV": 23.962847147007626, "Wass_scaled": 0.028762827916858254, "Wass_multi": 0.3678905175112903, "time_wass": 0.012302744667977095}