{
	"nodecount" : 32,
	"peaknodes" : 33,
	"total_load_time" : 0.0083952,
	"build_time" : 0.00616789,
	"wmc_time" : 0.000344992
}
