{"distribution": "nm", "edges": [["X", "Y"]], "root_params": ["X ~ B(0.8)"], "experiment": 6, "not_root_params": "P(Y|X) ~ N(21,10) if X = 0.0 and P(Y|X) ~ N(25,1) if X = 1.0", "sample_size": 100, "means": 21.8, "disc_method": "EB", "bins": 17, "target_column": null, "CPT_method": "MLE", "time_disc": 0.01568615809082985, "time_cnf": 0.0029930979944765568, "time_VE": 0.0008217389695346355, "time_BP": 0.0025364630855619907, "RMSE": 0.04056089933006231, "WRMSE": 0.028581994475852013, "MAE": 0.03508644298501373, "PE": 9.921317188108388, "exact_EV": 21.8, "disc_EV": 23.96284714700763, "Wass_scaled": 0.011584798261939767, "Wass_multi": 0.3746978264487191, "time_wass": 0.01004075724631548}