{
	"nodecount" : 33,
	"peaknodes" : 34,
	"total_load_time" : 0.0111921,
	"build_time" : 0.0063169,
	"wmc_time" : 0.000368118
}
