{"distribution": "nm", "edges": [["X", "Y"]], "root_params": ["X ~ B(0.8)"], "experiment": 6, "not_root_params": "P(Y|X) ~ N(21,10) if X = 0.0 and P(Y|X) ~ N(25,1) if X = 1.0", "sample_size": 100, "means": 21.8, "disc_method": "EV", "bins": 14, "target_column": null, "CPT_method": "MLE", "time_disc": 0.015172010753303766, "time_cnf": 0.2467486336827278, "time_VE": 0.0009635812602937222, "time_BP": 0.0027129240334033966, "RMSE": 0.27598497406001693, "WRMSE": 0.19447796114704935, "MAE": 0.23873561032952573, "PE": 9.921317188108388, "exact_EV": 21.8, "disc_EV": 23.96284714700763, "Wass_scaled": 0.07608801318209732, "Wass_multi": 0.8489253656726297, "time_wass": 0.011243456974625587}