{
	"nodecount" : 34,
	"peaknodes" : 35,
	"total_load_time" : 0.00815916,
	"build_time" : 0.00618196,
	"wmc_time" : 0.000349998
}
