{
	"nodecount" : 32,
	"peaknodes" : 32,
	"total_load_time" : 0.0100429,
	"build_time" : 0.00550103,
	"wmc_time" : 0.000355005
}
