{"distribution": "nm", "edges": [["X", "Y"]], "root_params": ["X ~ B(0.8)"], "experiment": 6, "not_root_params": "P(Y|X) ~ N(21,10) if X = 0.0 and P(Y|X) ~ N(25,1) if X = 1.0", "sample_size": 100, "means": 21.8, "disc_method": "EV", "bins": 10, "target_column": null, "CPT_method": "MLE", "time_disc": 0.01445197593420744, "time_cnf": 0.368691666983068, "time_VE": 0.0009206482209265232, "time_BP": 0.002539855893701315, "RMSE": 0.2523877064036981, "WRMSE": 0.17784970622820007, "MAE": 0.2183232378254516, "PE": 9.921317188108354, "exact_EV": 21.8, "disc_EV": 23.962847147007622, "Wass_scaled": 0.09359410332864614, "Wass_multi": 1.0148582851483803, "time_wass": 0.010618200059980154}