{"distribution": "nm", "edges": [["X", "Y"]], "root_params": ["X ~ B(0.8)"], "experiment": 6, "not_root_params": "P(Y|X) ~ N(21,10) if X = 0.0 and P(Y|X) ~ N(25,1) if X = 1.0", "sample_size": 100, "means": 21.8, "disc_method": "EB", "bins": 25, "target_column": null, "CPT_method": "MLE", "time_disc": 0.01443626917898655, "time_cnf": 0.003008550964295864, "time_VE": 0.0007876446470618248, "time_BP": 0.0024289838038384914, "RMSE": 0.015164953638897385, "WRMSE": 0.010686267521003207, "MAE": 0.013118157881356396, "PE": 9.921317188108372, "exact_EV": 21.8, "disc_EV": 23.962847147007626, "Wass_scaled": 0.008638279159078622, "Wass_multi": 0.275298506633927, "time_wass": 0.009649703279137611}