{
	"nodecount" : 19142,
	"peaknodes" : 20412,
	"total_load_time" : 1.99801,
	"build_time" : 1.77181,
	"wmc_time" : 0.00904393
}
