{
	"nodecount" : 36295,
	"peaknodes" : 41290,
	"total_load_time" : 8.92601,
	"build_time" : 7.48297,
	"wmc_time" : 0.011086
}
