{"distribution": "lg", "edges": [["A", "D"], ["B", "D"], ["D", "E"], ["C", "E"]], "root_params": "A ~ N(20,20) B ~ N(20,20) C ~ N(15,15)", "experiment": 14, "not_root_params": "D   ~   N ( 2 A + 3 B , 2 )   E   ~   N ( 3 C + 3 D , 2 )", "sample_size": 600, "means": {"A": 20, "B": 20, "C": 15, "D": 100, "E": 345}, "disc_method": "EB", "bins": 25, "target_column": null, "CPT_method": "Bayes", "time_disc": 0.10274210000352468, "time_cnf": 0.4204860999889206, "time_VE": 0.0016143999964697286, "time_BP": 0.012910200006444938, "RMSE": 21.452123772506322, "WRMSE": 12.506357440495618, "MAE": 18.450371477353798, "PE": 1.1205014839150125, "exact_EV": 345, "disc_EV": 341.1342698804932, "Wass_scaled": 0.026764594585190253, "Wass_multi": 1.3859089709684018, "time_wass": 0.20241830000304617}