{
	"nodecount" : 1543,
	"peaknodes" : 1543,
	"total_load_time" : 0.871748,
	"build_time" : 0.730122,
	"wmc_time" : 0.00423598
}
