{
	"nodecount" : 27633,
	"peaknodes" : 31371,
	"total_load_time" : 4.68923,
	"build_time" : 4.0588,
	"wmc_time" : 0.00774908
}
