{"distribution": "lg", "edges": [["A", "D"], ["B", "D"], ["D", "E"], ["C", "E"]], "root_params": "A ~ N(20,20) B ~ N(20,20) C ~ N(15,15)", "experiment": 14, "not_root_params": "D   ~   N ( 2 A + 3 B , 2 )   E   ~   N ( 3 C + 3 D , 2 )", "sample_size": 600, "means": {"A": 20, "B": 20, "C": 15, "D": 100, "E": 345}, "disc_method": "EB", "bins": 5, "target_column": null, "CPT_method": "Bayes", "time_disc": 0.11225754581391811, "time_cnf": 1.6570813432335854, "time_VE": 0.0034291748888790607, "time_BP": 0.012422474101185799, "RMSE": 13.673244434484577, "WRMSE": 6.42443167329591, "MAE": 10.903292878215506, "PE": 0.2641856530281207, "exact_EV": 345, "disc_EV": 344.088559497053, "Wass_scaled": 0.1727859564460227, "Wass_multi": 6.707658713296178, "time_wass": 0.28594982624053955}