{"distribution": "lg", "edges": [["A", "D"], ["B", "D"], ["D", "E"], ["C", "E"]], "root_params": "A ~ N(20,20) B ~ N(20,20) C ~ N(15,15)", "experiment": 14, "not_root_params": "D   ~   N ( 2 A + 3 B , 2 )   E   ~   N ( 3 C + 3 D , 2 )", "sample_size": 600, "means": {"A": 20, "B": 20, "C": 15, "D": 100, "E": 345}, "disc_method": "EB", "bins": 8, "target_column": null, "CPT_method": "Bayes", "time_disc": 0.09056436317041516, "time_cnf": 1.7630446800030768, "time_VE": 0.002023115288466215, "time_BP": 0.007461790926754475, "RMSE": 18.182774245659054, "WRMSE": 8.961559747084667, "MAE": 14.786981344757699, "PE": 0.47063304555956126, "exact_EV": 345, "disc_EV": 343.3763159928195, "Wass_scaled": 0.10601856561464101, "Wass_multi": 4.326559427037347, "time_wass": 0.32730040280148387}