{"distribution": "lg", "edges": [["A", "D"], ["B", "D"], ["D", "E"], ["C", "E"]], "root_params": "A ~ N(20,20) B ~ N(20,20) C ~ N(15,15)", "experiment": 14, "not_root_params": "D   ~   N ( 2 A + 3 B , 2 )   E   ~   N ( 3 C + 3 D , 2 )", "sample_size": 600, "means": {"A": 20, "B": 20, "C": 15, "D": 100, "E": 345}, "disc_method": "EB", "bins": 17, "target_column": null, "CPT_method": "Bayes", "time_disc": 0.09864419999939855, "time_cnf": 0.14554469998984132, "time_VE": 0.0014852000022074208, "time_BP": 0.0061790000036126, "RMSE": 21.570335706478662, "WRMSE": 12.017607850508641, "MAE": 18.35971352444053, "PE": 0.9923551335107704, "exact_EV": 345, "disc_EV": 341.57637478938784, "Wass_scaled": 0.04218393923346703, "Wass_multi": 2.080834866688416, "time_wass": 0.21294610000040848}