{"distribution": "lg", "edges": [["A", "D"], ["B", "D"], ["D", "E"], ["C", "E"]], "root_params": "A ~ N(20,20) B ~ N(20,20) C ~ N(15,15)", "experiment": 14, "not_root_params": "D   ~   N ( 2 A + 3 B , 2 )   E   ~   N ( 3 C + 3 D , 2 )", "sample_size": 600, "means": {"A": 20, "B": 20, "C": 15, "D": 100, "E": 345}, "disc_method": "EV", "bins": 10, "target_column": null, "CPT_method": "Bayes", "time_disc": 0.11359342373907566, "time_cnf": 1.6216467786580324, "time_VE": 0.0028897332958877087, "time_BP": 0.01223666314035654, "RMSE": 9.967886179629415, "WRMSE": 9.967886179629415, "MAE": 8.036247125077665, "PE": 0.11395909661132465, "exact_EV": 345, "disc_EV": 344.60684111669093, "Wass_scaled": 0.25076574728235856, "Wass_multi": 3.1159939503577267, "time_wass": 0.35057598911225796}