{"distribution": "lg", "edges": [["A", "D"], ["B", "D"], ["D", "E"], ["C", "E"]], "root_params": "A ~ N(20,20) B ~ N(20,20) C ~ N(15,15)", "experiment": 14, "not_root_params": "D   ~   N ( 2 A + 3 B , 2 )   E   ~   N ( 3 C + 3 D , 2 )", "sample_size": 600, "means": {"A": 20, "B": 20, "C": 15, "D": 100, "E": 345}, "disc_method": "EB", "bins": 30, "target_column": null, "CPT_method": "Bayes", "time_disc": 0.18026592442765832, "time_cnf": 3.992536684963852, "time_VE": 0.003911108244210482, "time_BP": 0.015645465813577175, "RMSE": 21.618700224205156, "WRMSE": 12.670439848367884, "MAE": 18.59882545192623, "PE": 1.1497464502916217, "exact_EV": 345, "disc_EV": 341.0333747464939, "Wass_scaled": 0.023243466948890346, "Wass_multi": 1.1845854142679697, "time_wass": 0.2862589182332158}