{"distribution": "lg", "edges": [["A", "D"], ["B", "D"], ["D", "E"], ["C", "E"]], "root_params": "A ~ N(20,20) B ~ N(20,20) C ~ N(15,15)", "experiment": 14, "not_root_params": "D   ~   N ( 2 A + 3 B , 2 )   E   ~   N ( 3 C + 3 D , 2 )", "sample_size": 600, "means": {"A": 20, "B": 20, "C": 15, "D": 100, "E": 345}, "disc_method": "MDLP", "bins": 2, "target_column": "E", "CPT_method": "Bayes", "time_disc": 0.4581461999914609, "time_cnf": 0.037588499995763414, "time_VE": 0.0019880999898305163, "time_BP": 0.012553799999295734, "RMSE": 10.03293712560017, "WRMSE": 9.497793320975468, "MAE": 8.345343638300037, "PE": 0.6092243536730239, "exact_EV": 345, "disc_EV": 342.89817597982807, "Wass_scaled": 0.3406664897770674, "Wass_multi": 1.9866685285776946, "time_wass": 0.22382679999282118}