{"distribution": "lg", "edges": [["A", "D"], ["B", "D"], ["D", "E"], ["C", "E"]], "root_params": "A ~ N(20,20) B ~ N(20,20) C ~ N(15,15)", "experiment": 14, "not_root_params": "D   ~   N ( 2 A + 3 B , 2 )   E   ~   N ( 3 C + 3 D , 2 )", "sample_size": 600, "means": {"A": 20, "B": 20, "C": 15, "D": 100, "E": 345}, "disc_method": "EV", "bins": 17, "target_column": null, "CPT_method": "Bayes", "time_disc": 0.10432519999449141, "time_cnf": 0.1478305999917211, "time_VE": 0.0015394999936688691, "time_BP": 0.016627599994535558, "RMSE": 11.258013485834514, "WRMSE": 11.293295918236156, "MAE": 9.04764028624775, "PE": 0.11414329198235307, "exact_EV": 345, "disc_EV": 344.6062056426609, "Wass_scaled": 0.1854486477744954, "Wass_multi": 1.9846717563767962, "time_wass": 0.2558463000023039}