{"distribution": "lg", "edges": [["A", "D"], ["B", "D"], ["D", "E"], ["C", "E"]], "root_params": "A ~ N(20,20) B ~ N(20,20) C ~ N(15,15)", "experiment": 14, "not_root_params": "D   ~   N ( 2 A + 3 B , 2 )   E   ~   N ( 3 C + 3 D , 2 )", "sample_size": 600, "means": {"A": 20, "B": 20, "C": 15, "D": 100, "E": 345}, "disc_method": "EB", "bins": 10, "target_column": null, "CPT_method": "Bayes", "time_disc": 0.09475119999842718, "time_cnf": 0.03308320000360254, "time_VE": 0.0024526999914087355, "time_BP": 0.01164160000917036, "RMSE": 19.936691870827357, "WRMSE": 10.244257309987676, "MAE": 16.582908845222953, "PE": 0.6647247870476025, "exact_EV": 345, "disc_EV": 342.70669948468577, "Wass_scaled": 0.07867695968378888, "Wass_multi": 3.4564695591922807, "time_wass": 0.2375845000060508}