{
	"nodecount" : 1714,
	"peaknodes" : 1764,
	"total_load_time" : 0.155935,
	"build_time" : 0.139139,
	"wmc_time" : 0.00482202,
	"wmc_value" : 1,
	"bn_to_cnf_time" : 0.00370717
}
