{
	"nodecount" : 4606,
	"peaknodes" : 4674,
	"total_load_time" : 0.395898,
	"build_time" : 0.27396,
	"wmc_time" : 0.00357389
}
