{"distribution": "lg", "edges": [["A", "D"], ["B", "D"], ["D", "E"], ["C", "E"]], "root_params": "A ~ N(20,20) B ~ N(20,20) C ~ N(15,15)", "experiment": 14, "not_root_params": "D   ~   N ( 2 A + 3 B , 2 )   E   ~   N ( 3 C + 3 D , 2 )", "sample_size": 600, "means": {"A": 20, "B": 20, "C": 15, "D": 100, "E": 345}, "disc_method": "EV", "bins": 30, "target_column": null, "CPT_method": "Bayes", "time_disc": 0.10186530000646599, "time_cnf": 0.829998400004115, "time_VE": 0.0017117999959737062, "time_BP": 0.014840899995760992, "RMSE": 11.469451314511582, "WRMSE": 11.469451314511582, "MAE": 9.167615191227076, "PE": 0.11330161376465013, "exact_EV": 345, "disc_EV": 344.60910943251196, "Wass_scaled": 0.1336263565061446, "Wass_multi": 1.2196255479685292, "time_wass": 0.24917889999051113}