{"distribution": "lg", "edges": [["A", "D"], ["B", "D"], ["D", "E"], ["C", "E"]], "root_params": "A ~ N(20,20) B ~ N(20,20) C ~ N(15,15)", "experiment": 14, "not_root_params": "D   ~   N ( 2 A + 3 B , 2 )   E   ~   N ( 3 C + 3 D , 2 )", "sample_size": 600, "means": {"A": 20, "B": 20, "C": 15, "D": 100, "E": 345}, "disc_method": "EV", "bins": 12, "target_column": null, "CPT_method": "Bayes", "time_disc": 0.1283026000019163, "time_cnf": 0.05593829999270383, "time_VE": 0.0015916000120341778, "time_BP": 0.014388700001291, "RMSE": 10.71123254433687, "WRMSE": 10.71123254433687, "MAE": 8.636661429357673, "PE": 0.10656334087648378, "exact_EV": 345, "disc_EV": 344.63235647397613, "Wass_scaled": 0.22421676478013777, "Wass_multi": 2.672405728451172, "time_wass": 0.27684879998560064}