{
	"nodecount" : 11863,
	"peaknodes" : 11923,
	"total_load_time" : 0.865473,
	"build_time" : 0.714884,
	"wmc_time" : 0.00537801
}
