{
	"nodecount" : 30339,
	"peaknodes" : 33547,
	"total_load_time" : 6.93132,
	"build_time" : 6.31522,
	"wmc_time" : 0.00799394,
	"wmc_value" : 1,
	"bn_to_cnf_time" : 0.321207
}
