{
	"nodecount" : 20353,
	"peaknodes" : 21991,
	"total_load_time" : 2.927,
	"build_time" : 2.68997,
	"wmc_time" : 0.00858998
}
