{
	"nodecount" : 1543,
	"peaknodes" : 1543,
	"total_load_time" : 0.855012,
	"build_time" : 0.792137,
	"wmc_time" : 0.00316715,
	"wmc_value" : 1,
	"bn_to_cnf_time" : 0.0272942
}
