{"distribution": "lg", "edges": [["A", "D"], ["B", "D"], ["D", "E"], ["C", "E"]], "root_params": "A ~ N(20,20) B ~ N(20,20) C ~ N(15,15)", "experiment": 14, "not_root_params": "D   ~   N ( 2 A + 3 B , 2 )   E   ~   N ( 3 C + 3 D , 2 )", "sample_size": 600, "means": {"A": 20, "B": 20, "C": 15, "D": 100, "E": 345}, "disc_method": "EV", "bins": 20, "target_column": null, "CPT_method": "Bayes", "time_disc": 0.1554192751646042, "time_cnf": 0.7356830793432891, "time_VE": 0.002841746900230646, "time_BP": 0.011281873099505901, "RMSE": 11.38429755940513, "WRMSE": 11.38429755940513, "MAE": 9.131887969031402, "PE": 0.11279303484565903, "exact_EV": 345, "disc_EV": 344.6108640297825, "Wass_scaled": 0.16771818667129848, "Wass_multi": 1.7005057044790877, "time_wass": 0.3377142120152712}