{"distribution": "lg", "edges": [["A", "D"], ["B", "D"], ["D", "E"], ["C", "E"]], "root_params": "A ~ N(20,20) B ~ N(20,20) C ~ N(15,15)", "experiment": 14, "not_root_params": "D   ~   N ( 2 A + 3 B , 2 )   E   ~   N ( 3 C + 3 D , 2 )", "sample_size": 600, "means": {"A": 20, "B": 20, "C": 15, "D": 100, "E": 345}, "disc_method": "EB", "bins": 20, "target_column": null, "CPT_method": "Bayes", "time_disc": 0.10211459999845829, "time_cnf": 0.22641020000446588, "time_VE": 0.002065799999400042, "time_BP": 0.012505699996836483, "RMSE": 21.660916442935793, "WRMSE": 12.304859700502462, "MAE": 18.565957135455882, "PE": 1.086434559687968, "exact_EV": 345, "disc_EV": 341.2518007690765, "Wass_scaled": 0.03534081818311419, "Wass_multi": 1.7856267278245617, "time_wass": 0.21664879999298137}