{
	"nodecount" : 1614,
	"peaknodes" : 1695,
	"total_load_time" : 0.184756,
	"build_time" : 0.11683,
	"wmc_time" : 0.00384688
}
