{
	"nodecount" : 16169,
	"peaknodes" : 16629,
	"total_load_time" : 1.5172,
	"build_time" : 1.46067,
	"wmc_time" : 0.00522923,
	"wmc_value" : 1,
	"bn_to_cnf_time" : 0.042237
}
