{
	"nodecount" : 11843,
	"peaknodes" : 12625,
	"total_load_time" : 1.36581,
	"build_time" : 1.30478,
	"wmc_time" : 0.00517988,
	"wmc_value" : 1,
	"bn_to_cnf_time" : 0.0372698
}
