{"distribution": "lg", "edges": [["A", "D"], ["B", "D"], ["D", "E"], ["C", "E"]], "root_params": "A ~ N(20,20) B ~ N(20,20) C ~ N(15,15)", "experiment": 14, "not_root_params": "D   ~   N ( 2 A + 3 B , 2 )   E   ~   N ( 3 C + 3 D , 2 )", "sample_size": 600, "means": {"A": 20, "B": 20, "C": 15, "D": 100, "E": 345}, "disc_method": "EV", "bins": 14, "target_column": null, "CPT_method": "Bayes", "time_disc": 0.0948113999911584, "time_cnf": 0.07943110000633169, "time_VE": 0.0015954999980749562, "time_BP": 0.01313210000807885, "RMSE": 11.059921678476227, "WRMSE": 11.07421421097212, "MAE": 8.9074359733678, "PE": 0.11028718191685426, "exact_EV": 345, "disc_EV": 344.61950922238685, "Wass_scaled": 0.20542879163094807, "Wass_multi": 2.3866166582881903, "time_wass": 0.24065340000379365}