{"distribution": "lg", "edges": [["A", "D"], ["B", "D"], ["D", "E"], ["C", "E"]], "root_params": "A ~ N(20,20) B ~ N(20,20) C ~ N(15,15)", "experiment": 14, "not_root_params": "D   ~   N ( 2 A + 3 B , 2 )   E   ~   N ( 3 C + 3 D , 2 )", "sample_size": 600, "means": {"A": 20, "B": 20, "C": 15, "D": 100, "E": 345}, "disc_method": "EB", "bins": 12, "target_column": null, "CPT_method": "Bayes", "time_disc": 0.1295125000178814, "time_cnf": 0.5551044410094619, "time_VE": 0.0033001238480210304, "time_BP": 0.013824778143316507, "RMSE": 20.36505196463918, "WRMSE": 11.018114357307981, "MAE": 17.192072643063252, "PE": 0.7939810949550605, "exact_EV": 345, "disc_EV": 342.26076522240504, "Wass_scaled": 0.06612077967940232, "Wass_multi": 2.9072770403394705, "time_wass": 0.2783806826919317}