{
	"nodecount" : 8272,
	"peaknodes" : 8698,
	"total_load_time" : 0.785835,
	"build_time" : 0.64728,
	"wmc_time" : 0.00471115
}
