{
	"nodecount" : 16169,
	"peaknodes" : 16629,
	"total_load_time" : 1.39699,
	"build_time" : 1.22264,
	"wmc_time" : 0.00739503
}
