{
	"nodecount" : 11843,
	"peaknodes" : 12625,
	"total_load_time" : 1.03056,
	"build_time" : 0.877199,
	"wmc_time" : 0.00693893
}
