{"distribution": "lg", "edges": [["A", "D"], ["B", "D"], ["D", "E"], ["C", "E"]], "root_params": "A ~ N(20,20) B ~ N(20,20) C ~ N(15,15)", "experiment": 14, "not_root_params": "D   ~   N ( 2 A + 3 B , 2 )   E   ~   N ( 3 C + 3 D , 2 )", "sample_size": 600, "means": {"A": 20, "B": 20, "C": 15, "D": 100, "E": 345}, "disc_method": "EV", "bins": 25, "target_column": null, "CPT_method": "Bayes", "time_disc": 0.10892511671409011, "time_cnf": 1.8566090697422624, "time_VE": 0.0027519287541508675, "time_BP": 0.014252348337322474, "RMSE": 11.441954631080206, "WRMSE": 11.441954631080208, "MAE": 9.164768009387966, "PE": 0.11284986085644524, "exact_EV": 345, "disc_EV": 344.61066798004526, "Wass_scaled": 0.14826666561421653, "Wass_multi": 1.385756865944784, "time_wass": 0.37519736075773835}