{
	"nodecount" : 25716,
	"peaknodes" : 28254,
	"total_load_time" : 3.7682,
	"build_time" : 3.5654,
	"wmc_time" : 0.00630188,
	"wmc_value" : 1,
	"bn_to_cnf_time" : 0.108018
}
