{"distribution": "lg", "edges": [["A", "D"], ["B", "D"], ["D", "E"], ["C", "E"]], "root_params": "A ~ N(20,20) B ~ N(20,20) C ~ N(15,15)", "experiment": 14, "not_root_params": "D   ~   N ( 2 A + 3 B , 2 )   E   ~   N ( 3 C + 3 D , 2 )", "sample_size": 600, "means": {"A": 20, "B": 20, "C": 15, "D": 100, "E": 345}, "disc_method": "EV", "bins": 5, "target_column": null, "CPT_method": "Bayes", "time_disc": 0.0853246000042418, "time_cnf": 0.00831330000073649, "time_VE": 0.0014465999993262812, "time_BP": 0.01055790000827983, "RMSE": 4.666177599439231, "WRMSE": 4.666177599439232, "MAE": 3.79967263336207, "PE": 0.07955715276876696, "exact_EV": 345, "disc_EV": 344.72552782294775, "Wass_scaled": 0.39403677900695744, "Wass_multi": 5.818319910761249, "time_wass": 0.24778259999584407}