{"distribution": "lg", "edges": [["A", "D"], ["B", "D"], ["D", "E"], ["C", "E"]], "root_params": "A ~ N(20,20) B ~ N(20,20) C ~ N(15,15)", "experiment": 14, "not_root_params": "D   ~   N ( 2 A + 3 B , 2 )   E   ~   N ( 3 C + 3 D , 2 )", "sample_size": 600, "means": {"A": 20, "B": 20, "C": 15, "D": 100, "E": 345}, "disc_method": "EV", "bins": 8, "target_column": null, "CPT_method": "Bayes", "time_disc": 0.09786030001123436, "time_cnf": 0.018444300003466196, "time_VE": 0.0015380999975604936, "time_BP": 0.011151700004120357, "RMSE": 8.33821199907922, "WRMSE": 8.33821199907922, "MAE": 6.7369130526945185, "PE": 0.09560540004514038, "exact_EV": 345, "disc_EV": 344.67016136984427, "Wass_scaled": 0.288984867315024, "Wass_multi": 3.8728699644412674, "time_wass": 0.2503366999881109}