{
	"nodecount" : 65620,
	"peaknodes" : 71916,
	"total_load_time" : 6.21784,
	"build_time" : 5.39648,
	"wmc_time" : 0.0235028
}
