{
	"nodecount" : 29813,
	"peaknodes" : 31554,
	"total_load_time" : 4.17112,
	"build_time" : 3.68022,
	"wmc_time" : 0.017211
}
