{
	"nodecount" : 1397,
	"peaknodes" : 1487,
	"total_load_time" : 0.218584,
	"build_time" : 0.0931749,
	"wmc_time" : 0.00294614
}
