{
	"nodecount" : 3286,
	"peaknodes" : 3420,
	"total_load_time" : 0.295281,
	"build_time" : 0.273939,
	"wmc_time" : 0.00354099,
	"wmc_value" : 1,
	"bn_to_cnf_time" : 0.0101695
}
