{"distribution": "lg", "edges": [["A", "D"], ["B", "D"], ["D", "E"], ["C", "E"]], "root_params": "A ~ N(20,20) B ~ N(20,20) C ~ N(15,15)", "experiment": 114, "not_root_params": "D   ~   N ( 2 A + 3 B , 7 . 1 8 7 5 )   E   ~   N ( 3 C + 3 D , 7 . 1 8 7 5 )", "sample_size": 1644, "means": {"A": 20, "B": 20, "C": 15, "D": 100, "E": 345}, "disc_method": "EV", "bins": 17, "target_column": null, "CPT_method": "MLE", "time_disc": 0.08285801904276013, "time_cnf": 0.2587469327263534, "time_VE": 0.004476080182939768, "time_BP": 0.009813208132982254, "RMSE": 2.9002216182163103, "WRMSE": 2.901345117483406, "MAE": 2.3141221346402525, "PE": 0.11544099085578333, "exact_EV": 345, "disc_EV": 344.60172858154755, "Wass_scaled": 0.20993004122408104, "Wass_multi": 7.4412773325906825, "time_wass": 1.6954248449765146}