{"distribution": "lg", "edges": [["A", "D"], ["B", "D"], ["D", "E"], ["C", "E"]], "root_params": "A ~ N(20,20) B ~ N(20,20) C ~ N(15,15)", "experiment": 114, "not_root_params": "D   ~   N ( 2 A + 3 B , 7 . 1 8 7 5 )   E   ~   N ( 3 C + 3 D , 7 . 1 8 7 5 )", "sample_size": 1644, "means": {"A": 20, "B": 20, "C": 15, "D": 100, "E": 345}, "disc_method": "EB", "bins": 10, "target_column": null, "CPT_method": "MLE", "time_disc": 0.07685578661039472, "time_cnf": 0.1941072642803192, "time_VE": 0.0019309590570628643, "time_BP": 0.007940782699733973, "RMSE": 30.89012899469779, "WRMSE": 6.875104571138028, "MAE": 16.91224024037959, "PE": 0.1319824313331399, "exact_EV": 345, "disc_EV": 344.54466061190067, "Wass_scaled": 0.0762314460920114, "Wass_multi": 13.597232749937131, "time_wass": 1.1171001410111785}