{
	"nodecount" : 11738,
	"peaknodes" : 11778,
	"total_load_time" : 1.05376,
	"build_time" : 1.01283,
	"wmc_time" : 0.00487709,
	"wmc_value" : 1,
	"bn_to_cnf_time" : 0.0202565
}
