{"distribution": "lg", "edges": [["A", "D"], ["B", "D"], ["D", "E"], ["C", "E"]], "root_params": "A ~ N(20,20) B ~ N(20,20) C ~ N(15,15)", "experiment": 114, "not_root_params": "D   ~   N ( 2 A + 3 B , 7 . 1 8 7 5 )   E   ~   N ( 3 C + 3 D , 7 . 1 8 7 5 )", "sample_size": 1644, "means": {"A": 20, "B": 20, "C": 15, "D": 100, "E": 345}, "disc_method": "MDLP", "bins": 2, "target_column": "E", "CPT_method": "MLE", "time_disc": 1.3924578000005567, "time_cnf": 0.07223989999329206, "time_VE": 0.0034825999900931492, "time_BP": 0.005751300006522797, "RMSE": 6.8493375300598665, "WRMSE": 6.021780996100251, "MAE": 5.3764889356306185, "PE": 0.0055442783501724125, "exact_EV": 345, "disc_EV": 345.0191277603081, "Wass_scaled": 0.4086593390795905, "Wass_multi": 8.715708246724459, "time_wass": 1.174547500006156}