{"distribution": "lg", "edges": [["A", "D"], ["B", "D"], ["D", "E"], ["C", "E"]], "root_params": "A ~ N(20,20) B ~ N(20,20) C ~ N(15,15)", "experiment": 114, "not_root_params": "D   ~   N ( 2 A + 3 B , 7 . 1 8 7 5 )   E   ~   N ( 3 C + 3 D , 7 . 1 8 7 5 )", "sample_size": 1644, "means": {"A": 20, "B": 20, "C": 15, "D": 100, "E": 345}, "disc_method": "EV", "bins": 10, "target_column": null, "CPT_method": "MLE", "time_disc": 0.065868039149791, "time_cnf": 0.7085699602030218, "time_VE": 0.0032225223258137703, "time_BP": 0.008388408925384283, "RMSE": 3.070071564541571, "WRMSE": 3.074272724896355, "MAE": 2.1827099587414978, "PE": 0.14216602221132643, "exact_EV": 345, "disc_EV": 344.5095272233709, "Wass_scaled": 0.2754127704826701, "Wass_multi": 11.776179748041173, "time_wass": 1.2430890388786793}