{
	"nodecount" : 11738,
	"peaknodes" : 11778,
	"total_load_time" : 0.89897,
	"build_time" : 0.780919,
	"wmc_time" : 0.00679708
}
