{
	"nodecount" : 53211,
	"peaknodes" : 55358,
	"total_load_time" : 5.99679,
	"build_time" : 5.64768,
	"wmc_time" : 0.0177171
}
