{"distribution": "lg", "edges": [["A", "D"], ["B", "D"], ["D", "E"], ["C", "E"]], "root_params": "A ~ N(20,20) B ~ N(20,20) C ~ N(15,15)", "experiment": 114, "not_root_params": "D   ~   N ( 2 A + 3 B , 7 . 1 8 7 5 )   E   ~   N ( 3 C + 3 D , 7 . 1 8 7 5 )", "sample_size": 1644, "means": {"A": 20, "B": 20, "C": 15, "D": 100, "E": 345}, "disc_method": "EB", "bins": 5, "target_column": null, "CPT_method": "MLE", "time_disc": 0.12422515405341983, "time_cnf": 0.2110338401980698, "time_VE": 0.003087697084993124, "time_BP": 0.01295437989756465, "RMSE": 12.471058909846937, "WRMSE": 8.194883315087269, "MAE": 11.24368397909061, "PE": 0.13331501318599176, "exact_EV": 345, "disc_EV": 344.54006320450833, "Wass_scaled": 0.16829581016460207, "Wass_multi": 25.774552244709778, "time_wass": 1.1542221503332257}