{"distribution": "lg", "edges": [["A", "D"], ["B", "D"], ["D", "E"], ["C", "E"]], "root_params": "A ~ N(20,20) B ~ N(20,20) C ~ N(15,15)", "experiment": 114, "not_root_params": "D   ~   N ( 2 A + 3 B , 7 . 1 8 7 5 )   E   ~   N ( 3 C + 3 D , 7 . 1 8 7 5 )", "sample_size": 1644, "means": {"A": 20, "B": 20, "C": 15, "D": 100, "E": 345}, "disc_method": "EV", "bins": 5, "target_column": null, "CPT_method": "MLE", "time_disc": 0.08780809999734629, "time_cnf": 0.006575699997483753, "time_VE": 0.001436399994418025, "time_BP": 0.005330800006049685, "RMSE": 5.21746778124974, "WRMSE": 5.219053354464042, "MAE": 3.64202967164872, "PE": 0.03265890400015174, "exact_EV": 345, "disc_EV": 344.8873267811995, "Wass_scaled": 0.4149914503706082, "Wass_multi": 20.467981764775637, "time_wass": 1.2516938999906415}