{
	"nodecount" : 9624,
	"peaknodes" : 10142,
	"total_load_time" : 1.49529,
	"build_time" : 1.32232,
	"wmc_time" : 0.00805211
}
