{"distribution": "lg", "edges": [["A", "D"], ["B", "D"], ["D", "E"], ["C", "E"]], "root_params": "A ~ N(20,20) B ~ N(20,20) C ~ N(15,15)", "experiment": 114, "not_root_params": "D   ~   N ( 2 A + 3 B , 7 . 1 8 7 5 )   E   ~   N ( 3 C + 3 D , 7 . 1 8 7 5 )", "sample_size": 1644, "means": {"A": 20, "B": 20, "C": 15, "D": 100, "E": 345}, "disc_method": "EB", "bins": 17, "target_column": null, "CPT_method": "MLE", "time_disc": 0.08450617920607328, "time_cnf": 0.2898698849603534, "time_VE": 0.0027821380645036697, "time_BP": 0.009218280203640461, "RMSE": 49.0179621009052, "WRMSE": 9.990034769081074, "MAE": 28.174052704892308, "PE": 0.006048658431270098, "exact_EV": 345, "disc_EV": 345.0208678715879, "Wass_scaled": 0.0489518280062515, "Wass_multi": 8.142298104225262, "time_wass": 1.2029911777935922}