{
	"nodecount" : 13545,
	"peaknodes" : 14123,
	"total_load_time" : 1.95126,
	"build_time" : 1.70388,
	"wmc_time" : 0.00653505
}
