{"distribution": "lg", "edges": [["A", "D"], ["B", "D"], ["D", "E"], ["C", "E"]], "root_params": "A ~ N(20,20) B ~ N(20,20) C ~ N(15,15)", "experiment": 114, "not_root_params": "D   ~   N ( 2 A + 3 B , 7 . 1 8 7 5 )   E   ~   N ( 3 C + 3 D , 7 . 1 8 7 5 )", "sample_size": 1644, "means": {"A": 20, "B": 20, "C": 15, "D": 100, "E": 345}, "disc_method": "EV", "bins": 8, "target_column": null, "CPT_method": "MLE", "time_disc": 0.08852416416630149, "time_cnf": 0.20735570322722197, "time_VE": 0.0035488377325236797, "time_BP": 0.0074765938334167, "RMSE": 3.881291861299358, "WRMSE": 3.8843462959835877, "MAE": 2.8399947225134596, "PE": 0.05616257737715123, "exact_EV": 345, "disc_EV": 344.8062391080488, "Wass_scaled": 0.31204432634675705, "Wass_multi": 13.89194913726517, "time_wass": 1.2980961920693517}