{"distribution": "lg", "edges": [["A", "D"], ["B", "D"], ["D", "E"], ["C", "E"]], "root_params": "A ~ N(20,20) B ~ N(20,20) C ~ N(15,15)", "experiment": 114, "not_root_params": "D   ~   N ( 2 A + 3 B , 7 . 1 8 7 5 )   E   ~   N ( 3 C + 3 D , 7 . 1 8 7 5 )", "sample_size": 1644, "means": {"A": 20, "B": 20, "C": 15, "D": 100, "E": 345}, "disc_method": "EB", "bins": 12, "target_column": null, "CPT_method": "MLE", "time_disc": 0.0986504999891622, "time_cnf": 0.04746739999973215, "time_VE": 0.0017231000092579052, "time_BP": 0.013403699995251372, "RMSE": 38.37937746238824, "WRMSE": 7.423400714416234, "MAE": 20.77712488015416, "PE": 0.3731977228650574, "exact_EV": 345, "disc_EV": 343.71246785611555, "Wass_scaled": 0.06960521029377699, "Wass_multi": 11.549072495333402, "time_wass": 1.166100299989921}