{
	"nodecount" : 22495,
	"peaknodes" : 23613,
	"total_load_time" : 3.63952,
	"build_time" : 3.45296,
	"wmc_time" : 0.00679898,
	"wmc_value" : 1,
	"bn_to_cnf_time" : 0.106954
}
