{"distribution": "lg", "edges": [["A", "D"], ["B", "D"], ["D", "E"], ["C", "E"]], "root_params": "A ~ N(20,20) B ~ N(20,20) C ~ N(15,15)", "experiment": 114, "not_root_params": "D   ~   N ( 2 A + 3 B , 7 . 1 8 7 5 )   E   ~   N ( 3 C + 3 D , 7 . 1 8 7 5 )", "sample_size": 1644, "means": {"A": 20, "B": 20, "C": 15, "D": 100, "E": 345}, "disc_method": "EV", "bins": 20, "target_column": null, "CPT_method": "MLE", "time_disc": 0.2113977773115039, "time_cnf": 0.9932751841843128, "time_VE": 0.005145789124071598, "time_BP": 0.022630431223660707, "RMSE": 3.9507724384171277, "WRMSE": 3.9555395269740097, "MAE": 2.9267812810189753, "PE": 0.041962199599709864, "exact_EV": 345, "disc_EV": 345.144769588619, "Wass_scaled": 0.1947486021473874, "Wass_multi": 6.499606659863134, "time_wass": 1.366841658949852}