{
	"nodecount" : 3286,
	"peaknodes" : 3420,
	"total_load_time" : 0.388847,
	"build_time" : 0.267118,
	"wmc_time" : 0.0052259
}
