{
	"nodecount" : 1182,
	"peaknodes" : 1246,
	"total_load_time" : 0.098968,
	"build_time" : 0.0906579,
	"wmc_time" : 0.00338793
}
