{
	"nodecount" : 13545,
	"peaknodes" : 14123,
	"total_load_time" : 1.8634,
	"build_time" : 1.77436,
	"wmc_time" : 0.00528002,
	"wmc_value" : 1,
	"bn_to_cnf_time" : 0.0547612
}
