{"distribution": "lg", "edges": [["A", "D"], ["B", "D"], ["D", "E"], ["C", "E"]], "root_params": "A ~ N(20,20) B ~ N(20,20) C ~ N(15,15)", "experiment": 114, "not_root_params": "D   ~   N ( 2 A + 3 B , 7 . 1 8 7 5 )   E   ~   N ( 3 C + 3 D , 7 . 1 8 7 5 )", "sample_size": 1644, "means": {"A": 20, "B": 20, "C": 15, "D": 100, "E": 345}, "disc_method": "EB", "bins": 8, "target_column": null, "CPT_method": "MLE", "time_disc": 0.0929428000090411, "time_cnf": 0.015621400001691654, "time_VE": 0.0016248000029008836, "time_BP": 0.005122300004586577, "RMSE": 25.62346813948114, "WRMSE": 6.041583895416902, "MAE": 14.604664791503627, "PE": 0.1206445660184305, "exact_EV": 345, "disc_EV": 344.5837762472364, "Wass_scaled": 0.09882145740786792, "Wass_multi": 16.5170195360474, "time_wass": 1.1336565999954473}