{"distribution": "lg", "edges": [["A", "D"], ["B", "D"], ["D", "E"], ["C", "E"]], "root_params": "A ~ N(20,20) B ~ N(20,20) C ~ N(15,15)", "experiment": 114, "not_root_params": "D   ~   N ( 2 A + 3 B , 7 . 1 8 7 5 )   E   ~   N ( 3 C + 3 D , 7 . 1 8 7 5 )", "sample_size": 1644, "means": {"A": 20, "B": 20, "C": 15, "D": 100, "E": 345}, "disc_method": "EB", "bins": 30, "target_column": null, "CPT_method": "MLE", "time_disc": 0.11226066714152694, "time_cnf": 3.7371291969902813, "time_VE": 0.008123117964714766, "time_BP": 0.016156057827174664, "RMSE": 58.29242497997075, "WRMSE": 17.64202514073631, "MAE": 39.83177878875501, "PE": 0.16353249550687893, "exact_EV": 345, "disc_EV": 344.43581289050127, "Wass_scaled": 0.027368363240774678, "Wass_multi": 4.5014506230622455, "time_wass": 0.928652626927942}