{
	"nodecount" : 45208,
	"peaknodes" : 47015,
	"total_load_time" : 9.14689,
	"build_time" : 8.0272,
	"wmc_time" : 0.0170529
}
