{
	"nodecount" : 6627,
	"peaknodes" : 6929,
	"total_load_time" : 0.954564,
	"build_time" : 0.69633,
	"wmc_time" : 0.00506783
}
