{"distribution": "lg", "edges": [["A", "D"], ["B", "D"], ["D", "E"], ["C", "E"]], "root_params": "A ~ N(20,20) B ~ N(20,20) C ~ N(15,15)", "experiment": 114, "not_root_params": "D   ~   N ( 2 A + 3 B , 7 . 1 8 7 5 )   E   ~   N ( 3 C + 3 D , 7 . 1 8 7 5 )", "sample_size": 1644, "means": {"A": 20, "B": 20, "C": 15, "D": 100, "E": 345}, "disc_method": "EB", "bins": 14, "target_column": null, "CPT_method": "MLE", "time_disc": 0.09931949999008793, "time_cnf": 0.0729942000034498, "time_VE": 0.0014420999941648915, "time_BP": 0.006068700007745065, "RMSE": 41.743038896879966, "WRMSE": 8.669699460411726, "MAE": 23.125286595301596, "PE": 0.0378571242302881, "exact_EV": 345, "disc_EV": 344.8693929214055, "Wass_scaled": 0.057067222377945155, "Wass_multi": 9.789417151024901, "time_wass": 1.1623671999986982}