{"distribution": "lg", "edges": [["A", "D"], ["B", "D"], ["D", "E"], ["C", "E"]], "root_params": "A ~ N(20,20) B ~ N(20,20) C ~ N(15,15)", "experiment": 114, "not_root_params": "D   ~   N ( 2 A + 3 B , 7 . 1 8 7 5 )   E   ~   N ( 3 C + 3 D , 7 . 1 8 7 5 )", "sample_size": 1644, "means": {"A": 20, "B": 20, "C": 15, "D": 100, "E": 345}, "disc_method": "EB", "bins": 8, "target_column": null, "CPT_method": "MLE", "time_disc": 0.07764282496646047, "time_cnf": 0.44601778220385313, "time_VE": 0.001946364063769579, "time_BP": 0.009417943190783262, "RMSE": 25.623468139481137, "WRMSE": 6.041583895416881, "MAE": 14.604664791503613, "PE": 0.1206445660184305, "exact_EV": 345, "disc_EV": 344.5837762472364, "Wass_scaled": 0.09882145740786792, "Wass_multi": 16.5170195360474, "time_wass": 1.0882699028588831}