{"o3": {"0": 15.453094763848686, "1": 26.15971065875907}, "Zone": {"0": 0.0, "1": 1.0, "2": 2.0, "3": 3.0, "4": 4.0, "5": 5.0, "6": 6.0, "7": 7.0, "8": 8.0, "9": 9.0, "10": 10.0, "11": 11.0, "12": 12.0, "13": 13.0, "14": 14.0, "15": 15.0, "16": 16.0, "17": 17.0, "18": 18.0, "19": 19.0, "20": 20.0, "21": 21.0, "22": 22.0, "23": 23.0, "24": 24.0, "25": 25.0, "26": 26.0, "27": 27.0, "28": 28.0, "29": 29.0, "30": 30.0}, "Type": {"0": 0.0, "1": 1.0, "2": 2.0, "3": 3.0, "4": 4.0, "5": 5.0}, "Year": {"0": 1985.9876543209878, "1": 1996.0122439893144}, "Hour": {"0": 5.431189006174069, "1": 17.493070897770636}, "blh": {"0": 296.68955635308197, "1": 1116.5268584556486}, "ws": {"0": 2.7663714517165072, "1": 7.679425868561336}, "Latitude": {"0": 51.499853418308724, "1": 53.350902902955006}, "Longitude": {"0": -2.180605273327325, "1": -0.21013319562973964}, "wd": {"0": 131.76685698215454, "1": 275.8347459310837}, "t2m": {"0": 278.2312503350852, "1": 287.39446601029675}, "Day": {"0": 8.550009417969486, "1": 23.825623534427628}, "Month": {"0": 4.014064941830179, "1": 10.028766800282952}}