{"distribution": "nm", "edges": [["X", "Y"]], "root_params": ["X ~ B(0.5)"], "experiment": 5, "not_root_params": "P(Y|X) ~ N(21,10) if X = 0.0 and P(Y|X) ~ N(25,1) if X = 1.0", "sample_size": 500, "means": 23.0, "disc_method": "EB", "bins": 8, "target_column": null, "Wass1D": 1.3294732617616372, "Wass_multi": 1.3358904046374345, "RMSE": 0.25629621801787833, "WRMSE": 0.25619372002616964, "MAE": 0.06568775137026783}