{"distribution": "nm", "edges": [["X", "Y"]], "root_params": ["X ~ B(0.5)"], "experiment": 5, "not_root_params": "P(Y|X) ~ N(21,10) if X = 0.0 and P(Y|X) ~ N(25,1) if X = 1.0", "sample_size": 500, "means": 23.0, "disc_method": "EB", "bins": 10, "target_column": null, "Wass1D": 1.265913906684491, "Wass_multi": 1.267897401963113, "RMSE": 0.13076698025012423, "WRMSE": 0.13071468391519928, "MAE": 0.017100003123736378}