{"distribution": "nm", "edges": [["X", "Y"]], "root_params": ["X ~ B(0.5)"], "experiment": 5, "not_root_params": "P(Y|X) ~ N(21,10) if X = 0.0 and P(Y|X) ~ N(25,1) if X = 1.0", "sample_size": 500, "means": 23.0, "disc_method": "EV", "bins": 5, "target_column": null, "Wass1D": 2.2787804122810957, "Wass_multi": 2.288870421409455, "RMSE": 0.17434494993237606, "WRMSE": 0.1742752258944218, "MAE": 0.03039616156692272}