{"distribution": "nm", "edges": [["X", "Y"]], "root_params": ["X ~ B(0.5)"], "experiment": 5, "not_root_params": "P(Y|X) ~ N(21,10) if X = 0.0 and P(Y|X) ~ N(25,1) if X = 1.0", "sample_size": 500, "means": 23.0, "disc_method": "EV", "bins": 12, "target_column": null, "Wass1D": 1.0676473589718378, "Wass_multi": 1.077029349507832, "RMSE": 0.033116704146700184, "WRMSE": 0.03310346011331849, "MAE": 0.001096716093540069, "VE_complexity": 59.0}