{"distribution": "nm", "edges": [["X", "Y"]], "root_params": ["X ~ B(0.5)"], "experiment": 5, "not_root_params": "P(Y|X) ~ N(21,10) if X = 0.0 and P(Y|X) ~ N(25,1) if X = 1.0", "sample_size": 500, "means": 23.0, "disc_method": "EV", "bins": 8, "target_column": null, "Wass1D": 1.5286241129545686, "Wass_multi": 1.5374004685073388, "RMSE": 0.017838167578530892, "WRMSE": 0.017831033737982237, "MAE": 0.0003182002225597506, "VE_complexity": 39.0}