{"distribution": "nm", "edges": [["X", "Y"]], "root_params": ["X ~ B(0.5)"], "experiment": 5, "not_root_params": "P(Y|X) ~ N(21,10) if X = 0.0 and P(Y|X) ~ N(25,1) if X = 1.0", "sample_size": 500, "means": 23.0, "disc_method": "EB", "bins": 5, "target_column": null, "Wass1D": 2.6083225664389196, "Wass_multi": 2.6105457193889072, "RMSE": 0.568082596591345, "WRMSE": 0.567855408981143, "MAE": 0.3227178365499648, "VE_complexity": 24.0}