{"distribution": "nm", "edges": [["X", "Y"]], "root_params": ["X ~ B(0.5)"], "experiment": 5, "not_root_params": "P(Y|X) ~ N(21,10) if X = 0.0 and P(Y|X) ~ N(25,1) if X = 1.0", "sample_size": 500, "means": 23.0, "disc_method": "MDLP", "bins": 2, "target_column": "Y", "Wass1D": 0.8143771022284692, "Wass_multi": 0.8253556685640082, "RMSE": 0.0044925452005862105, "WRMSE": 0.004490748541765899, "MAE": 2.0182962379310193e-05, "VE_complexity": 224.0}