{
	"nodecount" : 1371,
	"peaknodes" : 1371,
	"total_load_time" : 0.500658,
	"build_time" : 0.465122,
	"wmc_time" : 0.00555301
}
