{
	"nodecount" : 292,
	"peaknodes" : 295,
	"total_load_time" : 0.0964129,
	"build_time" : 0.078908,
	"wmc_time" : 0.00237012
}
