{"distribution": "causal_quadratic", "edges": [["T", "Y"], ["Z1", "T"], ["Z1", "Y"]], "sample_size": 2500, "ate": 1.4624635927705634, "disc_method": "EV", "bins": 12, "target_column": null, "CPT_method": "Bayes", "time_disc": 0.09175719998893328, "time_cnf": 0.012555699999211356, "time_BP": 0.042876999999862164, "time_VE": 0.0148339000006672, "PE": 23.8495749838221, "exact_EV": 1.4624635927705634, "disc_EV": 1.1136722416016491, "Wass_scaled": 0.23116717597156042, "Wass_multi": 0.2778886409913139, "time_wass": 3.466545399991446}