{
	"nodecount" : 360,
	"peaknodes" : 362,
	"total_load_time" : 0.0878649,
	"build_time" : 0.0756671,
	"wmc_time" : 0.00204992,
	"wmc_value" : 1,
	"bn_to_cnf_time" : 0.00340629
}
