{"distribution": "causal_quadratic", "edges": [["T", "Y"], ["Z1", "T"], ["Z1", "Y"]], "sample_size": 2500, "ate": 1.4624635927705634, "disc_method": "EV", "bins": 8, "target_column": null, "CPT_method": "Bayes", "time_disc": 0.07067679999454413, "time_cnf": 0.009377199996379204, "time_BP": 0.02651060000061989, "time_VE": 0.0058160000044154, "PE": 20.366356197282588, "exact_EV": 1.4624635927705634, "disc_EV": 1.1646130482113342, "Wass_scaled": 0.27527459036364443, "Wass_multi": 0.3849920946613158, "time_wass": 2.7949491000035778}