{"distribution": "causal_quadratic", "edges": [["T", "Y"], ["Z1", "T"], ["Z1", "Y"]], "sample_size": 2500, "ate": 1.4624635927705634, "disc_method": "EB", "bins": 12, "target_column": null, "CPT_method": "Bayes", "time_disc": 0.07766580001043621, "time_cnf": 0.009636500006308779, "time_BP": 0.0403329999971902, "time_VE": 0.008820600007311441, "PE": 23.226406392353756, "exact_EV": 1.4624635927705634, "disc_EV": 1.1227858553734549, "Wass_scaled": 0.055444612394215546, "Wass_multi": 0.4156772806685989, "time_wass": 2.9021721000026446}