{"distribution": "causal_quadratic", "edges": [["T", "Y"], ["Z1", "T"], ["Z1", "Y"]], "sample_size": 2500, "ate": 1.4624635927705634, "disc_method": "EB", "bins": 25, "target_column": null, "CPT_method": "Bayes", "time_disc": 0.06834040000103414, "time_cnf": 0.021523499992326833, "time_BP": 0.06006360000174027, "time_VE": 0.01628970001183916, "PE": 27.52303974422834, "exact_EV": 1.4624635927705634, "disc_EV": 1.0599491568874515, "Wass_scaled": 0.01684023486443566, "Wass_multi": 0.21058891118679263, "time_wass": 2.5799906000029296}