{"distribution": "causal_quadratic", "edges": [["T", "Y"], ["Z1", "T"], ["Z1", "Y"]], "sample_size": 2500, "ate": 1.4624635927705634, "disc_method": "EB", "bins": 5, "target_column": null, "CPT_method": "Bayes", "time_disc": 0.06588970001030248, "time_cnf": 0.007410499994875863, "time_BP": 0.018881099997088313, "time_VE": 0.007790599993313663, "PE": 39.561819618294685, "exact_EV": 1.4624635927705634, "disc_EV": 0.8838863842154413, "Wass_scaled": 0.1623309263728562, "Wass_multi": 0.7528111945807107, "time_wass": 2.752326700006961}