{"distribution": "causal_quadratic", "edges": [["T", "Y"], ["Z1", "T"], ["Z1", "Y"]], "sample_size": 2500, "ate": 1.454127543754485, "disc_method": "EB", "bins": 30, "target_column": null, "CPT_method": "Bayes", "time_disc": 0.08614709999892511, "time_cnf": 2.277873200000613, "time_BP": 0.10441229999923962, "time_VE": 0.03369180000299821, "PE": 42.560193888574474, "exact_EV": 1.454127543754485, "disc_EV": 0.8352480417454105, "Wass_scaled": 0.016541880731382276, "Wass_multi": 0.15760152812186992, "time_wass": 3.092446300001029}