{
	"nodecount" : 151,
	"peaknodes" : 151,
	"total_load_time" : 0.0495729,
	"build_time" : 0.0364239,
	"wmc_time" : 0.00194979
}
