{"distribution": "causal_quadratic", "edges": [["T", "Y"], ["Z1", "T"], ["Z1", "Y"]], "sample_size": 2500, "ate": 1.454127543754485, "disc_method": "EV", "bins": 14, "target_column": null, "CPT_method": "Bayes", "time_disc": 0.07295030000022962, "time_cnf": 0.6614254000014625, "time_BP": 0.07686570000078063, "time_VE": 0.023038899998937268, "PE": 26.604736446525447, "exact_EV": 1.454127543754485, "disc_EV": 1.0672607431422703, "Wass_scaled": 0.19264055416943712, "Wass_multi": 0.24111966129891008, "time_wass": 3.2892495000014605}