{
	"nodecount" : 897,
	"peaknodes" : 904,
	"total_load_time" : 0.443207,
	"build_time" : 0.407297,
	"wmc_time" : 0.00377297
}
