{
	"nodecount" : 264,
	"peaknodes" : 264,
	"total_load_time" : 0.0503292,
	"build_time" : 0.0380549,
	"wmc_time" : 0.0018611,
	"wmc_value" : 1,
	"bn_to_cnf_time" : 0.00191641
}
