{
	"nodecount" : 509,
	"peaknodes" : 512,
	"total_load_time" : 0.235526,
	"build_time" : 0.2149,
	"wmc_time" : 0.00335217
}
