{"distribution": "causal_quadratic", "edges": [["T", "Y"], ["Z1", "T"], ["Z1", "Y"]], "sample_size": 2500, "ate": 1.4624635927705634, "disc_method": "EB", "bins": 30, "target_column": null, "CPT_method": "Bayes", "time_disc": 0.08378220000304282, "time_cnf": 0.026256900004227646, "time_BP": 0.07022179999330547, "time_VE": 0.017315499993856065, "PE": 31.231950414241144, "exact_EV": 1.4624635927705634, "disc_EV": 1.0057076886501315, "Wass_scaled": 0.014636650879408877, "Wass_multi": 0.1759949589680856, "time_wass": 2.5525610000040615}