{
	"nodecount" : 413,
	"peaknodes" : 413,
	"total_load_time" : 0.174239,
	"build_time" : 0.11913,
	"wmc_time" : 0.00387311
}
