{"distribution": "causal_quadratic", "edges": [["T", "Y"], ["Z1", "T"], ["Z1", "Y"]], "sample_size": 2500, "ate": 1.4624635927705634, "disc_method": "EV", "bins": 25, "target_column": null, "CPT_method": "Bayes", "time_disc": 0.08078500001283828, "time_cnf": 0.045003799998085015, "time_BP": 0.07019490000675432, "time_VE": 0.019190100007108413, "PE": 44.27004008432736, "exact_EV": 1.4624635927705634, "disc_EV": 0.8150303740323409, "Wass_scaled": 0.17101981971546823, "Wass_multi": 0.15376367606943606, "time_wass": 2.952646099991398}