{
	"nodecount" : 453,
	"peaknodes" : 454,
	"total_load_time" : 0.111513,
	"build_time" : 0.0974071,
	"wmc_time" : 0.00212407,
	"wmc_value" : 1,
	"bn_to_cnf_time" : 0.00421166
}
