{"distribution": "causal_quadratic", "edges": [["T", "Y"], ["Z1", "T"], ["Z1", "Y"], ["Z2", "T"], ["Z2", "Y"], ["Z3", "T"], ["Z3", "Y"], ["Z4", "T"], ["Z4", "Y"], ["Z5", "T"], ["Z5", "Y"]], "sample_size": 2500, "ate": 4.85209866459554, "disc_method": "EV", "bins": 7, "target_column": null, "CPT_method": "Bayes", "time_disc": 0.23523531295359135, "time_cnf": 24.856809207005426, "time_VE": 32.29351063305512, "PE": 99.2394136459989, "exact_EV": 4.85209866459554, "disc_EV": 0.036904400325583175, "Wass_scaled": 0.43572154990463724, "Wass_multi": 0.8518636408000437, "time_wass": 2.397210078081116}