{"distribution": "causal_quadratic", "edges": [["T", "Y"], ["Z1", "T"], ["Z1", "Y"]], "sample_size": 2500, "ate": 1.454127543754485, "disc_method": "EB", "bins": 10, "target_column": null, "CPT_method": "Bayes", "time_disc": 0.31181870000000345, "time_cnf": 0.9396998000011081, "time_BP": 0.276989499998308, "time_VE": 0.03802379999979166, "PE": 26.785187763555157, "exact_EV": 1.454127543754485, "disc_EV": 1.0646367508382735, "Wass_scaled": 0.06448863570176204, "Wass_multi": 0.45237529362986684, "time_wass": 4.328861699999834}