{
	"nodecount" : 136,
	"peaknodes" : 136,
	"total_load_time" : 0.0366781,
	"build_time" : 0.0239179,
	"wmc_time" : 0.00161791
}
