{
	"nodecount" : 745,
	"peaknodes" : 750,
	"total_load_time" : 0.329439,
	"build_time" : 0.299804,
	"wmc_time" : 0.00362802
}
