{
	"nodecount" : 900,
	"peaknodes" : 900,
	"total_load_time" : 0.301459,
	"build_time" : 0.275406,
	"wmc_time" : 0.00411987
}
