{"distribution": "causal_quadratic", "edges": [["T", "Y"], ["Z1", "T"], ["Z1", "Y"]], "sample_size": 2500, "ate": 1.4624635927705634, "disc_method": "EV", "bins": 17, "target_column": null, "CPT_method": "Bayes", "time_disc": 0.12900429998990148, "time_cnf": 0.022829699999419972, "time_BP": 0.08735699999670032, "time_VE": 0.017134299996541813, "PE": 31.06091281013067, "exact_EV": 1.4624635927705634, "disc_EV": 1.0082090513401942, "Wass_scaled": 0.19985200207796236, "Wass_multi": 0.21093846476509256, "time_wass": 3.4019384999992326}