{"distribution": "causal_quadratic", "edges": [["T", "Y"], ["Z1", "T"], ["Z1", "Y"]], "sample_size": 2500, "ate": 1.454127543754485, "disc_method": "EB", "bins": 25, "target_column": null, "CPT_method": "Bayes", "time_disc": 0.08182020000094781, "time_cnf": 1.5952686999989965, "time_BP": 0.09212119999938295, "time_VE": 0.03182829999786918, "PE": 37.31123806645356, "exact_EV": 1.454127543754485, "disc_EV": 0.9115745541143754, "Wass_scaled": 0.017653470860004437, "Wass_multi": 0.192460714206772, "time_wass": 3.2416771999996854}