{"distribution": "causal_quadratic", "edges": [["T", "Y"], ["Z1", "T"], ["Z1", "Y"], ["Z2", "T"], ["Z2", "Y"], ["Z3", "T"], ["Z3", "Y"], ["Z4", "T"], ["Z4", "Y"], ["Z5", "T"], ["Z5", "Y"]], "sample_size": 2500, "ate": 4.85209866459554, "disc_method": "EB", "bins": 6, "target_column": null, "CPT_method": "Bayes", "time_disc": 0.1366331339813769, "time_cnf": 9.696411052020267, "time_VE": 9.236665688920766, "PE": 80.53684433750857, "exact_EV": 4.85209866459554, "disc_EV": 0.944371515987898, "Wass_scaled": 0.17424052837241222, "Wass_multi": 1.1638028622256689, "time_wass": 2.0338761729653925}