{
	"nodecount" : 626,
	"peaknodes" : 626,
	"total_load_time" : 0.138503,
	"build_time" : 0.121665,
	"wmc_time" : 0.00257015,
	"wmc_value" : 1,
	"bn_to_cnf_time" : 0.00725317
}
