{"distribution": "causal_quadratic", "edges": [["T", "Y"], ["Z1", "T"], ["Z1", "Y"]], "sample_size": 2500, "ate": 1.454127543754485, "disc_method": "EV", "bins": 30, "target_column": null, "CPT_method": "Bayes", "time_disc": 0.09132900000258815, "time_cnf": 2.5783800999997766, "time_BP": 0.12600010000096518, "time_VE": 0.05110400000194204, "PE": 52.64990140940618, "exact_EV": 1.454127543754485, "disc_EV": 0.6885308256007289, "Wass_scaled": 0.13554609335377643, "Wass_multi": 0.13194208001454166, "time_wass": 3.449509800000669}