{"distribution": "causal_quadratic", "edges": [["T", "Y"], ["Z1", "T"], ["Z1", "Y"]], "sample_size": 2500, "ate": 1.454127543754485, "disc_method": "EV", "bins": 12, "target_column": null, "CPT_method": "Bayes", "time_disc": 0.07753360000060638, "time_cnf": 0.47749280000061844, "time_BP": 0.05687709999983781, "time_VE": 0.012125599998398684, "PE": 24.308069635133137, "exact_EV": 1.454127543754485, "disc_EV": 1.1006572078349937, "Wass_scaled": 0.2064570833762333, "Wass_multi": 0.26571540341265165, "time_wass": 3.28484920000119}