{
	"nodecount" : 408,
	"peaknodes" : 408,
	"total_load_time" : 0.081073,
	"build_time" : 0.068028,
	"wmc_time" : 0.00209689,
	"wmc_value" : 1,
	"bn_to_cnf_time" : 0.00266671
}
