{
	"nodecount" : 654,
	"peaknodes" : 654,
	"total_load_time" : 0.182825,
	"build_time" : 0.161328,
	"wmc_time" : 0.00399709
}
