{"distribution": "causal_quadratic", "edges": [["T", "Y"], ["Z1", "T"], ["Z1", "Y"]], "sample_size": 2500, "ate": 1.454127543754485, "disc_method": "EV", "bins": 20, "target_column": null, "CPT_method": "Bayes", "time_disc": 0.07712209999954212, "time_cnf": 1.1771374999989348, "time_BP": 0.08288829999946756, "time_VE": 0.021697399999538902, "PE": 37.23327565161077, "exact_EV": 1.454127543754485, "disc_EV": 0.9127082270623805, "Wass_scaled": 0.16297938481523006, "Wass_multi": 0.17816218769913783, "time_wass": 3.4769417000024987}