{"distribution": "causal_quadratic", "edges": [["T", "Y"], ["Z1", "T"], ["Z1", "Y"]], "sample_size": 2500, "ate": 1.454127543754485, "disc_method": "EB", "bins": 12, "target_column": null, "CPT_method": "Bayes", "time_disc": 0.07819820000077016, "time_cnf": 0.5444191000024148, "time_BP": 0.06029020000278251, "time_VE": 0.014054900002520299, "PE": 25.282522875342096, "exact_EV": 1.454127543754485, "disc_EV": 1.0864874148681072, "Wass_scaled": 0.04969977500362716, "Wass_multi": 0.3899775917405347, "time_wass": 3.981129499999952}