{
	"nodecount" : 467,
	"peaknodes" : 467,
	"total_load_time" : 0.150339,
	"build_time" : 0.131315,
	"wmc_time" : 0.00315404
}
