{"distribution": "causal_quadratic", "edges": [["T", "Y"], ["Z1", "T"], ["Z1", "Y"]], "sample_size": 2500, "ate": 1.454127543754485, "disc_method": "EV", "bins": 8, "target_column": null, "CPT_method": "Bayes", "time_disc": 0.08027020000008633, "time_cnf": 0.27739110000038636, "time_BP": 0.03950040000199806, "time_VE": 0.014610599999286933, "PE": 22.325880603350615, "exact_EV": 1.454127543754485, "disc_EV": 1.1294807645154237, "Wass_scaled": 0.25105303664573353, "Wass_multi": 0.36572896539435823, "time_wass": 3.143028600003163}