{"distribution": "causal_quadratic", "edges": [["T", "Y"], ["Z1", "T"], ["Z1", "Y"]], "sample_size": 2500, "ate": 1.4624635927705634, "disc_method": "EV", "bins": 30, "target_column": null, "CPT_method": "Bayes", "time_disc": 0.07536499999696389, "time_cnf": 0.03470410000591073, "time_BP": 0.08126079999783542, "time_VE": 0.022437000006902963, "PE": 51.82869105031243, "exact_EV": 1.4624635927705634, "disc_EV": 0.7044878555502089, "Wass_scaled": 0.1602998921147598, "Wass_multi": 0.1345260561078178, "time_wass": 3.269811000005575}