{"distribution": "causal_quadratic", "edges": [["T", "Y"], ["Z1", "T"], ["Z1", "Y"], ["Z2", "T"], ["Z2", "Y"], ["Z3", "T"], ["Z3", "Y"], ["Z4", "T"], ["Z4", "Y"], ["Z5", "T"], ["Z5", "Y"]], "sample_size": 2500, "ate": 4.85209866459554, "disc_method": "EV", "bins": 6, "target_column": null, "CPT_method": "Bayes", "time_disc": 0.13722290704026818, "time_cnf": 9.655011576134712, "time_VE": 9.240584799088538, "PE": 98.15401796571413, "exact_EV": 4.85209866459554, "disc_EV": 0.08956886963425781, "Wass_scaled": 0.4735355120343038, "Wass_multi": 0.9567450646432868, "time_wass": 2.2872450510039926}