{"distribution": "lg", "edges": [["A", "D"], ["B", "D"], ["D", "E"], ["C", "E"]], "root_params": "A ~ N(20,20) B ~ N(20,20) C ~ N(15,15)", "experiment": 13, "not_root_params": "D   ~   N ( 2 A + 3 B , 2 )   E   ~   N ( 3 C + 3 D , 2 )", "sample_size": 400, "means": {"A": 20, "B": 20, "C": 15, "D": 100, "E": 345}, "disc_method": "MDLP", "bins": 2, "target_column": "E", "Wass1D": 1.2780432519540466, "Wass_multi": 3.156733713105847, "RMSE": 1.8444733634084487, "WRMSE": 1.7424834835732785, "MAE": 3.4020819883232756, "VE_complexity": 83082.0}