{"distribution": "lg", "edges": [["A", "D"], ["B", "D"], ["D", "E"], ["C", "E"]], "root_params": "A ~ N(20,20) B ~ N(20,20) C ~ N(15,15)", "experiment": 13, "not_root_params": "D   ~   N ( 2 A + 3 B , 2 )   E   ~   N ( 3 C + 3 D , 2 )", "sample_size": 400, "means": {"A": 20, "B": 20, "C": 15, "D": 100, "E": 345}, "disc_method": "EV", "bins": 8, "target_column": null, "Wass1D": 3.560607907386929, "Wass_multi": 4.28828413103723, "RMSE": 1.6888685881002494, "WRMSE": 1.6888685881002494, "MAE": 2.85227710787173, "VE_complexity": 70663.0}