{
	"nodecount" : 4254,
	"peaknodes" : 5456,
	"total_load_time" : 1.62264,
	"build_time" : 1.53027,
	"wmc_time" : 0.00332403,
	"wmc_value" : 1,
	"bn_to_cnf_time" : 0.06165
}
