{
	"nodecount" : 3880,
	"peaknodes" : 4453,
	"total_load_time" : 1.18054,
	"build_time" : 1.11094,
	"wmc_time" : 0.00349808,
	"wmc_value" : 1,
	"bn_to_cnf_time" : 0.0368624
}
