{
	"nodecount" : 5559,
	"peaknodes" : 6813,
	"total_load_time" : 1.77799,
	"build_time" : 1.47024,
	"wmc_time" : 0.00273705
}
