{
	"nodecount" : 4681,
	"peaknodes" : 6436,
	"total_load_time" : 3.33829,
	"build_time" : 3.15874,
	"wmc_time" : 0.00346112,
	"wmc_value" : 1,
	"bn_to_cnf_time" : 0.11108
}
