{"distribution": "lg", "edges": [["A", "D"], ["B", "D"], ["D", "E"], ["C", "E"]], "root_params": "A ~ N(20,20) B ~ N(20,20) C ~ N(15,15)", "experiment": 18, "not_root_params": "D   ~   N ( 2 A + 3 B , 2 )   E   ~   N ( 3 C + 3 D , 2 )", "sample_size": 200, "means": {"A": 20, "B": 20, "C": 15, "D": 100, "E": 345}, "disc_method": "EB", "bins": 8, "target_column": null, "CPT_method": "Bayespriors", "time_disc": 0.10435163183137774, "time_cnf": 0.12545116618275642, "time_VE": 0.0015789899043738842, "time_BP": 0.005445400252938271, "RMSE": 12.26359641483195, "WRMSE": 4.338554157484403, "MAE": 7.843489270124785, "PE": 0.2499950385737375, "exact_EV": 345, "disc_EV": 344.1375171169206, "Wass_scaled": 0.09390311437571412, "Wass_multi": 4.001433628958981, "time_wass": 0.022705561015754938}