{
	"nodecount" : 6675,
	"peaknodes" : 8140,
	"total_load_time" : 3.39974,
	"build_time" : 2.90632,
	"wmc_time" : 0.00305796
}
