{"distribution": "lg", "edges": [["A", "D"], ["B", "D"], ["D", "E"], ["C", "E"]], "root_params": "A ~ N(20,20) B ~ N(20,20) C ~ N(15,15)", "experiment": 18, "not_root_params": "D   ~   N ( 2 A + 3 B , 2 )   E   ~   N ( 3 C + 3 D , 2 )", "sample_size": 200, "means": {"A": 20, "B": 20, "C": 15, "D": 100, "E": 345}, "disc_method": "EB", "bins": 30, "target_column": null, "CPT_method": "Bayespriors", "time_disc": 0.126669661141932, "time_cnf": 4.543195157311857, "time_VE": 0.004330173134803772, "time_BP": 0.008206324186176062, "RMSE": 16.74108683560077, "WRMSE": 10.49262884489672, "MAE": 13.876944745363476, "PE": 0.7333811827364749, "exact_EV": 345, "disc_EV": 342.46983491955916, "Wass_scaled": 0.022815468976140847, "Wass_multi": 0.9947643959863477, "time_wass": 0.018134264275431633}