{
	"nodecount" : 4254,
	"peaknodes" : 5456,
	"total_load_time" : 0.847045,
	"build_time" : 0.773729,
	"wmc_time" : 0.00239897
}
