{"distribution": "lg", "edges": [["A", "D"], ["B", "D"], ["D", "E"], ["C", "E"]], "root_params": "A ~ N(20,20) B ~ N(20,20) C ~ N(15,15)", "experiment": 18, "not_root_params": "D   ~   N ( 2 A + 3 B , 2 )   E   ~   N ( 3 C + 3 D , 2 )", "sample_size": 200, "means": {"A": 20, "B": 20, "C": 15, "D": 100, "E": 345}, "disc_method": "EB", "bins": 10, "target_column": null, "CPT_method": "Bayespriors", "time_disc": 0.0934774512425065, "time_cnf": 0.3509864038787782, "time_VE": 0.0017292392440140247, "time_BP": 0.005692478269338608, "RMSE": 13.37254972071279, "WRMSE": 5.056025832513587, "MAE": 9.226461450983958, "PE": 0.24606163662805347, "exact_EV": 345, "disc_EV": 344.1510873536332, "Wass_scaled": 0.07508763152838713, "Wass_multi": 3.1467821089145107, "time_wass": 0.022279928904026747}