{
	"nodecount" : 943,
	"peaknodes" : 1034,
	"total_load_time" : 0.101404,
	"build_time" : 0.090687,
	"wmc_time" : 0.00258088,
	"wmc_value" : 1,
	"bn_to_cnf_time" : 0.00307894
}
