{
	"nodecount" : 4458,
	"peaknodes" : 6860,
	"total_load_time" : 2.4084,
	"build_time" : 2.09216,
	"wmc_time" : 0.002141
}
