{"distribution": "lg", "edges": [["A", "D"], ["B", "D"], ["D", "E"], ["C", "E"]], "root_params": "A ~ N(20,20) B ~ N(20,20) C ~ N(15,15)", "experiment": 18, "not_root_params": "D   ~   N ( 2 A + 3 B , 2 )   E   ~   N ( 3 C + 3 D , 2 )", "sample_size": 200, "means": {"A": 20, "B": 20, "C": 15, "D": 100, "E": 345}, "disc_method": "EV", "bins": 5, "target_column": null, "CPT_method": "Bayespriors", "time_disc": 0.15094069999759085, "time_cnf": 0.008849899997585453, "time_VE": 0.001942799994139932, "time_BP": 0.00542709999717772, "RMSE": 1.979622498976647, "WRMSE": 1.979622498976647, "MAE": 1.5986172363145783, "PE": 0.07908332602159979, "exact_EV": 345, "disc_EV": 344.7271625252255, "Wass_scaled": 0.3856996491058718, "Wass_multi": 5.887287130612113, "time_wass": 0.04187190000084229}