{
	"nodecount" : 943,
	"peaknodes" : 1034,
	"total_load_time" : 0.128188,
	"build_time" : 0.0547431,
	"wmc_time" : 0.00174189
}
