{
	"nodecount" : 2001,
	"peaknodes" : 2173,
	"total_load_time" : 0.210858,
	"build_time" : 0.139347,
	"wmc_time" : 0.00208211
}
