{"distribution": "lg", "edges": [["A", "D"], ["B", "D"], ["D", "E"], ["C", "E"]], "root_params": "A ~ N(20,20) B ~ N(20,20) C ~ N(15,15)", "experiment": 18, "not_root_params": "D   ~   N ( 2 A + 3 B , 2 )   E   ~   N ( 3 C + 3 D , 2 )", "sample_size": 200, "means": {"A": 20, "B": 20, "C": 15, "D": 100, "E": 345}, "disc_method": "EV", "bins": 14, "target_column": null, "CPT_method": "Bayespriors", "time_disc": 0.10383140668272972, "time_cnf": 0.4257900011725724, "time_VE": 0.0015861042775213718, "time_BP": 0.006772987078875303, "RMSE": 6.759171766004055, "WRMSE": 6.793086959928185, "MAE": 5.6170929269432985, "PE": 0.3341530258252322, "exact_EV": 345, "disc_EV": 343.84717206090295, "Wass_scaled": 0.1972978290202819, "Wass_multi": 2.4082683618360714, "time_wass": 0.02431826014071703}