{
	"nodecount" : 4458,
	"peaknodes" : 6860,
	"total_load_time" : 4.53263,
	"build_time" : 4.19545,
	"wmc_time" : 0.00351596,
	"wmc_value" : 1,
	"bn_to_cnf_time" : 0.178521
}
