{"distribution": "lg", "edges": [["A", "D"], ["B", "D"], ["D", "E"], ["C", "E"]], "root_params": "A ~ N(20,20) B ~ N(20,20) C ~ N(15,15)", "experiment": 18, "not_root_params": "D   ~   N ( 2 A + 3 B , 2 )   E   ~   N ( 3 C + 3 D , 2 )", "sample_size": 200, "means": {"A": 20, "B": 20, "C": 15, "D": 100, "E": 345}, "disc_method": "EV", "bins": 12, "target_column": null, "CPT_method": "Bayespriors", "time_disc": 0.1674526999995578, "time_cnf": 0.05951390000700485, "time_VE": 0.002519200003007427, "time_BP": 0.015743800002383068, "RMSE": 5.283350886431688, "WRMSE": 5.308491445632258, "MAE": 4.5098098330249785, "PE": 0.3174548232396424, "exact_EV": 345, "disc_EV": 343.90478085982323, "Wass_scaled": 0.2146165580465062, "Wass_multi": 2.7403907286002185, "time_wass": 0.03763669999898411}