{"distribution": "lg", "edges": [["A", "D"], ["B", "D"], ["D", "E"], ["C", "E"]], "root_params": "A ~ N(20,20) B ~ N(20,20) C ~ N(15,15)", "experiment": 18, "not_root_params": "D   ~   N ( 2 A + 3 B , 2 )   E   ~   N ( 3 C + 3 D , 2 )", "sample_size": 200, "means": {"A": 20, "B": 20, "C": 15, "D": 100, "E": 345}, "disc_method": "EB", "bins": 25, "target_column": null, "CPT_method": "Bayespriors", "time_disc": 0.14480811497196555, "time_cnf": 2.7661670111119747, "time_VE": 0.0031412444077432156, "time_BP": 0.009019110351800919, "RMSE": 16.24695892341373, "WRMSE": 9.760240976494243, "MAE": 13.048733784879744, "PE": 0.5908616706217443, "exact_EV": 345, "disc_EV": 342.961527236355, "Wass_scaled": 0.02942104519432975, "Wass_multi": 1.1780368946056703, "time_wass": 0.020035467576235533}