{"distribution": "lg", "edges": [["A", "D"], ["B", "D"], ["D", "E"], ["C", "E"]], "root_params": "A ~ N(20,20) B ~ N(20,20) C ~ N(15,15)", "experiment": 18, "not_root_params": "D   ~   N ( 2 A + 3 B , 2 )   E   ~   N ( 3 C + 3 D , 2 )", "sample_size": 200, "means": {"A": 20, "B": 20, "C": 15, "D": 100, "E": 345}, "disc_method": "EV", "bins": 8, "target_column": null, "CPT_method": "Bayespriors", "time_disc": 0.08849861240014434, "time_cnf": 0.18947476893663406, "time_VE": 0.0012037307024002075, "time_BP": 0.004838439170271158, "RMSE": 2.833478921886033, "WRMSE": 2.833478921886033, "MAE": 2.418410593283909, "PE": 0.5563228889635589, "exact_EV": 345, "disc_EV": 343.0806860330757, "Wass_scaled": 0.27987623258963934, "Wass_multi": 4.021808285665176, "time_wass": 0.02190525783225894}