{
	"nodecount" : 4094,
	"peaknodes" : 4968,
	"total_load_time" : 0.606641,
	"build_time" : 0.560068,
	"wmc_time" : 0.00235009
}
