{"distribution": "lg", "edges": [["A", "D"], ["B", "D"], ["D", "E"], ["C", "E"]], "root_params": "A ~ N(20,20) B ~ N(20,20) C ~ N(15,15)", "experiment": 18, "not_root_params": "D   ~   N ( 2 A + 3 B , 2 )   E   ~   N ( 3 C + 3 D , 2 )", "sample_size": 200, "means": {"A": 20, "B": 20, "C": 15, "D": 100, "E": 345}, "disc_method": "EV", "bins": 25, "target_column": null, "CPT_method": "Bayespriors", "time_disc": 0.16900570000871085, "time_cnf": 0.5162067999917781, "time_VE": 0.002359899997827597, "time_BP": 0.010927099996479228, "RMSE": 10.279697834715018, "WRMSE": 10.279697834715018, "MAE": 8.161222257722587, "PE": 0.26110305452646015, "exact_EV": 345, "disc_EV": 344.0991944618837, "Wass_scaled": 0.1264852873243354, "Wass_multi": 1.363404180643287, "time_wass": 0.019842699999571778}