{"distribution": "lg", "edges": [["A", "D"], ["B", "D"], ["D", "E"], ["C", "E"]], "root_params": "A ~ N(20,20) B ~ N(20,20) C ~ N(15,15)", "experiment": 18, "not_root_params": "D   ~   N ( 2 A + 3 B , 2 )   E   ~   N ( 3 C + 3 D , 2 )", "sample_size": 200, "means": {"A": 20, "B": 20, "C": 15, "D": 100, "E": 345}, "disc_method": "EV", "bins": 20, "target_column": null, "CPT_method": "Bayespriors", "time_disc": 0.11598582984879613, "time_cnf": 1.0942120710387826, "time_VE": 0.0019399640150368214, "time_BP": 0.00732753612101078, "RMSE": 9.651624860238737, "WRMSE": 9.651624860238735, "MAE": 7.8258873244050875, "PE": 0.21691390666943874, "exact_EV": 345, "disc_EV": 344.25164702199044, "Wass_scaled": 0.14801290859620927, "Wass_multi": 1.666294793011794, "time_wass": 0.021312614902853966}