{
	"nodecount" : 4072,
	"peaknodes" : 7695,
	"total_load_time" : 5.31069,
	"build_time" : 4.39843,
	"wmc_time" : 0.00214911
}
