{"distribution": "lg", "edges": [["A", "D"], ["B", "D"], ["D", "E"], ["C", "E"]], "root_params": "A ~ N(20,20) B ~ N(20,20) C ~ N(15,15)", "experiment": 18, "not_root_params": "D   ~   N ( 2 A + 3 B , 2 )   E   ~   N ( 3 C + 3 D , 2 )", "sample_size": 200, "means": {"A": 20, "B": 20, "C": 15, "D": 100, "E": 345}, "disc_method": "MDLP", "bins": 2, "target_column": "E", "CPT_method": "Bayespriors", "time_disc": 0.24538000905886292, "time_cnf": 0.8082052920944989, "time_VE": 0.0016172649338841438, "time_BP": 0.00647222064435482, "RMSE": 7.42155442840311, "WRMSE": 3.829264830302609, "MAE": 5.742112910922772, "PE": 0.13827328700997804, "exact_EV": 345, "disc_EV": 344.5229571598156, "Wass_scaled": 0.38784979929755686, "Wass_multi": 2.092587224533704, "time_wass": 0.017023832071572542}