{"distribution": "lg", "edges": [["A", "D"], ["B", "D"], ["D", "E"], ["C", "E"]], "root_params": "A ~ N(20,20) B ~ N(20,20) C ~ N(15,15)", "experiment": 18, "not_root_params": "D   ~   N ( 2 A + 3 B , 2 )   E   ~   N ( 3 C + 3 D , 2 )", "sample_size": 200, "means": {"A": 20, "B": 20, "C": 15, "D": 100, "E": 345}, "disc_method": "EV", "bins": 30, "target_column": null, "CPT_method": "Bayespriors", "time_disc": 0.13506642961874604, "time_cnf": 5.92038071108982, "time_VE": 0.0029168808832764626, "time_BP": 0.011050042696297169, "RMSE": 10.548866627247245, "WRMSE": 10.63411138916381, "MAE": 8.431945889158694, "PE": 0.2503180699223295, "exact_EV": 345, "disc_EV": 344.13640265876796, "Wass_scaled": 0.1155196466297773, "Wass_multi": 1.2496384374138765, "time_wass": 0.020954360254108906}