{
	"nodecount" : 6511,
	"peaknodes" : 8242,
	"total_load_time" : 4.86026,
	"build_time" : 4.0012,
	"wmc_time" : 0.00314689
}
