{
	"nodecount" : 6675,
	"peaknodes" : 8140,
	"total_load_time" : 6.05994,
	"build_time" : 5.52259,
	"wmc_time" : 0.00401115,
	"wmc_value" : 1,
	"bn_to_cnf_time" : 0.281845
}
