{
	"nodecount" : 4071,
	"peaknodes" : 4639,
	"total_load_time" : 0.421922,
	"build_time" : 0.394324,
	"wmc_time" : 0.00234509
}
