{"distribution": "lg", "edges": [["A", "D"], ["B", "D"], ["D", "E"], ["C", "E"]], "root_params": "A ~ N(20,20) B ~ N(20,20) C ~ N(15,15)", "experiment": 10, "not_root_params": "D   ~   N ( 2 A + 3 B , 2 )   E   ~   N ( 3 C + 3 D , 2 )", "sample_size": 3000, "means": {"A": 20, "B": 20, "C": 15, "D": 100, "E": 345}, "disc_method": "EV", "bins": 25, "target_column": null, "CPT_method": "Bayespriors", "time_disc": 0.16756880001048557, "time_cnf": 0.5182486000121571, "time_VE": 0.001511100010247901, "time_BP": 0.019159000003128313, "RMSE": 0.8679858694122491, "WRMSE": 0.8679858694122493, "MAE": 0.7154689251123091, "PE": 0.12136185412029024, "exact_EV": 345, "disc_EV": 345.418698396715, "Wass_scaled": 0.19898766870391263, "Wass_multi": 1.437993027733967, "time_wass": 4.330250200000592}