{
	"nodecount" : 86580,
	"peaknodes" : 86810,
	"total_load_time" : 3.0686,
	"build_time" : 2.72724,
	"wmc_time" : 0.016948
}
