{
	"nodecount" : 22919,
	"peaknodes" : 22919,
	"total_load_time" : 1.67435,
	"build_time" : 1.62025,
	"wmc_time" : 0.00799704,
	"wmc_value" : 1,
	"bn_to_cnf_time" : 0.0384474
}
