{"distribution": "lg", "edges": [["A", "D"], ["B", "D"], ["D", "E"], ["C", "E"]], "root_params": "A ~ N(20,20) B ~ N(20,20) C ~ N(15,15)", "experiment": 10, "not_root_params": "D   ~   N ( 2 A + 3 B , 2 )   E   ~   N ( 3 C + 3 D , 2 )", "sample_size": 3000, "means": {"A": 20, "B": 20, "C": 15, "D": 100, "E": 345}, "disc_method": "EV", "bins": 10, "target_column": null, "CPT_method": "Bayespriors", "time_disc": 0.09884247044101357, "time_cnf": 0.6074057328514755, "time_VE": 0.0012656706385314465, "time_BP": 0.004933977033942938, "RMSE": 0.8998491414794804, "WRMSE": 0.8998491414794804, "MAE": 0.7677928367461504, "PE": 0.061843816721140706, "exact_EV": 345, "disc_EV": 345.21336116768794, "Wass_scaled": 0.2997001583214677, "Wass_multi": 3.198849084519465, "time_wass": 3.2486168360337615}