{"distribution": "lg", "edges": [["A", "D"], ["B", "D"], ["D", "E"], ["C", "E"]], "root_params": "A ~ N(20,20) B ~ N(20,20) C ~ N(15,15)", "experiment": 10, "not_root_params": "D   ~   N ( 2 A + 3 B , 2 )   E   ~   N ( 3 C + 3 D , 2 )", "sample_size": 3000, "means": {"A": 20, "B": 20, "C": 15, "D": 100, "E": 345}, "disc_method": "EB", "bins": 17, "target_column": null, "CPT_method": "Bayespriors", "time_disc": 0.10499965911731124, "time_cnf": 0.29314442491158843, "time_VE": 0.0013209059834480286, "time_BP": 0.005891428329050541, "RMSE": 8.516119422659047, "WRMSE": 1.8173533983597623, "MAE": 4.760204225318372, "PE": 0.05979634962755696, "exact_EV": 345, "disc_EV": 345.20629740621507, "Wass_scaled": 0.044414126645980774, "Wass_multi": 2.686917165704294, "time_wass": 2.7783763599582016}