{
	"nodecount" : 34109,
	"peaknodes" : 34109,
	"total_load_time" : 1.36843,
	"build_time" : 1.22903,
	"wmc_time" : 0.00893497
}
