{"distribution": "lg", "edges": [["A", "D"], ["B", "D"], ["D", "E"], ["C", "E"]], "root_params": "A ~ N(20,20) B ~ N(20,20) C ~ N(15,15)", "experiment": 10, "not_root_params": "D   ~   N ( 2 A + 3 B , 2 )   E   ~   N ( 3 C + 3 D , 2 )", "sample_size": 3000, "means": {"A": 20, "B": 20, "C": 15, "D": 100, "E": 345}, "disc_method": "EV", "bins": 17, "target_column": null, "CPT_method": "Bayespriors", "time_disc": 0.17369979999784846, "time_cnf": 0.1459867000085069, "time_VE": 0.00184090000402648, "time_BP": 0.00866439999663271, "RMSE": 0.7073109220767302, "WRMSE": 0.7075071458614229, "MAE": 0.5876055334541962, "PE": 0.07258870917080523, "exact_EV": 345, "disc_EV": 345.2504310466393, "Wass_scaled": 0.23405801635573958, "Wass_multi": 2.0365812084513486, "time_wass": 4.325076499997522}