{
	"nodecount" : 1995,
	"peaknodes" : 1995,
	"total_load_time" : 1.41916,
	"build_time" : 1.33354,
	"wmc_time" : 0.00353098,
	"wmc_value" : 1,
	"bn_to_cnf_time" : 0.0487635
}
