{
	"nodecount" : 10871,
	"peaknodes" : 11352,
	"total_load_time" : 0.822698,
	"build_time" : 0.695731,
	"wmc_time" : 0.00416112
}
