{
	"nodecount" : 28477,
	"peaknodes" : 29630,
	"total_load_time" : 2.28432,
	"build_time" : 1.90601,
	"wmc_time" : 0.00759101
}
