{"distribution": "lg", "edges": [["A", "D"], ["B", "D"], ["D", "E"], ["C", "E"]], "root_params": "A ~ N(20,20) B ~ N(20,20) C ~ N(15,15)", "experiment": 10, "not_root_params": "D   ~   N ( 2 A + 3 B , 2 )   E   ~   N ( 3 C + 3 D , 2 )", "sample_size": 3000, "means": {"A": 20, "B": 20, "C": 15, "D": 100, "E": 345}, "disc_method": "EB", "bins": 20, "target_column": null, "CPT_method": "Bayespriors", "time_disc": 0.1128443768247962, "time_cnf": 0.8426667209714651, "time_VE": 0.001554618589580059, "time_BP": 0.006951406132429838, "RMSE": 11.372345356832628, "WRMSE": 2.3769753157710043, "MAE": 6.418840776781624, "PE": 0.06579417973294648, "exact_EV": 345, "disc_EV": 345.22698992007867, "Wass_scaled": 0.03692901867441153, "Wass_multi": 2.288842068616704, "time_wass": 2.6860358649864793}