{"distribution": "lg", "edges": [["A", "D"], ["B", "D"], ["D", "E"], ["C", "E"]], "root_params": "A ~ N(20,20) B ~ N(20,20) C ~ N(15,15)", "experiment": 10, "not_root_params": "D   ~   N ( 2 A + 3 B , 2 )   E   ~   N ( 3 C + 3 D , 2 )", "sample_size": 3000, "means": {"A": 20, "B": 20, "C": 15, "D": 100, "E": 345}, "disc_method": "EB", "bins": 5, "target_column": null, "CPT_method": "Bayespriors", "time_disc": 0.17065279999224003, "time_cnf": 0.0103506000014022, "time_VE": 0.0023513999913120642, "time_BP": 0.007786000001942739, "RMSE": 5.054624851600825, "WRMSE": 3.0951706887780874, "MAE": 4.470994225220215, "PE": 0.05168236670991301, "exact_EV": 345, "disc_EV": 345.1783041651492, "Wass_scaled": 0.16970356561592345, "Wass_multi": 8.358825523348024, "time_wass": 3.844442200002959}