{"distribution": "lg", "edges": [["A", "D"], ["B", "D"], ["D", "E"], ["C", "E"]], "root_params": "A ~ N(20,20) B ~ N(20,20) C ~ N(15,15)", "experiment": 10, "not_root_params": "D   ~   N ( 2 A + 3 B , 2 )   E   ~   N ( 3 C + 3 D , 2 )", "sample_size": 3000, "means": {"A": 20, "B": 20, "C": 15, "D": 100, "E": 345}, "disc_method": "EB", "bins": 8, "target_column": null, "CPT_method": "Bayespriors", "time_disc": 0.1520983999944292, "time_cnf": 0.019870299991453066, "time_VE": 0.0015090999950189143, "time_BP": 0.005169999989448115, "RMSE": 5.343306067023249, "WRMSE": 1.8761205359731148, "MAE": 3.90975233991999, "PE": 0.05680033876667922, "exact_EV": 345, "disc_EV": 345.19596116874504, "Wass_scaled": 0.09883324208484746, "Wass_multi": 5.587813765708861, "time_wass": 3.9591770000115503}