{
	"nodecount" : 13609,
	"peaknodes" : 13722,
	"total_load_time" : 0.717866,
	"build_time" : 0.578801,
	"wmc_time" : 0.00488305
}
