{
	"nodecount" : 62232,
	"peaknodes" : 64908,
	"total_load_time" : 4.71761,
	"build_time" : 4.10722,
	"wmc_time" : 0.0177491
}
