{"distribution": "lg", "edges": [["A", "D"], ["B", "D"], ["D", "E"], ["C", "E"]], "root_params": "A ~ N(20,20) B ~ N(20,20) C ~ N(15,15)", "experiment": 10, "not_root_params": "D   ~   N ( 2 A + 3 B , 2 )   E   ~   N ( 3 C + 3 D , 2 )", "sample_size": 3000, "means": {"A": 20, "B": 20, "C": 15, "D": 100, "E": 345}, "disc_method": "EV", "bins": 20, "target_column": null, "CPT_method": "Bayespriors", "time_disc": 0.18572100000164937, "time_cnf": 0.2329989999998361, "time_VE": 0.0016340000001946464, "time_BP": 0.007764900001347996, "RMSE": 0.7471750344353664, "WRMSE": 0.7471750344353664, "MAE": 0.5902000028695426, "PE": 0.08920273151904004, "exact_EV": 345, "disc_EV": 345.3077494237407, "Wass_scaled": 0.21813445334705409, "Wass_multi": 1.7687555766332497, "time_wass": 4.237590000004275}