{
	"nodecount" : 5815,
	"peaknodes" : 5815,
	"total_load_time" : 0.277773,
	"build_time" : 0.195296,
	"wmc_time" : 0.00318813
}
