{"distribution": "lg", "edges": [["A", "D"], ["B", "D"], ["D", "E"], ["C", "E"]], "root_params": "A ~ N(20,20) B ~ N(20,20) C ~ N(15,15)", "experiment": 10, "not_root_params": "D   ~   N ( 2 A + 3 B , 2 )   E   ~   N ( 3 C + 3 D , 2 )", "sample_size": 3000, "means": {"A": 20, "B": 20, "C": 15, "D": 100, "E": 345}, "disc_method": "EB", "bins": 10, "target_column": null, "CPT_method": "Bayespriors", "time_disc": 0.10051566176116467, "time_cnf": 0.36469501815736294, "time_VE": 0.00160874892026186, "time_BP": 0.005690836813300848, "RMSE": 5.336887573116289, "WRMSE": 1.5688162120577545, "MAE": 3.416765783367725, "PE": 0.06745787775487415, "exact_EV": 345, "disc_EV": 345.2327296782543, "Wass_scaled": 0.07673077181870631, "Wass_multi": 4.5122544279691015, "time_wass": 3.1211672970093787}