{"distribution": "lg", "edges": [["A", "D"], ["B", "D"], ["D", "E"], ["C", "E"]], "root_params": "A ~ N(20,20) B ~ N(20,20) C ~ N(15,15)", "experiment": 10, "not_root_params": "D   ~   N ( 2 A + 3 B , 2 )   E   ~   N ( 3 C + 3 D , 2 )", "sample_size": 3000, "means": {"A": 20, "B": 20, "C": 15, "D": 100, "E": 345}, "disc_method": "EV", "bins": 14, "target_column": null, "CPT_method": "Bayespriors", "time_disc": 0.10602962970733643, "time_cnf": 0.4237376390956342, "time_VE": 0.0014947010204195976, "time_BP": 0.005856416188180447, "RMSE": 0.7326558451880385, "WRMSE": 0.7330579947473536, "MAE": 0.5477535200499639, "PE": 0.053806846020454054, "exact_EV": 345, "disc_EV": 345.18563361877057, "Wass_scaled": 0.2551402644299067, "Wass_multi": 2.3872613021386924, "time_wass": 3.242441029753536}