{
	"nodecount" : 1521,
	"peaknodes" : 1589,
	"total_load_time" : 0.122695,
	"build_time" : 0.0617571,
	"wmc_time" : 0.00190592
}
