{
	"nodecount" : 1995,
	"peaknodes" : 1995,
	"total_load_time" : 0.647269,
	"build_time" : 0.585113,
	"wmc_time" : 0.00202799
}
