{
	"nodecount" : 22919,
	"peaknodes" : 22919,
	"total_load_time" : 1.05254,
	"build_time" : 0.88152,
	"wmc_time" : 0.0071671
}
