{
	"nodecount" : 3478,
	"peaknodes" : 3501,
	"total_load_time" : 0.297892,
	"build_time" : 0.279075,
	"wmc_time" : 0.00337315,
	"wmc_value" : 1,
	"bn_to_cnf_time" : 0.0114756
}
