{"distribution": "lg", "edges": [["A", "D"], ["B", "D"], ["D", "E"], ["C", "E"]], "root_params": "A ~ N(20,20) B ~ N(20,20) C ~ N(15,15)", "experiment": 10, "not_root_params": "D   ~   N ( 2 A + 3 B , 2 )   E   ~   N ( 3 C + 3 D , 2 )", "sample_size": 3000, "means": {"A": 20, "B": 20, "C": 15, "D": 100, "E": 345}, "disc_method": "EB", "bins": 30, "target_column": null, "CPT_method": "Bayespriors", "time_disc": 0.17866809999395628, "time_cnf": 0.7674266999965766, "time_VE": 0.0018517999997129664, "time_BP": 0.012090299991541542, "RMSE": 14.333945165382962, "WRMSE": 3.4600449836469767, "MAE": 8.932998159128939, "PE": 0.1051892257460431, "exact_EV": 345, "disc_EV": 345.36290282882385, "Wass_scaled": 0.02257875463177824, "Wass_multi": 1.5376730036486739, "time_wass": 3.5569940999994287}