{"distribution": "lg", "edges": [["A", "D"], ["B", "D"], ["D", "E"], ["C", "E"]], "root_params": "A ~ N(20,20) B ~ N(20,20) C ~ N(15,15)", "experiment": 10, "not_root_params": "D   ~   N ( 2 A + 3 B , 2 )   E   ~   N ( 3 C + 3 D , 2 )", "sample_size": 3000, "means": {"A": 20, "B": 20, "C": 15, "D": 100, "E": 345}, "disc_method": "EB", "bins": 14, "target_column": null, "CPT_method": "Bayespriors", "time_disc": 0.1141251903027296, "time_cnf": 0.458912739995867, "time_VE": 0.001626795157790184, "time_BP": 0.008705263026058674, "RMSE": 8.52596229330937, "WRMSE": 1.9087233438994822, "MAE": 4.814189206925192, "PE": 0.04250997205501691, "exact_EV": 345, "disc_EV": 345.1466594035898, "Wass_scaled": 0.05558696355028297, "Wass_multi": 3.304450035494521, "time_wass": 2.925193261820823}