{
	"nodecount" : 124981,
	"peaknodes" : 128666,
	"total_load_time" : 4.60145,
	"build_time" : 3.97774,
	"wmc_time" : 0.023447
}
