{"distribution": "lg", "edges": [["A", "D"], ["B", "D"], ["D", "E"], ["C", "E"]], "root_params": "A ~ N(20,20) B ~ N(20,20) C ~ N(15,15)", "experiment": 10, "not_root_params": "D   ~   N ( 2 A + 3 B , 2 )   E   ~   N ( 3 C + 3 D , 2 )", "sample_size": 3000, "means": {"A": 20, "B": 20, "C": 15, "D": 100, "E": 345}, "disc_method": "EV", "bins": 17, "target_column": null, "CPT_method": "Bayespriors", "time_disc": 0.10701332613825798, "time_cnf": 0.31890084501355886, "time_VE": 0.0017018690705299377, "time_BP": 0.006232613231986761, "RMSE": 0.7073109220767037, "WRMSE": 0.7075071458613964, "MAE": 0.5876055334541761, "PE": 0.07258870917080523, "exact_EV": 345, "disc_EV": 345.2504310466393, "Wass_scaled": 0.23405801635573958, "Wass_multi": 2.0365812084513486, "time_wass": 3.2952071987092495}