{"distribution": "lg", "edges": [["A", "D"], ["B", "D"], ["D", "E"], ["C", "E"]], "root_params": "A ~ N(20,20) B ~ N(20,20) C ~ N(15,15)", "experiment": 10, "not_root_params": "D   ~   N ( 2 A + 3 B , 2 )   E   ~   N ( 3 C + 3 D , 2 )", "sample_size": 3000, "means": {"A": 20, "B": 20, "C": 15, "D": 100, "E": 345}, "disc_method": "EV", "bins": 8, "target_column": null, "CPT_method": "Bayespriors", "time_disc": 0.16384730000572745, "time_cnf": 0.017002900000079535, "time_VE": 0.0013494000013452023, "time_BP": 0.0056394999992335215, "RMSE": 1.0196003443413688, "WRMSE": 1.0196003443413688, "MAE": 0.6649287312719068, "PE": 0.04641986240641558, "exact_EV": 345, "disc_EV": 345.16014852530213, "Wass_scaled": 0.3365837495786886, "Wass_multi": 3.893346605153648, "time_wass": 4.345165999999153}