{"distribution": "lg", "edges": [["A", "D"], ["B", "D"], ["D", "E"], ["C", "E"]], "root_params": "A ~ N(20,20) B ~ N(20,20) C ~ N(15,15)", "experiment": 10, "not_root_params": "D   ~   N ( 2 A + 3 B , 2 )   E   ~   N ( 3 C + 3 D , 2 )", "sample_size": 3000, "means": {"A": 20, "B": 20, "C": 15, "D": 100, "E": 345}, "disc_method": "EV", "bins": 30, "target_column": null, "CPT_method": "Bayespriors", "time_disc": 0.13118505291640759, "time_cnf": 4.191181558184326, "time_VE": 0.001808765809983015, "time_BP": 0.009576776996254921, "RMSE": 1.2286868269578815, "WRMSE": 1.2286868269578815, "MAE": 0.9741509431570478, "PE": 0.08249555562597181, "exact_EV": 345, "disc_EV": 345.2846096669096, "Wass_scaled": 0.18541233541170463, "Wass_multi": 1.2537811310443951, "time_wass": 3.3002672498114407}