{
	"nodecount" : 61453,
	"peaknodes" : 61453,
	"total_load_time" : 2.67828,
	"build_time" : 2.19045,
	"wmc_time" : 0.0129809
}
