{"distribution": "lg", "edges": [["A", "D"], ["B", "D"], ["D", "E"], ["C", "E"]], "root_params": "A ~ N(20,20) B ~ N(20,20) C ~ N(15,15)", "experiment": 10, "not_root_params": "D   ~   N ( 2 A + 3 B , 2 )   E   ~   N ( 3 C + 3 D , 2 )", "sample_size": 3000, "means": {"A": 20, "B": 20, "C": 15, "D": 100, "E": 345}, "disc_method": "EB", "bins": 25, "target_column": null, "CPT_method": "Bayespriors", "time_disc": 0.18061630000011064, "time_cnf": 0.4113478000072064, "time_VE": 0.002468799997586757, "time_BP": 0.009171999990940094, "RMSE": 12.97288299105386, "WRMSE": 2.869052055973742, "MAE": 7.700631753778866, "PE": 0.067717427227433, "exact_EV": 345, "disc_EV": 345.23362512393464, "Wass_scaled": 0.029500063720915945, "Wass_multi": 1.8533329818388906, "time_wass": 3.7997459000034723}