{"distribution": "lg", "edges": [["A", "D"], ["B", "D"], ["D", "E"], ["C", "E"]], "root_params": "A ~ N(20,20) B ~ N(20,20) C ~ N(15,15)", "experiment": 10, "not_root_params": "D   ~   N ( 2 A + 3 B , 2 )   E   ~   N ( 3 C + 3 D , 2 )", "sample_size": 3000, "means": {"A": 20, "B": 20, "C": 15, "D": 100, "E": 345}, "disc_method": "EV", "bins": 12, "target_column": null, "CPT_method": "Bayespriors", "time_disc": 0.16338539999560453, "time_cnf": 0.05495159998827148, "time_VE": 0.0029155999945942312, "time_BP": 0.012977799997315742, "RMSE": 0.7294008703823289, "WRMSE": 0.729400870382329, "MAE": 0.5386918759438402, "PE": 0.059446242352090645, "exact_EV": 345, "disc_EV": 345.2050895361147, "Wass_scaled": 0.2738882152492566, "Wass_multi": 2.7171621635249488, "time_wass": 4.419623699999647}