{"distribution": "nm", "edges": [["X", "Y"]], "root_params": ["X ~ B(0.5)"], "experiment": 7, "not_root_params": "P(Y|X) ~ N(6,2) if X = 0.0 and P(Y|X) ~ N(4,2) if X = 1.0", "sample_size": 100, "means": 5.0, "disc_method": "EV", "bins": 30, "target_column": null, "CPT_method": "Bayespriors", "time_disc": 0.04183380911126733, "time_cnf": 0.00865587592124939, "time_VE": 0.0010825120843946934, "time_BP": 0.0033549456857144833, "RMSE": 0.0021218512353890742, "WRMSE": 0.002107848751074917, "MAE": 0.0021146181873485936, "PE": 3.0106206306777494, "exact_EV": 5.0, "disc_EV": 5.1505310315338875, "Wass_scaled": 0.05219779683045412, "Wass_multi": 0.1226382311173404, "time_wass": 0.012708912137895823}