{"distribution": "nm", "edges": [["X", "Y"]], "root_params": ["X ~ B(0.5)"], "experiment": 7, "not_root_params": "P(Y|X) ~ N(6,2) if X = 0.0 and P(Y|X) ~ N(4,2) if X = 1.0", "sample_size": 100, "means": 5.0, "disc_method": "EV", "bins": 25, "target_column": null, "CPT_method": "Bayespriors", "time_disc": 0.04062871960923076, "time_cnf": 0.007091165985912085, "time_VE": 0.001026683021336794, "time_BP": 0.003204967360943556, "RMSE": 0.011864656298719925, "WRMSE": 0.011788423224192955, "MAE": 0.011826326238060236, "PE": 3.010639505704944, "exact_EV": 5.0, "disc_EV": 5.150531975285247, "Wass_scaled": 0.05225150537482645, "Wass_multi": 0.13713334572308963, "time_wass": 0.011503356043249369}