{
	"nodecount" : 43,
	"peaknodes" : 43,
	"total_load_time" : 0.00728583,
	"build_time" : 0.00491405,
	"wmc_time" : 0.000303984
}
