{"distribution": "nm", "edges": [["X", "Y"]], "root_params": ["X ~ B(0.5)"], "experiment": 7, "not_root_params": "P(Y|X) ~ N(6,2) if X = 0.0 and P(Y|X) ~ N(4,2) if X = 1.0", "sample_size": 100, "means": 5.0, "disc_method": "EB", "bins": 30, "target_column": null, "CPT_method": "Bayespriors", "time_disc": 0.04398859804496169, "time_cnf": 0.008344097062945366, "time_VE": 0.0011981669813394547, "time_BP": 0.0034896270371973515, "RMSE": 0.001613770543259537, "WRMSE": 0.0016022921089488588, "MAE": 0.0016073742244939737, "PE": 3.010801997885526, "exact_EV": 5.0, "disc_EV": 5.150540099894276, "Wass_scaled": 0.006922678810395297, "Wass_multi": 0.07651095121274032, "time_wass": 0.013573144096881151}