{
	"nodecount" : 30,
	"peaknodes" : 30,
	"total_load_time" : 0.01175,
	"build_time" : 0.00317001,
	"wmc_time" : 0.000236988
}
