{"distribution": "nm", "edges": [["X", "Y"]], "root_params": ["X ~ B(0.5)"], "experiment": 7, "not_root_params": "P(Y|X) ~ N(6,2) if X = 0.0 and P(Y|X) ~ N(4,2) if X = 1.0", "sample_size": 100, "means": 5.0, "disc_method": "EB", "bins": 12, "target_column": null, "CPT_method": "Bayespriors", "time_disc": 0.047511129174381495, "time_cnf": 0.16141716809943318, "time_VE": 0.001256565097719431, "time_BP": 0.0034180572256445885, "RMSE": 0.022502684311686366, "WRMSE": 0.022358128473982847, "MAE": 0.022430016198409675, "PE": 3.010754577143313, "exact_EV": 5.0, "disc_EV": 5.150537728857166, "Wass_scaled": 0.024042623019254764, "Wass_multi": 0.22834349863650075, "time_wass": 0.013872554060071707}