{
	"nodecount" : 46,
	"peaknodes" : 49,
	"total_load_time" : 0.010766,
	"build_time" : 0.008497,
	"wmc_time" : 0.000349045
}
