{"distribution": "nm", "edges": [["X", "Y"]], "root_params": ["X ~ B(0.5)"], "experiment": 7, "not_root_params": "P(Y|X) ~ N(6,2) if X = 0.0 and P(Y|X) ~ N(4,2) if X = 1.0", "sample_size": 100, "means": 5.0, "disc_method": "EB", "bins": 14, "target_column": null, "CPT_method": "Bayespriors", "time_disc": 0.040188563987612724, "time_cnf": 1.1209092140197754, "time_VE": 0.0008377311751246452, "time_BP": 0.00236711697652936, "RMSE": 0.006072826904766189, "WRMSE": 0.006035246060086044, "MAE": 0.006054634192135033, "PE": 3.010796145985317, "exact_EV": 5.0, "disc_EV": 5.150539807299266, "Wass_scaled": 0.016020119754311685, "Wass_multi": 0.1889276173617058, "time_wass": 0.009728720877319574}