{
	"nodecount" : 36,
	"peaknodes" : 38,
	"total_load_time" : 0.00786996,
	"build_time" : 0.00501585,
	"wmc_time" : 0.000271082
}
