{
	"nodecount" : 43,
	"peaknodes" : 44,
	"total_load_time" : 1.10723,
	"build_time" : 0.00564599,
	"wmc_time" : 0.00041604
}
