{"distribution": "nm", "edges": [["X", "Y"]], "root_params": ["X ~ B(0.5)"], "experiment": 7, "not_root_params": "P(Y|X) ~ N(6,2) if X = 0.0 and P(Y|X) ~ N(4,2) if X = 1.0", "sample_size": 100, "means": 5.0, "disc_method": "EB", "bins": 17, "target_column": null, "CPT_method": "Bayespriors", "time_disc": 0.04033816512674093, "time_cnf": 0.005971293896436691, "time_VE": 0.0010214601643383503, "time_BP": 0.0032065557315945625, "RMSE": 0.021622266101975113, "WRMSE": 0.021484946026128708, "MAE": 0.021554028191641095, "PE": 3.0106601134441746, "exact_EV": 5.0, "disc_EV": 5.150533005672209, "Wass_scaled": 0.01362414314157296, "Wass_multi": 0.15868066688776167, "time_wass": 0.012691179290413857}