{"distribution": "nm", "edges": [["X", "Y"]], "root_params": ["X ~ B(0.5)"], "experiment": 7, "not_root_params": "P(Y|X) ~ N(6,2) if X = 0.0 and P(Y|X) ~ N(4,2) if X = 1.0", "sample_size": 100, "means": 5.0, "disc_method": "EV", "bins": 10, "target_column": null, "CPT_method": "Bayespriors", "time_disc": 0.03812468331307173, "time_cnf": 0.7670668256469071, "time_VE": 0.0008178362622857094, "time_BP": 0.0023425030522048473, "RMSE": 0.0330145299157525, "WRMSE": 0.03280390875522266, "MAE": 0.03290938783371011, "PE": 3.0105030149585588, "exact_EV": 5.0, "disc_EV": 5.150525150747928, "Wass_scaled": 0.0819473579056322, "Wass_multi": 0.28256569611251814, "time_wass": 0.01035728631541133}