{"distribution": "nm", "edges": [["X", "Y"]], "root_params": ["X ~ B(0.5)"], "experiment": 7, "not_root_params": "P(Y|X) ~ N(6,2) if X = 0.0 and P(Y|X) ~ N(4,2) if X = 1.0", "sample_size": 100, "means": 5.0, "disc_method": "EV", "bins": 12, "target_column": null, "CPT_method": "Bayespriors", "time_disc": 0.03937309980392456, "time_cnf": 0.920621186029166, "time_VE": 0.0008021690882742405, "time_BP": 0.0023042899556457996, "RMSE": 0.04722669146545089, "WRMSE": 0.04692510330978547, "MAE": 0.04707598812414249, "PE": 3.010578327552409, "exact_EV": 5.0, "disc_EV": 5.1505289163776204, "Wass_scaled": 0.07694382932857766, "Wass_multi": 0.2275323080438847, "time_wass": 0.00992919085547328}