{
	"nodecount" : 39,
	"peaknodes" : 39,
	"total_load_time" : 0.0083549,
	"build_time" : 0.00522089,
	"wmc_time" : 0.000320911
}
