{"distribution": "nm", "edges": [["X", "Y"]], "root_params": ["X ~ B(0.5)"], "experiment": 7, "not_root_params": "P(Y|X) ~ N(6,2) if X = 0.0 and P(Y|X) ~ N(4,2) if X = 1.0", "sample_size": 100, "means": 5.0, "disc_method": "EB", "bins": 25, "target_column": null, "CPT_method": "Bayespriors", "time_disc": 0.04093204205855727, "time_cnf": 0.006041256710886955, "time_VE": 0.0010721241123974323, "time_BP": 0.0032461523078382015, "RMSE": 0.001963546037327593, "WRMSE": 0.0019498227510808444, "MAE": 0.001956033515172706, "PE": 3.0108053245174027, "exact_EV": 5.0, "disc_EV": 5.15054026622587, "Wass_scaled": 0.009326421137444557, "Wass_multi": 0.10677952890819094, "time_wass": 0.010940863285213709}