{
	"nodecount" : 44,
	"peaknodes" : 44,
	"total_load_time" : 0.007689,
	"build_time" : 0.0050962,
	"wmc_time" : 0.000309944
}
