{
	"nodecount" : 24,
	"peaknodes" : 24,
	"total_load_time" : 0.0167789,
	"build_time" : 0.00271583,
	"wmc_time" : 0.000216961
}
