{
	"nodecount" : 47,
	"peaknodes" : 47,
	"total_load_time" : 0.00870705,
	"build_time" : 0.00547814,
	"wmc_time" : 0.000311136
}
