{
	"nodecount" : 54,
	"peaknodes" : 58,
	"total_load_time" : 0.013129,
	"build_time" : 0.01037,
	"wmc_time" : 0.000405073
}
