{"distribution": "nm", "edges": [["X", "Y"]], "root_params": ["X ~ B(0.5)"], "experiment": 7, "not_root_params": "P(Y|X) ~ N(6,2) if X = 0.0 and P(Y|X) ~ N(4,2) if X = 1.0", "sample_size": 100, "means": 5.0, "disc_method": "EB", "bins": 5, "target_column": null, "CPT_method": "Bayespriors", "time_disc": 0.04582703113555908, "time_cnf": 0.41532283183187246, "time_VE": 0.0011129998601973057, "time_BP": 0.003138533793389797, "RMSE": 0.045753891920224075, "WRMSE": 0.04546138539835604, "MAE": 0.04560756320395809, "PE": 3.010657665283425, "exact_EV": 5.0, "disc_EV": 5.150532883264171, "Wass_scaled": 0.08171176802371409, "Wass_multi": 0.5914622861398834, "time_wass": 0.012670403346419334}