{"distribution": "nm", "edges": [["X", "Y"]], "root_params": ["X ~ B(0.8)"], "experiment": 4, "not_root_params": "P(Y|X) ~ N(6,2) if X = 0.0 and P(Y|X) ~ N(4,2) if X = 1.0", "sample_size": 100, "means": 5.6000000000000005, "disc_method": "EV", "bins": 5, "target_column": null, "Wass1D": 0.47374637700028877, "Wass_multi": 0.5358229776984692, "RMSE": 0.021545494492104165, "WRMSE": 0.015182434677832198, "MAE": 0.00046420833290929087, "VE_complexity": 24.0}