{"distribution": "nm", "edges": [["X", "Y"]], "root_params": ["X ~ B(0.8)"], "experiment": 4, "not_root_params": "P(Y|X) ~ N(6,2) if X = 0.0 and P(Y|X) ~ N(4,2) if X = 1.0", "sample_size": 100, "means": 5.6000000000000005, "disc_method": "MDLP", "bins": 2, "target_column": "Y", "Wass1D": 0.3065137672238048, "Wass_multi": 0.3692300797325458, "RMSE": 0.031761156619103746, "WRMSE": 0.02238109159382032, "MAE": 0.0010087710697832377}