{"distribution": "nm", "edges": [["X", "Y"]], "root_params": ["X ~ B(0.8)"], "experiment": 4, "not_root_params": "P(Y|X) ~ N(6,2) if X = 0.0 and P(Y|X) ~ N(4,2) if X = 1.0", "sample_size": 100, "means": 5.6000000000000005, "disc_method": "EB", "bins": 14, "target_column": null, "Wass1D": 0.23197125606837518, "Wass_multi": 0.2496602047875904, "RMSE": 0.0183006850507722, "WRMSE": 0.012895919165130292, "MAE": 0.000334915073327557, "VE_complexity": 69.0}