{"distribution": "lg", "edges": [["A", "D"], ["B", "D"], ["D", "E"], ["C", "E"]], "root_params": "A ~ N(20,20) B ~ N(20,20) C ~ N(15,15)", "experiment": 124, "not_root_params": "D   ~   N ( 2 A + 3 B , 8 . 5 9 3 7 5 )   E   ~   N ( 3 C + 3 D , 8 . 5 9 3 7 5 )", "sample_size": 516, "means": {"A": 20, "B": 20, "C": 15, "D": 100, "E": 345}, "disc_method": "EB", "bins": 8, "target_column": null, "CPT_method": "MLE", "time_disc": 0.11020209999696817, "time_cnf": 0.020734699995955452, "time_VE": 0.004152800000156276, "time_BP": 0.013351500005228445, "RMSE": 26.833377213685377, "WRMSE": 11.906277334649456, "MAE": 19.70303886669312, "PE": 0.975861100819894, "exact_EV": 345, "disc_EV": 341.63327920217137, "Wass_scaled": 0.10567313043771082, "Wass_multi": 16.999601355510883, "time_wass": 0.25256399999489076}