{
	"nodecount" : 963,
	"peaknodes" : 1029,
	"total_load_time" : 0.144004,
	"build_time" : 0.0590429,
	"wmc_time" : 0.00186419
}
