{
	"nodecount" : 4903,
	"peaknodes" : 5277,
	"total_load_time" : 0.677537,
	"build_time" : 0.427635,
	"wmc_time" : 0.00295997
}
