{"distribution": "lg", "edges": [["A", "D"], ["B", "D"], ["D", "E"], ["C", "E"]], "root_params": "A ~ N(20,20) B ~ N(20,20) C ~ N(15,15)", "experiment": 124, "not_root_params": "D   ~   N ( 2 A + 3 B , 8 . 5 9 3 7 5 )   E   ~   N ( 3 C + 3 D , 8 . 5 9 3 7 5 )", "sample_size": 516, "means": {"A": 20, "B": 20, "C": 15, "D": 100, "E": 345}, "disc_method": "EV", "bins": 17, "target_column": null, "CPT_method": "MLE", "time_disc": 0.0983288999996148, "time_cnf": 0.1334781000041403, "time_VE": 0.0023963000130606815, "time_BP": 0.014867199992295355, "RMSE": 19.258958023455694, "WRMSE": 19.330700627367428, "MAE": 15.112105538347377, "PE": 0.938222879730136, "exact_EV": 345, "disc_EV": 341.76313106493103, "Wass_scaled": 0.19522652974295657, "Wass_multi": 7.513994067572092, "time_wass": 0.18884069999330677}