{"distribution": "lg", "edges": [["A", "D"], ["B", "D"], ["D", "E"], ["C", "E"]], "root_params": "A ~ N(20,20) B ~ N(20,20) C ~ N(15,15)", "experiment": 124, "not_root_params": "D   ~   N ( 2 A + 3 B , 8 . 5 9 3 7 5 )   E   ~   N ( 3 C + 3 D , 8 . 5 9 3 7 5 )", "sample_size": 516, "means": {"A": 20, "B": 20, "C": 15, "D": 100, "E": 345}, "disc_method": "EB", "bins": 17, "target_column": null, "CPT_method": "MLE", "time_disc": 0.08655827911570668, "time_cnf": 0.25290493480861187, "time_VE": 0.0023828870616853237, "time_BP": 0.009436369873583317, "RMSE": 65.08034187899395, "WRMSE": 25.25322644600005, "MAE": 47.1384305311852, "PE": 2.3186897012473855, "exact_EV": 345, "disc_EV": 337.0005205306965, "Wass_scaled": 0.04219126280829944, "Wass_multi": 8.125728890639378, "time_wass": 0.2435387521982193}