{"distribution": "lg", "edges": [["A", "D"], ["B", "D"], ["D", "E"], ["C", "E"]], "root_params": "A ~ N(20,20) B ~ N(20,20) C ~ N(15,15)", "experiment": 124, "not_root_params": "D   ~   N ( 2 A + 3 B , 8 . 5 9 3 7 5 )   E   ~   N ( 3 C + 3 D , 8 . 5 9 3 7 5 )", "sample_size": 516, "means": {"A": 20, "B": 20, "C": 15, "D": 100, "E": 345}, "disc_method": "EB", "bins": 20, "target_column": null, "CPT_method": "MLE", "time_disc": 0.0767540237866342, "time_cnf": 0.5317758289165795, "time_VE": 0.0025296532548964024, "time_BP": 0.010129673406481743, "RMSE": 71.12918709772636, "WRMSE": 29.1309575736444, "MAE": 53.87453491159355, "PE": 1.7506315116984263, "exact_EV": 345, "disc_EV": 338.96032128464043, "Wass_scaled": 0.03365675297697706, "Wass_multi": 6.726853867939064, "time_wass": 0.22796630021184683}