{"distribution": "lg", "edges": [["A", "D"], ["B", "D"], ["D", "E"], ["C", "E"]], "root_params": "A ~ N(20,20) B ~ N(20,20) C ~ N(15,15)", "experiment": 124, "not_root_params": "D   ~   N ( 2 A + 3 B , 8 . 5 9 3 7 5 )   E   ~   N ( 3 C + 3 D , 8 . 5 9 3 7 5 )", "sample_size": 516, "means": {"A": 20, "B": 20, "C": 15, "D": 100, "E": 345}, "disc_method": "EV", "bins": 5, "target_column": null, "CPT_method": "MLE", "time_disc": 0.09196099999826401, "time_cnf": 0.008979600010206923, "time_VE": 0.0028655999922193587, "time_BP": 0.011647300008917227, "RMSE": 6.0009409480453755, "WRMSE": 6.003935956818667, "MAE": 5.046257186947765, "PE": 1.3522145847417157, "exact_EV": 345, "disc_EV": 340.3348596826411, "Wass_scaled": 0.39601075109552486, "Wass_multi": 21.58642842589985, "time_wass": 0.1959121999971103}