{"distribution": "lg", "edges": [["A", "D"], ["B", "D"], ["D", "E"], ["C", "E"]], "root_params": "A ~ N(20,20) B ~ N(20,20) C ~ N(15,15)", "experiment": 124, "not_root_params": "D   ~   N ( 2 A + 3 B , 8 . 5 9 3 7 5 )   E   ~   N ( 3 C + 3 D , 8 . 5 9 3 7 5 )", "sample_size": 516, "means": {"A": 20, "B": 20, "C": 15, "D": 100, "E": 345}, "disc_method": "EV", "bins": 30, "target_column": null, "CPT_method": "MLE", "time_disc": 0.106754299995373, "time_cnf": 0.796529900006135, "time_VE": 0.0018085000046994537, "time_BP": 0.01749529999506194, "RMSE": 40.261694996690245, "WRMSE": 40.461815564045374, "MAE": 32.06437641574232, "PE": 0.9911793015248475, "exact_EV": 345, "disc_EV": 341.5804314097393, "Wass_scaled": 0.1482646106381419, "Wass_multi": 4.750397365708987, "time_wass": 0.1802116000035312}