{"distribution": "lg", "edges": [["A", "D"], ["B", "D"], ["D", "E"], ["C", "E"]], "root_params": "A ~ N(20,20) B ~ N(20,20) C ~ N(15,15)", "experiment": 124, "not_root_params": "D   ~   N ( 2 A + 3 B , 8 . 5 9 3 7 5 )   E   ~   N ( 3 C + 3 D , 8 . 5 9 3 7 5 )", "sample_size": 516, "means": {"A": 20, "B": 20, "C": 15, "D": 100, "E": 345}, "disc_method": "EV", "bins": 10, "target_column": null, "CPT_method": "MLE", "time_disc": 0.049563020933419466, "time_cnf": 11.064081029966474, "time_VE": 0.0018743528053164482, "time_BP": 0.008223179262131453, "RMSE": 5.3651136165237485, "WRMSE": 5.372364500352762, "MAE": 4.101255045105569, "PE": 1.4821278263665907, "exact_EV": 345, "disc_EV": 339.88665899903526, "Wass_scaled": 0.25915768187012694, "Wass_multi": 11.442367986993716, "time_wass": 0.2533591389656067}