{"distribution": "lg", "edges": [["A", "D"], ["B", "D"], ["D", "E"], ["C", "E"]], "root_params": "A ~ N(20,20) B ~ N(20,20) C ~ N(15,15)", "experiment": 124, "not_root_params": "D   ~   N ( 2 A + 3 B , 8 . 5 9 3 7 5 )   E   ~   N ( 3 C + 3 D , 8 . 5 9 3 7 5 )", "sample_size": 516, "means": {"A": 20, "B": 20, "C": 15, "D": 100, "E": 345}, "disc_method": "EB", "bins": 12, "target_column": null, "CPT_method": "MLE", "time_disc": 0.1328298000007635, "time_cnf": 0.07004370000504423, "time_VE": 0.001777800003765151, "time_BP": 0.009001999991596676, "RMSE": 47.26574139470261, "WRMSE": 18.861172955539196, "MAE": 33.52054839653795, "PE": 0.9663041211536478, "exact_EV": 345, "disc_EV": 341.6662507820199, "Wass_scaled": 0.0703994471185692, "Wass_multi": 11.60587936590156, "time_wass": 0.19744540000101551}