{
	"nodecount" : 4069,
	"peaknodes" : 4069,
	"total_load_time" : 0.436722,
	"build_time" : 0.410225,
	"wmc_time" : 0.00379014,
	"wmc_value" : 1,
	"bn_to_cnf_time" : 0.0106161
}
