{"distribution": "lg", "edges": [["A", "D"], ["B", "D"], ["D", "E"], ["C", "E"]], "root_params": "A ~ N(20,20) B ~ N(20,20) C ~ N(15,15)", "experiment": 124, "not_root_params": "D   ~   N ( 2 A + 3 B , 8 . 5 9 3 7 5 )   E   ~   N ( 3 C + 3 D , 8 . 5 9 3 7 5 )", "sample_size": 516, "means": {"A": 20, "B": 20, "C": 15, "D": 100, "E": 345}, "disc_method": "EV", "bins": 20, "target_column": null, "CPT_method": "MLE", "time_disc": 0.1228277450427413, "time_cnf": 0.71174551313743, "time_VE": 0.002338696736842394, "time_BP": 0.00894452491775155, "RMSE": 25.362364166996702, "WRMSE": 25.40908517207759, "MAE": 20.617609910587667, "PE": 1.711853274975751, "exact_EV": 345, "disc_EV": 339.09410620133366, "Wass_scaled": 0.17812841971041088, "Wass_multi": 6.496819143563046, "time_wass": 0.2301874440163374}