{"distribution": "lg", "edges": [["A", "D"], ["B", "D"], ["D", "E"], ["C", "E"]], "root_params": "A ~ N(20,20) B ~ N(20,20) C ~ N(15,15)", "experiment": 124, "not_root_params": "D   ~   N ( 2 A + 3 B , 8 . 5 9 3 7 5 )   E   ~   N ( 3 C + 3 D , 8 . 5 9 3 7 5 )", "sample_size": 516, "means": {"A": 20, "B": 20, "C": 15, "D": 100, "E": 345}, "disc_method": "EB", "bins": 25, "target_column": null, "CPT_method": "MLE", "time_disc": 0.1005721999972593, "time_cnf": 0.3969260000012582, "time_VE": 0.0015769000019645318, "time_BP": 0.011239600004046224, "RMSE": 74.91274860758723, "WRMSE": 33.3556191738505, "MAE": 58.97584895438562, "PE": 3.0100413805728197, "exact_EV": 345, "disc_EV": 334.6153572370238, "Wass_scaled": 0.027342234052501534, "Wass_multi": 5.410402645754815, "time_wass": 0.14878370000224095}