{
	"nodecount" : 2615,
	"peaknodes" : 2695,
	"total_load_time" : 0.296327,
	"build_time" : 0.277239,
	"wmc_time" : 0.00302696,
	"wmc_value" : 1,
	"bn_to_cnf_time" : 0.0137815
}
