{
	"nodecount" : 13708,
	"peaknodes" : 16486,
	"total_load_time" : 2.09583,
	"build_time" : 1.89405,
	"wmc_time" : 0.00459194
}
