{
	"nodecount" : 6606,
	"peaknodes" : 7070,
	"total_load_time" : 0.819344,
	"build_time" : 0.661451,
	"wmc_time" : 0.00327706
}
