{"distribution": "lg", "edges": [["A", "D"], ["B", "D"], ["D", "E"], ["C", "E"]], "root_params": "A ~ N(20,20) B ~ N(20,20) C ~ N(15,15)", "experiment": 124, "not_root_params": "D   ~   N ( 2 A + 3 B , 8 . 5 9 3 7 5 )   E   ~   N ( 3 C + 3 D , 8 . 5 9 3 7 5 )", "sample_size": 516, "means": {"A": 20, "B": 20, "C": 15, "D": 100, "E": 345}, "disc_method": "EB", "bins": 5, "target_column": null, "CPT_method": "MLE", "time_disc": 0.12245389999588951, "time_cnf": 0.010083899993333034, "time_VE": 0.005598100004135631, "time_BP": 0.009549900001729839, "RMSE": 21.04415716694762, "WRMSE": 9.964844221296243, "MAE": 16.95649569028361, "PE": 1.2853357021602088, "exact_EV": 345, "disc_EV": 340.5655918275473, "Wass_scaled": 0.1754790699293305, "Wass_multi": 26.458604298973835, "time_wass": 0.22500159998890013}