{"distribution": "lg", "edges": [["A", "D"], ["B", "D"], ["D", "E"], ["C", "E"]], "root_params": "A ~ N(20,20) B ~ N(20,20) C ~ N(15,15)", "experiment": 124, "not_root_params": "D   ~   N ( 2 A + 3 B , 8 . 5 9 3 7 5 )   E   ~   N ( 3 C + 3 D , 8 . 5 9 3 7 5 )", "sample_size": 516, "means": {"A": 20, "B": 20, "C": 15, "D": 100, "E": 345}, "disc_method": "EB", "bins": 14, "target_column": null, "CPT_method": "MLE", "time_disc": 0.12004379999416415, "time_cnf": 0.10120350000215694, "time_VE": 0.0019144999969284981, "time_BP": 0.017708600003970787, "RMSE": 56.14406847637863, "WRMSE": 21.2591216937415, "MAE": 40.174866619740556, "PE": 1.6446265372310271, "exact_EV": 345, "disc_EV": 339.32603844655296, "Wass_scaled": 0.061543525334256215, "Wass_multi": 9.533369462033354, "time_wass": 0.17950460000429302}