{
	"nodecount" : 1278,
	"peaknodes" : 1368,
	"total_load_time" : 0.234021,
	"build_time" : 0.069484,
	"wmc_time" : 0.00216198
}
