{
	"nodecount" : 6606,
	"peaknodes" : 7070,
	"total_load_time" : 1.28159,
	"build_time" : 1.22073,
	"wmc_time" : 0.00389099,
	"wmc_value" : 1,
	"bn_to_cnf_time" : 0.0565076
}
