{"distribution": "lg", "edges": [["A", "D"], ["B", "D"], ["D", "E"], ["C", "E"]], "root_params": "A ~ N(20,20) B ~ N(20,20) C ~ N(15,15)", "experiment": 124, "not_root_params": "D   ~   N ( 2 A + 3 B , 8 . 5 9 3 7 5 )   E   ~   N ( 3 C + 3 D , 8 . 5 9 3 7 5 )", "sample_size": 516, "means": {"A": 20, "B": 20, "C": 15, "D": 100, "E": 345}, "disc_method": "EV", "bins": 14, "target_column": null, "CPT_method": "MLE", "time_disc": 0.06037056911736727, "time_cnf": 0.3339329781010747, "time_VE": 0.001850250642746687, "time_BP": 0.00713822478428483, "RMSE": 12.77147347096788, "WRMSE": 12.795706705269309, "MAE": 9.549839606786604, "PE": 0.9849601055583351, "exact_EV": 345, "disc_EV": 341.60188763582374, "Wass_scaled": 0.2144526558977145, "Wass_multi": 8.95567422222767, "time_wass": 0.29705461394041777}