{
	"nodecount" : 13671,
	"peaknodes" : 18591,
	"total_load_time" : 6.46487,
	"build_time" : 5.30675,
	"wmc_time" : 0.00356197
}
