{"distribution": "lg", "edges": [["A", "D"], ["B", "D"], ["D", "E"], ["C", "E"]], "root_params": "A ~ N(20,20) B ~ N(20,20) C ~ N(15,15)", "experiment": 124, "not_root_params": "D   ~   N ( 2 A + 3 B , 8 . 5 9 3 7 5 )   E   ~   N ( 3 C + 3 D , 8 . 5 9 3 7 5 )", "sample_size": 516, "means": {"A": 20, "B": 20, "C": 15, "D": 100, "E": 345}, "disc_method": "EB", "bins": 10, "target_column": null, "CPT_method": "MLE", "time_disc": 0.07739429594948888, "time_cnf": 0.3086155871860683, "time_VE": 0.002113720867782831, "time_BP": 0.008155311923474073, "RMSE": 45.63473165252924, "WRMSE": 14.678302350696054, "MAE": 28.312074305433434, "PE": 1.5931907023305787, "exact_EV": 345, "disc_EV": 339.5034920769595, "Wass_scaled": 0.08622744784660052, "Wass_multi": 13.2416726493979, "time_wass": 0.1750425980426371}