{
	"nodecount" : 2615,
	"peaknodes" : 2695,
	"total_load_time" : 0.284054,
	"build_time" : 0.162947,
	"wmc_time" : 0.002738
}
