{
	"nodecount" : 12134,
	"peaknodes" : 13351,
	"total_load_time" : 1.80218,
	"build_time" : 1.63495,
	"wmc_time" : 0.00528693
}
