{"distribution": "lg", "edges": [["A", "D"], ["B", "D"], ["D", "E"], ["C", "E"]], "root_params": "A ~ N(20,20) B ~ N(20,20) C ~ N(15,15)", "experiment": 124, "not_root_params": "D   ~   N ( 2 A + 3 B , 8 . 5 9 3 7 5 )   E   ~   N ( 3 C + 3 D , 8 . 5 9 3 7 5 )", "sample_size": 516, "means": {"A": 20, "B": 20, "C": 15, "D": 100, "E": 345}, "disc_method": "EB", "bins": 25, "target_column": null, "CPT_method": "MLE", "time_disc": 0.08391456212848425, "time_cnf": 1.4633117113262415, "time_VE": 0.0024292399175465107, "time_BP": 0.010529781691730022, "RMSE": 74.91274860758725, "WRMSE": 33.3556191738505, "MAE": 58.97584895438564, "PE": 3.0100413805728197, "exact_EV": 345, "disc_EV": 334.6153572370238, "Wass_scaled": 0.027342234052501534, "Wass_multi": 5.410402645754815, "time_wass": 0.21988056367263198}