{
	"nodecount" : 14765,
	"peaknodes" : 16415,
	"total_load_time" : 4.62591,
	"build_time" : 4.30094,
	"wmc_time" : 0.00558782,
	"wmc_value" : 1,
	"bn_to_cnf_time" : 0.154229
}
