{
	"nodecount" : 16267,
	"peaknodes" : 18363,
	"total_load_time" : 8.27896,
	"build_time" : 7.53817,
	"wmc_time" : 0.00627613,
	"wmc_value" : 1,
	"bn_to_cnf_time" : 0.309299
}
