{"distribution": "lg", "edges": [["A", "D"], ["B", "D"], ["D", "E"], ["C", "E"]], "root_params": "A ~ N(20,20) B ~ N(20,20) C ~ N(15,15)", "experiment": 124, "not_root_params": "D   ~   N ( 2 A + 3 B , 8 . 5 9 3 7 5 )   E   ~   N ( 3 C + 3 D , 8 . 5 9 3 7 5 )", "sample_size": 516, "means": {"A": 20, "B": 20, "C": 15, "D": 100, "E": 345}, "disc_method": "EV", "bins": 20, "target_column": null, "CPT_method": "MLE", "time_disc": 0.09721210000861902, "time_cnf": 0.20888779999222606, "time_VE": 0.001801200007321313, "time_BP": 0.01264019998779986, "RMSE": 25.36236416699669, "WRMSE": 25.409085172077578, "MAE": 20.617609910587664, "PE": 1.711853274975751, "exact_EV": 345, "disc_EV": 339.09410620133366, "Wass_scaled": 0.17812841971041088, "Wass_multi": 6.496819143563046, "time_wass": 0.17589779999980237}