{
	"nodecount" : 14512,
	"peaknodes" : 17317,
	"total_load_time" : 4.26652,
	"build_time" : 3.07311,
	"wmc_time" : 0.00427318
}
