{
	"nodecount" : 1655,
	"peaknodes" : 1691,
	"total_load_time" : 0.289132,
	"build_time" : 0.0911119,
	"wmc_time" : 0.00278091
}
