{
	"nodecount" : 22231,
	"peaknodes" : 24297,
	"total_load_time" : 4.01029,
	"build_time" : 3.36945,
	"wmc_time" : 0.00703883
}
