{
	"nodecount" : 20228,
	"peaknodes" : 21986,
	"total_load_time" : 3.57232,
	"build_time" : 3.20738,
	"wmc_time" : 0.00889492
}
