{
	"nodecount" : 4464,
	"peaknodes" : 4557,
	"total_load_time" : 0.377061,
	"build_time" : 0.254858,
	"wmc_time" : 0.00465798
}
