{"distribution": "lg", "edges": [["A", "D"], ["B", "D"], ["D", "E"], ["C", "E"]], "root_params": "A ~ N(20,20) B ~ N(20,20) C ~ N(15,15)", "experiment": 15, "not_root_params": "D   ~   N ( 2 A + 3 B , 2 )   E   ~   N ( 3 C + 3 D , 2 )", "sample_size": 500, "means": {"A": 20, "B": 20, "C": 15, "D": 100, "E": 345}, "disc_method": "EB", "bins": 10, "target_column": null, "CPT_method": "Bayes", "time_disc": 0.10589110000000801, "time_cnf": 0.03236900000774767, "time_VE": 0.0015904999891063198, "time_BP": 0.012622299997019581, "RMSE": 20.722761366113943, "WRMSE": 11.002338752280611, "MAE": 17.338149053237924, "PE": 0.9024733913747366, "exact_EV": 345, "disc_EV": 341.88646679975716, "Wass_scaled": 0.0724462565999573, "Wass_multi": 3.527771585634747, "time_wass": 0.15540869999676943}