{"distribution": "lg", "edges": [["A", "D"], ["B", "D"], ["D", "E"], ["C", "E"]], "root_params": "A ~ N(20,20) B ~ N(20,20) C ~ N(15,15)", "experiment": 15, "not_root_params": "D   ~   N ( 2 A + 3 B , 2 )   E   ~   N ( 3 C + 3 D , 2 )", "sample_size": 500, "means": {"A": 20, "B": 20, "C": 15, "D": 100, "E": 345}, "disc_method": "EB", "bins": 17, "target_column": null, "CPT_method": "Bayes", "time_disc": 0.1374140502884984, "time_cnf": 0.4448209209367633, "time_VE": 0.0030699926428496838, "time_BP": 0.014366204850375652, "RMSE": 22.115348300930002, "WRMSE": 12.669661725162623, "MAE": 18.821713898007463, "PE": 1.262250117929892, "exact_EV": 345, "disc_EV": 340.6452370931419, "Wass_scaled": 0.042794589674019855, "Wass_multi": 2.1012409687649796, "time_wass": 0.20028506219387054}