{
	"nodecount" : 13865,
	"peaknodes" : 14443,
	"total_load_time" : 1.23657,
	"build_time" : 1.07597,
	"wmc_time" : 0.00630498
}
