{
	"nodecount" : 24954,
	"peaknodes" : 29363,
	"total_load_time" : 7.04042,
	"build_time" : 6.39412,
	"wmc_time" : 0.005656,
	"wmc_value" : 1,
	"bn_to_cnf_time" : 0.334143
}
