{
	"nodecount" : 15950,
	"peaknodes" : 17548,
	"total_load_time" : 1.60106,
	"build_time" : 1.35057,
	"wmc_time" : 0.00637102
}
