{
	"nodecount" : 21205,
	"peaknodes" : 23878,
	"total_load_time" : 3.5276,
	"build_time" : 2.90294,
	"wmc_time" : 0.0090971
}
