{
	"nodecount" : 31082,
	"peaknodes" : 35113,
	"total_load_time" : 11.0535,
	"build_time" : 9.42908,
	"wmc_time" : 0.0181429
}
