{
	"nodecount" : 22719,
	"peaknodes" : 26172,
	"total_load_time" : 4.65746,
	"build_time" : 4.11829,
	"wmc_time" : 0.00661206
}
