{"distribution": "lg", "edges": [["A", "D"], ["B", "D"], ["D", "E"], ["C", "E"]], "root_params": "A ~ N(20,20) B ~ N(20,20) C ~ N(15,15)", "experiment": 15, "not_root_params": "D   ~   N ( 2 A + 3 B , 2 )   E   ~   N ( 3 C + 3 D , 2 )", "sample_size": 500, "means": {"A": 20, "B": 20, "C": 15, "D": 100, "E": 345}, "disc_method": "EV", "bins": 10, "target_column": null, "CPT_method": "Bayes", "time_disc": 0.12374487286433578, "time_cnf": 3.4168143258430064, "time_VE": 0.002930003684014082, "time_BP": 0.009102416224777699, "RMSE": 10.611106551167868, "WRMSE": 10.611106551167868, "MAE": 8.68544312972839, "PE": 0.2529599191062233, "exact_EV": 345, "disc_EV": 344.12728827908353, "Wass_scaled": 0.2392112822659541, "Wass_multi": 3.2578509108217903, "time_wass": 0.26677465392276645}