{"distribution": "lg", "edges": [["A", "D"], ["B", "D"], ["D", "E"], ["C", "E"]], "root_params": "A ~ N(20,20) B ~ N(20,20) C ~ N(15,15)", "experiment": 15, "not_root_params": "D   ~   N ( 2 A + 3 B , 2 )   E   ~   N ( 3 C + 3 D , 2 )", "sample_size": 500, "means": {"A": 20, "B": 20, "C": 15, "D": 100, "E": 345}, "disc_method": "EB", "bins": 30, "target_column": null, "CPT_method": "Bayes", "time_disc": 0.09951899712905288, "time_cnf": 3.5135377389378846, "time_VE": 0.0035024923272430897, "time_BP": 0.016192662995308638, "RMSE": 22.157139714413383, "WRMSE": 13.339026564975558, "MAE": 19.054861376492187, "PE": 1.4124990610698365, "exact_EV": 345, "disc_EV": 340.12687823930906, "Wass_scaled": 0.023365104764067356, "Wass_multi": 1.1649947938073315, "time_wass": 0.2562227062880993}