{"distribution": "lg", "edges": [["A", "D"], ["B", "D"], ["D", "E"], ["C", "E"]], "root_params": "A ~ N(20,20) B ~ N(20,20) C ~ N(15,15)", "experiment": 15, "not_root_params": "D   ~   N ( 2 A + 3 B , 2 )   E   ~   N ( 3 C + 3 D , 2 )", "sample_size": 500, "means": {"A": 20, "B": 20, "C": 15, "D": 100, "E": 345}, "disc_method": "EB", "bins": 20, "target_column": null, "CPT_method": "Bayes", "time_disc": 0.09389899999951012, "time_cnf": 0.22332010000536684, "time_VE": 0.002613300006487407, "time_BP": 0.010801399999763817, "RMSE": 22.17213654199865, "WRMSE": 12.874357903645247, "MAE": 19.009798459787717, "PE": 1.2620706717470604, "exact_EV": 345, "disc_EV": 340.64585618247264, "Wass_scaled": 0.03383093937647951, "Wass_multi": 1.7586623169988453, "time_wass": 0.1468148999992991}