{
	"nodecount" : 15950,
	"peaknodes" : 17548,
	"total_load_time" : 1.99059,
	"build_time" : 1.89956,
	"wmc_time" : 0.00489306,
	"wmc_value" : 1,
	"bn_to_cnf_time" : 0.0777731
}
