{
	"nodecount" : 25081,
	"peaknodes" : 29923,
	"total_load_time" : 9.21756,
	"build_time" : 7.51736,
	"wmc_time" : 0.0128891
}
