{
	"nodecount" : 13865,
	"peaknodes" : 14443,
	"total_load_time" : 1.49268,
	"build_time" : 1.43078,
	"wmc_time" : 0.00501609,
	"wmc_value" : 1,
	"bn_to_cnf_time" : 0.0481758
}
