{"distribution": "lg", "edges": [["A", "D"], ["B", "D"], ["D", "E"], ["C", "E"]], "root_params": "A ~ N(20,20) B ~ N(20,20) C ~ N(15,15)", "experiment": 15, "not_root_params": "D   ~   N ( 2 A + 3 B , 2 )   E   ~   N ( 3 C + 3 D , 2 )", "sample_size": 500, "means": {"A": 20, "B": 20, "C": 15, "D": 100, "E": 345}, "disc_method": "EB", "bins": 5, "target_column": null, "CPT_method": "Bayes", "time_disc": 0.16528639290481806, "time_cnf": 1.4588069589808583, "time_VE": 0.0020619723945856094, "time_BP": 0.017876022029668093, "RMSE": 14.490243858413267, "WRMSE": 7.1085296820137, "MAE": 11.666964524307332, "PE": 0.505492157503202, "exact_EV": 345, "disc_EV": 343.25605205661395, "Wass_scaled": 0.17261593037534678, "Wass_multi": 6.83154182748535, "time_wass": 0.2563102040439844}