{
	"nodecount" : 24954,
	"peaknodes" : 29363,
	"total_load_time" : 6.7298,
	"build_time" : 5.37291,
	"wmc_time" : 0.00807691
}
