{
	"nodecount" : 29496,
	"peaknodes" : 32390,
	"total_load_time" : 6.43336,
	"build_time" : 5.54954,
	"wmc_time" : 0.00932813
}
