{
	"nodecount" : 10658,
	"peaknodes" : 11533,
	"total_load_time" : 1.08294,
	"build_time" : 0.903383,
	"wmc_time" : 0.00845122
}
