{
	"nodecount" : 1704,
	"peaknodes" : 1704,
	"total_load_time" : 0.882313,
	"build_time" : 0.725181,
	"wmc_time" : 0.00263691
}
