{"distribution": "lg", "edges": [["A", "D"], ["B", "D"], ["D", "E"], ["C", "E"]], "root_params": "A ~ N(20,20) B ~ N(20,20) C ~ N(15,15)", "experiment": 15, "not_root_params": "D   ~   N ( 2 A + 3 B , 2 )   E   ~   N ( 3 C + 3 D , 2 )", "sample_size": 500, "means": {"A": 20, "B": 20, "C": 15, "D": 100, "E": 345}, "disc_method": "EV", "bins": 8, "target_column": null, "CPT_method": "Bayes", "time_disc": 0.110573400001158, "time_cnf": 0.024206599991885014, "time_VE": 0.0030429999897023663, "time_BP": 0.01318100000207778, "RMSE": 9.245770977065723, "WRMSE": 9.264917506686087, "MAE": 7.599518054210314, "PE": 0.217255603896728, "exact_EV": 345, "disc_EV": 344.2504681665563, "Wass_scaled": 0.2795612053540445, "Wass_multi": 3.975223306861729, "time_wass": 0.20175509998807684}