{"distribution": "lg", "edges": [["A", "D"], ["B", "D"], ["D", "E"], ["C", "E"]], "root_params": "A ~ N(20,20) B ~ N(20,20) C ~ N(15,15)", "experiment": 15, "not_root_params": "D   ~   N ( 2 A + 3 B , 2 )   E   ~   N ( 3 C + 3 D , 2 )", "sample_size": 500, "means": {"A": 20, "B": 20, "C": 15, "D": 100, "E": 345}, "disc_method": "EV", "bins": 5, "target_column": null, "CPT_method": "Bayes", "time_disc": 0.08663730000262149, "time_cnf": 0.01079280000703875, "time_VE": 0.0015316999924834818, "time_BP": 0.006036599996150471, "RMSE": 5.0656786930813835, "WRMSE": 5.0656786930813835, "MAE": 4.167599702204029, "PE": 0.29324486067157457, "exact_EV": 345, "disc_EV": 343.98830523068307, "Wass_scaled": 0.385516693311319, "Wass_multi": 5.894975031571684, "time_wass": 0.21119960000214633}