{
	"nodecount" : 26,
	"peaknodes" : 26,
	"total_load_time" : 0.00515199,
	"build_time" : 0.00300622,
	"wmc_time" : 0.000246048
}
