{
	"nodecount" : 26,
	"peaknodes" : 26,
	"total_load_time" : 0.00516486,
	"build_time" : 0.003088,
	"wmc_time" : 0.000252008
}
