{"distribution": "nm", "edges": [["X", "Y"]], "root_params": ["X ~ B(0.5)"], "experiment": 3, "not_root_params": "P(Y|X) ~ N(6,2) if X = 0.0 and P(Y|X) ~ N(4,2) if X = 1.0", "sample_size": 500, "means": 5.0, "disc_method": "EV", "bins": 14, "target_column": null, "CPT_method": "MLE", "time_disc": 0.014950315002352, "time_cnf": 0.39187254616990685, "time_VE": 0.0010484475642442703, "time_BP": 0.002889207098633051, "RMSE": 0.0035785992058624595, "WRMSE": 0.0035771680523535737, "MAE": 0.003577883700665696, "PE": 1.2682039613350327, "exact_EV": 5.0, "disc_EV": 4.936589801933248, "Wass_scaled": 0.07294308349427556, "Wass_multi": 0.2003797560366429, "time_wass": 0.06472390284761786}