{"distribution": "nm", "edges": [["X", "Y"]], "root_params": ["X ~ B(0.5)"], "experiment": 3, "not_root_params": "P(Y|X) ~ N(6,2) if X = 0.0 and P(Y|X) ~ N(4,2) if X = 1.0", "sample_size": 500, "means": 5.0, "disc_method": "EB", "bins": 14, "target_column": null, "CPT_method": "MLE", "time_disc": 0.01835977239534259, "time_cnf": 0.4244029796682298, "time_VE": 0.0012910403311252594, "time_BP": 0.0037174629978835583, "RMSE": 0.02321561703648758, "WRMSE": 0.02320633264617968, "MAE": 0.02321097530555316, "PE": 1.2682039613350327, "exact_EV": 5.0, "disc_EV": 4.936589801933248, "Wass_scaled": 0.02464636510149381, "Wass_multi": 0.22629427046150172, "time_wass": 0.07302721496671438}