{"distribution": "nm", "edges": [["X", "Y"]], "root_params": ["X ~ B(0.5)"], "experiment": 3, "not_root_params": "P(Y|X) ~ N(6,2) if X = 0.0 and P(Y|X) ~ N(4,2) if X = 1.0", "sample_size": 500, "means": 5.0, "disc_method": "EB", "bins": 17, "target_column": null, "CPT_method": "MLE", "time_disc": 0.014870361890643835, "time_cnf": 0.004141709301620722, "time_VE": 0.0008232966065406799, "time_BP": 0.0025465786457061768, "RMSE": 0.0011382611497526118, "WRMSE": 0.0011378059363171761, "MAE": 0.0011380335657955598, "PE": 1.2682039613350327, "exact_EV": 5.0, "disc_EV": 4.936589801933248, "Wass_scaled": 0.01810177171663059, "Wass_multi": 0.18795695704259924, "time_wass": 0.06211858615279198}