{
	"nodecount" : 66,
	"peaknodes" : 67,
	"total_load_time" : 0.014751,
	"build_time" : 0.012306,
	"wmc_time" : 0.000564814
}
