{
	"nodecount" : 86,
	"peaknodes" : 86,
	"total_load_time" : 0.0163751,
	"build_time" : 0.0136161,
	"wmc_time" : 0.000737906
}
