{
	"nodecount" : 56,
	"peaknodes" : 56,
	"total_load_time" : 0.00924993,
	"build_time" : 0.006809,
	"wmc_time" : 0.000452995
}
