{"distribution": "nm", "edges": [["X", "Y"]], "root_params": ["X ~ B(0.5)"], "experiment": 3, "not_root_params": "P(Y|X) ~ N(6,2) if X = 0.0 and P(Y|X) ~ N(4,2) if X = 1.0", "sample_size": 500, "means": 5.0, "disc_method": "EV", "bins": 12, "target_column": null, "CPT_method": "MLE", "time_disc": 0.01701642805710435, "time_cnf": 0.5836983961053193, "time_VE": 0.0012005851604044437, "time_BP": 0.003654192201793194, "RMSE": 0.023319287970533373, "WRMSE": 0.02330996212014221, "MAE": 0.023314625511630327, "PE": 1.268203961335015, "exact_EV": 5.0, "disc_EV": 4.936589801933249, "Wass_scaled": 0.07979294791236456, "Wass_multi": 0.2311786081644062, "time_wass": 0.07863737270236015}