{
	"nodecount" : 72,
	"peaknodes" : 72,
	"total_load_time" : 0.0133691,
	"build_time" : 0.0104911,
	"wmc_time" : 0.000546932
}
