{"distribution": "nm", "edges": [["X", "Y"]], "root_params": ["X ~ B(0.5)"], "experiment": 3, "not_root_params": "P(Y|X) ~ N(6,2) if X = 0.0 and P(Y|X) ~ N(4,2) if X = 1.0", "sample_size": 500, "means": 5.0, "disc_method": "EB", "bins": 5, "target_column": null, "CPT_method": "MLE", "time_disc": 0.014636382926255465, "time_cnf": 0.24921421986073256, "time_VE": 0.0008777971379458904, "time_BP": 0.0024817590601742268, "RMSE": 0.10404269878912163, "WRMSE": 0.10400109002969352, "MAE": 0.10402189648984561, "PE": 1.2682039613350327, "exact_EV": 5.0, "disc_EV": 4.936589801933248, "Wass_scaled": 0.07326544824850864, "Wass_multi": 0.6283512890465539, "time_wass": 0.06073642522096634}