{
	"nodecount" : 46,
	"peaknodes" : 46,
	"total_load_time" : 0.00868607,
	"build_time" : 0.00614691,
	"wmc_time" : 0.000402927
}
