{
	"nodecount" : 90,
	"peaknodes" : 90,
	"total_load_time" : 0.016067,
	"build_time" : 0.013294,
	"wmc_time" : 0.000715017
}
