{"distribution": "nm", "edges": [["X", "Y"]], "root_params": ["X ~ B(0.5)"], "experiment": 3, "not_root_params": "P(Y|X) ~ N(6,2) if X = 0.0 and P(Y|X) ~ N(4,2) if X = 1.0", "sample_size": 500, "means": 5.0, "disc_method": "EB", "bins": 8, "target_column": null, "CPT_method": "MLE", "time_disc": 0.015042705927044153, "time_cnf": 0.4129257262684405, "time_VE": 0.000982919242233038, "time_BP": 0.0026398547925055027, "RMSE": 0.04041090739600658, "WRMSE": 0.040394746264628, "MAE": 0.040402827638373884, "PE": 1.2682039613350327, "exact_EV": 5.0, "disc_EV": 4.936589801933248, "Wass_scaled": 0.03948601410505304, "Wass_multi": 0.3737401382594498, "time_wass": 0.06123964302241802}