{
	"nodecount" : 72684,
	"peaknodes" : 77930,
	"total_load_time" : 7.8471,
	"build_time" : 7.18147,
	"wmc_time" : 0.013613,
	"wmc_value" : 1,
	"bn_to_cnf_time" : 0.306209
}
