{
	"nodecount" : 1116,
	"peaknodes" : 1180,
	"total_load_time" : 0.133602,
	"build_time" : 0.0653331,
	"wmc_time" : 0.00205016
}
