{
	"nodecount" : 14118,
	"peaknodes" : 14634,
	"total_load_time" : 1.91041,
	"build_time" : 1.81547,
	"wmc_time" : 0.00525808,
	"wmc_value" : 1,
	"bn_to_cnf_time" : 0.0532079
}
