{
	"nodecount" : 56780,
	"peaknodes" : 59214,
	"total_load_time" : 3.92562,
	"build_time" : 3.63076,
	"wmc_time" : 0.014782
}
