{
	"nodecount" : 5518,
	"peaknodes" : 5518,
	"total_load_time" : 0.260034,
	"build_time" : 0.19386,
	"wmc_time" : 0.00313807
}
