{"distribution": "lg", "edges": [["A", "D"], ["B", "D"], ["D", "E"], ["C", "E"]], "root_params": "A ~ N(20,20) B ~ N(20,20) C ~ N(15,15)", "experiment": 106, "not_root_params": "D   ~   N ( 2 A + 3 B , 8 . 8 7 5 )   E   ~   N ( 3 C + 3 D , 8 . 8 7 5 )", "sample_size": 1762, "means": {"A": 20, "B": 20, "C": 15, "D": 100, "E": 345}, "disc_method": "EV", "bins": 17, "target_column": null, "CPT_method": "MLE", "time_disc": 0.09409530000993982, "time_cnf": 0.13015240000095218, "time_VE": 0.0020629000064218417, "time_BP": 0.006598899999517016, "RMSE": 3.2468908817423348, "WRMSE": 3.248308662875571, "MAE": 2.5292162990286062, "PE": 0.29564059238450485, "exact_EV": 345, "disc_EV": 343.98003995627346, "Wass_scaled": 0.21854285830327788, "Wass_multi": 8.061022484410381, "time_wass": 1.362080099992454}