{"distribution": "lg", "edges": [["A", "D"], ["B", "D"], ["D", "E"], ["C", "E"]], "root_params": "A ~ N(20,20) B ~ N(20,20) C ~ N(15,15)", "experiment": 106, "not_root_params": "D   ~   N ( 2 A + 3 B , 8 . 8 7 5 )   E   ~   N ( 3 C + 3 D , 8 . 8 7 5 )", "sample_size": 1762, "means": {"A": 20, "B": 20, "C": 15, "D": 100, "E": 345}, "disc_method": "EV", "bins": 30, "target_column": null, "CPT_method": "MLE", "time_disc": 0.0752989649772644, "time_cnf": 3.1737397047691047, "time_VE": 0.0030273348093032837, "time_BP": 0.013894184026867151, "RMSE": 14.427786231860098, "WRMSE": 14.44360999311892, "MAE": 11.607687917763695, "PE": 0.31112400280964747, "exact_EV": 345, "disc_EV": 343.9266221903067, "Wass_scaled": 0.16798393813961296, "Wass_multi": 5.027017975611627, "time_wass": 1.230211571790278}