{
	"nodecount" : 74728,
	"peaknodes" : 83659,
	"total_load_time" : 9.9502,
	"build_time" : 8.78061,
	"wmc_time" : 0.0120299,
	"wmc_value" : 1,
	"bn_to_cnf_time" : 0.610773
}
