{
	"nodecount" : 12062,
	"peaknodes" : 12092,
	"total_load_time" : 1.04097,
	"build_time" : 0.996596,
	"wmc_time" : 0.00497293,
	"wmc_value" : 1,
	"bn_to_cnf_time" : 0.020139
}
