{
	"nodecount" : 6347,
	"peaknodes" : 6718,
	"total_load_time" : 0.640478,
	"build_time" : 0.527076,
	"wmc_time" : 0.00379205
}
