{
	"nodecount" : 18281,
	"peaknodes" : 18386,
	"total_load_time" : 1.08668,
	"build_time" : 0.974796,
	"wmc_time" : 0.00708318
}
