{"distribution": "lg", "edges": [["A", "D"], ["B", "D"], ["D", "E"], ["C", "E"]], "root_params": "A ~ N(20,20) B ~ N(20,20) C ~ N(15,15)", "experiment": 106, "not_root_params": "D   ~   N ( 2 A + 3 B , 8 . 8 7 5 )   E   ~   N ( 3 C + 3 D , 8 . 8 7 5 )", "sample_size": 1762, "means": {"A": 20, "B": 20, "C": 15, "D": 100, "E": 345}, "disc_method": "EV", "bins": 8, "target_column": null, "CPT_method": "MLE", "time_disc": 0.05627323407679796, "time_cnf": 4.145554627291858, "time_VE": 0.0017736242152750492, "time_BP": 0.013924404047429562, "RMSE": 3.6497662609300647, "WRMSE": 3.6527480605389107, "MAE": 3.2919074318443506, "PE": 0.29543628383178827, "exact_EV": 345, "disc_EV": 343.98074482078033, "Wass_scaled": 0.32283115144091534, "Wass_multi": 15.104312208428178, "time_wass": 1.1928003672510386}