{
	"nodecount" : 44502,
	"peaknodes" : 44956,
	"total_load_time" : 5.13608,
	"build_time" : 4.87431,
	"wmc_time" : 0.0089829,
	"wmc_value" : 1,
	"bn_to_cnf_time" : 0.0991318
}
