{"distribution": "lg", "edges": [["A", "D"], ["B", "D"], ["D", "E"], ["C", "E"]], "root_params": "A ~ N(20,20) B ~ N(20,20) C ~ N(15,15)", "experiment": 106, "not_root_params": "D   ~   N ( 2 A + 3 B , 8 . 8 7 5 )   E   ~   N ( 3 C + 3 D , 8 . 8 7 5 )", "sample_size": 1762, "means": {"A": 20, "B": 20, "C": 15, "D": 100, "E": 345}, "disc_method": "EB", "bins": 5, "target_column": null, "CPT_method": "MLE", "time_disc": 0.04881679778918624, "time_cnf": 0.23943543527275324, "time_VE": 0.0016918429173529148, "time_BP": 0.006273895967751741, "RMSE": 17.781853925216854, "WRMSE": 10.140360327203759, "MAE": 15.30314257810221, "PE": 0.29661772977357176, "exact_EV": 345, "disc_EV": 343.9766688322812, "Wass_scaled": 0.16921007292754175, "Wass_multi": 29.57571303353465, "time_wass": 1.1247415337711573}