{"distribution": "lg", "edges": [["A", "D"], ["B", "D"], ["D", "E"], ["C", "E"]], "root_params": "A ~ N(20,20) B ~ N(20,20) C ~ N(15,15)", "experiment": 106, "not_root_params": "D   ~   N ( 2 A + 3 B , 8 . 8 7 5 )   E   ~   N ( 3 C + 3 D , 8 . 8 7 5 )", "sample_size": 1762, "means": {"A": 20, "B": 20, "C": 15, "D": 100, "E": 345}, "disc_method": "EB", "bins": 30, "target_column": null, "CPT_method": "MLE", "time_disc": 0.10791279999830294, "time_cnf": 0.7469564000057289, "time_VE": 0.003068400008487515, "time_BP": 0.01650290000543464, "RMSE": 67.22500157019435, "WRMSE": 20.314451918433043, "MAE": 46.188692699709875, "PE": 0.535332567813226, "exact_EV": 345, "disc_EV": 343.15310264104437, "Wass_scaled": 0.02476726782919214, "Wass_multi": 5.152063613913554, "time_wass": 1.1686592000041855}