{
	"nodecount" : 26441,
	"peaknodes" : 26580,
	"total_load_time" : 2.80761,
	"build_time" : 2.70471,
	"wmc_time" : 0.00895405,
	"wmc_value" : 1,
	"bn_to_cnf_time" : 0.0521133
}
