{"distribution": "lg", "edges": [["A", "D"], ["B", "D"], ["D", "E"], ["C", "E"]], "root_params": "A ~ N(20,20) B ~ N(20,20) C ~ N(15,15)", "experiment": 106, "not_root_params": "D   ~   N ( 2 A + 3 B , 8 . 8 7 5 )   E   ~   N ( 3 C + 3 D , 8 . 8 7 5 )", "sample_size": 1762, "means": {"A": 20, "B": 20, "C": 15, "D": 100, "E": 345}, "disc_method": "EB", "bins": 14, "target_column": null, "CPT_method": "MLE", "time_disc": 0.054214085917919874, "time_cnf": 0.4476765566505492, "time_VE": 0.0019580191001296043, "time_BP": 0.006713151931762695, "RMSE": 48.24436292412319, "WRMSE": 10.872990178226313, "MAE": 27.697475644884143, "PE": 0.5212741708910504, "exact_EV": 345, "disc_EV": 343.2016041104259, "Wass_scaled": 0.052838347469584684, "Wass_multi": 11.299128166342678, "time_wass": 1.0311875860206783}