{"distribution": "lg", "edges": [["A", "D"], ["B", "D"], ["D", "E"], ["C", "E"]], "root_params": "A ~ N(20,20) B ~ N(20,20) C ~ N(15,15)", "experiment": 106, "not_root_params": "D   ~   N ( 2 A + 3 B , 8 . 8 7 5 )   E   ~   N ( 3 C + 3 D , 8 . 8 7 5 )", "sample_size": 1762, "means": {"A": 20, "B": 20, "C": 15, "D": 100, "E": 345}, "disc_method": "MDLP", "bins": 2, "target_column": "E", "CPT_method": "MLE", "time_disc": 1.5580723000020953, "time_cnf": 0.07593079999787733, "time_VE": 0.0020502999977907166, "time_BP": 0.013985600002342835, "RMSE": 6.301094100576781, "WRMSE": 6.627862958608033, "MAE": 5.44253233781825, "PE": 0.32234001819073704, "exact_EV": 345, "disc_EV": 343.88792693724196, "Wass_scaled": 0.4313881580283276, "Wass_multi": 9.717920359647902, "time_wass": 1.3140123000048334}