{"distribution": "lg", "edges": [["A", "D"], ["B", "D"], ["D", "E"], ["C", "E"]], "root_params": "A ~ N(20,20) B ~ N(20,20) C ~ N(15,15)", "experiment": 106, "not_root_params": "D   ~   N ( 2 A + 3 B , 8 . 8 7 5 )   E   ~   N ( 3 C + 3 D , 8 . 8 7 5 )", "sample_size": 1762, "means": {"A": 20, "B": 20, "C": 15, "D": 100, "E": 345}, "disc_method": "EV", "bins": 20, "target_column": null, "CPT_method": "MLE", "time_disc": 0.05625310493633151, "time_cnf": 0.6306538740172982, "time_VE": 0.00213566143065691, "time_BP": 0.007212434895336628, "RMSE": 4.518367998983543, "WRMSE": 4.517677467260604, "MAE": 3.64414347473472, "PE": 0.12896004118091156, "exact_EV": 345, "disc_EV": 344.55508785792586, "Wass_scaled": 0.20270036745690975, "Wass_multi": 7.034944450262525, "time_wass": 1.107234934810549}