{"distribution": "lg", "edges": [["A", "D"], ["B", "D"], ["D", "E"], ["C", "E"]], "root_params": "A ~ N(20,20) B ~ N(20,20) C ~ N(15,15)", "experiment": 106, "not_root_params": "D   ~   N ( 2 A + 3 B , 8 . 8 7 5 )   E   ~   N ( 3 C + 3 D , 8 . 8 7 5 )", "sample_size": 1762, "means": {"A": 20, "B": 20, "C": 15, "D": 100, "E": 345}, "disc_method": "EV", "bins": 5, "target_column": null, "CPT_method": "MLE", "time_disc": 0.05410164501518011, "time_cnf": 0.6063546352088451, "time_VE": 0.0015351008623838425, "time_BP": 0.015520816203206778, "RMSE": 6.602948236532027, "WRMSE": 6.608372166322443, "MAE": 4.736319362891516, "PE": 0.4066605149812305, "exact_EV": 345, "disc_EV": 343.59702122331475, "Wass_scaled": 0.4266683906525711, "Wass_multi": 23.220755690674068, "time_wass": 1.1855399836786091}