{"distribution": "lg", "edges": [["A", "D"], ["B", "D"], ["D", "E"], ["C", "E"]], "root_params": "A ~ N(20,20) B ~ N(20,20) C ~ N(15,15)", "experiment": 106, "not_root_params": "D   ~   N ( 2 A + 3 B , 8 . 8 7 5 )   E   ~   N ( 3 C + 3 D , 8 . 8 7 5 )", "sample_size": 1762, "means": {"A": 20, "B": 20, "C": 15, "D": 100, "E": 345}, "disc_method": "EB", "bins": 17, "target_column": null, "CPT_method": "MLE", "time_disc": 0.06545670283958316, "time_cnf": 0.24124329630285501, "time_VE": 0.002215692773461342, "time_BP": 0.007826203014701605, "RMSE": 53.73570138279667, "WRMSE": 12.531205556053045, "MAE": 33.32838591764506, "PE": 0.5481401580811303, "exact_EV": 345, "disc_EV": 343.1089164546201, "Wass_scaled": 0.04674194711599331, "Wass_multi": 9.307367679172394, "time_wass": 1.0298636923544109}