{"distribution": "lg", "edges": [["A", "D"], ["B", "D"], ["D", "E"], ["C", "E"]], "root_params": "A ~ N(20,20) B ~ N(20,20) C ~ N(15,15)", "experiment": 106, "not_root_params": "D   ~   N ( 2 A + 3 B , 8 . 8 7 5 )   E   ~   N ( 3 C + 3 D , 8 . 8 7 5 )", "sample_size": 1762, "means": {"A": 20, "B": 20, "C": 15, "D": 100, "E": 345}, "disc_method": "EV", "bins": 17, "target_column": null, "CPT_method": "MLE", "time_disc": 0.06396697368472815, "time_cnf": 0.2614433281123638, "time_VE": 0.0019047469832003117, "time_BP": 0.007398977875709534, "RMSE": 3.2468908817423388, "WRMSE": 3.2483086628755746, "MAE": 2.5292162990285996, "PE": 0.29564059238450485, "exact_EV": 345, "disc_EV": 343.98003995627346, "Wass_scaled": 0.21854285830327788, "Wass_multi": 8.061022484410381, "time_wass": 1.1457404722459614}