{"distribution": "lg", "edges": [["A", "D"], ["B", "D"], ["D", "E"], ["C", "E"]], "root_params": "A ~ N(20,20) B ~ N(20,20) C ~ N(15,15)", "experiment": 106, "not_root_params": "D   ~   N ( 2 A + 3 B , 8 . 8 7 5 )   E   ~   N ( 3 C + 3 D , 8 . 8 7 5 )", "sample_size": 1762, "means": {"A": 20, "B": 20, "C": 15, "D": 100, "E": 345}, "disc_method": "EV", "bins": 12, "target_column": null, "CPT_method": "MLE", "time_disc": 0.08703480000258423, "time_cnf": 0.04665160000149626, "time_VE": 0.0014513000060105696, "time_BP": 0.005524799998966046, "RMSE": 3.474988629241893, "WRMSE": 3.4761024727814847, "MAE": 2.922681663011417, "PE": 0.37359785493155895, "exact_EV": 345, "disc_EV": 343.7110874004861, "Wass_scaled": 0.25952688358938564, "Wass_multi": 10.642875369711751, "time_wass": 1.3970895999955246}