{
	"nodecount" : 30241,
	"peaknodes" : 31719,
	"total_load_time" : 3.64533,
	"build_time" : 3.39198,
	"wmc_time" : 0.00812817
}
