{"distribution": "lg", "edges": [["A", "D"], ["B", "D"], ["D", "E"], ["C", "E"]], "root_params": "A ~ N(20,20) B ~ N(20,20) C ~ N(15,15)", "experiment": 106, "not_root_params": "D   ~   N ( 2 A + 3 B , 8 . 8 7 5 )   E   ~   N ( 3 C + 3 D , 8 . 8 7 5 )", "sample_size": 1762, "means": {"A": 20, "B": 20, "C": 15, "D": 100, "E": 345}, "disc_method": "EV", "bins": 10, "target_column": null, "CPT_method": "MLE", "time_disc": 0.09086860000388697, "time_cnf": 0.0297811000054935, "time_VE": 0.0018084000039380044, "time_BP": 0.014570800005458295, "RMSE": 4.64077824534757, "WRMSE": 4.643043698304134, "MAE": 4.114859179721298, "PE": 0.24626998818248008, "exact_EV": 345, "disc_EV": 344.15036854077044, "Wass_scaled": 0.28597419521990824, "Wass_multi": 12.707502041787308, "time_wass": 1.3678145999874687}