{
	"nodecount" : 14118,
	"peaknodes" : 14634,
	"total_load_time" : 1.16192,
	"build_time" : 0.989928,
	"wmc_time" : 0.00553083
}
