{
	"nodecount" : 12062,
	"peaknodes" : 12092,
	"total_load_time" : 0.68941,
	"build_time" : 0.618216,
	"wmc_time" : 0.00514698
}
