{"distribution": "lg", "edges": [["A", "D"], ["B", "D"], ["D", "E"], ["C", "E"]], "root_params": "A ~ N(20,20) B ~ N(20,20) C ~ N(15,15)", "experiment": 106, "not_root_params": "D   ~   N ( 2 A + 3 B , 8 . 8 7 5 )   E   ~   N ( 3 C + 3 D , 8 . 8 7 5 )", "sample_size": 1762, "means": {"A": 20, "B": 20, "C": 15, "D": 100, "E": 345}, "disc_method": "EB", "bins": 20, "target_column": null, "CPT_method": "MLE", "time_disc": 0.09706470000674017, "time_cnf": 0.21505339999566786, "time_VE": 0.0015315000055124983, "time_BP": 0.0151627000013832, "RMSE": 61.85682231634614, "WRMSE": 14.996985528603942, "MAE": 39.612762129158625, "PE": 0.32909921239411893, "exact_EV": 345, "disc_EV": 343.8646077172403, "Wass_scaled": 0.034435305098718456, "Wass_multi": 7.823578384818553, "time_wass": 1.3014334999897983}