{
	"nodecount" : 72684,
	"peaknodes" : 77930,
	"total_load_time" : 4.62386,
	"build_time" : 4.06514,
	"wmc_time" : 0.018317
}
