{
	"nodecount" : 18281,
	"peaknodes" : 18386,
	"total_load_time" : 1.52065,
	"build_time" : 1.46392,
	"wmc_time" : 0.00557995,
	"wmc_value" : 1,
	"bn_to_cnf_time" : 0.0336812
}
