{
	"nodecount" : 5518,
	"peaknodes" : 5518,
	"total_load_time" : 0.45639,
	"build_time" : 0.433148,
	"wmc_time" : 0.00464106,
	"wmc_value" : 1,
	"bn_to_cnf_time" : 0.00973892
}
