{"distribution": "lg", "edges": [["A", "D"], ["B", "D"], ["D", "E"], ["C", "E"]], "root_params": "A ~ N(20,20) B ~ N(20,20) C ~ N(15,15)", "experiment": 106, "not_root_params": "D   ~   N ( 2 A + 3 B , 8 . 8 7 5 )   E   ~   N ( 3 C + 3 D , 8 . 8 7 5 )", "sample_size": 1762, "means": {"A": 20, "B": 20, "C": 15, "D": 100, "E": 345}, "disc_method": "EV", "bins": 14, "target_column": null, "CPT_method": "MLE", "time_disc": 0.05318668531253934, "time_cnf": 0.7151074600405991, "time_VE": 0.0017888490110635757, "time_BP": 0.0066741760820150375, "RMSE": 4.421894649387638, "WRMSE": 4.420849154974443, "MAE": 3.916892184471201, "PE": 0.33256344750793027, "exact_EV": 345, "disc_EV": 343.85265610609764, "Wass_scaled": 0.24021481261400027, "Wass_multi": 9.43807699517337, "time_wass": 1.1894895937293768}