{"distribution": "lg", "edges": [["A", "D"], ["B", "D"], ["D", "E"], ["C", "E"]], "root_params": "A ~ N(20,20) B ~ N(20,20) C ~ N(15,15)", "experiment": 7, "not_root_params": "D   ~   N ( 2 A + 3 B , 2 )   E   ~   N ( 3 C + 3 D , 2 )", "sample_size": 3000, "means": {"A": 20, "B": 20, "C": 15, "D": 100, "E": 345}, "disc_method": "EV", "bins": 5, "target_column": null, "Wass1D": 5.258675348756733, "Wass_multi": 5.876960714334429, "RMSE": 1.7181383358235802, "WRMSE": 1.7181383358235802, "MAE": 2.951999341026622, "VE_complexity": 7129.0}