{"distribution": "lg", "edges": [["A", "D"], ["B", "D"], ["D", "E"], ["C", "E"]], "root_params": "A ~ N(20,20) B ~ N(20,20) C ~ N(15,15)", "experiment": 7, "not_root_params": "D   ~   N ( 2 A + 3 B , 2 )   E   ~   N ( 3 C + 3 D , 2 )", "sample_size": 3000, "means": {"A": 20, "B": 20, "C": 15, "D": 100, "E": 345}, "disc_method": "EB", "bins": 14, "target_column": null, "Wass1D": 2.9962528673479603, "Wass_multi": 3.5874943337300613, "RMSE": 8.524873606400815, "WRMSE": 1.9079185298676447, "MAE": 72.67347000510925, "VE_complexity": 1119565.0}