{
	"nodecount" : 39873,
	"peaknodes" : 46461,
	"total_load_time" : 6.27916,
	"build_time" : 5.60605,
	"wmc_time" : 0.011986
}
