{
	"nodecount" : 4772,
	"peaknodes" : 4818,
	"total_load_time" : 0.350357,
	"build_time" : 0.203533,
	"wmc_time" : 0.00329614
}
