{
	"nodecount" : 36503,
	"peaknodes" : 41022,
	"total_load_time" : 4.94503,
	"build_time" : 4.62628,
	"wmc_time" : 0.00752306,
	"wmc_value" : 1,
	"bn_to_cnf_time" : 0.179899
}
