{
	"nodecount" : 17388,
	"peaknodes" : 17907,
	"total_load_time" : 1.56412,
	"build_time" : 1.50367,
	"wmc_time" : 0.00557995,
	"wmc_value" : 1,
	"bn_to_cnf_time" : 0.0369992
}
