{
	"nodecount" : 6460,
	"peaknodes" : 6460,
	"total_load_time" : 0.286905,
	"build_time" : 0.27262,
	"wmc_time" : 0.00454807
}
