{"distribution": "lg", "edges": [["A", "D"], ["B", "D"], ["D", "E"], ["C", "E"]], "root_params": "A ~ N(20,20) B ~ N(20,20) C ~ N(15,15)", "experiment": 105, "not_root_params": "D   ~   N ( 2 A + 3 B , 4 . 3 7 5 )   E   ~   N ( 3 C + 3 D , 4 . 3 7 5 )", "sample_size": 812, "means": {"A": 20, "B": 20, "C": 15, "D": 100, "E": 345}, "disc_method": "EB", "bins": 12, "target_column": null, "CPT_method": "Bayes", "time_disc": 0.10273220000090078, "time_cnf": 0.05051500000990927, "time_VE": 0.0014192999951774254, "time_BP": 0.012834900000598282, "RMSE": 40.69448287425118, "WRMSE": 23.711003640848162, "MAE": 33.57245668890087, "PE": 3.5967740929418373, "exact_EV": 345, "disc_EV": 357.40887062064934, "Wass_scaled": 0.0696305995858036, "Wass_multi": 7.34596578086542, "time_wass": 0.4064630000066245}