{
	"nodecount" : 25023,
	"peaknodes" : 26756,
	"total_load_time" : 3.70849,
	"build_time" : 3.49093,
	"wmc_time" : 0.0077281,
	"wmc_value" : 1,
	"bn_to_cnf_time" : 0.105099
}
