{"distribution": "lg", "edges": [["A", "D"], ["B", "D"], ["D", "E"], ["C", "E"]], "root_params": "A ~ N(20,20) B ~ N(20,20) C ~ N(15,15)", "experiment": 105, "not_root_params": "D   ~   N ( 2 A + 3 B , 4 . 3 7 5 )   E   ~   N ( 3 C + 3 D , 4 . 3 7 5 )", "sample_size": 812, "means": {"A": 20, "B": 20, "C": 15, "D": 100, "E": 345}, "disc_method": "EB", "bins": 10, "target_column": null, "CPT_method": "Bayes", "time_disc": 0.10009540000464767, "time_cnf": 0.033259100004215725, "time_VE": 0.002146699989680201, "time_BP": 0.01096170001255814, "RMSE": 38.584509413189366, "WRMSE": 20.433514589027272, "MAE": 31.41266200072789, "PE": 2.7055054304825252, "exact_EV": 345, "disc_EV": 354.3339937351647, "Wass_scaled": 0.0880168963308431, "Wass_multi": 8.902240931818273, "time_wass": 0.41671689999930095}