{"distribution": "lg", "edges": [["A", "D"], ["B", "D"], ["D", "E"], ["C", "E"]], "root_params": "A ~ N(20,20) B ~ N(20,20) C ~ N(15,15)", "experiment": 105, "not_root_params": "D   ~   N ( 2 A + 3 B , 4 . 3 7 5 )   E   ~   N ( 3 C + 3 D , 4 . 3 7 5 )", "sample_size": 812, "means": {"A": 20, "B": 20, "C": 15, "D": 100, "E": 345}, "disc_method": "EV", "bins": 12, "target_column": null, "CPT_method": "Bayes", "time_disc": 0.10057890694588423, "time_cnf": 0.33270423812791705, "time_VE": 0.002375212963670492, "time_BP": 0.012876830995082855, "RMSE": 20.522613850293517, "WRMSE": 20.55287203575914, "MAE": 16.497625408991336, "PE": 0.04661190881353397, "exact_EV": 345, "disc_EV": 345.1608110854067, "Wass_scaled": 0.26109868205843123, "Wass_multi": 5.813059585557617, "time_wass": 0.3883738243021071}