{"distribution": "lg", "edges": [["A", "D"], ["B", "D"], ["D", "E"], ["C", "E"]], "root_params": "A ~ N(20,20) B ~ N(20,20) C ~ N(15,15)", "experiment": 105, "not_root_params": "D   ~   N ( 2 A + 3 B , 4 . 3 7 5 )   E   ~   N ( 3 C + 3 D , 4 . 3 7 5 )", "sample_size": 812, "means": {"A": 20, "B": 20, "C": 15, "D": 100, "E": 345}, "disc_method": "EV", "bins": 10, "target_column": null, "CPT_method": "Bayes", "time_disc": 0.08824445307254791, "time_cnf": 1.3770822072401643, "time_VE": 0.0021339827217161655, "time_BP": 0.007229275070130825, "RMSE": 18.306228540507007, "WRMSE": 18.355961017274247, "MAE": 14.679034115684692, "PE": 0.07712910245366902, "exact_EV": 345, "disc_EV": 345.26609540346516, "Wass_scaled": 0.2878372992982598, "Wass_multi": 6.962387334821989, "time_wass": 0.4474387327209115}