{
	"nodecount" : 43401,
	"peaknodes" : 49874,
	"total_load_time" : 9.85005,
	"build_time" : 8.70514,
	"wmc_time" : 0.011596
}
