{"distribution": "lg", "edges": [["A", "D"], ["B", "D"], ["D", "E"], ["C", "E"]], "root_params": "A ~ N(20,20) B ~ N(20,20) C ~ N(15,15)", "experiment": 105, "not_root_params": "D   ~   N ( 2 A + 3 B , 4 . 3 7 5 )   E   ~   N ( 3 C + 3 D , 4 . 3 7 5 )", "sample_size": 812, "means": {"A": 20, "B": 20, "C": 15, "D": 100, "E": 345}, "disc_method": "EV", "bins": 10, "target_column": null, "CPT_method": "Bayes", "time_disc": 0.09744450000289362, "time_cnf": 0.03312630001164507, "time_VE": 0.001461299994844012, "time_BP": 0.01209210000524763, "RMSE": 18.30622854050698, "WRMSE": 18.355961017274215, "MAE": 14.679034115684663, "PE": 0.07712910245366902, "exact_EV": 345, "disc_EV": 345.26609540346516, "Wass_scaled": 0.2878372992982598, "Wass_multi": 6.962387334821989, "time_wass": 0.4226457000040682}