{
	"nodecount" : 12776,
	"peaknodes" : 13526,
	"total_load_time" : 1.46423,
	"build_time" : 1.40292,
	"wmc_time" : 0.00553894,
	"wmc_value" : 1,
	"bn_to_cnf_time" : 0.0371492
}
