{"distribution": "lg", "edges": [["A", "D"], ["B", "D"], ["D", "E"], ["C", "E"]], "root_params": "A ~ N(20,20) B ~ N(20,20) C ~ N(15,15)", "experiment": 105, "not_root_params": "D   ~   N ( 2 A + 3 B , 4 . 3 7 5 )   E   ~   N ( 3 C + 3 D , 4 . 3 7 5 )", "sample_size": 812, "means": {"A": 20, "B": 20, "C": 15, "D": 100, "E": 345}, "disc_method": "EB", "bins": 25, "target_column": null, "CPT_method": "Bayes", "time_disc": 0.10511551517993212, "time_cnf": 1.6630739099346101, "time_VE": 0.002395461779087782, "time_BP": 0.01043147873133421, "RMSE": 43.71117537153372, "WRMSE": 27.720186452268184, "MAE": 37.13562676063006, "PE": 4.201585608165494, "exact_EV": 345, "disc_EV": 359.49547034817095, "Wass_scaled": 0.029233556397192367, "Wass_multi": 3.574513789298957, "time_wass": 0.36350092478096485}