{
	"nodecount" : 12800,
	"peaknodes" : 12970,
	"total_load_time" : 0.700456,
	"build_time" : 0.672053,
	"wmc_time" : 0.00550199
}
