{"distribution": "lg", "edges": [["A", "D"], ["B", "D"], ["D", "E"], ["C", "E"]], "root_params": "A ~ N(20,20) B ~ N(20,20) C ~ N(15,15)", "experiment": 105, "not_root_params": "D   ~   N ( 2 A + 3 B , 4 . 3 7 5 )   E   ~   N ( 3 C + 3 D , 4 . 3 7 5 )", "sample_size": 812, "means": {"A": 20, "B": 20, "C": 15, "D": 100, "E": 345}, "disc_method": "MDLP", "bins": 2, "target_column": "E", "CPT_method": "Bayes", "time_disc": 0.7399527999950806, "time_cnf": 0.2060090000013588, "time_VE": 0.0039293000008910894, "time_BP": 0.00850299999001436, "RMSE": 23.208045502441756, "WRMSE": 20.503622169942837, "MAE": 20.211883975625113, "PE": 0.6791267969046255, "exact_EV": 345, "disc_EV": 347.34298744932096, "Wass_scaled": 0.35254493225300815, "Wass_multi": 3.984755496078262, "time_wass": 0.40864049999800045}