{"distribution": "lg", "edges": [["A", "D"], ["B", "D"], ["D", "E"], ["C", "E"]], "root_params": "A ~ N(20,20) B ~ N(20,20) C ~ N(15,15)", "experiment": 105, "not_root_params": "D   ~   N ( 2 A + 3 B , 4 . 3 7 5 )   E   ~   N ( 3 C + 3 D , 4 . 3 7 5 )", "sample_size": 812, "means": {"A": 20, "B": 20, "C": 15, "D": 100, "E": 345}, "disc_method": "EV", "bins": 14, "target_column": null, "CPT_method": "Bayes", "time_disc": 0.0950860000011744, "time_cnf": 0.08264609999605455, "time_VE": 0.0015368000022135675, "time_BP": 0.006461299999500625, "RMSE": 21.7437531066204, "WRMSE": 21.743753106620403, "MAE": 17.44388525873564, "PE": 0.06749431487333903, "exact_EV": 345, "disc_EV": 345.232855386313, "Wass_scaled": 0.24135701671307305, "Wass_multi": 5.172537565833213, "time_wass": 0.429102399997646}