{
	"nodecount" : 1784,
	"peaknodes" : 1846,
	"total_load_time" : 0.162587,
	"build_time" : 0.147369,
	"wmc_time" : 0.0038619,
	"wmc_value" : 1,
	"bn_to_cnf_time" : 0.00310135
}
