{
	"nodecount" : 30657,
	"peaknodes" : 32779,
	"total_load_time" : 3.42364,
	"build_time" : 3.1415,
	"wmc_time" : 0.0109229
}
