{
	"nodecount" : 4772,
	"peaknodes" : 4818,
	"total_load_time" : 0.358927,
	"build_time" : 0.33859,
	"wmc_time" : 0.00416708,
	"wmc_value" : 1,
	"bn_to_cnf_time" : 0.0113189
}
