{"distribution": "lg", "edges": [["A", "D"], ["B", "D"], ["D", "E"], ["C", "E"]], "root_params": "A ~ N(20,20) B ~ N(20,20) C ~ N(15,15)", "experiment": 105, "not_root_params": "D   ~   N ( 2 A + 3 B , 4 . 3 7 5 )   E   ~   N ( 3 C + 3 D , 4 . 3 7 5 )", "sample_size": 812, "means": {"A": 20, "B": 20, "C": 15, "D": 100, "E": 345}, "disc_method": "EB", "bins": 17, "target_column": null, "CPT_method": "Bayes", "time_disc": 0.09283690014854074, "time_cnf": 0.30694479774683714, "time_VE": 0.0020603109151124954, "time_BP": 0.008111607283353806, "RMSE": 42.437783417569726, "WRMSE": 24.458673465372314, "MAE": 35.87980462037596, "PE": 2.7620885688936365, "exact_EV": 345, "disc_EV": 354.52920556268305, "Wass_scaled": 0.04233327668958869, "Wass_multi": 5.23089058435486, "time_wass": 0.4174062102101743}