{
	"nodecount" : 36503,
	"peaknodes" : 41022,
	"total_load_time" : 3.31397,
	"build_time" : 2.94854,
	"wmc_time" : 0.011467
}
