{"distribution": "lg", "edges": [["A", "D"], ["B", "D"], ["D", "E"], ["C", "E"]], "root_params": "A ~ N(20,20) B ~ N(20,20) C ~ N(15,15)", "experiment": 105, "not_root_params": "D   ~   N ( 2 A + 3 B , 4 . 3 7 5 )   E   ~   N ( 3 C + 3 D , 4 . 3 7 5 )", "sample_size": 812, "means": {"A": 20, "B": 20, "C": 15, "D": 100, "E": 345}, "disc_method": "EB", "bins": 25, "target_column": null, "CPT_method": "Bayes", "time_disc": 0.10219190000498202, "time_cnf": 0.3965430000098422, "time_VE": 0.0018176000012317672, "time_BP": 0.009921300006681122, "RMSE": 43.711175371533706, "WRMSE": 27.72018645226818, "MAE": 37.135626760630046, "PE": 4.201585608165494, "exact_EV": 345, "disc_EV": 359.49547034817095, "Wass_scaled": 0.029233556397192367, "Wass_multi": 3.574513789298957, "time_wass": 0.37530149999656714}