{"X0": {"0": 0.0, "1": 1.0}, "X1": {"0": -1.5000927418470382, "1": -0.7358913019672036, "2": -0.10068802222202067, "3": 0.5313534954376519, "4": 1.2629485023021698}, "X2": {"0": 0.0, "1": 1.0, "2": 2.0}, "X3": {"0": -1.4307118327170611, "1": -0.5223166173323989, "2": 0.005491108023215929, "3": 0.5267425153404475, "4": 1.4142185927182436}, "X4": {"0": 0.0, "1": 1.0}, "X5": {"0": 0.0, "1": 1.0, "2": 2.0}, "X6": {"0": -1.3768735483288765, "1": -0.4897556917741895, "2": 0.03898198659237096, "3": 0.5637187929823995, "4": 1.4437630051374435}, "X7": {"0": 0.0, "1": 1.0, "2": 2.0}, "X8": {"0": -1.3611289784312248, "1": -0.5114015803299844, "2": -0.007516939298075157, "3": 0.5272819051891565, "4": 1.3735790698975325}, "X9": {"0": -1.7333431339263916, "1": -1.0057765348255634, "2": -0.5233381102979183, "3": 0.09470307618379593, "4": 1.3916488680243493}, "X10": {"0": -1.1057690121233463, "1": -0.6546354566514492, "2": -0.2311741392314434, "3": 0.33419496700167656, "4": 1.6733881530165673}, "X11": {"0": -1.5059652034938336, "1": -0.6686508902534842, "2": -0.23493155501782895, "3": 0.2503738580644131, "4": 1.0563937796652316}}