{"distribution": "lg", "edges": [["A", "D"], ["B", "D"], ["D", "E"], ["C", "E"]], "root_params": "A ~ N(20,20) B ~ N(20,20) C ~ N(15,15)", "experiment": 120, "not_root_params": "D   ~   N ( 2 A + 3 B , 7 . 4 6 8 7 5 )   E   ~   N ( 3 C + 3 D , 7 . 4 6 8 7 5 )", "sample_size": 753, "means": {"A": 20, "B": 20, "C": 15, "D": 100, "E": 345}, "disc_method": "EV", "bins": 12, "target_column": null, "CPT_method": "MLE", "time_disc": 0.08634016197174788, "time_cnf": 1.6871127798222005, "time_VE": 0.0046414462849497795, "time_BP": 0.013786334078758955, "RMSE": 3.421301202041378, "WRMSE": 3.417966889199621, "MAE": 2.9458576149413838, "PE": 0.19205167312439908, "exact_EV": 345, "disc_EV": 344.3374217277208, "Wass_scaled": 0.23638632013092886, "Wass_multi": 9.861102257552893, "time_wass": 0.4454213511198759}