{"distribution": "lg", "edges": [["A", "D"], ["B", "D"], ["D", "E"], ["C", "E"]], "root_params": "A ~ N(20,20) B ~ N(20,20) C ~ N(15,15)", "experiment": 120, "not_root_params": "D   ~   N ( 2 A + 3 B , 7 . 4 6 8 7 5 )   E   ~   N ( 3 C + 3 D , 7 . 4 6 8 7 5 )", "sample_size": 753, "means": {"A": 20, "B": 20, "C": 15, "D": 100, "E": 345}, "disc_method": "EB", "bins": 14, "target_column": null, "CPT_method": "MLE", "time_disc": 0.1343749319203198, "time_cnf": 0.7506554089486599, "time_VE": 0.003604134079068899, "time_BP": 0.009982986841350794, "RMSE": 38.774505781599544, "WRMSE": 12.330458660867997, "MAE": 24.852328167052182, "PE": 0.0116840470304785, "exact_EV": 345, "disc_EV": 344.95969003774485, "Wass_scaled": 0.05703525015560857, "Wass_multi": 9.433092188923661, "time_wass": 0.4209077819250524}