{
	"nodecount" : 7727,
	"peaknodes" : 8332,
	"total_load_time" : 1.01719,
	"build_time" : 0.847214,
	"wmc_time" : 0.00490689
}
