{
	"nodecount" : 21936,
	"peaknodes" : 26913,
	"total_load_time" : 9.08211,
	"build_time" : 7.86099,
	"wmc_time" : 0.00815797
}
