{
	"nodecount" : 15719,
	"peaknodes" : 16772,
	"total_load_time" : 1.73107,
	"build_time" : 1.35558,
	"wmc_time" : 0.00739694
}
