{
	"nodecount" : 1095,
	"peaknodes" : 1177,
	"total_load_time" : 0.827934,
	"build_time" : 0.0741539,
	"wmc_time" : 0.0022769
}
