{"distribution": "lg", "edges": [["A", "D"], ["B", "D"], ["D", "E"], ["C", "E"]], "root_params": "A ~ N(20,20) B ~ N(20,20) C ~ N(15,15)", "experiment": 120, "not_root_params": "D   ~   N ( 2 A + 3 B , 7 . 4 6 8 7 5 )   E   ~   N ( 3 C + 3 D , 7 . 4 6 8 7 5 )", "sample_size": 753, "means": {"A": 20, "B": 20, "C": 15, "D": 100, "E": 345}, "disc_method": "EB", "bins": 20, "target_column": null, "CPT_method": "MLE", "time_disc": 0.09327379999740515, "time_cnf": 0.21116180000535678, "time_VE": 0.0015098000003490597, "time_BP": 0.008329699994646944, "RMSE": 50.78067046514149, "WRMSE": 17.220639916389608, "MAE": 34.87454466619586, "PE": 0.1505658514172311, "exact_EV": 345, "disc_EV": 345.51945218738945, "Wass_scaled": 0.03861313527380868, "Wass_multi": 6.597647081541425, "time_wass": 0.35247959999833256}