{
	"nodecount" : 23098,
	"peaknodes" : 26275,
	"total_load_time" : 4.84194,
	"build_time" : 4.14763,
	"wmc_time" : 0.00900102
}
