{"distribution": "lg", "edges": [["A", "D"], ["B", "D"], ["D", "E"], ["C", "E"]], "root_params": "A ~ N(20,20) B ~ N(20,20) C ~ N(15,15)", "experiment": 120, "not_root_params": "D   ~   N ( 2 A + 3 B , 7 . 4 6 8 7 5 )   E   ~   N ( 3 C + 3 D , 7 . 4 6 8 7 5 )", "sample_size": 753, "means": {"A": 20, "B": 20, "C": 15, "D": 100, "E": 345}, "disc_method": "EB", "bins": 30, "target_column": null, "CPT_method": "MLE", "time_disc": 0.10091669764369726, "time_cnf": 3.042714197654277, "time_VE": 0.0036664819344878197, "time_BP": 0.017285198904573917, "RMSE": 59.9849174896847, "WRMSE": 25.006868887773994, "MAE": 46.348272733895094, "PE": 0.3892635410166323, "exact_EV": 345, "disc_EV": 346.3429592165074, "Wass_scaled": 0.02383134446972714, "Wass_multi": 4.2997963750609385, "time_wass": 0.3533076522871852}