{
	"nodecount" : 25759,
	"peaknodes" : 29332,
	"total_load_time" : 7.75515,
	"build_time" : 6.66956,
	"wmc_time" : 0.00989485
}
