{"distribution": "lg", "edges": [["A", "D"], ["B", "D"], ["D", "E"], ["C", "E"]], "root_params": "A ~ N(20,20) B ~ N(20,20) C ~ N(15,15)", "experiment": 120, "not_root_params": "D   ~   N ( 2 A + 3 B , 7 . 4 6 8 7 5 )   E   ~   N ( 3 C + 3 D , 7 . 4 6 8 7 5 )", "sample_size": 753, "means": {"A": 20, "B": 20, "C": 15, "D": 100, "E": 345}, "disc_method": "EV", "bins": 17, "target_column": null, "CPT_method": "MLE", "time_disc": 0.09545179999258835, "time_cnf": 0.13093170001229737, "time_VE": 0.0014960999978939071, "time_BP": 0.01718500000424683, "RMSE": 8.06486553181629, "WRMSE": 8.06368728130516, "MAE": 6.694662941394563, "PE": 0.2254626541324454, "exact_EV": 345, "disc_EV": 344.22215384324306, "Wass_scaled": 0.19569555375456438, "Wass_multi": 7.194066362200474, "time_wass": 0.39739160001045093}