{
	"nodecount" : 7727,
	"peaknodes" : 8332,
	"total_load_time" : 1.51379,
	"build_time" : 1.43912,
	"wmc_time" : 0.00504994,
	"wmc_value" : 1,
	"bn_to_cnf_time" : 0.0357366
}
