{
	"nodecount" : 21745,
	"peaknodes" : 25558,
	"total_load_time" : 5.61939,
	"build_time" : 5.27193,
	"wmc_time" : 0.00631499,
	"wmc_value" : 1,
	"bn_to_cnf_time" : 0.207983
}
