{
	"nodecount" : 25759,
	"peaknodes" : 29332,
	"total_load_time" : 12.7936,
	"build_time" : 11.6907,
	"wmc_time" : 0.00770116,
	"wmc_value" : 1,
	"bn_to_cnf_time" : 0.632981
}
