{"distribution": "lg", "edges": [["A", "D"], ["B", "D"], ["D", "E"], ["C", "E"]], "root_params": "A ~ N(20,20) B ~ N(20,20) C ~ N(15,15)", "experiment": 120, "not_root_params": "D   ~   N ( 2 A + 3 B , 7 . 4 6 8 7 5 )   E   ~   N ( 3 C + 3 D , 7 . 4 6 8 7 5 )", "sample_size": 753, "means": {"A": 20, "B": 20, "C": 15, "D": 100, "E": 345}, "disc_method": "EV", "bins": 25, "target_column": null, "CPT_method": "MLE", "time_disc": 0.09257444832473993, "time_cnf": 1.8641209132038057, "time_VE": 0.002621455118060112, "time_BP": 0.01169947674497962, "RMSE": 18.531239684911025, "WRMSE": 18.615243102962744, "MAE": 15.009610019624072, "PE": 0.07157046210308629, "exact_EV": 345, "disc_EV": 344.75308190574435, "Wass_scaled": 0.1594649612013863, "Wass_multi": 5.004708283047106, "time_wass": 0.3494501858949661}