{"distribution": "lg", "edges": [["A", "D"], ["B", "D"], ["D", "E"], ["C", "E"]], "root_params": "A ~ N(20,20) B ~ N(20,20) C ~ N(15,15)", "experiment": 120, "not_root_params": "D   ~   N ( 2 A + 3 B , 7 . 4 6 8 7 5 )   E   ~   N ( 3 C + 3 D , 7 . 4 6 8 7 5 )", "sample_size": 753, "means": {"A": 20, "B": 20, "C": 15, "D": 100, "E": 345}, "disc_method": "EB", "bins": 12, "target_column": null, "CPT_method": "MLE", "time_disc": 0.07981733186170459, "time_cnf": 3.7937639229930937, "time_VE": 0.003870778251439333, "time_BP": 0.015979839023202658, "RMSE": 28.383197455716612, "WRMSE": 9.835237147621449, "MAE": 19.216110738456514, "PE": 0.06499405969955897, "exact_EV": 345, "disc_EV": 344.7757704940365, "Wass_scaled": 0.06647829500720007, "Wass_multi": 11.000244332476063, "time_wass": 0.4281662469729781}