{
	"nodecount" : 23432,
	"peaknodes" : 27611,
	"total_load_time" : 5.04783,
	"build_time" : 4.36041,
	"wmc_time" : 0.00896406
}
