{
	"nodecount" : 12314,
	"peaknodes" : 12617,
	"total_load_time" : 1.19605,
	"build_time" : 0.986694,
	"wmc_time" : 0.00569582
}
