{"distribution": "lg", "edges": [["A", "D"], ["B", "D"], ["D", "E"], ["C", "E"]], "root_params": "A ~ N(20,20) B ~ N(20,20) C ~ N(15,15)", "experiment": 120, "not_root_params": "D   ~   N ( 2 A + 3 B , 7 . 4 6 8 7 5 )   E   ~   N ( 3 C + 3 D , 7 . 4 6 8 7 5 )", "sample_size": 753, "means": {"A": 20, "B": 20, "C": 15, "D": 100, "E": 345}, "disc_method": "EV", "bins": 10, "target_column": null, "CPT_method": "MLE", "time_disc": 0.08327770000323653, "time_cnf": 0.02829879999626428, "time_VE": 0.0014493000053334981, "time_BP": 0.006557100001373328, "RMSE": 3.4376654648262406, "WRMSE": 3.4523393229374078, "MAE": 2.1213594314489854, "PE": 0.2817117725241449, "exact_EV": 345, "disc_EV": 344.0280943847917, "Wass_scaled": 0.2628816219781412, "Wass_multi": 11.679716486622041, "time_wass": 0.38881200000469107}