{"distribution": "lg", "edges": [["A", "D"], ["B", "D"], ["D", "E"], ["C", "E"]], "root_params": "A ~ N(20,20) B ~ N(20,20) C ~ N(15,15)", "experiment": 120, "not_root_params": "D   ~   N ( 2 A + 3 B , 7 . 4 6 8 7 5 )   E   ~   N ( 3 C + 3 D , 7 . 4 6 8 7 5 )", "sample_size": 753, "means": {"A": 20, "B": 20, "C": 15, "D": 100, "E": 345}, "disc_method": "EV", "bins": 5, "target_column": null, "CPT_method": "MLE", "time_disc": 0.08498247433453798, "time_cnf": 0.1929684290662408, "time_VE": 0.0019079609774053097, "time_BP": 0.007233441341668367, "RMSE": 4.88631642171621, "WRMSE": 4.891053792782086, "MAE": 3.751575153446879, "PE": 0.30409459610019846, "exact_EV": 345, "disc_EV": 343.9508736434543, "Wass_scaled": 0.40228099293825414, "Wass_multi": 21.079341580811736, "time_wass": 0.4526939019560814}