{"distribution": "lg", "edges": [["A", "D"], ["B", "D"], ["D", "E"], ["C", "E"]], "root_params": "A ~ N(20,20) B ~ N(20,20) C ~ N(15,15)", "experiment": 120, "not_root_params": "D   ~   N ( 2 A + 3 B , 7 . 4 6 8 7 5 )   E   ~   N ( 3 C + 3 D , 7 . 4 6 8 7 5 )", "sample_size": 753, "means": {"A": 20, "B": 20, "C": 15, "D": 100, "E": 345}, "disc_method": "EB", "bins": 25, "target_column": null, "CPT_method": "MLE", "time_disc": 0.12141120000160299, "time_cnf": 0.3761662999895634, "time_VE": 0.001563400001032278, "time_BP": 0.012594999992870726, "RMSE": 55.228422295048084, "WRMSE": 20.727827231076017, "MAE": 40.40698562054699, "PE": 0.18416071831814446, "exact_EV": 345, "disc_EV": 345.6353544781976, "Wass_scaled": 0.03199484490148079, "Wass_multi": 5.3630598589666505, "time_wass": 0.343335700003081}