{
	"nodecount" : 5602,
	"peaknodes" : 6015,
	"total_load_time" : 1.13435,
	"build_time" : 1.08515,
	"wmc_time" : 0.00628781,
	"wmc_value" : 1,
	"bn_to_cnf_time" : 0.0224228
}
