{"distribution": "lg", "edges": [["A", "D"], ["B", "D"], ["D", "E"], ["C", "E"]], "root_params": "A ~ N(20,20) B ~ N(20,20) C ~ N(15,15)", "experiment": 120, "not_root_params": "D   ~   N ( 2 A + 3 B , 7 . 4 6 8 7 5 )   E   ~   N ( 3 C + 3 D , 7 . 4 6 8 7 5 )", "sample_size": 753, "means": {"A": 20, "B": 20, "C": 15, "D": 100, "E": 345}, "disc_method": "EB", "bins": 17, "target_column": null, "CPT_method": "MLE", "time_disc": 0.07596033904701471, "time_cnf": 0.33339190715923905, "time_VE": 0.002164063975214958, "time_BP": 0.00937235401943326, "RMSE": 48.00562055257144, "WRMSE": 15.615675401441012, "MAE": 32.044294073654065, "PE": 0.645092471496681, "exact_EV": 345, "disc_EV": 347.22556902666355, "Wass_scaled": 0.045919990471027704, "Wass_multi": 7.818369157958545, "time_wass": 0.3708549318835139}