{"Z": {"0": 0.08908708605887751, "1": 0.2522650559137471, "2": 0.4192425149628942, "3": 0.5787509084525141, "4": 0.7390801321632225, "5": 0.9146962744709749}, "T": {"0": 0.0, "1": 1.0}, "Y": {"0": 0.546448050956791, "1": 1.376036666259647, "2": 1.7847382475619338, "3": 2.1389708076199745, "4": 2.480524966652967, "5": 2.844053212549856}}