{"Z": {"0": 0.2534657745253384, "1": 0.7442439798966807}, "T": {"0": 0.0, "1": 1.0}, "Y": {"0": 1.2354652710845362, "1": 2.487992143694376}}