{"distribution": "lg", "edges": [["A", "D"], ["B", "D"], ["D", "E"], ["C", "E"]], "root_params": "A ~ N(20,20) B ~ N(20,20) C ~ N(15,15)", "experiment": 10, "not_root_params": "D   ~   N ( 2 A + 3 B , 2 )   E   ~   N ( 3 C + 3 D , 2 )", "sample_size": 3000, "means": {"A": 20, "B": 20, "C": 15, "D": 100, "E": 345}, "disc_method": "EV", "bins": 10, "target_column": null, "CPT_method": "Bayes", "time_disc": 0.09766833204776049, "time_cnf": 0.10154950292780995, "time_VE": 0.002796438056975603, "time_BP": 0.00718872481957078, "RMSE": 5.66353291083921, "WRMSE": 5.663532910839211, "MAE": 4.490973391030434, "PE": 0.06841769914148166, "exact_EV": 345, "disc_EV": 345.2360410620381, "Wass_scaled": 0.2997001583214677, "Wass_multi": 3.198849084519465, "time_wass": 3.772725536953658}