{
	"nodecount" : 27306,
	"peaknodes" : 27410,
	"total_load_time" : 1.73703,
	"build_time" : 1.6819,
	"wmc_time" : 0.00878596,
	"wmc_value" : 1,
	"bn_to_cnf_time" : 0.03667
}
