{"distribution": "lg", "edges": [["A", "D"], ["B", "D"], ["D", "E"], ["C", "E"]], "root_params": "A ~ N(20,20) B ~ N(20,20) C ~ N(15,15)", "experiment": 10, "not_root_params": "D   ~   N ( 2 A + 3 B , 2 )   E   ~   N ( 3 C + 3 D , 2 )", "sample_size": 3000, "means": {"A": 20, "B": 20, "C": 15, "D": 100, "E": 345}, "disc_method": "EV", "bins": 20, "target_column": null, "CPT_method": "Bayes", "time_disc": 0.0997849999985192, "time_cnf": 0.2230074999970384, "time_VE": 0.0014781000063521788, "time_BP": 0.008955099998274818, "RMSE": 11.231049782439845, "WRMSE": 11.231049782439843, "MAE": 8.972753146573456, "PE": 0.07244796368443372, "exact_EV": 345, "disc_EV": 345.2499454747113, "Wass_scaled": 0.21813445334705409, "Wass_multi": 1.7687555766332497, "time_wass": 4.3270984000118915}