{"distribution": "lg", "edges": [["A", "D"], ["B", "D"], ["D", "E"], ["C", "E"]], "root_params": "A ~ N(20,20) B ~ N(20,20) C ~ N(15,15)", "experiment": 10, "not_root_params": "D   ~   N ( 2 A + 3 B , 2 )   E   ~   N ( 3 C + 3 D , 2 )", "sample_size": 3000, "means": {"A": 20, "B": 20, "C": 15, "D": 100, "E": 345}, "disc_method": "MDLP", "bins": 2, "target_column": "E", "CPT_method": "Bayes", "time_disc": 3.4220646270550787, "time_cnf": 0.28080736100673676, "time_VE": 0.002977479249238968, "time_BP": 0.009669556748121977, "RMSE": 8.55774273212687, "WRMSE": 7.3974622821354, "MAE": 7.322847836426732, "PE": 0.1158257374139385, "exact_EV": 345, "disc_EV": 344.6004012059219, "Wass_scaled": 0.31204369728034853, "Wass_multi": 1.6801714851100267, "time_wass": 3.2605432430282235}