{"distribution": "lg", "edges": [["A", "D"], ["B", "D"], ["D", "E"], ["C", "E"]], "root_params": "A ~ N(20,20) B ~ N(20,20) C ~ N(15,15)", "experiment": 10, "not_root_params": "D   ~   N ( 2 A + 3 B , 2 )   E   ~   N ( 3 C + 3 D , 2 )", "sample_size": 3000, "means": {"A": 20, "B": 20, "C": 15, "D": 100, "E": 345}, "disc_method": "EV", "bins": 30, "target_column": null, "CPT_method": "Bayes", "time_disc": 0.12051470000005793, "time_cnf": 0.8102552999916952, "time_VE": 0.0017536999948788434, "time_BP": 0.012891000005765818, "RMSE": 11.984790365564912, "WRMSE": 11.984790365564914, "MAE": 9.565813832568741, "PE": 0.06617463585526175, "exact_EV": 345, "disc_EV": 345.22830249370065, "Wass_scaled": 0.18541233541170463, "Wass_multi": 1.2537811310443951, "time_wass": 4.271760200004792}