{"distribution": "lg", "edges": [["A", "D"], ["B", "D"], ["D", "E"], ["C", "E"]], "root_params": "A ~ N(20,20) B ~ N(20,20) C ~ N(15,15)", "experiment": 10, "not_root_params": "D   ~   N ( 2 A + 3 B , 2 )   E   ~   N ( 3 C + 3 D , 2 )", "sample_size": 3000, "means": {"A": 20, "B": 20, "C": 15, "D": 100, "E": 345}, "disc_method": "EB", "bins": 30, "target_column": null, "CPT_method": "Bayes", "time_disc": 0.10835466673597693, "time_cnf": 3.418575957417488, "time_VE": 0.0023263758048415184, "time_BP": 0.01243316987529397, "RMSE": 23.01734304306373, "WRMSE": 11.919545996313802, "MAE": 19.73612277505638, "PE": 0.32943672459450485, "exact_EV": 345, "disc_EV": 346.13655669985104, "Wass_scaled": 0.02257875463177824, "Wass_multi": 1.5376730036486739, "time_wass": 2.378317669034004}