{
	"nodecount" : 174316,
	"peaknodes" : 183348,
	"total_load_time" : 10.9682,
	"build_time" : 9.58459,
	"wmc_time" : 0.042285,
	"wmc_value" : 1,
	"bn_to_cnf_time" : 0.653857
}
