{"distribution": "lg", "edges": [["A", "D"], ["B", "D"], ["D", "E"], ["C", "E"]], "root_params": "A ~ N(20,20) B ~ N(20,20) C ~ N(15,15)", "experiment": 10, "not_root_params": "D   ~   N ( 2 A + 3 B , 2 )   E   ~   N ( 3 C + 3 D , 2 )", "sample_size": 3000, "means": {"A": 20, "B": 20, "C": 15, "D": 100, "E": 345}, "disc_method": "EB", "bins": 5, "target_column": null, "CPT_method": "Bayes", "time_disc": 0.07978272391483188, "time_cnf": 0.01614469289779663, "time_VE": 0.0018726051785051823, "time_BP": 0.007959664333611727, "RMSE": 9.460520033551772, "WRMSE": 4.4794857320816455, "MAE": 7.637857460459713, "PE": 0.06676822165625221, "exact_EV": 345, "disc_EV": 345.23035036471407, "Wass_scaled": 0.16970356561592345, "Wass_multi": 8.358825523348024, "time_wass": 3.1461091632954776}