{
	"nodecount" : 7519,
	"peaknodes" : 7519,
	"total_load_time" : 0.492412,
	"build_time" : 0.466777,
	"wmc_time" : 0.0102119,
	"wmc_value" : 1,
	"bn_to_cnf_time" : 0.0109518
}
