{"distribution": "lg", "edges": [["A", "D"], ["B", "D"], ["D", "E"], ["C", "E"]], "root_params": "A ~ N(20,20) B ~ N(20,20) C ~ N(15,15)", "experiment": 10, "not_root_params": "D   ~   N ( 2 A + 3 B , 2 )   E   ~   N ( 3 C + 3 D , 2 )", "sample_size": 3000, "means": {"A": 20, "B": 20, "C": 15, "D": 100, "E": 345}, "disc_method": "EB", "bins": 10, "target_column": null, "CPT_method": "Bayes", "time_disc": 0.08915607631206512, "time_cnf": 0.08252359600737691, "time_VE": 0.0019924230873584747, "time_BP": 0.00713045708835125, "RMSE": 17.045112423100033, "WRMSE": 6.320941411979333, "MAE": 12.889701643709127, "PE": 0.11040666950677498, "exact_EV": 345, "disc_EV": 345.3809030097984, "Wass_scaled": 0.07673077181870631, "Wass_multi": 4.5122544279691015, "time_wass": 3.1317609790712595}