{
	"nodecount" : 89749,
	"peaknodes" : 93427,
	"total_load_time" : 6.1826,
	"build_time" : 5.27571,
	"wmc_time" : 0.0333819
}
