{
	"nodecount" : 16749,
	"peaknodes" : 16804,
	"total_load_time" : 0.886363,
	"build_time" : 0.775801,
	"wmc_time" : 0.00900722
}
