{
	"nodecount" : 27306,
	"peaknodes" : 27410,
	"total_load_time" : 1.25815,
	"build_time" : 1.14143,
	"wmc_time" : 0.0123391
}
