{"distribution": "lg", "edges": [["A", "D"], ["B", "D"], ["D", "E"], ["C", "E"]], "root_params": "A ~ N(20,20) B ~ N(20,20) C ~ N(15,15)", "experiment": 10, "not_root_params": "D   ~   N ( 2 A + 3 B , 2 )   E   ~   N ( 3 C + 3 D , 2 )", "sample_size": 3000, "means": {"A": 20, "B": 20, "C": 15, "D": 100, "E": 345}, "disc_method": "EV", "bins": 25, "target_column": null, "CPT_method": "Bayes", "time_disc": 0.09408163512125611, "time_cnf": 1.803604809101671, "time_VE": 0.002554547041654587, "time_BP": 0.008790831081569195, "RMSE": 11.790251142138034, "WRMSE": 11.790251142138032, "MAE": 9.414005608835987, "PE": 0.06614840010237512, "exact_EV": 345, "disc_EV": 345.2282119803532, "Wass_scaled": 0.19898766870391263, "Wass_multi": 1.437993027733967, "time_wass": 3.290967294946313}