{
	"nodecount" : 2284,
	"peaknodes" : 2284,
	"total_load_time" : 1.34738,
	"build_time" : 1.25255,
	"wmc_time" : 0.00341702,
	"wmc_value" : 1,
	"bn_to_cnf_time" : 0.0467312
}
