{"distribution": "lg", "edges": [["A", "D"], ["B", "D"], ["D", "E"], ["C", "E"]], "root_params": "A ~ N(20,20) B ~ N(20,20) C ~ N(15,15)", "experiment": 10, "not_root_params": "D   ~   N ( 2 A + 3 B , 2 )   E   ~   N ( 3 C + 3 D , 2 )", "sample_size": 3000, "means": {"A": 20, "B": 20, "C": 15, "D": 100, "E": 345}, "disc_method": "EV", "bins": 30, "target_column": null, "CPT_method": "Bayes", "time_disc": 0.0966841708868742, "time_cnf": 3.381880956236273, "time_VE": 0.0024065179750323296, "time_BP": 0.013222713023424149, "RMSE": 11.984790365564905, "WRMSE": 11.984790365564905, "MAE": 9.56581383256873, "PE": 0.06617463585526175, "exact_EV": 345, "disc_EV": 345.22830249370065, "Wass_scaled": 0.18541233541170463, "Wass_multi": 1.2537811310443951, "time_wass": 3.2379112290218472}