{"distribution": "lg", "edges": [["A", "D"], ["B", "D"], ["D", "E"], ["C", "E"]], "root_params": "A ~ N(20,20) B ~ N(20,20) C ~ N(15,15)", "experiment": 10, "not_root_params": "D   ~   N ( 2 A + 3 B , 2 )   E   ~   N ( 3 C + 3 D , 2 )", "sample_size": 3000, "means": {"A": 20, "B": 20, "C": 15, "D": 100, "E": 345}, "disc_method": "EB", "bins": 20, "target_column": null, "CPT_method": "Bayes", "time_disc": 0.09026850527152419, "time_cnf": 0.6343739437870681, "time_VE": 0.0020215013064444065, "time_BP": 0.007502010092139244, "RMSE": 22.256748259479842, "WRMSE": 10.541366465531386, "MAE": 18.551452584582396, "PE": 0.24980658777221634, "exact_EV": 345, "disc_EV": 345.86183272781415, "Wass_scaled": 0.03692901867441153, "Wass_multi": 2.288842068616704, "time_wass": 3.057946682907641}