{
	"nodecount" : 2284,
	"peaknodes" : 2284,
	"total_load_time" : 0.854355,
	"build_time" : 0.698321,
	"wmc_time" : 0.00263906
}
