{
	"nodecount" : 1868,
	"peaknodes" : 1926,
	"total_load_time" : 0.261439,
	"build_time" : 0.0761831,
	"wmc_time" : 0.00274086
}
