{
	"nodecount" : 27060,
	"peaknodes" : 27900,
	"total_load_time" : 1.42842,
	"build_time" : 1.28619,
	"wmc_time" : 0.012244
}
