{"distribution": "lg", "edges": [["A", "D"], ["B", "D"], ["D", "E"], ["C", "E"]], "root_params": "A ~ N(20,20) B ~ N(20,20) C ~ N(15,15)", "experiment": 10, "not_root_params": "D   ~   N ( 2 A + 3 B , 2 )   E   ~   N ( 3 C + 3 D , 2 )", "sample_size": 3000, "means": {"A": 20, "B": 20, "C": 15, "D": 100, "E": 345}, "disc_method": "EB", "bins": 10, "target_column": null, "CPT_method": "Bayes", "time_disc": 0.10280789999524131, "time_cnf": 0.03431740000087302, "time_VE": 0.001456000012694858, "time_BP": 0.010777200004667975, "RMSE": 17.0451124231, "WRMSE": 6.320941411979343, "MAE": 12.889701643709122, "PE": 0.11040666950677498, "exact_EV": 345, "disc_EV": 345.3809030097984, "Wass_scaled": 0.07673077181870631, "Wass_multi": 4.5122544279691015, "time_wass": 3.9831031000067014}