{
	"nodecount" : 121602,
	"peaknodes" : 127499,
	"total_load_time" : 7.40538,
	"build_time" : 6.29911,
	"wmc_time" : 0.0532739
}
