{"distribution": "lg", "edges": [["A", "D"], ["B", "D"], ["D", "E"], ["C", "E"]], "root_params": "A ~ N(20,20) B ~ N(20,20) C ~ N(15,15)", "experiment": 10, "not_root_params": "D   ~   N ( 2 A + 3 B , 2 )   E   ~   N ( 3 C + 3 D , 2 )", "sample_size": 3000, "means": {"A": 20, "B": 20, "C": 15, "D": 100, "E": 345}, "disc_method": "EV", "bins": 5, "target_column": null, "CPT_method": "Bayes", "time_disc": 0.08820899203419685, "time_cnf": 0.1421969449147582, "time_VE": 0.0014884811826050282, "time_BP": 0.005248071160167456, "RMSE": 2.449267128681758, "WRMSE": 2.449267128681758, "MAE": 2.037328512426734, "PE": 0.03297649516871783, "exact_EV": 345, "disc_EV": 345.1137689083321, "Wass_scaled": 0.44089970389179545, "Wass_multi": 5.847184444116519, "time_wass": 3.638467678334564}