{"distribution": "lg", "edges": [["A", "D"], ["B", "D"], ["D", "E"], ["C", "E"]], "root_params": "A ~ N(20,20) B ~ N(20,20) C ~ N(15,15)", "experiment": 10, "not_root_params": "D   ~   N ( 2 A + 3 B , 2 )   E   ~   N ( 3 C + 3 D , 2 )", "sample_size": 3000, "means": {"A": 20, "B": 20, "C": 15, "D": 100, "E": 345}, "disc_method": "EV", "bins": 12, "target_column": null, "CPT_method": "Bayes", "time_disc": 0.0927463062107563, "time_cnf": 0.12296633189544082, "time_VE": 0.0014900220558047295, "time_BP": 0.00585181824862957, "RMSE": 7.414675064538319, "WRMSE": 7.414675064538319, "MAE": 5.90193239993845, "PE": 0.06146301021856189, "exact_EV": 345, "disc_EV": 345.21204738525404, "Wass_scaled": 0.2738882152492566, "Wass_multi": 2.7171621635249488, "time_wass": 3.396017784718424}