{"distribution": "lg", "edges": [["A", "D"], ["B", "D"], ["D", "E"], ["C", "E"]], "root_params": "A ~ N(20,20) B ~ N(20,20) C ~ N(15,15)", "experiment": 10, "not_root_params": "D   ~   N ( 2 A + 3 B , 2 )   E   ~   N ( 3 C + 3 D , 2 )", "sample_size": 3000, "means": {"A": 20, "B": 20, "C": 15, "D": 100, "E": 345}, "disc_method": "EB", "bins": 14, "target_column": null, "CPT_method": "Bayes", "time_disc": 0.1028669999941485, "time_cnf": 0.0807823999930406, "time_VE": 0.0014748999965377152, "time_BP": 0.013608499997644685, "RMSE": 20.048223627359576, "WRMSE": 8.443755158649648, "MAE": 15.987740387094107, "PE": 0.16574620484370695, "exact_EV": 345, "disc_EV": 345.5718244067108, "Wass_scaled": 0.05558696355028297, "Wass_multi": 3.304450035494521, "time_wass": 3.954135899999528}