{
	"nodecount" : 18339,
	"peaknodes" : 18942,
	"total_load_time" : 1.14436,
	"build_time" : 0.994756,
	"wmc_time" : 0.00774693
}
