{
	"nodecount" : 40107,
	"peaknodes" : 40200,
	"total_load_time" : 1.87109,
	"build_time" : 1.61446,
	"wmc_time" : 0.013911
}
