{
	"nodecount" : 68859,
	"peaknodes" : 69097,
	"total_load_time" : 2.86869,
	"build_time" : 2.59149,
	"wmc_time" : 0.0283399
}
