{
	"nodecount" : 68765,
	"peaknodes" : 77419,
	"total_load_time" : 7.36485,
	"build_time" : 6.30476,
	"wmc_time" : 0.0138922
}
