{
	"nodecount" : 57267,
	"peaknodes" : 61480,
	"total_load_time" : 7.09338,
	"build_time" : 6.42653,
	"wmc_time" : 0.015456,
	"wmc_value" : 1,
	"bn_to_cnf_time" : 0.325204
}
