{
	"nodecount" : 15239,
	"peaknodes" : 15935,
	"total_load_time" : 1.08912,
	"build_time" : 1.01424,
	"wmc_time" : 0.0107419
}
