{
	"nodecount" : 2543,
	"peaknodes" : 2543,
	"total_load_time" : 1.52407,
	"build_time" : 1.36909,
	"wmc_time" : 0.00285888
}
