{"distribution": "lg", "edges": [["A", "D"], ["B", "D"], ["D", "E"], ["C", "E"]], "root_params": "A ~ N(20,20) B ~ N(20,20) C ~ N(15,15)", "experiment": 107, "not_root_params": "D   ~   N ( 2 A + 3 B , 2 . 1 2 5 )   E   ~   N ( 3 C + 3 D , 2 . 1 2 5 )", "sample_size": 1288, "means": {"A": 20, "B": 20, "C": 15, "D": 100, "E": 345}, "disc_method": "EB", "bins": 12, "target_column": null, "CPT_method": "Bayes", "time_disc": 0.09896689999732189, "time_cnf": 0.05305670000961982, "time_VE": 0.0014162000006763265, "time_BP": 0.008697299999766983, "RMSE": 19.741717939179956, "WRMSE": 10.541571494932015, "MAE": 16.282022251105772, "PE": 1.0790264035458974, "exact_EV": 345, "disc_EV": 348.72264109223335, "Wass_scaled": 0.06581512401569818, "Wass_multi": 3.818938458053837, "time_wass": 0.7685144999995828}