{"distribution": "lg", "edges": [["A", "D"], ["B", "D"], ["D", "E"], ["C", "E"]], "root_params": "A ~ N(20,20) B ~ N(20,20) C ~ N(15,15)", "experiment": 107, "not_root_params": "D   ~   N ( 2 A + 3 B , 2 . 1 2 5 )   E   ~   N ( 3 C + 3 D , 2 . 1 2 5 )", "sample_size": 1288, "means": {"A": 20, "B": 20, "C": 15, "D": 100, "E": 345}, "disc_method": "EB", "bins": 17, "target_column": null, "CPT_method": "Bayes", "time_disc": 0.09824739999021403, "time_cnf": 0.1472187000035774, "time_VE": 0.002609199989819899, "time_BP": 0.006975500000407919, "RMSE": 21.96898817118934, "WRMSE": 12.813740641243852, "MAE": 18.448065868468692, "PE": 1.6816094069190182, "exact_EV": 345, "disc_EV": 350.8015524538706, "Wass_scaled": 0.04420503977309547, "Wass_multi": 2.7580166191966144, "time_wass": 0.7985466999962227}