{
	"nodecount" : 71782,
	"peaknodes" : 77392,
	"total_load_time" : 9.02709,
	"build_time" : 8.12781,
	"wmc_time" : 0.0313241
}
