{"distribution": "lg", "edges": [["A", "D"], ["B", "D"], ["D", "E"], ["C", "E"]], "root_params": "A ~ N(20,20) B ~ N(20,20) C ~ N(15,15)", "experiment": 107, "not_root_params": "D   ~   N ( 2 A + 3 B , 2 . 1 2 5 )   E   ~   N ( 3 C + 3 D , 2 . 1 2 5 )", "sample_size": 1288, "means": {"A": 20, "B": 20, "C": 15, "D": 100, "E": 345}, "disc_method": "EV", "bins": 12, "target_column": null, "CPT_method": "Bayes", "time_disc": 0.08231570571660995, "time_cnf": 0.4097452089190483, "time_VE": 0.0018585999496281147, "time_BP": 0.00786445802077651, "RMSE": 9.940731566609154, "WRMSE": 9.95375010222544, "MAE": 7.987509029182699, "PE": 0.02079484592157947, "exact_EV": 345, "disc_EV": 344.92825778157055, "Wass_scaled": 0.2550904871492393, "Wass_multi": 2.9745705819304673, "time_wass": 0.8994545266032219}