{
	"nodecount" : 42318,
	"peaknodes" : 44931,
	"total_load_time" : 3.48802,
	"build_time" : 3.21333,
	"wmc_time" : 0.0201011
}
