{"distribution": "lg", "edges": [["A", "D"], ["B", "D"], ["D", "E"], ["C", "E"]], "root_params": "A ~ N(20,20) B ~ N(20,20) C ~ N(15,15)", "experiment": 107, "not_root_params": "D   ~   N ( 2 A + 3 B , 2 . 1 2 5 )   E   ~   N ( 3 C + 3 D , 2 . 1 2 5 )", "sample_size": 1288, "means": {"A": 20, "B": 20, "C": 15, "D": 100, "E": 345}, "disc_method": "EV", "bins": 30, "target_column": null, "CPT_method": "Bayes", "time_disc": 0.11444139899685979, "time_cnf": 5.064325222745538, "time_VE": 0.002907305024564266, "time_BP": 0.017557573039084673, "RMSE": 12.059348465916587, "WRMSE": 12.066910332788279, "MAE": 9.617013402853361, "PE": 0.011501323302677585, "exact_EV": 345, "disc_EV": 344.96032043460576, "Wass_scaled": 0.15964469721126803, "Wass_multi": 1.4380847186168007, "time_wass": 0.8038456151261926}