{
	"nodecount" : 10911,
	"peaknodes" : 11257,
	"total_load_time" : 0.711199,
	"build_time" : 0.678603,
	"wmc_time" : 0.00518608
}
