{
	"nodecount" : 57267,
	"peaknodes" : 61480,
	"total_load_time" : 5.13385,
	"build_time" : 4.5519,
	"wmc_time" : 0.0165799
}
