{"distribution": "lg", "edges": [["A", "D"], ["B", "D"], ["D", "E"], ["C", "E"]], "root_params": "A ~ N(20,20) B ~ N(20,20) C ~ N(15,15)", "experiment": 107, "not_root_params": "D   ~   N ( 2 A + 3 B , 2 . 1 2 5 )   E   ~   N ( 3 C + 3 D , 2 . 1 2 5 )", "sample_size": 1288, "means": {"A": 20, "B": 20, "C": 15, "D": 100, "E": 345}, "disc_method": "EB", "bins": 17, "target_column": null, "CPT_method": "Bayes", "time_disc": 0.07906043715775013, "time_cnf": 0.5308436648920178, "time_VE": 0.0022636568173766136, "time_BP": 0.009995050262659788, "RMSE": 21.968988171189345, "WRMSE": 12.813740641243857, "MAE": 18.448065868468696, "PE": 1.6816094069190182, "exact_EV": 345, "disc_EV": 350.8015524538706, "Wass_scaled": 0.04420503977309547, "Wass_multi": 2.7580166191966144, "time_wass": 0.7423218921758235}