{
	"nodecount" : 68765,
	"peaknodes" : 77419,
	"total_load_time" : 10.1309,
	"build_time" : 9.02117,
	"wmc_time" : 0.0129361,
	"wmc_value" : 1,
	"bn_to_cnf_time" : 0.650665
}
