{
	"nodecount" : 6948,
	"peaknodes" : 6948,
	"total_load_time" : 0.272111,
	"build_time" : 0.256367,
	"wmc_time" : 0.00458717
}
