{
	"nodecount" : 20824,
	"peaknodes" : 21821,
	"total_load_time" : 1.50318,
	"build_time" : 1.42455,
	"wmc_time" : 0.00974488
}
