{"distribution": "lg", "edges": [["A", "D"], ["B", "D"], ["D", "E"], ["C", "E"]], "root_params": "A ~ N(20,20) B ~ N(20,20) C ~ N(15,15)", "experiment": 107, "not_root_params": "D   ~   N ( 2 A + 3 B , 2 . 1 2 5 )   E   ~   N ( 3 C + 3 D , 2 . 1 2 5 )", "sample_size": 1288, "means": {"A": 20, "B": 20, "C": 15, "D": 100, "E": 345}, "disc_method": "EV", "bins": 5, "target_column": null, "CPT_method": "Bayes", "time_disc": 0.09654630000295583, "time_cnf": 0.010016799991717562, "time_VE": 0.00207129999762401, "time_BP": 0.009593800001312047, "RMSE": 3.2622068462190064, "WRMSE": 3.2643043226327735, "MAE": 2.5285594378387373, "PE": 0.028723406381568173, "exact_EV": 345, "disc_EV": 344.9009042479836, "Wass_scaled": 0.42550473519095944, "Wass_multi": 6.338636384118594, "time_wass": 0.8037240999983624}