{"distribution": "lg", "edges": [["A", "D"], ["B", "D"], ["D", "E"], ["C", "E"]], "root_params": "A ~ N(20,20) B ~ N(20,20) C ~ N(15,15)", "experiment": 107, "not_root_params": "D   ~   N ( 2 A + 3 B , 2 . 1 2 5 )   E   ~   N ( 3 C + 3 D , 2 . 1 2 5 )", "sample_size": 1288, "means": {"A": 20, "B": 20, "C": 15, "D": 100, "E": 345}, "disc_method": "EV", "bins": 8, "target_column": null, "CPT_method": "Bayes", "time_disc": 0.09552940000139643, "time_cnf": 0.01701419999881182, "time_VE": 0.00200829999812413, "time_BP": 0.01152400000137277, "RMSE": 6.249716114895673, "WRMSE": 6.249716114895673, "MAE": 4.919608759981955, "PE": 0.009033494174089989, "exact_EV": 345, "disc_EV": 344.9688344450994, "Wass_scaled": 0.3201380759978966, "Wass_multi": 4.294629127250073, "time_wass": 0.8382721000089077}