{"distribution": "lg", "edges": [["A", "D"], ["B", "D"], ["D", "E"], ["C", "E"]], "root_params": "A ~ N(20,20) B ~ N(20,20) C ~ N(15,15)", "experiment": 107, "not_root_params": "D   ~   N ( 2 A + 3 B , 2 . 1 2 5 )   E   ~   N ( 3 C + 3 D , 2 . 1 2 5 )", "sample_size": 1288, "means": {"A": 20, "B": 20, "C": 15, "D": 100, "E": 345}, "disc_method": "EB", "bins": 8, "target_column": null, "CPT_method": "Bayes", "time_disc": 0.09695210000791121, "time_cnf": 0.018812399997841567, "time_VE": 0.0014529000036418438, "time_BP": 0.012794600013876334, "RMSE": 16.016934306453525, "WRMSE": 7.52134668396602, "MAE": 12.537302889333247, "PE": 0.5362071447335813, "exact_EV": 345, "disc_EV": 346.84991464933086, "Wass_scaled": 0.10248514025813638, "Wass_multi": 5.741540842638427, "time_wass": 0.7898045999900205}