{"distribution": "lg", "edges": [["A", "D"], ["B", "D"], ["D", "E"], ["C", "E"]], "root_params": "A ~ N(20,20) B ~ N(20,20) C ~ N(15,15)", "experiment": 107, "not_root_params": "D   ~   N ( 2 A + 3 B , 2 . 1 2 5 )   E   ~   N ( 3 C + 3 D , 2 . 1 2 5 )", "sample_size": 1288, "means": {"A": 20, "B": 20, "C": 15, "D": 100, "E": 345}, "disc_method": "EB", "bins": 10, "target_column": null, "CPT_method": "Bayes", "time_disc": 0.07574468711391091, "time_cnf": 0.6564428103156388, "time_VE": 0.00203736312687397, "time_BP": 0.009724192786961794, "RMSE": 18.433990925759097, "WRMSE": 9.172637901005725, "MAE": 14.880445233760872, "PE": 0.8028515884743156, "exact_EV": 345, "disc_EV": 347.7698379802364, "Wass_scaled": 0.07873828017736348, "Wass_multi": 4.699367817135257, "time_wass": 0.7851075129583478}