{
	"nodecount" : 1814,
	"peaknodes" : 1859,
	"total_load_time" : 0.0751371,
	"build_time" : 0.0696161,
	"wmc_time" : 0.00210285
}
