{"distribution": "lg", "edges": [["A", "D"], ["B", "D"], ["D", "E"], ["C", "E"]], "root_params": "A ~ N(20,20) B ~ N(20,20) C ~ N(15,15)", "experiment": 107, "not_root_params": "D   ~   N ( 2 A + 3 B , 2 . 1 2 5 )   E   ~   N ( 3 C + 3 D , 2 . 1 2 5 )", "sample_size": 1288, "means": {"A": 20, "B": 20, "C": 15, "D": 100, "E": 345}, "disc_method": "EB", "bins": 25, "target_column": null, "CPT_method": "Bayes", "time_disc": 0.08697211602702737, "time_cnf": 3.9233546620234847, "time_VE": 0.0022076969034969807, "time_BP": 0.010008358396589756, "RMSE": 22.123246761574084, "WRMSE": 13.066686766330594, "MAE": 18.94479490771765, "PE": 1.3545043246056534, "exact_EV": 345, "disc_EV": 349.6730399198895, "Wass_scaled": 0.02775185812429504, "Wass_multi": 1.8668210701330383, "time_wass": 0.599848541431129}