{
	"nodecount" : 14200,
	"peaknodes" : 14378,
	"total_load_time" : 0.694834,
	"build_time" : 0.658884,
	"wmc_time" : 0.00898504
}
