{
	"nodecount" : 10911,
	"peaknodes" : 11257,
	"total_load_time" : 1.04233,
	"build_time" : 1.00716,
	"wmc_time" : 0.0050869,
	"wmc_value" : 1,
	"bn_to_cnf_time" : 0.0223775
}
