{
	"nodecount" : 1851,
	"peaknodes" : 1885,
	"total_load_time" : 0.312137,
	"build_time" : 0.0903189,
	"wmc_time" : 0.00137615
}
