{
	"nodecount" : 66654,
	"peaknodes" : 73163,
	"total_load_time" : 5.18282,
	"build_time" : 4.46324,
	"wmc_time" : 0.019136
}
