{"distribution": "lg", "edges": [["A", "D"], ["B", "D"], ["D", "E"], ["C", "E"]], "root_params": "A ~ N(20,20) B ~ N(20,20) C ~ N(15,15)", "experiment": 107, "not_root_params": "D   ~   N ( 2 A + 3 B , 2 . 1 2 5 )   E   ~   N ( 3 C + 3 D , 2 . 1 2 5 )", "sample_size": 1288, "means": {"A": 20, "B": 20, "C": 15, "D": 100, "E": 345}, "disc_method": "EB", "bins": 5, "target_column": null, "CPT_method": "Bayes", "time_disc": 0.1352945999969961, "time_cnf": 0.011475399995106272, "time_VE": 0.0014675999991595745, "time_BP": 0.007704799994826317, "RMSE": 9.617348622070974, "WRMSE": 5.231574148635973, "MAE": 8.048875360920466, "PE": 0.13950923475102872, "exact_EV": 345, "disc_EV": 345.48130685989105, "Wass_scaled": 0.16769870494083122, "Wass_multi": 8.475581295191217, "time_wass": 0.7760217000031844}