{"distribution": "lg", "edges": [["A", "D"], ["B", "D"], ["D", "E"], ["C", "E"]], "root_params": "A ~ N(20,20) B ~ N(20,20) C ~ N(15,15)", "experiment": 107, "not_root_params": "D   ~   N ( 2 A + 3 B , 2 . 1 2 5 )   E   ~   N ( 3 C + 3 D , 2 . 1 2 5 )", "sample_size": 1288, "means": {"A": 20, "B": 20, "C": 15, "D": 100, "E": 345}, "disc_method": "EV", "bins": 10, "target_column": null, "CPT_method": "Bayes", "time_disc": 0.08750975830480456, "time_cnf": 1.2828584960661829, "time_VE": 0.0015354850329458714, "time_BP": 0.006251591723412275, "RMSE": 8.417767049396227, "WRMSE": 8.423348080618489, "MAE": 6.724175698105176, "PE": 0.008236400843078745, "exact_EV": 345, "disc_EV": 344.9715844170914, "Wass_scaled": 0.28188412925259254, "Wass_multi": 3.521266979849502, "time_wass": 0.8376658861525357}