{"distribution": "lg", "edges": [["A", "D"], ["B", "D"], ["D", "E"], ["C", "E"]], "root_params": "A ~ N(20,20) B ~ N(20,20) C ~ N(15,15)", "experiment": 107, "not_root_params": "D   ~   N ( 2 A + 3 B , 2 . 1 2 5 )   E   ~   N ( 3 C + 3 D , 2 . 1 2 5 )", "sample_size": 1288, "means": {"A": 20, "B": 20, "C": 15, "D": 100, "E": 345}, "disc_method": "EB", "bins": 20, "target_column": null, "CPT_method": "Bayes", "time_disc": 0.10153459999128245, "time_cnf": 0.22229919998790137, "time_VE": 0.0017103999998653308, "time_BP": 0.007731799996690825, "RMSE": 22.470719851302274, "WRMSE": 13.605381161446722, "MAE": 18.993009414852814, "PE": 1.932276727633329, "exact_EV": 345, "disc_EV": 351.666354710335, "Wass_scaled": 0.036404298328567994, "Wass_multi": 2.347788010390799, "time_wass": 0.7257492000062484}