{
	"nodecount" : 20824,
	"peaknodes" : 21821,
	"total_load_time" : 2.05547,
	"build_time" : 1.96769,
	"wmc_time" : 0.00693202,
	"wmc_value" : 1,
	"bn_to_cnf_time" : 0.0615823
}
