{"distribution": "lg", "edges": [["A", "D"], ["B", "D"], ["D", "E"], ["C", "E"]], "root_params": "A ~ N(20,20) B ~ N(20,20) C ~ N(15,15)", "experiment": 107, "not_root_params": "D   ~   N ( 2 A + 3 B , 2 . 1 2 5 )   E   ~   N ( 3 C + 3 D , 2 . 1 2 5 )", "sample_size": 1288, "means": {"A": 20, "B": 20, "C": 15, "D": 100, "E": 345}, "disc_method": "EV", "bins": 14, "target_column": null, "CPT_method": "Bayes", "time_disc": 0.09296999999787658, "time_cnf": 0.07678410000517033, "time_VE": 0.0022345000033965334, "time_BP": 0.005961599992588162, "RMSE": 10.863403133703539, "WRMSE": 10.863403133703539, "MAE": 8.712237685051495, "PE": 0.011449483791047765, "exact_EV": 345, "disc_EV": 344.9604992809209, "Wass_scaled": 0.23463234666506846, "Wass_multi": 2.6830846584059542, "time_wass": 0.8195642000064254}