{"distribution": "lg", "edges": [["A", "D"], ["B", "D"], ["D", "E"], ["C", "E"]], "root_params": "A ~ N(20,20) B ~ N(20,20) C ~ N(15,15)", "experiment": 3, "not_root_params": "D   ~   N ( 2 A + 3 B , 2 )   E   ~   N ( 3 C + 3 D , 2 )", "sample_size": 1000, "means": {"A": 20, "B": 20, "C": 15, "D": 100, "E": 345}, "disc_method": "EV", "bins": 12, "target_column": null, "Wass1D": 2.6536428098234777, "Wass_multi": 3.322657746818846, "RMSE": 1.0380269575577323, "WRMSE": 1.038099425275155, "MAE": 1.0774999646165622, "VE_complexity": 521867.0}