{"distribution": "lg", "edges": [["A", "D"], ["B", "D"], ["D", "E"], ["C", "E"]], "root_params": "A ~ N(5,5) B ~ N(10,10) C ~ N(-5,-5)", "experiment": 1, "not_root_params": "D   ~   N ( 2 A + 3 B , 2 )   E   ~   N ( 3 C + 3 D , 2 )", "sample_size": 5000, "means": {"A": 5, "B": 10, "C": -5, "D": 40, "E": 105}, "disc_method": "EB", "bins": 14, "target_column": null, "Wass1D": 0.021043779672388203, "Wass_multi": 0.07443565001202457, "RMSE": 11.305500486733566, "WRMSE": 1.7181829998033347, "MAE": 127.81434125553288}