{"distribution": "lg", "edges": [["A", "D"], ["B", "D"], ["D", "E"], ["C", "E"]], "root_params": "A ~ N(20,20) B ~ N(20,20) C ~ N(15,15)", "experiment": 3, "not_root_params": "D   ~   N ( 2 A + 3 B , 2 )   E   ~   N ( 3 C + 3 D , 2 )", "sample_size": 1000, "means": {"A": 20, "B": 20, "C": 15, "D": 100, "E": 345}, "disc_method": "EB", "bins": 8, "target_column": null, "Wass1D": 4.474279738705783, "Wass_multi": 5.1295399775580215, "RMSE": 4.768042424768674, "WRMSE": 1.898246311467928, "MAE": 22.734228564393938, "VE_complexity": 70663.0}