{"distribution": "lg", "edges": [["A", "D"], ["B", "D"], ["D", "E"], ["C", "E"]], "root_params": "A ~ N(20,20) B ~ N(20,20) C ~ N(15,15)", "experiment": 3, "not_root_params": "D   ~   N ( 2 A + 3 B , 2 )   E   ~   N ( 3 C + 3 D , 2 )", "sample_size": 1000, "means": {"A": 20, "B": 20, "C": 15, "D": 100, "E": 345}, "disc_method": "EB", "bins": 5, "target_column": null, "Wass1D": 7.025090033183849, "Wass_multi": 7.767337458205632, "RMSE": 5.517214509336508, "WRMSE": 2.7595299365321715, "MAE": 30.43965594203329, "VE_complexity": 7129.0}