{"distribution": "nm", "edges": [["X", "Y"]], "root_params": ["X ~ B(0.5)"], "experiment": 5, "not_root_params": "P(Y|X) ~ N(21,10) if X = 0.0 and P(Y|X) ~ N(25,1) if X = 1.0", "sample_size": 100, "means": 23.0, "disc_method": "EB", "bins": 17, "target_column": null, "CPT_method": "Bayespriors", "time_disc": 0.04215235309675336, "time_cnf": 0.005814224015921354, "time_VE": 0.001112497877329588, "time_BP": 0.003344257827848196, "RMSE": 0.002740079217737637, "WRMSE": 0.0027271206383359214, "MAE": 0.002735293100561975, "PE": 0.500749053014607, "exact_EV": 23.0, "disc_EV": 23.11517228219336, "Wass_scaled": 0.010391380452119443, "Wass_multi": 0.5612155393586721, "time_wass": 0.013062667101621628}