{"distribution": "nm", "edges": [["X", "Y"]], "root_params": ["X ~ B(0.5)"], "experiment": 5, "not_root_params": "P(Y|X) ~ N(21,10) if X = 0.0 and P(Y|X) ~ N(25,1) if X = 1.0", "sample_size": 100, "means": 23.0, "disc_method": "MDLP", "bins": 2, "target_column": "Y", "CPT_method": "Bayespriors", "time_disc": 0.06759503995999694, "time_cnf": 0.4655121653340757, "time_VE": 0.0012607211247086525, "time_BP": 0.0032957657240331173, "RMSE": 0.01580861073194909, "WRMSE": 0.01570252189651188, "MAE": 0.01575287284740945, "PE": 0.5007092013498678, "exact_EV": 23.0, "disc_EV": 23.11516311631047, "Wass_scaled": 0.0037524932865147446, "Wass_multi": 0.20266388603787114, "time_wass": 0.012319601140916348}