{
	"nodecount" : 28,
	"peaknodes" : 28,
	"total_load_time" : 0.00730896,
	"build_time" : 0.00311804,
	"wmc_time" : 0.000236988
}
