{"distribution": "nm", "edges": [["X", "Y"]], "root_params": ["X ~ B(0.5)"], "experiment": 5, "not_root_params": "P(Y|X) ~ N(21,10) if X = 0.0 and P(Y|X) ~ N(25,1) if X = 1.0", "sample_size": 100, "means": 23.0, "disc_method": "EB", "bins": 10, "target_column": null, "CPT_method": "Bayespriors", "time_disc": 0.04044171283021569, "time_cnf": 0.16863345867022872, "time_VE": 0.0009075482375919819, "time_BP": 0.002768430858850479, "RMSE": 0.05192762405364518, "WRMSE": 0.05159437750838113, "MAE": 0.051760270267800834, "PE": 0.5008887160110909, "exact_EV": 23.0, "disc_EV": 23.11520440468255, "Wass_scaled": 0.01795328448729713, "Wass_multi": 0.9696172980319377, "time_wass": 0.010413167998194695}