{
	"nodecount" : 43,
	"peaknodes" : 49,
	"total_load_time" : 0.0180929,
	"build_time" : 0.010644,
	"wmc_time" : 0.00046587
}
