{"distribution": "nm", "edges": [["X", "Y"]], "root_params": ["X ~ B(0.5)"], "experiment": 5, "not_root_params": "P(Y|X) ~ N(21,10) if X = 0.0 and P(Y|X) ~ N(25,1) if X = 1.0", "sample_size": 100, "means": 23.0, "disc_method": "EV", "bins": 8, "target_column": null, "CPT_method": "Bayespriors", "time_disc": 0.04122125683352351, "time_cnf": 0.5054903328418732, "time_VE": 0.0008788877166807652, "time_BP": 0.002473828848451376, "RMSE": 0.0016059358963544685, "WRMSE": 0.0015945869010912644, "MAE": 0.001599653037635207, "PE": 0.5009359979052781, "exact_EV": 23.0, "disc_EV": 23.115215279518214, "Wass_scaled": 0.12330630473543942, "Wass_multi": 1.39018372439877, "time_wass": 0.010711384005844593}