{
	"nodecount" : 26,
	"peaknodes" : 26,
	"total_load_time" : 0.033015,
	"build_time" : 0.00361109,
	"wmc_time" : 0.00028491
}
