{
	"nodecount" : 36,
	"peaknodes" : 38,
	"total_load_time" : 0.00798416,
	"build_time" : 0.00553203,
	"wmc_time" : 0.000294924
}
