{"distribution": "nm", "edges": [["X", "Y"]], "root_params": ["X ~ B(0.5)"], "experiment": 5, "not_root_params": "P(Y|X) ~ N(21,10) if X = 0.0 and P(Y|X) ~ N(25,1) if X = 1.0", "sample_size": 100, "means": 23.0, "disc_method": "EV", "bins": 5, "target_column": null, "CPT_method": "Bayespriors", "time_disc": 0.04654161399230361, "time_cnf": 0.3510198281146586, "time_VE": 0.001047785859555006, "time_BP": 0.0028350939974188805, "RMSE": 0.176707395342454, "WRMSE": 0.17558122543565824, "MAE": 0.176145796135442, "PE": 0.5009328916281489, "exact_EV": 23.0, "disc_EV": 23.115214565074474, "Wass_scaled": 0.1752126529814432, "Wass_multi": 2.351880226780719, "time_wass": 0.011889192275702953}