{
	"nodecount" : 47,
	"peaknodes" : 50,
	"total_load_time" : 0.015641,
	"build_time" : 0.01297,
	"wmc_time" : 0.000532866
}
