{
	"nodecount" : 52,
	"peaknodes" : 55,
	"total_load_time" : 0.015465,
	"build_time" : 0.0130918,
	"wmc_time" : 0.000496864
}
