{"distribution": "nm", "edges": [["X", "Y"]], "root_params": ["X ~ B(0.5)"], "experiment": 5, "not_root_params": "P(Y|X) ~ N(21,10) if X = 0.0 and P(Y|X) ~ N(25,1) if X = 1.0", "sample_size": 100, "means": 23.0, "disc_method": "EB", "bins": 8, "target_column": null, "CPT_method": "Bayespriors", "time_disc": 0.0398492137901485, "time_cnf": 0.9765629130415618, "time_VE": 0.0008590416982769966, "time_BP": 0.0023908810690045357, "RMSE": 0.07551682437717677, "WRMSE": 0.07503547371354302, "MAE": 0.07527674576776278, "PE": 0.5009735635013458, "exact_EV": 23.0, "disc_EV": 23.11522391960531, "Wass_scaled": 0.04304010861289353, "Wass_multi": 1.2950117211845604, "time_wass": 0.010204710066318512}