{
	"nodecount" : 31,
	"peaknodes" : 32,
	"total_load_time" : 0.00918484,
	"build_time" : 0.00562906,
	"wmc_time" : 0.000372887
}
