{
	"nodecount" : 41,
	"peaknodes" : 46,
	"total_load_time" : 0.01212,
	"build_time" : 0.00889778,
	"wmc_time" : 0.000350952
}
