{
	"nodecount" : 48,
	"peaknodes" : 54,
	"total_load_time" : 0.014504,
	"build_time" : 0.0120609,
	"wmc_time" : 0.000503063
}
