{"distribution": "nm", "edges": [["X", "Y"]], "root_params": ["X ~ B(0.5)"], "experiment": 5, "not_root_params": "P(Y|X) ~ N(21,10) if X = 0.0 and P(Y|X) ~ N(25,1) if X = 1.0", "sample_size": 100, "means": 23.0, "disc_method": "EV", "bins": 10, "target_column": null, "CPT_method": "Bayespriors", "time_disc": 0.03978075832128525, "time_cnf": 0.31352545600384474, "time_VE": 0.0008925460278987885, "time_BP": 0.0025015859864652157, "RMSE": 0.10380130935657259, "WRMSE": 0.10314045323660787, "MAE": 0.10347209398862134, "PE": 0.5009220036197873, "exact_EV": 23.0, "disc_EV": 23.11521206083255, "Wass_scaled": 0.10396723305345924, "Wass_multi": 1.2006548024701933, "time_wass": 0.010737442877143621}