{"distribution": "nm", "edges": [["X", "Y"]], "root_params": ["X ~ B(0.5)"], "experiment": 5, "not_root_params": "P(Y|X) ~ N(21,10) if X = 0.0 and P(Y|X) ~ N(25,1) if X = 1.0", "sample_size": 100, "means": 23.0, "disc_method": "EV", "bins": 14, "target_column": null, "CPT_method": "Bayespriors", "time_disc": 0.04121368331834674, "time_cnf": 0.33079986181110144, "time_VE": 0.0008841753005981445, "time_BP": 0.002394499257206917, "RMSE": 0.012746342885286421, "WRMSE": 0.012666169571256096, "MAE": 0.012706888658350124, "PE": 0.5009338657464191, "exact_EV": 23.0, "disc_EV": 23.115214789121676, "Wass_scaled": 0.08970061340403351, "Wass_multi": 0.8524997936338795, "time_wass": 0.010408089030534029}