{
	"nodecount" : 32,
	"peaknodes" : 33,
	"total_load_time" : 0.0118639,
	"build_time" : 0.00490499,
	"wmc_time" : 0.000281811
}
