{"distribution": "nm", "edges": [["X", "Y"]], "root_params": ["X ~ B(0.5)"], "experiment": 5, "not_root_params": "P(Y|X) ~ N(21,10) if X = 0.0 and P(Y|X) ~ N(25,1) if X = 1.0", "sample_size": 100, "means": 23.0, "disc_method": "EB", "bins": 25, "target_column": null, "CPT_method": "Bayespriors", "time_disc": 0.042230200953781605, "time_cnf": 0.008458453230559826, "time_VE": 0.0010662968270480633, "time_BP": 0.003286411054432392, "RMSE": 0.025266659942513963, "WRMSE": 0.0250991511340503, "MAE": 0.02517972891478415, "PE": 0.5006499031203451, "exact_EV": 23.0, "disc_EV": 23.11514947771768, "Wass_scaled": 0.0067525995208794045, "Wass_multi": 0.36469300682914507, "time_wass": 0.010545691940933466}