{"distribution": "nm", "edges": [["X", "Y"]], "root_params": ["X ~ B(0.5)"], "experiment": 5, "not_root_params": "P(Y|X) ~ N(21,10) if X = 0.0 and P(Y|X) ~ N(25,1) if X = 1.0", "sample_size": 100, "means": 23.0, "disc_method": "EB", "bins": 14, "target_column": null, "CPT_method": "Bayespriors", "time_disc": 0.039769524708390236, "time_cnf": 0.4457933381199837, "time_VE": 0.0008468232117593288, "time_BP": 0.002413583919405937, "RMSE": 0.1215480511431185, "WRMSE": 0.12076900845287626, "MAE": 0.1211573256255658, "PE": 0.5007986056693633, "exact_EV": 23.0, "disc_EV": 23.115183679303954, "Wass_scaled": 0.013890899334312295, "Wass_multi": 0.7502168357715625, "time_wass": 0.009941835887730122}