{"distribution": "nm", "edges": [["X", "Y"]], "root_params": ["X ~ B(0.5)"], "experiment": 5, "not_root_params": "P(Y|X) ~ N(21,10) if X = 0.0 and P(Y|X) ~ N(25,1) if X = 1.0", "sample_size": 100, "means": 23.0, "disc_method": "EV", "bins": 12, "target_column": null, "CPT_method": "Bayespriors", "time_disc": 0.04104092484340072, "time_cnf": 0.5114161712117493, "time_VE": 0.0013674013316631317, "time_BP": 0.004353269934654236, "RMSE": 0.01656621615409223, "WRMSE": 0.016461893230587138, "MAE": 0.01651481647590458, "PE": 0.5009218032239676, "exact_EV": 23.0, "disc_EV": 23.115212014741513, "Wass_scaled": 0.09517418798058383, "Wass_multi": 1.0067995989756915, "time_wass": 0.019787081982940435}