{
	"nodecount" : 27,
	"peaknodes" : 28,
	"total_load_time" : 0.00713491,
	"build_time" : 0.00461888,
	"wmc_time" : 0.000242949
}
