{
	"nodecount" : 34,
	"peaknodes" : 37,
	"total_load_time" : 0.011811,
	"build_time" : 0.00942206,
	"wmc_time" : 0.000420094
}
