{"distribution": "nm", "edges": [["X", "Y"]], "root_params": ["X ~ B(0.5)"], "experiment": 5, "not_root_params": "P(Y|X) ~ N(21,10) if X = 0.0 and P(Y|X) ~ N(25,1) if X = 1.0", "sample_size": 100, "means": 23.0, "disc_method": "EV", "bins": 12, "target_column": null, "CPT_method": "MLE", "time_disc": 0.014528798405081034, "time_cnf": 0.909066473133862, "time_VE": 0.0009854240342974663, "time_BP": 0.002537062857300043, "RMSE": 0.016600153753199995, "WRMSE": 0.0164942505748904, "MAE": 0.0165472868872385, "PE": 0.5009966246410336, "exact_EV": 23.0, "disc_EV": 23.115229223667438, "Wass_scaled": 0.09517418798058383, "Wass_multi": 1.0067995989756915, "time_wass": 0.010564770083874464}