{"distribution": "nm", "edges": [["X", "Y"]], "root_params": ["X ~ B(0.5)"], "experiment": 5, "not_root_params": "P(Y|X) ~ N(21,10) if X = 0.0 and P(Y|X) ~ N(25,1) if X = 1.0", "sample_size": 100, "means": 23.0, "disc_method": "EB", "bins": 30, "target_column": null, "CPT_method": "MLE", "time_disc": 0.01533113606274128, "time_cnf": 0.19219349464401603, "time_VE": 0.0009898040443658829, "time_BP": 0.0025595417246222496, "RMSE": 0.04605683203539463, "WRMSE": 0.045763005546319, "MAE": 0.04591015385385333, "PE": 0.5009966246409872, "exact_EV": 23.0, "disc_EV": 23.115229223667427, "Wass_scaled": 0.006553291991544714, "Wass_multi": 0.3539288467538839, "time_wass": 0.01024880213662982}