{"distribution": "nm", "edges": [["X", "Y"]], "root_params": ["X ~ B(0.5)"], "experiment": 5, "not_root_params": "P(Y|X) ~ N(21,10) if X = 0.0 and P(Y|X) ~ N(25,1) if X = 1.0", "sample_size": 100, "means": 23.0, "disc_method": "MDLP", "bins": 2, "target_column": "Y", "CPT_method": "MLE", "time_disc": 0.029235939029604197, "time_cnf": 0.37599073676392436, "time_VE": 0.0009743361733853817, "time_BP": 0.0025658980011940002, "RMSE": 0.01573111624818836, "WRMSE": 0.015630757225386396, "MAE": 0.015681017024622435, "PE": 0.5009966246410026, "exact_EV": 23.0, "disc_EV": 23.11522922366743, "Wass_scaled": 0.0037524932865147446, "Wass_multi": 0.20266388603787114, "time_wass": 0.009015198796987534}