{"distribution": "nm", "edges": [["X", "Y"]], "root_params": ["X ~ B(0.5)"], "experiment": 5, "not_root_params": "P(Y|X) ~ N(21,10) if X = 0.0 and P(Y|X) ~ N(25,1) if X = 1.0", "sample_size": 100, "means": 23.0, "disc_method": "EV", "bins": 30, "target_column": null, "CPT_method": "MLE", "time_disc": 0.0199842001311481, "time_cnf": 0.004640685860067606, "time_VE": 0.0011550839990377426, "time_BP": 0.0034608403220772743, "RMSE": 0.01302153625131465, "WRMSE": 0.012938463401750467, "MAE": 0.012980066285322778, "PE": 0.500996624641018, "exact_EV": 23.0, "disc_EV": 23.115229223667434, "Wass_scaled": 0.06464659720014145, "Wass_multi": 0.5669753871643194, "time_wass": 0.013755016028881073}