{
	"nodecount" : 43,
	"peaknodes" : 46,
	"total_load_time" : 0.011801,
	"build_time" : 0.00932002,
	"wmc_time" : 0.000451088
}
