{
	"nodecount" : 31,
	"peaknodes" : 33,
	"total_load_time" : 0.00775409,
	"build_time" : 0.00515199,
	"wmc_time" : 0.000272989
}
