{
	"nodecount" : 28,
	"peaknodes" : 30,
	"total_load_time" : 0.00686002,
	"build_time" : 0.00444579,
	"wmc_time" : 0.000251055
}
