{"distribution": "nm", "edges": [["X", "Y"]], "root_params": ["X ~ B(0.5)"], "experiment": 5, "not_root_params": "P(Y|X) ~ N(21,10) if X = 0.0 and P(Y|X) ~ N(25,1) if X = 1.0", "sample_size": 100, "means": 23.0, "disc_method": "EV", "bins": 17, "target_column": null, "CPT_method": "MLE", "time_disc": 0.018419492058455944, "time_cnf": 0.003967569209635258, "time_VE": 0.0012448509223759174, "time_BP": 0.0034343721345067024, "RMSE": 0.0674321295814558, "WRMSE": 0.06700193616583854, "MAE": 0.06721737703102271, "PE": 0.500996624641018, "exact_EV": 23.0, "disc_EV": 23.115229223667434, "Wass_scaled": 0.0792376960386346, "Wass_multi": 0.8284142447564146, "time_wass": 0.014070536009967327}