{"distribution": "nm", "edges": [["X", "Y"]], "root_params": ["X ~ B(0.5)"], "experiment": 5, "not_root_params": "P(Y|X) ~ N(21,10) if X = 0.0 and P(Y|X) ~ N(25,1) if X = 1.0", "sample_size": 100, "means": 23.0, "disc_method": "EV", "bins": 14, "target_column": null, "CPT_method": "MLE", "time_disc": 0.014549043960869312, "time_cnf": 0.37151246424764395, "time_VE": 0.0009667519479990005, "time_BP": 0.0026319208554923534, "RMSE": 0.012784688103589827, "WRMSE": 0.012703126262416625, "MAE": 0.012743972432977202, "PE": 0.5009966246409872, "exact_EV": 23.0, "disc_EV": 23.115229223667427, "Wass_scaled": 0.08970061340403351, "Wass_multi": 0.8524997936338795, "time_wass": 0.010559836868196726}