{
	"nodecount" : 27,
	"peaknodes" : 27,
	"total_load_time" : 0.00557899,
	"build_time" : 0.00347614,
	"wmc_time" : 0.000268936
}
