{"distribution": "nm", "edges": [["X", "Y"]], "root_params": ["X ~ B(0.5)"], "experiment": 5, "not_root_params": "P(Y|X) ~ N(21,10) if X = 0.0 and P(Y|X) ~ N(25,1) if X = 1.0", "sample_size": 100, "means": 23.0, "disc_method": "EB", "bins": 25, "target_column": null, "CPT_method": "MLE", "time_disc": 0.015712941996753216, "time_cnf": 0.17868756176903844, "time_VE": 0.001119811087846756, "time_BP": 0.0028233141638338566, "RMSE": 0.025173218223011728, "WRMSE": 0.025012621890125993, "MAE": 0.025093048534621687, "PE": 0.5009966246410026, "exact_EV": 23.0, "disc_EV": 23.11522922366743, "Wass_scaled": 0.0067525995208794045, "Wass_multi": 0.36469300682914507, "time_wass": 0.011012579314410686}