{"distribution": "nm", "edges": [["X", "Y"]], "root_params": ["X ~ B(0.5)"], "experiment": 5, "not_root_params": "P(Y|X) ~ N(21,10) if X = 0.0 and P(Y|X) ~ N(25,1) if X = 1.0", "sample_size": 100, "means": 23.0, "disc_method": "EB", "bins": 20, "target_column": null, "CPT_method": "MLE", "time_disc": 0.014444625005126, "time_cnf": 0.03782712109386921, "time_VE": 0.0008248556405305862, "time_BP": 0.0024210852570831776, "RMSE": 0.0567092814767782, "WRMSE": 0.056347496083863885, "MAE": 0.056528678210858274, "PE": 0.5009966246410026, "exact_EV": 23.0, "disc_EV": 23.11522922366743, "Wass_scaled": 0.010139983602870275, "Wass_multi": 0.5476381500032006, "time_wass": 0.009506425820291042}