{"distribution": "nm", "edges": [["X", "Y"]], "root_params": ["X ~ B(0.5)"], "experiment": 5, "not_root_params": "P(Y|X) ~ N(21,10) if X = 0.0 and P(Y|X) ~ N(25,1) if X = 1.0", "sample_size": 100, "means": 23.0, "disc_method": "EV", "bins": 8, "target_column": null, "CPT_method": "MLE", "time_disc": 0.014898381195962429, "time_cnf": 0.6992473457939923, "time_VE": 0.0009414730593562126, "time_BP": 0.0025727907195687294, "RMSE": 0.001589558655266371, "WRMSE": 0.0015794178266809742, "MAE": 0.0015844963536988388, "PE": 0.500996624641018, "exact_EV": 23.0, "disc_EV": 23.115229223667434, "Wass_scaled": 0.12330630473543942, "Wass_multi": 1.39018372439877, "time_wass": 0.010749944020062685}