{
	"nodecount" : 25,
	"peaknodes" : 25,
	"total_load_time" : 0.00497007,
	"build_time" : 0.00288892,
	"wmc_time" : 0.000248909
}
