{"distribution": "nm", "edges": [["X", "Y"]], "root_params": ["X ~ B(0.5)"], "experiment": 5, "not_root_params": "P(Y|X) ~ N(21,10) if X = 0.0 and P(Y|X) ~ N(25,1) if X = 1.0", "sample_size": 100, "means": 23.0, "disc_method": "EB", "bins": 10, "target_column": null, "CPT_method": "MLE", "time_disc": 0.014539263676851988, "time_cnf": 3.736780859064311, "time_VE": 0.0009395857341587543, "time_BP": 0.00253306794911623, "RMSE": 0.05189857561803212, "WRMSE": 0.05156748084689927, "MAE": 0.051733293110316936, "PE": 0.500996624641018, "exact_EV": 23.0, "disc_EV": 23.115229223667434, "Wass_scaled": 0.01795328448729713, "Wass_multi": 0.9696172980319377, "time_wass": 0.009796322789043188}