{
	"nodecount" : 36,
	"peaknodes" : 36,
	"total_load_time" : 0.00768185,
	"build_time" : 0.00559711,
	"wmc_time" : 0.000324011
}
