{"distribution": "lg", "edges": [["A", "D"], ["B", "D"], ["D", "E"], ["C", "E"]], "root_params": "A ~ N(20,20) B ~ N(20,20) C ~ N(15,15)", "experiment": 112, "not_root_params": "D   ~   N ( 2 A + 3 B , 6 . 0 6 2 5 )   E   ~   N ( 3 C + 3 D , 6 . 0 6 2 5 )", "sample_size": 931, "means": {"A": 20, "B": 20, "C": 15, "D": 100, "E": 345}, "disc_method": "EV", "bins": 5, "target_column": null, "CPT_method": "MLE", "time_disc": 0.06445967918261886, "time_cnf": 0.14920394588261843, "time_VE": 0.005154659040272236, "time_BP": 0.01902964524924755, "RMSE": 3.933174280593066, "WRMSE": 3.935271160951557, "MAE": 2.579971580303186, "PE": 0.033210951122835446, "exact_EV": 345, "disc_EV": 345.1145777813738, "Wass_scaled": 0.4099392924185673, "Wass_multi": 18.24600872979656, "time_wass": 0.6288106041029096}