{"distribution": "lg", "edges": [["A", "D"], ["B", "D"], ["D", "E"], ["C", "E"]], "root_params": "A ~ N(20,20) B ~ N(20,20) C ~ N(15,15)", "experiment": 112, "not_root_params": "D   ~   N ( 2 A + 3 B , 6 . 0 6 2 5 )   E   ~   N ( 3 C + 3 D , 6 . 0 6 2 5 )", "sample_size": 931, "means": {"A": 20, "B": 20, "C": 15, "D": 100, "E": 345}, "disc_method": "EV", "bins": 10, "target_column": null, "CPT_method": "MLE", "time_disc": 0.08029022207483649, "time_cnf": 0.2338956599123776, "time_VE": 0.002926152665168047, "time_BP": 0.0075804488733410835, "RMSE": 2.325380335339419, "WRMSE": 2.324842895397855, "MAE": 1.9774870301070222, "PE": 0.09296462438786533, "exact_EV": 345, "disc_EV": 345.32072795413814, "Wass_scaled": 0.27153556171064014, "Wass_multi": 9.91110415121656, "time_wass": 0.6750964350067079}