{"distribution": "lg", "edges": [["A", "D"], ["B", "D"], ["D", "E"], ["C", "E"]], "root_params": "A ~ N(20,20) B ~ N(20,20) C ~ N(15,15)", "experiment": 112, "not_root_params": "D   ~   N ( 2 A + 3 B , 6 . 0 6 2 5 )   E   ~   N ( 3 C + 3 D , 6 . 0 6 2 5 )", "sample_size": 931, "means": {"A": 20, "B": 20, "C": 15, "D": 100, "E": 345}, "disc_method": "EV", "bins": 12, "target_column": null, "CPT_method": "MLE", "time_disc": 0.13191128661856055, "time_cnf": 0.25845285784453154, "time_VE": 0.003590970765799284, "time_BP": 0.01443633297458291, "RMSE": 3.1695638371363684, "WRMSE": 3.1766207463509635, "MAE": 2.0275594212807846, "PE": 0.07458276832357694, "exact_EV": 345, "disc_EV": 345.25731055071634, "Wass_scaled": 0.24670589681811292, "Wass_multi": 8.78384265073977, "time_wass": 0.6032637902535498}