{
	"nodecount" : 9895,
	"peaknodes" : 9968,
	"total_load_time" : 0.836258,
	"build_time" : 0.691893,
	"wmc_time" : 0.00583315
}
