{
	"nodecount" : 21840,
	"peaknodes" : 23485,
	"total_load_time" : 4.22998,
	"build_time" : 3.24312,
	"wmc_time" : 0.010154
}
