{
	"nodecount" : 25961,
	"peaknodes" : 28447,
	"total_load_time" : 2.81548,
	"build_time" : 2.61911,
	"wmc_time" : 0.00729394
}
