{"distribution": "lg", "edges": [["A", "D"], ["B", "D"], ["D", "E"], ["C", "E"]], "root_params": "A ~ N(20,20) B ~ N(20,20) C ~ N(15,15)", "experiment": 112, "not_root_params": "D   ~   N ( 2 A + 3 B , 6 . 0 6 2 5 )   E   ~   N ( 3 C + 3 D , 6 . 0 6 2 5 )", "sample_size": 931, "means": {"A": 20, "B": 20, "C": 15, "D": 100, "E": 345}, "disc_method": "EB", "bins": 12, "target_column": null, "CPT_method": "MLE", "time_disc": 0.06926640821620822, "time_cnf": 0.31192075414583087, "time_VE": 0.004006022121757269, "time_BP": 0.009703988209366798, "RMSE": 20.961491470520976, "WRMSE": 6.738022247234983, "MAE": 12.996976755941317, "PE": 0.0359466277932271, "exact_EV": 345, "disc_EV": 345.12401586588663, "Wass_scaled": 0.07089136677151454, "Wass_multi": 10.270482745890193, "time_wass": 0.5747398296371102}