{"distribution": "lg", "edges": [["A", "D"], ["B", "D"], ["D", "E"], ["C", "E"]], "root_params": "A ~ N(20,20) B ~ N(20,20) C ~ N(15,15)", "experiment": 112, "not_root_params": "D   ~   N ( 2 A + 3 B , 6 . 0 6 2 5 )   E   ~   N ( 3 C + 3 D , 6 . 0 6 2 5 )", "sample_size": 931, "means": {"A": 20, "B": 20, "C": 15, "D": 100, "E": 345}, "disc_method": "EB", "bins": 10, "target_column": null, "CPT_method": "MLE", "time_disc": 0.07526429835706949, "time_cnf": 0.29473734833300114, "time_VE": 0.007979949936270714, "time_BP": 0.01900995010510087, "RMSE": 19.371098478247912, "WRMSE": 6.100575679678704, "MAE": 10.721712541140164, "PE": 0.24883893183396205, "exact_EV": 345, "disc_EV": 345.85849431482717, "Wass_scaled": 0.08298714369621081, "Wass_multi": 11.964906497094328, "time_wass": 0.6695126229897141}