{
	"nodecount" : 1445,
	"peaknodes" : 1445,
	"total_load_time" : 1.2444,
	"build_time" : 0.99893,
	"wmc_time" : 0.00241089
}
