{"distribution": "lg", "edges": [["A", "D"], ["B", "D"], ["D", "E"], ["C", "E"]], "root_params": "A ~ N(20,20) B ~ N(20,20) C ~ N(15,15)", "experiment": 112, "not_root_params": "D   ~   N ( 2 A + 3 B , 6 . 0 6 2 5 )   E   ~   N ( 3 C + 3 D , 6 . 0 6 2 5 )", "sample_size": 931, "means": {"A": 20, "B": 20, "C": 15, "D": 100, "E": 345}, "disc_method": "EV", "bins": 14, "target_column": null, "CPT_method": "MLE", "time_disc": 0.0810896442271769, "time_cnf": 1.4742525550536811, "time_VE": 0.002008556853979826, "time_BP": 0.009032586123794317, "RMSE": 2.9237757097861974, "WRMSE": 2.929482927650988, "MAE": 2.2254214513218806, "PE": 0.06923109415531829, "exact_EV": 345, "disc_EV": 344.76115272516415, "Wass_scaled": 0.22783300630995673, "Wass_multi": 7.637662080663353, "time_wass": 0.5398742672987282}