{"distribution": "lg", "edges": [["A", "D"], ["B", "D"], ["D", "E"], ["C", "E"]], "root_params": "A ~ N(20,20) B ~ N(20,20) C ~ N(15,15)", "experiment": 112, "not_root_params": "D   ~   N ( 2 A + 3 B , 6 . 0 6 2 5 )   E   ~   N ( 3 C + 3 D , 6 . 0 6 2 5 )", "sample_size": 931, "means": {"A": 20, "B": 20, "C": 15, "D": 100, "E": 345}, "disc_method": "EV", "bins": 25, "target_column": null, "CPT_method": "MLE", "time_disc": 0.10621160001028329, "time_cnf": 0.40635950000432786, "time_VE": 0.0016273999935947359, "time_BP": 0.017902599996887147, "RMSE": 12.971271868637233, "WRMSE": 13.000887345971337, "MAE": 10.15124417907467, "PE": 0.10324809018286125, "exact_EV": 345, "disc_EV": 344.64379408886913, "Wass_scaled": 0.16912143381775593, "Wass_multi": 4.674602246089831, "time_wass": 0.48536459999741055}