{
	"nodecount" : 25961,
	"peaknodes" : 28447,
	"total_load_time" : 3.65558,
	"build_time" : 3.46695,
	"wmc_time" : 0.00594497,
	"wmc_value" : 1,
	"bn_to_cnf_time" : 0.128107
}
