{"distribution": "lg", "edges": [["A", "D"], ["B", "D"], ["D", "E"], ["C", "E"]], "root_params": "A ~ N(20,20) B ~ N(20,20) C ~ N(15,15)", "experiment": 112, "not_root_params": "D   ~   N ( 2 A + 3 B , 6 . 0 6 2 5 )   E   ~   N ( 3 C + 3 D , 6 . 0 6 2 5 )", "sample_size": 931, "means": {"A": 20, "B": 20, "C": 15, "D": 100, "E": 345}, "disc_method": "EV", "bins": 30, "target_column": null, "CPT_method": "MLE", "time_disc": 0.1146728522144258, "time_cnf": 3.2011172361671925, "time_VE": 0.003159334883093834, "time_BP": 0.019321204163134098, "RMSE": 20.89570196100062, "WRMSE": 20.933677243744683, "MAE": 16.391518468417992, "PE": 0.1386892019902659, "exact_EV": 345, "disc_EV": 344.5215222531336, "Wass_scaled": 0.15269461621195726, "Wass_multi": 3.9158818421665242, "time_wass": 0.6097975899465382}