{
	"nodecount" : 4748,
	"peaknodes" : 4748,
	"total_load_time" : 0.326585,
	"build_time" : 0.234584,
	"wmc_time" : 0.00372314
}
