{"distribution": "lg", "edges": [["A", "D"], ["B", "D"], ["D", "E"], ["C", "E"]], "root_params": "A ~ N(20,20) B ~ N(20,20) C ~ N(15,15)", "experiment": 112, "not_root_params": "D   ~   N ( 2 A + 3 B , 6 . 0 6 2 5 )   E   ~   N ( 3 C + 3 D , 6 . 0 6 2 5 )", "sample_size": 931, "means": {"A": 20, "B": 20, "C": 15, "D": 100, "E": 345}, "disc_method": "EB", "bins": 8, "target_column": null, "CPT_method": "MLE", "time_disc": 0.08252494968473911, "time_cnf": 6.944911723025143, "time_VE": 0.0023662131279706955, "time_BP": 0.008770696818828583, "RMSE": 18.112403773646843, "WRMSE": 6.177215303394817, "MAE": 11.309645248722472, "PE": 0.01530874320179543, "exact_EV": 345, "disc_EV": 344.9471848359538, "Wass_scaled": 0.09873873300327408, "Wass_multi": 14.775178349524289, "time_wass": 0.5703999707475305}