{"distribution": "lg", "edges": [["A", "D"], ["B", "D"], ["D", "E"], ["C", "E"]], "root_params": "A ~ N(20,20) B ~ N(20,20) C ~ N(15,15)", "experiment": 112, "not_root_params": "D   ~   N ( 2 A + 3 B , 6 . 0 6 2 5 )   E   ~   N ( 3 C + 3 D , 6 . 0 6 2 5 )", "sample_size": 931, "means": {"A": 20, "B": 20, "C": 15, "D": 100, "E": 345}, "disc_method": "EB", "bins": 20, "target_column": null, "CPT_method": "MLE", "time_disc": 0.10437650000676513, "time_cnf": 0.1991664000088349, "time_VE": 0.001743400003761053, "time_BP": 0.016504500003065914, "RMSE": 40.23901599873729, "WRMSE": 12.901760960140294, "MAE": 26.261806909207355, "PE": 0.22562975814363542, "exact_EV": 345, "disc_EV": 344.22157733440446, "Wass_scaled": 0.038628575964594666, "Wass_multi": 6.041685226333609, "time_wass": 0.44785500000580214}