{"distribution": "lg", "edges": [["A", "D"], ["B", "D"], ["D", "E"], ["C", "E"]], "root_params": "A ~ N(20,20) B ~ N(20,20) C ~ N(15,15)", "experiment": 112, "not_root_params": "D   ~   N ( 2 A + 3 B , 6 . 0 6 2 5 )   E   ~   N ( 3 C + 3 D , 6 . 0 6 2 5 )", "sample_size": 931, "means": {"A": 20, "B": 20, "C": 15, "D": 100, "E": 345}, "disc_method": "EV", "bins": 17, "target_column": null, "CPT_method": "MLE", "time_disc": 0.13177736196666956, "time_cnf": 0.4306790689006448, "time_VE": 0.002405575942248106, "time_BP": 0.008954837918281555, "RMSE": 3.1538017992009912, "WRMSE": 3.1568249045468315, "MAE": 2.537909004447994, "PE": 0.25751645269774665, "exact_EV": 345, "disc_EV": 345.8884317618072, "Wass_scaled": 0.20509416039178519, "Wass_multi": 6.44394097785927, "time_wass": 0.49190988624468446}