{
	"nodecount" : 18478,
	"peaknodes" : 19360,
	"total_load_time" : 1.99409,
	"build_time" : 1.90795,
	"wmc_time" : 0.005023,
	"wmc_value" : 1,
	"bn_to_cnf_time" : 0.0568848
}
