{"distribution": "lg", "edges": [["A", "D"], ["B", "D"], ["D", "E"], ["C", "E"]], "root_params": "A ~ N(20,20) B ~ N(20,20) C ~ N(15,15)", "experiment": 112, "not_root_params": "D   ~   N ( 2 A + 3 B , 6 . 0 6 2 5 )   E   ~   N ( 3 C + 3 D , 6 . 0 6 2 5 )", "sample_size": 931, "means": {"A": 20, "B": 20, "C": 15, "D": 100, "E": 345}, "disc_method": "EB", "bins": 8, "target_column": null, "CPT_method": "MLE", "time_disc": 0.09674269999959506, "time_cnf": 0.017501299997093156, "time_VE": 0.002307300004758872, "time_BP": 0.005413500010035932, "RMSE": 18.11240377364684, "WRMSE": 6.177215303394808, "MAE": 11.30964524872245, "PE": 0.01530874320179543, "exact_EV": 345, "disc_EV": 344.9471848359538, "Wass_scaled": 0.09873873300327408, "Wass_multi": 14.775178349524289, "time_wass": 0.48612709999724757}