{
	"nodecount" : 8706,
	"peaknodes" : 9196,
	"total_load_time" : 1.09293,
	"build_time" : 0.896035,
	"wmc_time" : 0.00577998
}
