{"distribution": "lg", "edges": [["A", "D"], ["B", "D"], ["D", "E"], ["C", "E"]], "root_params": "A ~ N(20,20) B ~ N(20,20) C ~ N(15,15)", "experiment": 112, "not_root_params": "D   ~   N ( 2 A + 3 B , 6 . 0 6 2 5 )   E   ~   N ( 3 C + 3 D , 6 . 0 6 2 5 )", "sample_size": 931, "means": {"A": 20, "B": 20, "C": 15, "D": 100, "E": 345}, "disc_method": "EV", "bins": 14, "target_column": null, "CPT_method": "MLE", "time_disc": 0.12296880000212695, "time_cnf": 0.07482759999402333, "time_VE": 0.0016814999980852008, "time_BP": 0.006413600000087172, "RMSE": 2.923775709786199, "WRMSE": 2.9294829276509904, "MAE": 2.2254214513218806, "PE": 0.06923109415531829, "exact_EV": 345, "disc_EV": 344.76115272516415, "Wass_scaled": 0.22783300630995673, "Wass_multi": 7.637662080663353, "time_wass": 0.5111566999985371}