{"distribution": "lg", "edges": [["A", "D"], ["B", "D"], ["D", "E"], ["C", "E"]], "root_params": "A ~ N(20,20) B ~ N(20,20) C ~ N(15,15)", "experiment": 112, "not_root_params": "D   ~   N ( 2 A + 3 B , 6 . 0 6 2 5 )   E   ~   N ( 3 C + 3 D , 6 . 0 6 2 5 )", "sample_size": 931, "means": {"A": 20, "B": 20, "C": 15, "D": 100, "E": 345}, "disc_method": "EB", "bins": 30, "target_column": null, "CPT_method": "MLE", "time_disc": 0.10585050001100171, "time_cnf": 0.741430299996864, "time_VE": 0.0018748000002233312, "time_BP": 0.012018499997793697, "RMSE": 52.169243903439785, "WRMSE": 20.391192676793562, "MAE": 38.6174802523117, "PE": 0.10751401250825873, "exact_EV": 345, "disc_EV": 345.3709233431535, "Wass_scaled": 0.025465828923706982, "Wass_multi": 4.064267579317457, "time_wass": 0.4550301999988733}