{
	"nodecount" : 14089,
	"peaknodes" : 14269,
	"total_load_time" : 1.19596,
	"build_time" : 1.03526,
	"wmc_time" : 0.00525498
}
