{"distribution": "lg", "edges": [["A", "D"], ["B", "D"], ["D", "E"], ["C", "E"]], "root_params": "A ~ N(20,20) B ~ N(20,20) C ~ N(15,15)", "experiment": 112, "not_root_params": "D   ~   N ( 2 A + 3 B , 6 . 0 6 2 5 )   E   ~   N ( 3 C + 3 D , 6 . 0 6 2 5 )", "sample_size": 931, "means": {"A": 20, "B": 20, "C": 15, "D": 100, "E": 345}, "disc_method": "EB", "bins": 5, "target_column": null, "CPT_method": "MLE", "time_disc": 0.11331650000647642, "time_cnf": 0.010514699999475852, "time_VE": 0.001401900008204393, "time_BP": 0.011966199992457405, "RMSE": 8.944386159724697, "WRMSE": 4.9042997775893635, "MAE": 7.370124400784983, "PE": 0.12619784676244108, "exact_EV": 345, "disc_EV": 345.4353825713304, "Wass_scaled": 0.1728330179935416, "Wass_multi": 22.91654833993521, "time_wass": 0.4794994999974733}