{
	"nodecount" : 2884,
	"peaknodes" : 2917,
	"total_load_time" : 1.21735,
	"build_time" : 0.218688,
	"wmc_time" : 0.00328803
}
