{
	"nodecount" : 1064,
	"peaknodes" : 1127,
	"total_load_time" : 0.0831261,
	"build_time" : 0.074985,
	"wmc_time" : 0.00226402
}
