{"distribution": "lg", "edges": [["A", "D"], ["B", "D"], ["D", "E"], ["C", "E"]], "root_params": "A ~ N(20,20) B ~ N(20,20) C ~ N(15,15)", "experiment": 10, "not_root_params": "D   ~   N ( 2 A + 3 B , 5 )   E   ~   N ( 3 C + 3 D , 5 )", "sample_size": 800, "means": {"A": 20, "B": 20, "C": 15, "D": 100, "E": 345}, "disc_method": "EV", "bins": 12, "target_column": null, "Wass1D": 7.366285732760132, "Wass_multi": 9.17480504362109, "RMSE": 2.3516026851022596, "WRMSE": 2.35135975271449, "MAE": 5.5300351885801575, "VE_complexity": 521867.0}