{"distribution": "lg", "edges": [["A", "D"], ["B", "D"], ["D", "E"], ["C", "E"]], "root_params": "A ~ N(20,20) B ~ N(20,20) C ~ N(15,15)", "experiment": 10, "not_root_params": "D   ~   N ( 2 A + 3 B , 5 )   E   ~   N ( 3 C + 3 D , 5 )", "sample_size": 800, "means": {"A": 20, "B": 20, "C": 15, "D": 100, "E": 345}, "disc_method": "EV", "bins": 10, "target_column": null, "Wass1D": 8.280923109163679, "Wass_multi": 10.01467703995686, "RMSE": 2.7112795737969657, "WRMSE": 2.7112795737969657, "MAE": 7.351036927288656, "VE_complexity": 212009.0}