{"distribution": "lg", "edges": [["A", "D"], ["B", "D"], ["D", "E"], ["C", "E"]], "root_params": "A ~ N(20,20) B ~ N(20,20) C ~ N(15,15)", "experiment": 8, "not_root_params": "D   ~   N ( 2 A + 3 B , 2 )   E   ~   N ( 3 C + 3 D , 2 )", "sample_size": 2000, "means": {"A": 20, "B": 20, "C": 15, "D": 100, "E": 345}, "disc_method": "EV", "bins": 8, "target_column": null, "Wass1D": 3.816080402020468, "Wass_multi": 4.366056754364559, "RMSE": 0.9110454568699264, "WRMSE": 0.9110454568699264, "MAE": 0.830003824483333, "VE_complexity": 70663.0}