{"distribution": "lg", "edges": [["A", "D"], ["B", "D"], ["D", "E"], ["C", "E"]], "root_params": "A ~ N(20,20) B ~ N(20,20) C ~ N(15,15)", "experiment": 8, "not_root_params": "D   ~   N ( 2 A + 3 B , 2 )   E   ~   N ( 3 C + 3 D , 2 )", "sample_size": 2000, "means": {"A": 20, "B": 20, "C": 15, "D": 100, "E": 345}, "disc_method": "EV", "bins": 14, "target_column": null, "Wass1D": 2.338469617212071, "Wass_multi": 2.9130386007661935, "RMSE": 0.8404440298673524, "WRMSE": 0.84067182391047, "MAE": 0.7063461673396753, "VE_complexity": 1119565.0}