{
	"nodecount" : 173131,
	"peaknodes" : 174253,
	"total_load_time" : 7.76489,
	"build_time" : 7.10364,
	"wmc_time" : 0.0422451,
	"wmc_value" : 1,
	"bn_to_cnf_time" : 0.419283
}
