{"distribution": "lg", "edges": [["A", "D"], ["B", "D"], ["D", "E"], ["C", "E"]], "root_params": "A ~ N(20,20) B ~ N(20,20) C ~ N(15,15)", "experiment": 9, "not_root_params": "D   ~   N ( 2 A + 3 B , 2 )   E   ~   N ( 3 C + 3 D , 2 )", "sample_size": 5000, "means": {"A": 20, "B": 20, "C": 15, "D": 100, "E": 345}, "disc_method": "EB", "bins": 5, "target_column": null, "CPT_method": "Bayespriors", "time_disc": 0.1756318999978248, "time_cnf": 0.007848299996112473, "time_VE": 0.0016052999999374151, "time_BP": 0.0106311999988975, "RMSE": 4.9784675500412225, "WRMSE": 2.8020643558487572, "MAE": 4.303893632856512, "PE": 0.025477995727752008, "exact_EV": 345, "disc_EV": 344.91210091473926, "Wass_scaled": 0.16951734484995992, "Wass_multi": 7.659887862011348, "time_wass": 11.086535599999479}