{"distribution": "lg", "edges": [["A", "D"], ["B", "D"], ["D", "E"], ["C", "E"]], "root_params": "A ~ N(20,20) B ~ N(20,20) C ~ N(15,15)", "experiment": 9, "not_root_params": "D   ~   N ( 2 A + 3 B , 2 )   E   ~   N ( 3 C + 3 D , 2 )", "sample_size": 5000, "means": {"A": 20, "B": 20, "C": 15, "D": 100, "E": 345}, "disc_method": "MDLP", "bins": 2, "target_column": "E", "CPT_method": "Bayespriors", "time_disc": 3.7308443000074476, "time_cnf": 0.07879320000938606, "time_VE": 0.0018091999954776838, "time_BP": 0.012840699986554682, "RMSE": 0.6586635552188749, "WRMSE": 0.481445238007402, "MAE": 0.4808663256904566, "PE": 0.03499408495939122, "exact_EV": 345, "disc_EV": 344.8792704068901, "Wass_scaled": 0.3356939310379014, "Wass_multi": 1.6066892410085198, "time_wass": 11.5135006000055}