{"distribution": "lg", "edges": [["A", "D"], ["B", "D"], ["D", "E"], ["C", "E"]], "root_params": "A ~ N(20,20) B ~ N(20,20) C ~ N(15,15)", "experiment": 9, "not_root_params": "D   ~   N ( 2 A + 3 B , 2 )   E   ~   N ( 3 C + 3 D , 2 )", "sample_size": 5000, "means": {"A": 20, "B": 20, "C": 15, "D": 100, "E": 345}, "disc_method": "EB", "bins": 10, "target_column": null, "CPT_method": "Bayespriors", "time_disc": 0.17298919998575002, "time_cnf": 0.034251799996127374, "time_VE": 0.0021256000036373734, "time_BP": 0.0055191999999806285, "RMSE": 4.235277609520867, "WRMSE": 1.2237992339728518, "MAE": 2.844371007242097, "PE": 0.024277080656577087, "exact_EV": 345, "disc_EV": 344.9162440717348, "Wass_scaled": 0.07754742147317911, "Wass_multi": 4.116727152105234, "time_wass": 11.083578699995996}