{
	"nodecount" : 72869,
	"peaknodes" : 72896,
	"total_load_time" : 2.3971,
	"build_time" : 2.16819,
	"wmc_time" : 0.0159318
}
