{
	"nodecount" : 233131,
	"peaknodes" : 235812,
	"total_load_time" : 6.7554,
	"build_time" : 5.83584,
	"wmc_time" : 0.0493901
}
