{"distribution": "lg", "edges": [["A", "D"], ["B", "D"], ["D", "E"], ["C", "E"]], "root_params": "A ~ N(20,20) B ~ N(20,20) C ~ N(15,15)", "experiment": 9, "not_root_params": "D   ~   N ( 2 A + 3 B , 2 )   E   ~   N ( 3 C + 3 D , 2 )", "sample_size": 5000, "means": {"A": 20, "B": 20, "C": 15, "D": 100, "E": 345}, "disc_method": "EB", "bins": 30, "target_column": null, "CPT_method": "Bayespriors", "time_disc": 0.1767208999954164, "time_cnf": 0.8176466000004439, "time_VE": 0.0016815999988466501, "time_BP": 0.010865500007639639, "RMSE": 15.577962497191962, "WRMSE": 2.7398525755141074, "MAE": 9.149472041795176, "PE": 0.02179155959393556, "exact_EV": 345, "disc_EV": 344.9248191194009, "Wass_scaled": 0.02574857446556059, "Wass_multi": 1.3986304360539454, "time_wass": 10.640825700000278}