{"distribution": "lg", "edges": [["A", "D"], ["B", "D"], ["D", "E"], ["C", "E"]], "root_params": "A ~ N(20,20) B ~ N(20,20) C ~ N(15,15)", "experiment": 9, "not_root_params": "D   ~   N ( 2 A + 3 B , 2 )   E   ~   N ( 3 C + 3 D , 2 )", "sample_size": 5000, "means": {"A": 20, "B": 20, "C": 15, "D": 100, "E": 345}, "disc_method": "EV", "bins": 12, "target_column": null, "CPT_method": "Bayespriors", "time_disc": 0.1608542000030866, "time_cnf": 0.05782310001086444, "time_VE": 0.0013484000082826242, "time_BP": 0.005319400006555952, "RMSE": 0.6207999691654673, "WRMSE": 0.6210466465593832, "MAE": 0.41466906891107175, "PE": 0.0424754027598731, "exact_EV": 345, "disc_EV": 344.85345986047844, "Wass_scaled": 0.2673604658985199, "Wass_multi": 2.77680532677384, "time_wass": 12.854158899994218}