{"distribution": "lg", "edges": [["A", "D"], ["B", "D"], ["D", "E"], ["C", "E"]], "root_params": "A ~ N(20,20) B ~ N(20,20) C ~ N(15,15)", "experiment": 9, "not_root_params": "D   ~   N ( 2 A + 3 B , 2 )   E   ~   N ( 3 C + 3 D , 2 )", "sample_size": 5000, "means": {"A": 20, "B": 20, "C": 15, "D": 100, "E": 345}, "disc_method": "EV", "bins": 10, "target_column": null, "CPT_method": "Bayespriors", "time_disc": 0.26650339999991957, "time_cnf": 0.020750000000134605, "time_VE": 0.0030261000001701177, "time_BP": 0.017583300000069357, "RMSE": 0.66652054955162, "WRMSE": 0.66652054955162, "MAE": 0.42077067578823063, "PE": 0.03254636513687451, "exact_EV": 345, "disc_EV": 344.8877150402778, "Wass_scaled": 0.29338298618605807, "Wass_multi": 3.2375247579110122, "time_wass": 19.8043318}