{
	"nodecount" : 1527,
	"peaknodes" : 1608,
	"total_load_time" : 0.144208,
	"build_time" : 0.0604491,
	"wmc_time" : 0.00182509
}
