{"distribution": "lg", "edges": [["A", "D"], ["B", "D"], ["D", "E"], ["C", "E"]], "root_params": "A ~ N(20,20) B ~ N(20,20) C ~ N(15,15)", "experiment": 9, "not_root_params": "D   ~   N ( 2 A + 3 B , 2 )   E   ~   N ( 3 C + 3 D , 2 )", "sample_size": 5000, "means": {"A": 20, "B": 20, "C": 15, "D": 100, "E": 345}, "disc_method": "EV", "bins": 17, "target_column": null, "CPT_method": "Bayespriors", "time_disc": 0.37847529999999097, "time_cnf": 0.07535680000000866, "time_VE": 0.002693800000088231, "time_BP": 0.028735599999890837, "RMSE": 0.46316475962480347, "WRMSE": 0.46349145049527973, "MAE": 0.34964624349518825, "PE": 0.04581035253954394, "exact_EV": 345, "disc_EV": 344.8419542837386, "Wass_scaled": 0.22610114227978276, "Wass_multi": 2.0740601766092785, "time_wass": 18.49036009999986}