{
	"nodecount" : 107205,
	"peaknodes" : 107279,
	"total_load_time" : 3.0545,
	"build_time" : 2.74352,
	"wmc_time" : 0.0217621
}
