{"distribution": "lg", "edges": [["A", "D"], ["B", "D"], ["D", "E"], ["C", "E"]], "root_params": "A ~ N(20,20) B ~ N(20,20) C ~ N(15,15)", "experiment": 9, "not_root_params": "D   ~   N ( 2 A + 3 B , 2 )   E   ~   N ( 3 C + 3 D , 2 )", "sample_size": 5000, "means": {"A": 20, "B": 20, "C": 15, "D": 100, "E": 345}, "disc_method": "EB", "bins": 20, "target_column": null, "CPT_method": "Bayespriors", "time_disc": 0.17045809999399353, "time_cnf": 0.23000679998949636, "time_VE": 0.0015329000016208738, "time_BP": 0.010984199994709343, "RMSE": 12.245622175415884, "WRMSE": 1.8862851986778335, "MAE": 6.4898283280671425, "PE": 0.023548637093459758, "exact_EV": 345, "disc_EV": 344.91875720202756, "Wass_scaled": 0.03684737401915785, "Wass_multi": 2.0923113850921418, "time_wass": 11.769000000000233}