{"distribution": "lg", "edges": [["A", "D"], ["B", "D"], ["D", "E"], ["C", "E"]], "root_params": "A ~ N(20,20) B ~ N(20,20) C ~ N(15,15)", "experiment": 9, "not_root_params": "D   ~   N ( 2 A + 3 B , 2 )   E   ~   N ( 3 C + 3 D , 2 )", "sample_size": 5000, "means": {"A": 20, "B": 20, "C": 15, "D": 100, "E": 345}, "disc_method": "EV", "bins": 14, "target_column": null, "CPT_method": "Bayespriors", "time_disc": 0.1679228000139119, "time_cnf": 0.08176559999992605, "time_VE": 0.0014996000099927187, "time_BP": 0.011397099995519966, "RMSE": 0.5934707211803623, "WRMSE": 0.5939139108977284, "MAE": 0.4420043750508569, "PE": 0.036705280116525435, "exact_EV": 345, "disc_EV": 344.873366783598, "Wass_scaled": 0.24776668432746232, "Wass_multi": 2.434022749440685, "time_wass": 12.575373900006525}