{
	"nodecount" : 1283,
	"peaknodes" : 1363,
	"total_load_time" : 0.147364,
	"build_time" : 0.0568631,
	"wmc_time" : 0.001724
}
