{
	"nodecount" : 12835,
	"peaknodes" : 13279,
	"total_load_time" : 0.945896,
	"build_time" : 0.700989,
	"wmc_time" : 0.00366306
}
