{
	"nodecount" : 14611,
	"peaknodes" : 14834,
	"total_load_time" : 1.19022,
	"build_time" : 1.13928,
	"wmc_time" : 0.00749302,
	"wmc_value" : 1,
	"bn_to_cnf_time" : 0.0227754
}
