{
	"nodecount" : 19036,
	"peaknodes" : 19422,
	"total_load_time" : 1.21961,
	"build_time" : 1.01469,
	"wmc_time" : 0.00591993
}
