{
	"nodecount" : 8447,
	"peaknodes" : 8683,
	"total_load_time" : 0.589324,
	"build_time" : 0.460613,
	"wmc_time" : 0.00345993
}
