{
	"nodecount" : 173131,
	"peaknodes" : 174253,
	"total_load_time" : 4.71011,
	"build_time" : 4.14367,
	"wmc_time" : 0.0359678
}
