{"distribution": "lg", "edges": [["A", "D"], ["B", "D"], ["D", "E"], ["C", "E"]], "root_params": "A ~ N(20,20) B ~ N(20,20) C ~ N(15,15)", "experiment": 9, "not_root_params": "D   ~   N ( 2 A + 3 B , 2 )   E   ~   N ( 3 C + 3 D , 2 )", "sample_size": 5000, "means": {"A": 20, "B": 20, "C": 15, "D": 100, "E": 345}, "disc_method": "EB", "bins": 17, "target_column": null, "CPT_method": "Bayespriors", "time_disc": 0.166655000008177, "time_cnf": 0.14918259999831207, "time_VE": 0.002584200003184378, "time_BP": 0.013510399992810562, "RMSE": 11.080393459636987, "WRMSE": 1.6759196566352441, "MAE": 5.84785705944241, "PE": 0.036105181740634616, "exact_EV": 345, "disc_EV": 344.8754371229948, "Wass_scaled": 0.04391373781120999, "Wass_multi": 2.4578825943332863, "time_wass": 11.289450500000385}