{"distribution": "lg", "edges": [["A", "D"], ["B", "D"], ["D", "E"], ["C", "E"]], "root_params": "A ~ N(20,20) B ~ N(20,20) C ~ N(15,15)", "experiment": 9, "not_root_params": "D   ~   N ( 2 A + 3 B , 2 )   E   ~   N ( 3 C + 3 D , 2 )", "sample_size": 5000, "means": {"A": 20, "B": 20, "C": 15, "D": 100, "E": 345}, "disc_method": "EB", "bins": 25, "target_column": null, "CPT_method": "Bayespriors", "time_disc": 0.18851759999233764, "time_cnf": 0.5199695000046631, "time_VE": 0.001521300000604242, "time_BP": 0.010023599999840371, "RMSE": 14.718781618603572, "WRMSE": 2.4525883706562936, "MAE": 8.289410122106332, "PE": 0.0749144030261129, "exact_EV": 345, "disc_EV": 344.7415453095599, "Wass_scaled": 0.0307098329353648, "Wass_multi": 1.694157998999129, "time_wass": 10.671992399991723}