{"distribution": "lg", "edges": [["A", "D"], ["B", "D"], ["D", "E"], ["C", "E"]], "root_params": "A ~ N(20,20) B ~ N(20,20) C ~ N(15,15)", "experiment": 9, "not_root_params": "D   ~   N ( 2 A + 3 B , 2 )   E   ~   N ( 3 C + 3 D , 2 )", "sample_size": 5000, "means": {"A": 20, "B": 20, "C": 15, "D": 100, "E": 345}, "disc_method": "EV", "bins": 8, "target_column": null, "CPT_method": "Bayespriors", "time_disc": 0.16152340000553522, "time_cnf": 0.01940329998615198, "time_VE": 0.001418800005922094, "time_BP": 0.005075500012026168, "RMSE": 0.8787790234533124, "WRMSE": 0.8787790234533124, "MAE": 0.6235294163339731, "PE": 0.021995621319478152, "exact_EV": 345, "disc_EV": 344.9241151064478, "Wass_scaled": 0.3303949759672707, "Wass_multi": 3.9056553345408074, "time_wass": 12.356846400012728}