{
	"nodecount" : 121906,
	"peaknodes" : 125887,
	"total_load_time" : 10.1857,
	"build_time" : 9.01584,
	"wmc_time" : 0.0319471,
	"wmc_value" : 1,
	"bn_to_cnf_time" : 0.658569
}
