{"distribution": "lg", "edges": [["A", "D"], ["B", "D"], ["D", "E"], ["C", "E"]], "root_params": "A ~ N(20,20) B ~ N(20,20) C ~ N(15,15)", "experiment": 9, "not_root_params": "D   ~   N ( 2 A + 3 B , 2 )   E   ~   N ( 3 C + 3 D , 2 )", "sample_size": 5000, "means": {"A": 20, "B": 20, "C": 15, "D": 100, "E": 345}, "disc_method": "EB", "bins": 12, "target_column": null, "CPT_method": "Bayespriors", "time_disc": 0.3491300000000592, "time_cnf": 0.028311699999903794, "time_VE": 0.0033611999999720865, "time_BP": 0.015674300000000585, "RMSE": 6.212099961389658, "WRMSE": 1.073923797761019, "MAE": 3.403438223467333, "PE": 0.014603765038771968, "exact_EV": 345, "disc_EV": 344.94961701061624, "Wass_scaled": 0.06462216201647959, "Wass_multi": 3.4471319344970555, "time_wass": 22.38513120000016}