{
	"nodecount" : 7565,
	"peaknodes" : 9303,
	"total_load_time" : 3.46897,
	"build_time" : 2.88671,
	"wmc_time" : 0.00471807
}
