{"distribution": "lg", "edges": [["A", "D"], ["B", "D"], ["D", "E"], ["C", "E"]], "root_params": "A ~ N(20,20) B ~ N(20,20) C ~ N(15,15)", "experiment": 117, "not_root_params": "D   ~   N ( 2 A + 3 B , 5 . 2 1 8 7 5 )   E   ~   N ( 3 C + 3 D , 5 . 2 1 8 7 5 )", "sample_size": 278, "means": {"A": 20, "B": 20, "C": 15, "D": 100, "E": 345}, "disc_method": "MDLP", "bins": 2, "target_column": "E", "CPT_method": "MLE", "time_disc": 0.47827731305733323, "time_cnf": 2.493454479146749, "time_VE": 0.004333673045039177, "time_BP": 0.015461764298379421, "RMSE": 6.112941463145626, "WRMSE": 6.0375722893114165, "MAE": 5.434956942037871, "PE": 0.33045675021900234, "exact_EV": 345, "disc_EV": 343.85992421174444, "Wass_scaled": 0.34357416102805877, "Wass_multi": 4.4966289998421, "time_wass": 0.052485586144030094}