{"distribution": "lg", "edges": [["A", "D"], ["B", "D"], ["D", "E"], ["C", "E"]], "root_params": "A ~ N(20,20) B ~ N(20,20) C ~ N(15,15)", "experiment": 117, "not_root_params": "D   ~   N ( 2 A + 3 B , 5 . 2 1 8 7 5 )   E   ~   N ( 3 C + 3 D , 5 . 2 1 8 7 5 )", "sample_size": 278, "means": {"A": 20, "B": 20, "C": 15, "D": 100, "E": 345}, "disc_method": "EV", "bins": 10, "target_column": null, "CPT_method": "MLE", "time_disc": 0.07316957879811525, "time_cnf": 0.21900033904239535, "time_VE": 0.002229355275630951, "time_BP": 0.009997186250984669, "RMSE": 5.087669408095832, "WRMSE": 5.105589312577495, "MAE": 3.679052533012674, "PE": 0.6353151140755787, "exact_EV": 345, "disc_EV": 342.80816285643925, "Wass_scaled": 0.25218864797097257, "Wass_multi": 8.141916329453629, "time_wass": 0.05513073597103357}