{"distribution": "lg", "edges": [["A", "D"], ["B", "D"], ["D", "E"], ["C", "E"]], "root_params": "A ~ N(20,20) B ~ N(20,20) C ~ N(15,15)", "experiment": 117, "not_root_params": "D   ~   N ( 2 A + 3 B , 5 . 2 1 8 7 5 )   E   ~   N ( 3 C + 3 D , 5 . 2 1 8 7 5 )", "sample_size": 278, "means": {"A": 20, "B": 20, "C": 15, "D": 100, "E": 345}, "disc_method": "EV", "bins": 25, "target_column": null, "CPT_method": "MLE", "time_disc": 0.09588069999881554, "time_cnf": 0.45454230000905227, "time_VE": 0.0020724000059999526, "time_BP": 0.012567999991006218, "RMSE": 24.96318895722327, "WRMSE": 25.21876265087282, "MAE": 20.484456015113555, "PE": 0.5740357484088084, "exact_EV": 345, "disc_EV": 343.0195766679896, "Wass_scaled": 0.14799650517400187, "Wass_multi": 3.836282180237121, "time_wass": 0.0519817000022158}