{
	"nodecount" : 4444,
	"peaknodes" : 4875,
	"total_load_time" : 0.924023,
	"build_time" : 0.739595,
	"wmc_time" : 0.00317407
}
