{
	"nodecount" : 5829,
	"peaknodes" : 9310,
	"total_load_time" : 6.38341,
	"build_time" : 5.70577,
	"wmc_time" : 0.00405407
}
