{
	"nodecount" : 4796,
	"peaknodes" : 5704,
	"total_load_time" : 1.52263,
	"build_time" : 0.80012,
	"wmc_time" : 0.0034821
}
