{
	"nodecount" : 4482,
	"peaknodes" : 5164,
	"total_load_time" : 0.699299,
	"build_time" : 0.558568,
	"wmc_time" : 0.00302482
}
