{
	"nodecount" : 8544,
	"peaknodes" : 10923,
	"total_load_time" : 8.59245,
	"build_time" : 7.56214,
	"wmc_time" : 0.00629187
}
