{"distribution": "lg", "edges": [["A", "D"], ["B", "D"], ["D", "E"], ["C", "E"]], "root_params": "A ~ N(20,20) B ~ N(20,20) C ~ N(15,15)", "experiment": 117, "not_root_params": "D   ~   N ( 2 A + 3 B , 5 . 2 1 8 7 5 )   E   ~   N ( 3 C + 3 D , 5 . 2 1 8 7 5 )", "sample_size": 278, "means": {"A": 20, "B": 20, "C": 15, "D": 100, "E": 345}, "disc_method": "EV", "bins": 17, "target_column": null, "CPT_method": "MLE", "time_disc": 0.10367729999416042, "time_cnf": 0.15077919999021105, "time_VE": 0.0019258999964222312, "time_BP": 0.013228100011474453, "RMSE": 17.98169542777453, "WRMSE": 18.051028048602888, "MAE": 14.474963088009952, "PE": 0.5421308588408161, "exact_EV": 345, "disc_EV": 343.1296485369992, "Wass_scaled": 0.18290210412443492, "Wass_multi": 5.221981429147895, "time_wass": 0.05886760000430513}