{
	"nodecount" : 2977,
	"peaknodes" : 3031,
	"total_load_time" : 0.346852,
	"build_time" : 0.229564,
	"wmc_time" : 0.00381494
}
