{"distribution": "lg", "edges": [["A", "D"], ["B", "D"], ["D", "E"], ["C", "E"]], "root_params": "A ~ N(20,20) B ~ N(20,20) C ~ N(15,15)", "experiment": 117, "not_root_params": "D   ~   N ( 2 A + 3 B , 5 . 2 1 8 7 5 )   E   ~   N ( 3 C + 3 D , 5 . 2 1 8 7 5 )", "sample_size": 278, "means": {"A": 20, "B": 20, "C": 15, "D": 100, "E": 345}, "disc_method": "EB", "bins": 17, "target_column": null, "CPT_method": "MLE", "time_disc": 0.07164477091282606, "time_cnf": 0.2452182280831039, "time_VE": 0.0026922719553112984, "time_BP": 0.009097950998693705, "RMSE": 38.49353477287743, "WRMSE": 17.706329020212067, "MAE": 28.17135136348972, "PE": 1.7859592356287388, "exact_EV": 345, "disc_EV": 338.83844063708085, "Wass_scaled": 0.043009718429906675, "Wass_multi": 4.98083831914056, "time_wass": 0.0405855649150908}