{"distribution": "lg", "edges": [["A", "D"], ["B", "D"], ["D", "E"], ["C", "E"]], "root_params": "A ~ N(20,20) B ~ N(20,20) C ~ N(15,15)", "experiment": 117, "not_root_params": "D   ~   N ( 2 A + 3 B , 5 . 2 1 8 7 5 )   E   ~   N ( 3 C + 3 D , 5 . 2 1 8 7 5 )", "sample_size": 278, "means": {"A": 20, "B": 20, "C": 15, "D": 100, "E": 345}, "disc_method": "EB", "bins": 12, "target_column": null, "CPT_method": "MLE", "time_disc": 0.06617159582674503, "time_cnf": 0.2540506571531296, "time_VE": 0.003585220780223608, "time_BP": 0.00912284106016159, "RMSE": 29.579268860275956, "WRMSE": 12.284935699210832, "MAE": 19.88061032870945, "PE": 1.0923559731698471, "exact_EV": 345, "disc_EV": 341.231371892564, "Wass_scaled": 0.06406873330409107, "Wass_multi": 6.979168568236919, "time_wass": 0.04609483713284135}