{"distribution": "lg", "edges": [["A", "D"], ["B", "D"], ["D", "E"], ["C", "E"]], "root_params": "A ~ N(20,20) B ~ N(20,20) C ~ N(15,15)", "experiment": 117, "not_root_params": "D   ~   N ( 2 A + 3 B , 5 . 2 1 8 7 5 )   E   ~   N ( 3 C + 3 D , 5 . 2 1 8 7 5 )", "sample_size": 278, "means": {"A": 20, "B": 20, "C": 15, "D": 100, "E": 345}, "disc_method": "EV", "bins": 8, "target_column": null, "CPT_method": "MLE", "time_disc": 0.0706075569614768, "time_cnf": 0.46722411597147584, "time_VE": 0.001888748724013567, "time_BP": 0.007964944932609797, "RMSE": 4.360588054148041, "WRMSE": 4.375082049478327, "MAE": 3.4893599892703833, "PE": 0.6710756926114906, "exact_EV": 345, "disc_EV": 342.68478886049036, "Wass_scaled": 0.2911103130054171, "Wass_multi": 10.114193335544996, "time_wass": 0.04692938085645437}