{
	"nodecount" : 5829,
	"peaknodes" : 9310,
	"total_load_time" : 7.82071,
	"build_time" : 7.08506,
	"wmc_time" : 0.00375104,
	"wmc_value" : 1,
	"bn_to_cnf_time" : 0.357695
}
