{"distribution": "lg", "edges": [["A", "D"], ["B", "D"], ["D", "E"], ["C", "E"]], "root_params": "A ~ N(20,20) B ~ N(20,20) C ~ N(15,15)", "experiment": 117, "not_root_params": "D   ~   N ( 2 A + 3 B , 5 . 2 1 8 7 5 )   E   ~   N ( 3 C + 3 D , 5 . 2 1 8 7 5 )", "sample_size": 278, "means": {"A": 20, "B": 20, "C": 15, "D": 100, "E": 345}, "disc_method": "EB", "bins": 14, "target_column": null, "CPT_method": "MLE", "time_disc": 0.0839010770432651, "time_cnf": 0.5932947620749474, "time_VE": 0.0041555799543857574, "time_BP": 0.017373069655150175, "RMSE": 36.26750505210648, "WRMSE": 14.540415667595951, "MAE": 25.061037023998157, "PE": 1.0911653256412763, "exact_EV": 345, "disc_EV": 341.2354796265376, "Wass_scaled": 0.054828373613488544, "Wass_multi": 6.5543023197967605, "time_wass": 0.08056126488372684}