{"distribution": "lg", "edges": [["A", "D"], ["B", "D"], ["D", "E"], ["C", "E"]], "root_params": "A ~ N(20,20) B ~ N(20,20) C ~ N(15,15)", "experiment": 117, "not_root_params": "D   ~   N ( 2 A + 3 B , 5 . 2 1 8 7 5 )   E   ~   N ( 3 C + 3 D , 5 . 2 1 8 7 5 )", "sample_size": 278, "means": {"A": 20, "B": 20, "C": 15, "D": 100, "E": 345}, "disc_method": "EV", "bins": 20, "target_column": null, "CPT_method": "MLE", "time_disc": 0.09377380000660196, "time_cnf": 0.2502955999952974, "time_VE": 0.002231899998150766, "time_BP": 0.010195399998337962, "RMSE": 21.971862578545515, "WRMSE": 22.03442266620068, "MAE": 17.94960869935459, "PE": 0.43216603890205013, "exact_EV": 345, "disc_EV": 343.5090271657879, "Wass_scaled": 0.16222529287181645, "Wass_multi": 4.552808206292185, "time_wass": 0.059346199996070936}