{"distribution": "lg", "edges": [["A", "D"], ["B", "D"], ["D", "E"], ["C", "E"]], "root_params": "A ~ N(20,20) B ~ N(20,20) C ~ N(15,15)", "experiment": 117, "not_root_params": "D   ~   N ( 2 A + 3 B , 5 . 2 1 8 7 5 )   E   ~   N ( 3 C + 3 D , 5 . 2 1 8 7 5 )", "sample_size": 278, "means": {"A": 20, "B": 20, "C": 15, "D": 100, "E": 345}, "disc_method": "EB", "bins": 8, "target_column": null, "CPT_method": "MLE", "time_disc": 0.06830274499952793, "time_cnf": 0.2010003193281591, "time_VE": 0.005730758886784315, "time_BP": 0.015503787901252508, "RMSE": 24.13787472101595, "WRMSE": 9.213533537102277, "MAE": 16.217999392421596, "PE": 0.748845236834333, "exact_EV": 345, "disc_EV": 342.41648393292155, "Wass_scaled": 0.10057341315612411, "Wass_multi": 10.980889452114278, "time_wass": 0.08024657983332872}