{
	"nodecount" : 7921,
	"peaknodes" : 10067,
	"total_load_time" : 7.29744,
	"build_time" : 6.47754,
	"wmc_time" : 0.00446391,
	"wmc_value" : 1,
	"bn_to_cnf_time" : 0.309877
}
