{"distribution": "lg", "edges": [["A", "D"], ["B", "D"], ["D", "E"], ["C", "E"]], "root_params": "A ~ N(20,20) B ~ N(20,20) C ~ N(15,15)", "experiment": 117, "not_root_params": "D   ~   N ( 2 A + 3 B , 5 . 2 1 8 7 5 )   E   ~   N ( 3 C + 3 D , 5 . 2 1 8 7 5 )", "sample_size": 278, "means": {"A": 20, "B": 20, "C": 15, "D": 100, "E": 345}, "disc_method": "EV", "bins": 30, "target_column": null, "CPT_method": "MLE", "time_disc": 0.13334804587066174, "time_cnf": 3.5373254590667784, "time_VE": 0.005829249043017626, "time_BP": 0.017230199184268713, "RMSE": 26.95209375651786, "WRMSE": 27.176660534865682, "MAE": 21.742195664432195, "PE": 0.7418730448392066, "exact_EV": 345, "disc_EV": 342.44053799530474, "Wass_scaled": 0.1325335556749967, "Wass_multi": 3.263153284230244, "time_wass": 0.04391939705237746}