{
	"nodecount" : 5376,
	"peaknodes" : 6585,
	"total_load_time" : 1.24757,
	"build_time" : 1.0416,
	"wmc_time" : 0.00387001
}
