{"distribution": "lg", "edges": [["A", "D"], ["B", "D"], ["D", "E"], ["C", "E"]], "root_params": "A ~ N(20,20) B ~ N(20,20) C ~ N(15,15)", "experiment": 117, "not_root_params": "D   ~   N ( 2 A + 3 B , 5 . 2 1 8 7 5 )   E   ~   N ( 3 C + 3 D , 5 . 2 1 8 7 5 )", "sample_size": 278, "means": {"A": 20, "B": 20, "C": 15, "D": 100, "E": 345}, "disc_method": "EV", "bins": 14, "target_column": null, "CPT_method": "MLE", "time_disc": 0.09001220000209287, "time_cnf": 0.08247249999840278, "time_VE": 0.003366200005984865, "time_BP": 0.010371199998189695, "RMSE": 12.065345522109798, "WRMSE": 12.107202311442261, "MAE": 9.505676157616266, "PE": 0.8882098388678712, "exact_EV": 345, "disc_EV": 341.93567605590584, "Wass_scaled": 0.20133800477517272, "Wass_multi": 5.654989060402207, "time_wass": 0.06529140000930056}