{"distribution": "lg", "edges": [["A", "D"], ["B", "D"], ["D", "E"], ["C", "E"]], "root_params": "A ~ N(20,20) B ~ N(20,20) C ~ N(15,15)", "experiment": 117, "not_root_params": "D   ~   N ( 2 A + 3 B , 5 . 2 1 8 7 5 )   E   ~   N ( 3 C + 3 D , 5 . 2 1 8 7 5 )", "sample_size": 278, "means": {"A": 20, "B": 20, "C": 15, "D": 100, "E": 345}, "disc_method": "EV", "bins": 20, "target_column": null, "CPT_method": "MLE", "time_disc": 0.0803898791782558, "time_cnf": 0.429701984860003, "time_VE": 0.0025381618179380894, "time_BP": 0.010503708850592375, "RMSE": 21.97186257854552, "WRMSE": 22.034422666200683, "MAE": 17.9496086993546, "PE": 0.43216603890205013, "exact_EV": 345, "disc_EV": 343.5090271657879, "Wass_scaled": 0.16222529287181645, "Wass_multi": 4.552808206292185, "time_wass": 0.04204924311488867}