{
	"nodecount" : 7197,
	"peaknodes" : 9457,
	"total_load_time" : 3.63228,
	"build_time" : 3.46617,
	"wmc_time" : 0.00411296,
	"wmc_value" : 1,
	"bn_to_cnf_time" : 0.109133
}
