{
	"nodecount" : 8562,
	"peaknodes" : 10377,
	"total_load_time" : 2.25401,
	"build_time" : 1.93285,
	"wmc_time" : 0.00319982
}
