{"distribution": "lg", "edges": [["A", "D"], ["B", "D"], ["D", "E"], ["C", "E"]], "root_params": "A ~ N(20,20) B ~ N(20,20) C ~ N(15,15)", "experiment": 117, "not_root_params": "D   ~   N ( 2 A + 3 B , 5 . 2 1 8 7 5 )   E   ~   N ( 3 C + 3 D , 5 . 2 1 8 7 5 )", "sample_size": 278, "means": {"A": 20, "B": 20, "C": 15, "D": 100, "E": 345}, "disc_method": "EV", "bins": 30, "target_column": null, "CPT_method": "Bayespriors", "time_disc": 0.1313645588234067, "time_cnf": 9.419271037913859, "time_VE": 0.001644217874854803, "time_BP": 0.010829016100615263, "RMSE": 26.9551856747089, "WRMSE": 27.179769357955703, "MAE": 21.744521131247115, "PE": 0.7419515293161671, "exact_EV": 345, "disc_EV": 342.4402672238592, "Wass_scaled": 0.1325335556749967, "Wass_multi": 3.263153284230244, "time_wass": 0.02539369883015752}