{
	"nodecount" : 6296,
	"peaknodes" : 9784,
	"total_load_time" : 7.3915,
	"build_time" : 6.74079,
	"wmc_time" : 0.00377393,
	"wmc_value" : 1,
	"bn_to_cnf_time" : 0.416727
}
