{
	"nodecount" : 5130,
	"peaknodes" : 5577,
	"total_load_time" : 0.695199,
	"build_time" : 0.557527,
	"wmc_time" : 0.00261712
}
