{"distribution": "lg", "edges": [["A", "D"], ["B", "D"], ["D", "E"], ["C", "E"]], "root_params": "A ~ N(20,20) B ~ N(20,20) C ~ N(15,15)", "experiment": 117, "not_root_params": "D   ~   N ( 2 A + 3 B , 5 . 2 1 8 7 5 )   E   ~   N ( 3 C + 3 D , 5 . 2 1 8 7 5 )", "sample_size": 278, "means": {"A": 20, "B": 20, "C": 15, "D": 100, "E": 345}, "disc_method": "EB", "bins": 14, "target_column": null, "CPT_method": "Bayespriors", "time_disc": 0.15912440000101924, "time_cnf": 0.0806287000013981, "time_VE": 0.002068500005407259, "time_BP": 0.013234999991254881, "RMSE": 36.274482271027296, "WRMSE": 14.545577183373318, "MAE": 25.067325211798302, "PE": 1.0931790691985452, "exact_EV": 345, "disc_EV": 341.228532211265, "Wass_scaled": 0.054828373613488544, "Wass_multi": 6.5543023197967605, "time_wass": 0.062486100010573864}