{
	"nodecount" : 1124,
	"peaknodes" : 1200,
	"total_load_time" : 0.105059,
	"build_time" : 0.0944459,
	"wmc_time" : 0.00261402,
	"wmc_value" : 1,
	"bn_to_cnf_time" : 0.00269294
}
