{"distribution": "lg", "edges": [["A", "D"], ["B", "D"], ["D", "E"], ["C", "E"]], "root_params": "A ~ N(20,20) B ~ N(20,20) C ~ N(15,15)", "experiment": 117, "not_root_params": "D   ~   N ( 2 A + 3 B , 5 . 2 1 8 7 5 )   E   ~   N ( 3 C + 3 D , 5 . 2 1 8 7 5 )", "sample_size": 278, "means": {"A": 20, "B": 20, "C": 15, "D": 100, "E": 345}, "disc_method": "EV", "bins": 20, "target_column": null, "CPT_method": "Bayespriors", "time_disc": 0.21960470000340138, "time_cnf": 0.2749638999957824, "time_VE": 0.0017410000000381842, "time_BP": 0.01653039999655448, "RMSE": 21.978060308289383, "WRMSE": 22.040638622385135, "MAE": 17.954461268267107, "PE": 0.4325651689041117, "exact_EV": 345, "disc_EV": 343.5076501672808, "Wass_scaled": 0.16222529287181645, "Wass_multi": 4.552808206292185, "time_wass": 0.05530900000303518}