{
	"nodecount" : 9182,
	"peaknodes" : 11511,
	"total_load_time" : 4.56987,
	"build_time" : 3.81796,
	"wmc_time" : 0.00328207
}
