{"distribution": "lg", "edges": [["A", "D"], ["B", "D"], ["D", "E"], ["C", "E"]], "root_params": "A ~ N(20,20) B ~ N(20,20) C ~ N(15,15)", "experiment": 117, "not_root_params": "D   ~   N ( 2 A + 3 B , 5 . 2 1 8 7 5 )   E   ~   N ( 3 C + 3 D , 5 . 2 1 8 7 5 )", "sample_size": 278, "means": {"A": 20, "B": 20, "C": 15, "D": 100, "E": 345}, "disc_method": "EB", "bins": 20, "target_column": null, "CPT_method": "Bayespriors", "time_disc": 0.168739499989897, "time_cnf": 0.1963936999964062, "time_VE": 0.0026867999986279756, "time_BP": 0.01721249999536667, "RMSE": 36.48541822244347, "WRMSE": 19.23772385086473, "MAE": 27.554570557427372, "PE": 2.1282902509968458, "exact_EV": 345, "disc_EV": 337.6573986340609, "Wass_scaled": 0.03665675527845546, "Wass_multi": 4.307198040123892, "time_wass": 0.059050600000773557}