{"distribution": "lg", "edges": [["A", "D"], ["B", "D"], ["D", "E"], ["C", "E"]], "root_params": "A ~ N(20,20) B ~ N(20,20) C ~ N(15,15)", "experiment": 117, "not_root_params": "D   ~   N ( 2 A + 3 B , 5 . 2 1 8 7 5 )   E   ~   N ( 3 C + 3 D , 5 . 2 1 8 7 5 )", "sample_size": 278, "means": {"A": 20, "B": 20, "C": 15, "D": 100, "E": 345}, "disc_method": "EB", "bins": 20, "target_column": null, "CPT_method": "Bayespriors", "time_disc": 0.10805099504068494, "time_cnf": 1.4178451970219612, "time_VE": 0.001410915981978178, "time_BP": 0.00609053997322917, "RMSE": 36.485418222443464, "WRMSE": 19.237723850864718, "MAE": 27.554570557427358, "PE": 2.1282902509968786, "exact_EV": 345, "disc_EV": 337.65739863406077, "Wass_scaled": 0.03665675527845546, "Wass_multi": 4.307198040123892, "time_wass": 0.025060331914573908}