{"distribution": "lg", "edges": [["A", "D"], ["B", "D"], ["D", "E"], ["C", "E"]], "root_params": "A ~ N(20,20) B ~ N(20,20) C ~ N(15,15)", "experiment": 117, "not_root_params": "D   ~   N ( 2 A + 3 B , 5 . 2 1 8 7 5 )   E   ~   N ( 3 C + 3 D , 5 . 2 1 8 7 5 )", "sample_size": 278, "means": {"A": 20, "B": 20, "C": 15, "D": 100, "E": 345}, "disc_method": "EV", "bins": 8, "target_column": null, "CPT_method": "Bayespriors", "time_disc": 0.1591142000106629, "time_cnf": 0.01888610000605695, "time_VE": 0.0017742999916663393, "time_BP": 0.01194099998974707, "RMSE": 4.361930391235066, "WRMSE": 4.376434330994375, "MAE": 3.4899249146328017, "PE": 0.6711117394738688, "exact_EV": 345, "disc_EV": 342.68466449881515, "Wass_scaled": 0.2911103130054171, "Wass_multi": 10.114193335544996, "time_wass": 0.05748180000227876}