{"distribution": "lg", "edges": [["A", "D"], ["B", "D"], ["D", "E"], ["C", "E"]], "root_params": "A ~ N(20,20) B ~ N(20,20) C ~ N(15,15)", "experiment": 117, "not_root_params": "D   ~   N ( 2 A + 3 B , 5 . 2 1 8 7 5 )   E   ~   N ( 3 C + 3 D , 5 . 2 1 8 7 5 )", "sample_size": 278, "means": {"A": 20, "B": 20, "C": 15, "D": 100, "E": 345}, "disc_method": "EV", "bins": 12, "target_column": null, "CPT_method": "Bayespriors", "time_disc": 0.09661404183134437, "time_cnf": 0.2427174849435687, "time_VE": 0.0012270896695554256, "time_BP": 0.005202670115977526, "RMSE": 8.904881659096624, "WRMSE": 8.995876930228851, "MAE": 6.2765237784650525, "PE": 0.25265711531918555, "exact_EV": 345, "disc_EV": 344.1283329521488, "Wass_scaled": 0.22744745003666514, "Wass_multi": 6.736022850800288, "time_wass": 0.029179594945162535}