{"distribution": "lg", "edges": [["A", "D"], ["B", "D"], ["D", "E"], ["C", "E"]], "root_params": "A ~ N(20,20) B ~ N(20,20) C ~ N(15,15)", "experiment": 117, "not_root_params": "D   ~   N ( 2 A + 3 B , 5 . 2 1 8 7 5 )   E   ~   N ( 3 C + 3 D , 5 . 2 1 8 7 5 )", "sample_size": 278, "means": {"A": 20, "B": 20, "C": 15, "D": 100, "E": 345}, "disc_method": "EB", "bins": 10, "target_column": null, "CPT_method": "Bayespriors", "time_disc": 0.09394850209355354, "time_cnf": 0.5849509779363871, "time_VE": 0.001175273209810257, "time_BP": 0.004866029601544142, "RMSE": 26.971480915774485, "WRMSE": 9.720908244885278, "MAE": 17.632545681288928, "PE": 1.0192277602077147, "exact_EV": 345, "disc_EV": 341.4836642272834, "Wass_scaled": 0.07621519215464716, "Wass_multi": 8.626979908519905, "time_wass": 0.027422026731073856}