{
	"nodecount" : 1124,
	"peaknodes" : 1200,
	"total_load_time" : 0.144932,
	"build_time" : 0.054961,
	"wmc_time" : 0.00170708
}
