{"distribution": "lg", "edges": [["A", "D"], ["B", "D"], ["D", "E"], ["C", "E"]], "root_params": "A ~ N(20,20) B ~ N(20,20) C ~ N(15,15)", "experiment": 117, "not_root_params": "D   ~   N ( 2 A + 3 B , 5 . 2 1 8 7 5 )   E   ~   N ( 3 C + 3 D , 5 . 2 1 8 7 5 )", "sample_size": 278, "means": {"A": 20, "B": 20, "C": 15, "D": 100, "E": 345}, "disc_method": "EB", "bins": 5, "target_column": null, "CPT_method": "Bayespriors", "time_disc": 0.14938050000637304, "time_cnf": 0.011929999993299134, "time_VE": 0.004829400000744499, "time_BP": 0.011687699996400625, "RMSE": 12.568633295833562, "WRMSE": 7.382947851912662, "MAE": 10.406275851948681, "PE": 0.7560320730261616, "exact_EV": 345, "disc_EV": 342.39168934805974, "Wass_scaled": 0.18023405700414155, "Wass_multi": 17.176190425396822, "time_wass": 0.05772579999756999}