{
	"nodecount" : 8562,
	"peaknodes" : 10377,
	"total_load_time" : 5.01164,
	"build_time" : 4.67582,
	"wmc_time" : 0.00501609,
	"wmc_value" : 1,
	"bn_to_cnf_time" : 0.152482
}
