{"distribution": "lg", "edges": [["A", "D"], ["B", "D"], ["D", "E"], ["C", "E"]], "root_params": "A ~ N(20,20) B ~ N(20,20) C ~ N(15,15)", "experiment": 117, "not_root_params": "D   ~   N ( 2 A + 3 B , 5 . 2 1 8 7 5 )   E   ~   N ( 3 C + 3 D , 5 . 2 1 8 7 5 )", "sample_size": 278, "means": {"A": 20, "B": 20, "C": 15, "D": 100, "E": 345}, "disc_method": "EV", "bins": 25, "target_column": null, "CPT_method": "Bayespriors", "time_disc": 0.11646193591877818, "time_cnf": 3.246779647655785, "time_VE": 0.001496017910540104, "time_BP": 0.0076974923722445965, "RMSE": 24.967757301457198, "WRMSE": 25.223397677704344, "MAE": 20.487823087865873, "PE": 0.5743725215354615, "exact_EV": 345, "disc_EV": 343.01841480070266, "Wass_scaled": 0.14799650517400187, "Wass_multi": 3.836282180237121, "time_wass": 0.026733662001788616}