{
	"nodecount" : 7197,
	"peaknodes" : 9457,
	"total_load_time" : 1.79496,
	"build_time" : 1.57499,
	"wmc_time" : 0.00262785
}
