{
	"nodecount" : 4429,
	"peaknodes" : 4810,
	"total_load_time" : 0.796845,
	"build_time" : 0.76277,
	"wmc_time" : 0.00359011,
	"wmc_value" : 1,
	"bn_to_cnf_time" : 0.0217037
}
