{
	"nodecount" : 7122,
	"peaknodes" : 9555,
	"total_load_time" : 2.39772,
	"build_time" : 2.10232,
	"wmc_time" : 0.00256586
}
