{
	"nodecount" : 2430,
	"peaknodes" : 2516,
	"total_load_time" : 0.248032,
	"build_time" : 0.139914,
	"wmc_time" : 0.00208998
}
