{
	"nodecount" : 5154,
	"peaknodes" : 5822,
	"total_load_time" : 0.906235,
	"build_time" : 0.861667,
	"wmc_time" : 0.00410199,
	"wmc_value" : 1,
	"bn_to_cnf_time" : 0.0208223
}
