{
	"nodecount" : 6296,
	"peaknodes" : 9784,
	"total_load_time" : 3.76445,
	"build_time" : 3.15985,
	"wmc_time" : 0.00241804
}
