{"distribution": "lg", "edges": [["A", "D"], ["B", "D"], ["D", "E"], ["C", "E"]], "root_params": "A ~ N(20,20) B ~ N(20,20) C ~ N(15,15)", "experiment": 117, "not_root_params": "D   ~   N ( 2 A + 3 B , 5 . 2 1 8 7 5 )   E   ~   N ( 3 C + 3 D , 5 . 2 1 8 7 5 )", "sample_size": 278, "means": {"A": 20, "B": 20, "C": 15, "D": 100, "E": 345}, "disc_method": "EB", "bins": 30, "target_column": null, "CPT_method": "Bayespriors", "time_disc": 0.18265190000238363, "time_cnf": 0.6568633999995654, "time_VE": 0.0019807000062428415, "time_BP": 0.012299800000619143, "RMSE": 42.320191819281426, "WRMSE": 25.274333806921838, "MAE": 34.79671079539348, "PE": 2.00985106450343, "exact_EV": 345, "disc_EV": 338.06601382746317, "Wass_scaled": 0.023525335855710323, "Wass_multi": 2.776057401960852, "time_wass": 0.044953299991902895}