{
	"nodecount" : 7529,
	"peaknodes" : 8717,
	"total_load_time" : 1.54395,
	"build_time" : 1.2836,
	"wmc_time" : 0.00303006
}
