{"distribution": "lg", "edges": [["A", "D"], ["B", "D"], ["D", "E"], ["C", "E"]], "root_params": "A ~ N(20,20) B ~ N(20,20) C ~ N(15,15)", "experiment": 117, "not_root_params": "D   ~   N ( 2 A + 3 B , 5 . 2 1 8 7 5 )   E   ~   N ( 3 C + 3 D , 5 . 2 1 8 7 5 )", "sample_size": 278, "means": {"A": 20, "B": 20, "C": 15, "D": 100, "E": 345}, "disc_method": "EB", "bins": 8, "target_column": null, "CPT_method": "Bayespriors", "time_disc": 0.15407309999864083, "time_cnf": 0.017682999998214655, "time_VE": 0.002139000003808178, "time_BP": 0.011257100006332621, "RMSE": 24.14234679930619, "WRMSE": 9.215722926209668, "MAE": 16.221712334504836, "PE": 0.7494394355739054, "exact_EV": 345, "disc_EV": 342.41443394727, "Wass_scaled": 0.10057341315612411, "Wass_multi": 10.980889452114278, "time_wass": 0.05535009999584872}