{
	"nodecount" : 6279,
	"peaknodes" : 7509,
	"total_load_time" : 0.974886,
	"build_time" : 0.793197,
	"wmc_time" : 0.00261712
}
