{
	"nodecount" : 9182,
	"peaknodes" : 11511,
	"total_load_time" : 8.62854,
	"build_time" : 7.73797,
	"wmc_time" : 0.00503302,
	"wmc_value" : 1,
	"bn_to_cnf_time" : 0.532448
}
