{"distribution": "lg", "edges": [["A", "D"], ["B", "D"], ["D", "E"], ["C", "E"]], "root_params": "A ~ N(20,20) B ~ N(20,20) C ~ N(15,15)", "experiment": 117, "not_root_params": "D   ~   N ( 2 A + 3 B , 5 . 2 1 8 7 5 )   E   ~   N ( 3 C + 3 D , 5 . 2 1 8 7 5 )", "sample_size": 278, "means": {"A": 20, "B": 20, "C": 15, "D": 100, "E": 345}, "disc_method": "EV", "bins": 20, "target_column": null, "CPT_method": "Bayespriors", "time_disc": 0.10444396501407027, "time_cnf": 1.4821064327843487, "time_VE": 0.0013446998782455921, "time_BP": 0.006633508950471878, "RMSE": 21.978060308289383, "WRMSE": 22.04063862238513, "MAE": 17.95446126826711, "PE": 0.4325651689041117, "exact_EV": 345, "disc_EV": 343.5076501672808, "Wass_scaled": 0.16222529287181645, "Wass_multi": 4.552808206292185, "time_wass": 0.027858473360538483}