{
	"nodecount" : 47853,
	"peaknodes" : 50777,
	"total_load_time" : 5.0067,
	"build_time" : 4.65837,
	"wmc_time" : 0.00853801,
	"wmc_value" : 1,
	"bn_to_cnf_time" : 0.159178
}
