{
	"nodecount" : 13316,
	"peaknodes" : 13912,
	"total_load_time" : 1.87573,
	"build_time" : 1.78253,
	"wmc_time" : 0.00506282,
	"wmc_value" : 1,
	"bn_to_cnf_time" : 0.0545812
}
