{"distribution": "lg", "edges": [["A", "D"], ["B", "D"], ["D", "E"], ["C", "E"]], "root_params": "A ~ N(20,20) B ~ N(20,20) C ~ N(15,15)", "experiment": 110, "not_root_params": "D   ~   N ( 2 A + 3 B , 8 . 3 1 2 5 )   E   ~   N ( 3 C + 3 D , 8 . 3 1 2 5 )", "sample_size": 1406, "means": {"A": 20, "B": 20, "C": 15, "D": 100, "E": 345}, "disc_method": "EB", "bins": 8, "target_column": null, "CPT_method": "MLE", "time_disc": 0.09238699730485678, "time_cnf": 0.24610555917024612, "time_VE": 0.0033798259682953358, "time_BP": 0.013115307316184044, "RMSE": 17.620406033757018, "WRMSE": 6.362482139546039, "MAE": 11.808609087537572, "PE": 0.29700637691691384, "exact_EV": 345, "disc_EV": 343.97532799963665, "Wass_scaled": 0.10052002090860156, "Wass_multi": 19.515469107349077, "time_wass": 0.9850306552834809}