{
	"nodecount" : 29925,
	"peaknodes" : 31296,
	"total_load_time" : 3.74628,
	"build_time" : 3.42284,
	"wmc_time" : 0.0101621
}
