{"distribution": "lg", "edges": [["A", "D"], ["B", "D"], ["D", "E"], ["C", "E"]], "root_params": "A ~ N(20,20) B ~ N(20,20) C ~ N(15,15)", "experiment": 110, "not_root_params": "D   ~   N ( 2 A + 3 B , 8 . 3 1 2 5 )   E   ~   N ( 3 C + 3 D , 8 . 3 1 2 5 )", "sample_size": 1406, "means": {"A": 20, "B": 20, "C": 15, "D": 100, "E": 345}, "disc_method": "EV", "bins": 12, "target_column": null, "CPT_method": "MLE", "time_disc": 0.0752325369976461, "time_cnf": 0.26688742684200406, "time_VE": 0.003268629778176546, "time_BP": 0.01629502885043621, "RMSE": 3.7706327091504415, "WRMSE": 3.7807266168216054, "MAE": 2.599455812788726, "PE": 0.21833835179303393, "exact_EV": 345, "disc_EV": 344.24673268631403, "Wass_scaled": 0.23723974668468242, "Wass_multi": 11.87295903265614, "time_wass": 0.9961459948681295}