{
	"nodecount" : 1336,
	"peaknodes" : 1428,
	"total_load_time" : 0.148154,
	"build_time" : 0.0670578,
	"wmc_time" : 0.00212002
}
