{
	"nodecount" : 9941,
	"peaknodes" : 10332,
	"total_load_time" : 0.877398,
	"build_time" : 0.729042,
	"wmc_time" : 0.00440407
}
