{"distribution": "lg", "edges": [["A", "D"], ["B", "D"], ["D", "E"], ["C", "E"]], "root_params": "A ~ N(20,20) B ~ N(20,20) C ~ N(15,15)", "experiment": 110, "not_root_params": "D   ~   N ( 2 A + 3 B , 8 . 3 1 2 5 )   E   ~   N ( 3 C + 3 D , 8 . 3 1 2 5 )", "sample_size": 1406, "means": {"A": 20, "B": 20, "C": 15, "D": 100, "E": 345}, "disc_method": "EB", "bins": 25, "target_column": null, "CPT_method": "MLE", "time_disc": 0.11189740430563688, "time_cnf": 1.8599941497668624, "time_VE": 0.003352298866957426, "time_BP": 0.01584558468312025, "RMSE": 54.83839704735427, "WRMSE": 17.71261580199417, "MAE": 36.8102199060134, "PE": 0.5407768317508126, "exact_EV": 345, "disc_EV": 343.1343199304597, "Wass_scaled": 0.03140186699942628, "Wass_multi": 6.310874801432712, "time_wass": 0.8152988008223474}