{"distribution": "lg", "edges": [["A", "D"], ["B", "D"], ["D", "E"], ["C", "E"]], "root_params": "A ~ N(20,20) B ~ N(20,20) C ~ N(15,15)", "experiment": 110, "not_root_params": "D   ~   N ( 2 A + 3 B , 8 . 3 1 2 5 )   E   ~   N ( 3 C + 3 D , 8 . 3 1 2 5 )", "sample_size": 1406, "means": {"A": 20, "B": 20, "C": 15, "D": 100, "E": 345}, "disc_method": "EV", "bins": 17, "target_column": null, "CPT_method": "MLE", "time_disc": 0.08798016887158155, "time_cnf": 0.250333271920681, "time_VE": 0.0021170619875192642, "time_BP": 0.007999534253031015, "RMSE": 3.6044514180410046, "WRMSE": 3.6038199339640027, "MAE": 2.6269195169366895, "PE": 0.01273655188117408, "exact_EV": 345, "disc_EV": 345.04394110399005, "Wass_scaled": 0.1939778162933216, "Wass_multi": 8.658285071782513, "time_wass": 1.0196189740672708}