{"distribution": "lg", "edges": [["A", "D"], ["B", "D"], ["D", "E"], ["C", "E"]], "root_params": "A ~ N(20,20) B ~ N(20,20) C ~ N(15,15)", "experiment": 110, "not_root_params": "D   ~   N ( 2 A + 3 B , 8 . 3 1 2 5 )   E   ~   N ( 3 C + 3 D , 8 . 3 1 2 5 )", "sample_size": 1406, "means": {"A": 20, "B": 20, "C": 15, "D": 100, "E": 345}, "disc_method": "EB", "bins": 12, "target_column": null, "CPT_method": "MLE", "time_disc": 0.13864533696323633, "time_cnf": 0.36216365033760667, "time_VE": 0.003539695870131254, "time_BP": 0.009503713343292475, "RMSE": 28.93887511811135, "WRMSE": 9.558578440157412, "MAE": 18.966299086850153, "PE": 0.6199725984281881, "exact_EV": 345, "disc_EV": 342.86109453542275, "Wass_scaled": 0.06603742209274709, "Wass_multi": 13.132241871530878, "time_wass": 1.0198396579362452}