{"distribution": "lg", "edges": [["A", "D"], ["B", "D"], ["D", "E"], ["C", "E"]], "root_params": "A ~ N(20,20) B ~ N(20,20) C ~ N(15,15)", "experiment": 110, "not_root_params": "D   ~   N ( 2 A + 3 B , 8 . 3 1 2 5 )   E   ~   N ( 3 C + 3 D , 8 . 3 1 2 5 )", "sample_size": 1406, "means": {"A": 20, "B": 20, "C": 15, "D": 100, "E": 345}, "disc_method": "EB", "bins": 17, "target_column": null, "CPT_method": "MLE", "time_disc": 0.09554080000089016, "time_cnf": 0.13128989998949692, "time_VE": 0.0024397000088356435, "time_BP": 0.006449099993915297, "RMSE": 39.12267409599048, "WRMSE": 9.996931153357826, "MAE": 22.609124592907868, "PE": 0.46998037106315377, "exact_EV": 345, "disc_EV": 343.3785677198321, "Wass_scaled": 0.04292780421278367, "Wass_multi": 9.021674348948972, "time_wass": 0.871750799997244}