{"distribution": "lg", "edges": [["A", "D"], ["B", "D"], ["D", "E"], ["C", "E"]], "root_params": "A ~ N(20,20) B ~ N(20,20) C ~ N(15,15)", "experiment": 110, "not_root_params": "D   ~   N ( 2 A + 3 B , 8 . 3 1 2 5 )   E   ~   N ( 3 C + 3 D , 8 . 3 1 2 5 )", "sample_size": 1406, "means": {"A": 20, "B": 20, "C": 15, "D": 100, "E": 345}, "disc_method": "MDLP", "bins": 2, "target_column": "E", "CPT_method": "MLE", "time_disc": 1.8103296379558742, "time_cnf": 4.1637479439377785, "time_VE": 0.002987306099385023, "time_BP": 0.00985154788941145, "RMSE": 8.001191244249904, "WRMSE": 7.289874973826168, "MAE": 5.843171302073586, "PE": 0.2903921301267836, "exact_EV": 345, "disc_EV": 343.9981471510626, "Wass_scaled": 0.40621218281519345, "Wass_multi": 10.018519258512779, "time_wass": 0.9783422122709453}