{
	"nodecount" : 55418,
	"peaknodes" : 63479,
	"total_load_time" : 9.62328,
	"build_time" : 8.5417,
	"wmc_time" : 0.00929999,
	"wmc_value" : 1,
	"bn_to_cnf_time" : 0.615431
}
