{"distribution": "lg", "edges": [["A", "D"], ["B", "D"], ["D", "E"], ["C", "E"]], "root_params": "A ~ N(20,20) B ~ N(20,20) C ~ N(15,15)", "experiment": 110, "not_root_params": "D   ~   N ( 2 A + 3 B , 8 . 3 1 2 5 )   E   ~   N ( 3 C + 3 D , 8 . 3 1 2 5 )", "sample_size": 1406, "means": {"A": 20, "B": 20, "C": 15, "D": 100, "E": 345}, "disc_method": "EV", "bins": 10, "target_column": null, "CPT_method": "MLE", "time_disc": 0.09051559999352321, "time_cnf": 0.02967220000573434, "time_VE": 0.0015995000139810145, "time_BP": 0.005544200001168065, "RMSE": 2.4151313033404564, "WRMSE": 2.4165100641312773, "MAE": 2.1402781783291402, "PE": 0.37236244634756815, "exact_EV": 345, "disc_EV": 343.7153495601009, "Wass_scaled": 0.26288607478114656, "Wass_multi": 13.647636260348575, "time_wass": 0.9482193000003463}