{"distribution": "lg", "edges": [["A", "D"], ["B", "D"], ["D", "E"], ["C", "E"]], "root_params": "A ~ N(20,20) B ~ N(20,20) C ~ N(15,15)", "experiment": 110, "not_root_params": "D   ~   N ( 2 A + 3 B , 8 . 3 1 2 5 )   E   ~   N ( 3 C + 3 D , 8 . 3 1 2 5 )", "sample_size": 1406, "means": {"A": 20, "B": 20, "C": 15, "D": 100, "E": 345}, "disc_method": "EB", "bins": 5, "target_column": null, "CPT_method": "MLE", "time_disc": 0.1266639200039208, "time_cnf": 0.3032101741991937, "time_VE": 0.00215123500674963, "time_BP": 0.007546728011220694, "RMSE": 15.313841532738339, "WRMSE": 8.833562972710821, "MAE": 12.798488330159369, "PE": 0.43441592950557606, "exact_EV": 345, "disc_EV": 343.50126504320576, "Wass_scaled": 0.17132818027703267, "Wass_multi": 29.92718995385213, "time_wass": 0.926044843159616}