{"distribution": "lg", "edges": [["A", "D"], ["B", "D"], ["D", "E"], ["C", "E"]], "root_params": "A ~ N(20,20) B ~ N(20,20) C ~ N(15,15)", "experiment": 110, "not_root_params": "D   ~   N ( 2 A + 3 B , 8 . 3 1 2 5 )   E   ~   N ( 3 C + 3 D , 8 . 3 1 2 5 )", "sample_size": 1406, "means": {"A": 20, "B": 20, "C": 15, "D": 100, "E": 345}, "disc_method": "EV", "bins": 14, "target_column": null, "CPT_method": "MLE", "time_disc": 0.10115709999809042, "time_cnf": 0.07281569999759085, "time_VE": 0.0014966000017011538, "time_BP": 0.006336199992801994, "RMSE": 3.86599119732452, "WRMSE": 3.872783904628353, "MAE": 2.6930695426892663, "PE": 0.29825102819299704, "exact_EV": 345, "disc_EV": 343.97103395273416, "Wass_scaled": 0.21707909184785967, "Wass_multi": 10.49979731207063, "time_wass": 0.9350153999985196}