{
	"nodecount" : 42910,
	"peaknodes" : 45439,
	"total_load_time" : 5.85763,
	"build_time" : 5.0423,
	"wmc_time" : 0.0145271
}
