{"distribution": "lg", "edges": [["A", "D"], ["B", "D"], ["D", "E"], ["C", "E"]], "root_params": "A ~ N(20,20) B ~ N(20,20) C ~ N(15,15)", "experiment": 110, "not_root_params": "D   ~   N ( 2 A + 3 B , 8 . 3 1 2 5 )   E   ~   N ( 3 C + 3 D , 8 . 3 1 2 5 )", "sample_size": 1406, "means": {"A": 20, "B": 20, "C": 15, "D": 100, "E": 345}, "disc_method": "EV", "bins": 5, "target_column": null, "CPT_method": "MLE", "time_disc": 0.08723659999668598, "time_cnf": 0.006775999994715676, "time_VE": 0.0013734999956795946, "time_BP": 0.005426100004115142, "RMSE": 5.826547827087067, "WRMSE": 5.830623332342, "MAE": 3.9868819412273977, "PE": 0.25624192854866784, "exact_EV": 345, "disc_EV": 344.1159653465071, "Wass_scaled": 0.405318775169632, "Wass_multi": 24.09427667090235, "time_wass": 0.9346072000043932}