{
	"nodecount" : 22375,
	"peaknodes" : 23482,
	"total_load_time" : 2.63192,
	"build_time" : 2.40257,
	"wmc_time" : 0.00746298
}
