{"distribution": "lg", "edges": [["A", "D"], ["B", "D"], ["D", "E"], ["C", "E"]], "root_params": "A ~ N(20,20) B ~ N(20,20) C ~ N(15,15)", "experiment": 110, "not_root_params": "D   ~   N ( 2 A + 3 B , 8 . 3 1 2 5 )   E   ~   N ( 3 C + 3 D , 8 . 3 1 2 5 )", "sample_size": 1406, "means": {"A": 20, "B": 20, "C": 15, "D": 100, "E": 345}, "disc_method": "EB", "bins": 20, "target_column": null, "CPT_method": "MLE", "time_disc": 0.0908649549819529, "time_cnf": 0.7426150627434254, "time_VE": 0.003059620037674904, "time_BP": 0.013935943134129047, "RMSE": 48.38983679647714, "WRMSE": 14.617567093103101, "MAE": 30.889483978254894, "PE": 0.7832412313326006, "exact_EV": 345, "disc_EV": 342.2978177519025, "Wass_scaled": 0.039346327734934766, "Wass_multi": 7.8737296921421684, "time_wass": 1.0992417819797993}