{
	"nodecount" : 1336,
	"peaknodes" : 1428,
	"total_load_time" : 0.229392,
	"build_time" : 0.21237,
	"wmc_time" : 0.00498605,
	"wmc_value" : 1,
	"bn_to_cnf_time" : 0.002702
}
