{"distribution": "lg", "edges": [["A", "D"], ["B", "D"], ["D", "E"], ["C", "E"]], "root_params": "A ~ N(20,20) B ~ N(20,20) C ~ N(15,15)", "experiment": 110, "not_root_params": "D   ~   N ( 2 A + 3 B , 8 . 3 1 2 5 )   E   ~   N ( 3 C + 3 D , 8 . 3 1 2 5 )", "sample_size": 1406, "means": {"A": 20, "B": 20, "C": 15, "D": 100, "E": 345}, "disc_method": "EV", "bins": 20, "target_column": null, "CPT_method": "MLE", "time_disc": 0.0905027999979211, "time_cnf": 0.2079334000009112, "time_VE": 0.0014730999973835424, "time_BP": 0.011372100008884445, "RMSE": 4.506277725564241, "WRMSE": 4.517020370398918, "MAE": 3.4954420197546767, "PE": 0.3334248732664946, "exact_EV": 345, "disc_EV": 343.8496841872306, "Wass_scaled": 0.1780529889386598, "Wass_multi": 7.53497471212736, "time_wass": 0.9358825999952387}