{
	"nodecount" : 47853,
	"peaknodes" : 50777,
	"total_load_time" : 4.62545,
	"build_time" : 4.16831,
	"wmc_time" : 0.0163021
}
