{
	"nodecount" : 3268,
	"peaknodes" : 3287,
	"total_load_time" : 0.34924,
	"build_time" : 0.324897,
	"wmc_time" : 0.00376821,
	"wmc_value" : 1,
	"bn_to_cnf_time" : 0.0103543
}
