{"distribution": "lg", "edges": [["A", "D"], ["B", "D"], ["D", "E"], ["C", "E"]], "root_params": "A ~ N(20,20) B ~ N(20,20) C ~ N(15,15)", "experiment": 6, "not_root_params": "D   ~   N ( 2 A + 3 B , 5 )   E   ~   N ( 3 C + 3 D , 5 )", "sample_size": 300, "means": {"A": 20, "B": 20, "C": 15, "D": 100, "E": 345}, "disc_method": "EV", "bins": 8, "target_column": null, "Wass1D": 11.082532054510091, "Wass_multi": 13.156694496187239, "RMSE": 3.8324786567486533, "WRMSE": 3.844268366331617, "MAE": 14.687892654433963, "VE_complexity": 70663.0}