{"distribution": "lg", "edges": [["A", "D"], ["B", "D"], ["D", "E"], ["C", "E"]], "root_params": "A ~ N(20,20) B ~ N(20,20) C ~ N(15,15)", "experiment": 6, "not_root_params": "D   ~   N ( 2 A + 3 B , 5 )   E   ~   N ( 3 C + 3 D , 5 )", "sample_size": 300, "means": {"A": 20, "B": 20, "C": 15, "D": 100, "E": 345}, "disc_method": "MDLP", "bins": 2, "target_column": "E", "Wass1D": 7.030138824231852, "Wass_multi": 11.779677604690697, "RMSE": 21.130187139687948, "WRMSE": 9.455024261606681, "MAE": 446.4848085582339, "VE_complexity": 3756979.0}