{"distribution": "lg", "edges": [["A", "D"], ["B", "D"], ["D", "E"], ["C", "E"]], "root_params": "A ~ N(20,20) B ~ N(20,20) C ~ N(15,15)", "experiment": 6, "not_root_params": "D   ~   N ( 2 A + 3 B , 5 )   E   ~   N ( 3 C + 3 D , 5 )", "sample_size": 300, "means": {"A": 20, "B": 20, "C": 15, "D": 100, "E": 345}, "disc_method": "EB", "bins": 12, "target_column": null, "Wass1D": 11.054637194985535, "Wass_multi": 15.036293629397562, "RMSE": 32.99995321949161, "WRMSE": 13.417141846362712, "MAE": 1088.9969124886347, "VE_complexity": 521867.0}