{
	"nodecount" : 15219,
	"peaknodes" : 15219,
	"total_load_time" : 0.59948,
	"build_time" : 0.572989,
	"wmc_time" : 0.00492907
}
