{"distribution": "lg", "edges": [["A", "D"], ["B", "D"], ["D", "E"], ["C", "E"]], "root_params": "A ~ N(20,20) B ~ N(20,20) C ~ N(15,15)", "experiment": 114, "not_root_params": "D   ~   N ( 2 A + 3 B , 7 . 1 8 7 5 )   E   ~   N ( 3 C + 3 D , 7 . 1 8 7 5 )", "sample_size": 1644, "means": {"A": 20, "B": 20, "C": 15, "D": 100, "E": 345}, "disc_method": "EV", "bins": 8, "target_column": null, "CPT_method": "Bayes", "time_disc": 0.06938178883865476, "time_cnf": 0.5723627940751612, "time_VE": 0.0012024501338601112, "time_BP": 0.0048808688297867775, "RMSE": 19.173812056779386, "WRMSE": 19.18812663495973, "MAE": 14.981132040004134, "PE": 0.1244693458940107, "exact_EV": 345, "disc_EV": 344.57058075666566, "Wass_scaled": 0.31204432634675705, "Wass_multi": 13.89194913726517, "time_wass": 0.9323887852951884}