{"distribution": "lg", "edges": [["A", "D"], ["B", "D"], ["D", "E"], ["C", "E"]], "root_params": "A ~ N(20,20) B ~ N(20,20) C ~ N(15,15)", "experiment": 114, "not_root_params": "D   ~   N ( 2 A + 3 B , 7 . 1 8 7 5 )   E   ~   N ( 3 C + 3 D , 7 . 1 8 7 5 )", "sample_size": 1644, "means": {"A": 20, "B": 20, "C": 15, "D": 100, "E": 345}, "disc_method": "EV", "bins": 25, "target_column": null, "CPT_method": "Bayes", "time_disc": 0.09796109999297187, "time_cnf": 0.43411770000238903, "time_VE": 0.0016514999879291281, "time_BP": 0.009458800006541423, "RMSE": 41.279901066450805, "WRMSE": 41.31677796612968, "MAE": 32.965601965103595, "PE": 0.1420076076028405, "exact_EV": 345, "disc_EV": 344.5100737537702, "Wass_scaled": 0.17489003670662057, "Wass_multi": 5.248396545144182, "time_wass": 1.1843294999998761}