{
	"nodecount" : 87289,
	"peaknodes" : 91569,
	"total_load_time" : 5.6891,
	"build_time" : 4.86996,
	"wmc_time" : 0.0187919
}
