{"distribution": "lg", "edges": [["A", "D"], ["B", "D"], ["D", "E"], ["C", "E"]], "root_params": "A ~ N(20,20) B ~ N(20,20) C ~ N(15,15)", "experiment": 114, "not_root_params": "D   ~   N ( 2 A + 3 B , 7 . 1 8 7 5 )   E   ~   N ( 3 C + 3 D , 7 . 1 8 7 5 )", "sample_size": 1644, "means": {"A": 20, "B": 20, "C": 15, "D": 100, "E": 345}, "disc_method": "EB", "bins": 5, "target_column": null, "CPT_method": "Bayes", "time_disc": 0.11809440000797622, "time_cnf": 0.011208199997781776, "time_VE": 0.0026276999997207895, "time_BP": 0.011095499998191372, "RMSE": 36.540422711219364, "WRMSE": 15.316871951502138, "MAE": 28.12362445007584, "PE": 0.2724152262436601, "exact_EV": 345, "disc_EV": 344.0601674694594, "Wass_scaled": 0.16829581016460207, "Wass_multi": 25.774552244709778, "time_wass": 1.0182048999995459}