{"distribution": "lg", "edges": [["A", "D"], ["B", "D"], ["D", "E"], ["C", "E"]], "root_params": "A ~ N(20,20) B ~ N(20,20) C ~ N(15,15)", "experiment": 114, "not_root_params": "D   ~   N ( 2 A + 3 B , 7 . 1 8 7 5 )   E   ~   N ( 3 C + 3 D , 7 . 1 8 7 5 )", "sample_size": 1644, "means": {"A": 20, "B": 20, "C": 15, "D": 100, "E": 345}, "disc_method": "EB", "bins": 25, "target_column": null, "CPT_method": "Bayes", "time_disc": 0.10468629999377299, "time_cnf": 0.4275344999914523, "time_VE": 0.0015727999998489395, "time_BP": 0.009325499995611608, "RMSE": 81.11525930117968, "WRMSE": 41.7176513083171, "MAE": 69.51998411967779, "PE": 0.19924565721095755, "exact_EV": 345, "disc_EV": 344.3126024826222, "Wass_scaled": 0.03192154888576409, "Wass_multi": 5.407517773937409, "time_wass": 1.0914272000081837}