{"distribution": "lg", "edges": [["A", "D"], ["B", "D"], ["D", "E"], ["C", "E"]], "root_params": "A ~ N(20,20) B ~ N(20,20) C ~ N(15,15)", "experiment": 114, "not_root_params": "D   ~   N ( 2 A + 3 B , 7 . 1 8 7 5 )   E   ~   N ( 3 C + 3 D , 7 . 1 8 7 5 )", "sample_size": 1644, "means": {"A": 20, "B": 20, "C": 15, "D": 100, "E": 345}, "disc_method": "EV", "bins": 10, "target_column": null, "CPT_method": "Bayes", "time_disc": 0.09600389999104664, "time_cnf": 0.03200159998959862, "time_VE": 0.0017478000081609935, "time_BP": 0.01241360000858549, "RMSE": 26.415561865671208, "WRMSE": 26.437498795025625, "MAE": 21.2587864363204, "PE": 0.1819380030837982, "exact_EV": 345, "disc_EV": 344.3723138893609, "Wass_scaled": 0.2754127704826701, "Wass_multi": 11.776179748041173, "time_wass": 1.2297690000123112}