{"distribution": "lg", "edges": [["A", "D"], ["B", "D"], ["D", "E"], ["C", "E"]], "root_params": "A ~ N(20,20) B ~ N(20,20) C ~ N(15,15)", "experiment": 114, "not_root_params": "D   ~   N ( 2 A + 3 B , 7 . 1 8 7 5 )   E   ~   N ( 3 C + 3 D , 7 . 1 8 7 5 )", "sample_size": 1644, "means": {"A": 20, "B": 20, "C": 15, "D": 100, "E": 345}, "disc_method": "EB", "bins": 20, "target_column": null, "CPT_method": "Bayes", "time_disc": 0.07303323177620769, "time_cnf": 1.012075507082045, "time_VE": 0.0013428968377411366, "time_BP": 0.006680599879473448, "RMSE": 80.50903884451476, "WRMSE": 40.03960922549842, "MAE": 68.32443945944259, "PE": 0.24767900861584033, "exact_EV": 345, "disc_EV": 344.14550742027535, "Wass_scaled": 0.03841164451354916, "Wass_multi": 6.759875409946764, "time_wass": 0.8225728766992688}