{
	"nodecount" : 48974,
	"peaknodes" : 51415,
	"total_load_time" : 2.69614,
	"build_time" : 2.45005,
	"wmc_time" : 0.011445
}
