{
	"nodecount" : 85965,
	"peaknodes" : 92902,
	"total_load_time" : 4.1241,
	"build_time" : 3.64037,
	"wmc_time" : 0.015873
}
