{"distribution": "lg", "edges": [["A", "D"], ["B", "D"], ["D", "E"], ["C", "E"]], "root_params": "A ~ N(20,20) B ~ N(20,20) C ~ N(15,15)", "experiment": 114, "not_root_params": "D   ~   N ( 2 A + 3 B , 7 . 1 8 7 5 )   E   ~   N ( 3 C + 3 D , 7 . 1 8 7 5 )", "sample_size": 1644, "means": {"A": 20, "B": 20, "C": 15, "D": 100, "E": 345}, "disc_method": "EV", "bins": 8, "target_column": null, "CPT_method": "Bayes", "time_disc": 0.09204740000132006, "time_cnf": 0.018589700004667975, "time_VE": 0.001363499992294237, "time_BP": 0.006674499993096106, "RMSE": 19.17381205677942, "WRMSE": 19.18812663495976, "MAE": 14.981132040004148, "PE": 0.1244693458940107, "exact_EV": 345, "disc_EV": 344.57058075666566, "Wass_scaled": 0.31204432634675705, "Wass_multi": 13.89194913726517, "time_wass": 1.2246732999919914}