{"distribution": "lg", "edges": [["A", "D"], ["B", "D"], ["D", "E"], ["C", "E"]], "root_params": "A ~ N(20,20) B ~ N(20,20) C ~ N(15,15)", "experiment": 114, "not_root_params": "D   ~   N ( 2 A + 3 B , 7 . 1 8 7 5 )   E   ~   N ( 3 C + 3 D , 7 . 1 8 7 5 )", "sample_size": 1644, "means": {"A": 20, "B": 20, "C": 15, "D": 100, "E": 345}, "disc_method": "EB", "bins": 10, "target_column": null, "CPT_method": "Bayes", "time_disc": 0.06859022378921509, "time_cnf": 0.3386041740886867, "time_VE": 0.0011947471648454666, "time_BP": 0.004967156797647476, "RMSE": 67.29201774599427, "WRMSE": 27.077648879234822, "MAE": 52.81589999486944, "PE": 0.23170360486862618, "exact_EV": 345, "disc_EV": 344.20062256320324, "Wass_scaled": 0.0762314460920114, "Wass_multi": 13.597232749937131, "time_wass": 0.8481025137007236}