{"distribution": "lg", "edges": [["A", "D"], ["B", "D"], ["D", "E"], ["C", "E"]], "root_params": "A ~ N(20,20) B ~ N(20,20) C ~ N(15,15)", "experiment": 114, "not_root_params": "D   ~   N ( 2 A + 3 B , 7 . 1 8 7 5 )   E   ~   N ( 3 C + 3 D , 7 . 1 8 7 5 )", "sample_size": 1644, "means": {"A": 20, "B": 20, "C": 15, "D": 100, "E": 345}, "disc_method": "EV", "bins": 10, "target_column": null, "CPT_method": "Bayes", "time_disc": 0.06985352095216513, "time_cnf": 1.585663080215454, "time_VE": 0.0012577059678733349, "time_BP": 0.005189852323383093, "RMSE": 26.415561865671204, "WRMSE": 26.437498795025622, "MAE": 21.25878643632039, "PE": 0.1819380030837982, "exact_EV": 345, "disc_EV": 344.3723138893609, "Wass_scaled": 0.2754127704826701, "Wass_multi": 11.776179748041173, "time_wass": 0.9371362701058388}