{
	"nodecount" : 67710,
	"peaknodes" : 70602,
	"total_load_time" : 7.32244,
	"build_time" : 6.71422,
	"wmc_time" : 0.018122,
	"wmc_value" : 1,
	"bn_to_cnf_time" : 0.337598
}
