{"distribution": "lg", "edges": [["A", "D"], ["B", "D"], ["D", "E"], ["C", "E"]], "root_params": "A ~ N(20,20) B ~ N(20,20) C ~ N(15,15)", "experiment": 114, "not_root_params": "D   ~   N ( 2 A + 3 B , 7 . 1 8 7 5 )   E   ~   N ( 3 C + 3 D , 7 . 1 8 7 5 )", "sample_size": 1644, "means": {"A": 20, "B": 20, "C": 15, "D": 100, "E": 345}, "disc_method": "EV", "bins": 12, "target_column": null, "CPT_method": "Bayes", "time_disc": 0.0997473000024911, "time_cnf": 0.05162830000335816, "time_VE": 0.0029866000113543123, "time_BP": 0.009832200012169778, "RMSE": 32.186096249002176, "WRMSE": 32.186096249002176, "MAE": 25.851012117703515, "PE": 0.10375475984707681, "exact_EV": 345, "disc_EV": 344.6420460785276, "Wass_scaled": 0.2501093738414296, "Wass_multi": 9.88670124358, "time_wass": 1.2284393000009004}