{
	"nodecount" : 69504,
	"peaknodes" : 71453,
	"total_load_time" : 5.22183,
	"build_time" : 4.87574,
	"wmc_time" : 0.0145631,
	"wmc_value" : 1,
	"bn_to_cnf_time" : 0.175596
}
