{
	"nodecount" : 32503,
	"peaknodes" : 32842,
	"total_load_time" : 1.26492,
	"build_time" : 1.194,
	"wmc_time" : 0.00772595
}
