{
	"nodecount" : 36537,
	"peaknodes" : 38005,
	"total_load_time" : 3.78616,
	"build_time" : 3.58188,
	"wmc_time" : 0.0110199,
	"wmc_value" : 1,
	"bn_to_cnf_time" : 0.108641
}
