{"distribution": "lg", "edges": [["A", "D"], ["B", "D"], ["D", "E"], ["C", "E"]], "root_params": "A ~ N(20,20) B ~ N(20,20) C ~ N(15,15)", "experiment": 114, "not_root_params": "D   ~   N ( 2 A + 3 B , 7 . 1 8 7 5 )   E   ~   N ( 3 C + 3 D , 7 . 1 8 7 5 )", "sample_size": 1644, "means": {"A": 20, "B": 20, "C": 15, "D": 100, "E": 345}, "disc_method": "EB", "bins": 8, "target_column": null, "CPT_method": "Bayes", "time_disc": 0.08369519999541808, "time_cnf": 0.018381300003966317, "time_VE": 0.0014009000005898997, "time_BP": 0.009812400006921962, "RMSE": 60.33551419061831, "WRMSE": 22.398635920851213, "MAE": 45.90347825819977, "PE": 0.28339212067086683, "exact_EV": 345, "disc_EV": 344.0222971836855, "Wass_scaled": 0.09882145740786792, "Wass_multi": 16.5170195360474, "time_wass": 1.157084099992062}