{"distribution": "lg", "edges": [["A", "D"], ["B", "D"], ["D", "E"], ["C", "E"]], "root_params": "A ~ N(20,20) B ~ N(20,20) C ~ N(15,15)", "experiment": 114, "not_root_params": "D   ~   N ( 2 A + 3 B , 7 . 1 8 7 5 )   E   ~   N ( 3 C + 3 D , 7 . 1 8 7 5 )", "sample_size": 1644, "means": {"A": 20, "B": 20, "C": 15, "D": 100, "E": 345}, "disc_method": "EB", "bins": 12, "target_column": null, "CPT_method": "Bayes", "time_disc": 0.10166369999933522, "time_cnf": 0.058603299999958836, "time_VE": 0.0013899999903514981, "time_BP": 0.006959000005736016, "RMSE": 72.6462280099053, "WRMSE": 31.632462329350375, "MAE": 58.6931985800548, "PE": 0.34008479781483814, "exact_EV": 345, "disc_EV": 343.8267074475388, "Wass_scaled": 0.06960521029377699, "Wass_multi": 11.549072495333402, "time_wass": 1.1397680999943987}