{"distribution": "lg", "edges": [["A", "D"], ["B", "D"], ["D", "E"], ["C", "E"]], "root_params": "A ~ N(20,20) B ~ N(20,20) C ~ N(15,15)", "experiment": 114, "not_root_params": "D   ~   N ( 2 A + 3 B , 7 . 1 8 7 5 )   E   ~   N ( 3 C + 3 D , 7 . 1 8 7 5 )", "sample_size": 1644, "means": {"A": 20, "B": 20, "C": 15, "D": 100, "E": 345}, "disc_method": "EB", "bins": 8, "target_column": null, "CPT_method": "Bayes", "time_disc": 0.0682882652617991, "time_cnf": 0.33032070519402623, "time_VE": 0.0011737942695617676, "time_BP": 0.004852899815887213, "RMSE": 60.33551419061834, "WRMSE": 22.398635920851223, "MAE": 45.9034782581998, "PE": 0.28339212067086683, "exact_EV": 345, "disc_EV": 344.0222971836855, "Wass_scaled": 0.09882145740786792, "Wass_multi": 16.5170195360474, "time_wass": 0.8561632009223104}