{"distribution": "lg", "edges": [["A", "D"], ["B", "D"], ["D", "E"], ["C", "E"]], "root_params": "A ~ N(20,20) B ~ N(20,20) C ~ N(15,15)", "experiment": 114, "not_root_params": "D   ~   N ( 2 A + 3 B , 7 . 1 8 7 5 )   E   ~   N ( 3 C + 3 D , 7 . 1 8 7 5 )", "sample_size": 1644, "means": {"A": 20, "B": 20, "C": 15, "D": 100, "E": 345}, "disc_method": "EB", "bins": 14, "target_column": null, "CPT_method": "Bayes", "time_disc": 0.0698410109616816, "time_cnf": 0.4623688282445073, "time_VE": 0.0012287162244319916, "time_BP": 0.005506448447704315, "RMSE": 74.69332978314935, "WRMSE": 34.45286790837685, "MAE": 61.650583574723385, "PE": 0.30144988673403833, "exact_EV": 345, "disc_EV": 343.95999789076757, "Wass_scaled": 0.057067222377945155, "Wass_multi": 9.789417151024901, "time_wass": 0.8626764449290931}