{"distribution": "lg", "edges": [["A", "D"], ["B", "D"], ["D", "E"], ["C", "E"]], "root_params": "A ~ N(20,20) B ~ N(20,20) C ~ N(15,15)", "experiment": 114, "not_root_params": "D   ~   N ( 2 A + 3 B , 7 . 1 8 7 5 )   E   ~   N ( 3 C + 3 D , 7 . 1 8 7 5 )", "sample_size": 1644, "means": {"A": 20, "B": 20, "C": 15, "D": 100, "E": 345}, "disc_method": "EB", "bins": 30, "target_column": null, "CPT_method": "Bayes", "time_disc": 0.10760329999902751, "time_cnf": 0.7840234000032069, "time_VE": 0.002896700010751374, "time_BP": 0.013365199993131682, "RMSE": 78.90216962071831, "WRMSE": 42.36974800385152, "MAE": 67.79783755930464, "PE": 0.2879719209273963, "exact_EV": 345, "disc_EV": 344.0064968728005, "Wass_scaled": 0.027368363240774678, "Wass_multi": 4.5014506230622455, "time_wass": 1.054492900002515}