{
	"nodecount" : 93255,
	"peaknodes" : 102984,
	"total_load_time" : 5.93803,
	"build_time" : 5.07905,
	"wmc_time" : 0.0167971
}
