{"distribution": "lg", "edges": [["A", "D"], ["B", "D"], ["D", "E"], ["C", "E"]], "root_params": "A ~ N(20,20) B ~ N(20,20) C ~ N(15,15)", "experiment": 114, "not_root_params": "D   ~   N ( 2 A + 3 B , 7 . 1 8 7 5 )   E   ~   N ( 3 C + 3 D , 7 . 1 8 7 5 )", "sample_size": 1644, "means": {"A": 20, "B": 20, "C": 15, "D": 100, "E": 345}, "disc_method": "EV", "bins": 20, "target_column": null, "CPT_method": "Bayes", "time_disc": 0.09935699999914505, "time_cnf": 0.22842669999226928, "time_VE": 0.00161570000636857, "time_BP": 0.016631399994366802, "RMSE": 40.389575973690775, "WRMSE": 40.44961061226025, "MAE": 32.35793167832221, "PE": 0.14229644495276922, "exact_EV": 345, "disc_EV": 344.50907726491295, "Wass_scaled": 0.1947486021473874, "Wass_multi": 6.499606659863134, "time_wass": 1.2218687999993563}