{
	"nodecount" : 11374,
	"peaknodes" : 11619,
	"total_load_time" : 0.521348,
	"build_time" : 0.495011,
	"wmc_time" : 0.00413704
}
