{
	"nodecount" : 53700,
	"peaknodes" : 54348,
	"total_load_time" : 2.25837,
	"build_time" : 2.11118,
	"wmc_time" : 0.010901
}
