{"distribution": "lg", "edges": [["A", "D"], ["B", "D"], ["D", "E"], ["C", "E"]], "root_params": "A ~ N(20,20) B ~ N(20,20) C ~ N(15,15)", "experiment": 115, "not_root_params": "D   ~   N ( 2 A + 3 B , 4 . 9 3 7 5 )   E   ~   N ( 3 C + 3 D , 4 . 9 3 7 5 )", "sample_size": 1169, "means": {"A": 20, "B": 20, "C": 15, "D": 100, "E": 345}, "disc_method": "EB", "bins": 14, "target_column": null, "CPT_method": "Bayes", "time_disc": 0.0694218180142343, "time_cnf": 0.837136214133352, "time_VE": 0.001280148047953844, "time_BP": 0.005456415005028248, "RMSE": 41.21157086940343, "WRMSE": 22.229894122192242, "MAE": 34.59184498904192, "PE": 1.9352093754163222, "exact_EV": 345, "disc_EV": 338.3235276548137, "Wass_scaled": 0.06114821022739892, "Wass_multi": 5.9373999653294645, "time_wass": 0.5248220027424395}