{
	"nodecount" : 51638,
	"peaknodes" : 55385,
	"total_load_time" : 2.78127,
	"build_time" : 2.53556,
	"wmc_time" : 0.00966096
}
