{"distribution": "lg", "edges": [["A", "D"], ["B", "D"], ["D", "E"], ["C", "E"]], "root_params": "A ~ N(20,20) B ~ N(20,20) C ~ N(15,15)", "experiment": 115, "not_root_params": "D   ~   N ( 2 A + 3 B , 4 . 9 3 7 5 )   E   ~   N ( 3 C + 3 D , 4 . 9 3 7 5 )", "sample_size": 1169, "means": {"A": 20, "B": 20, "C": 15, "D": 100, "E": 345}, "disc_method": "EB", "bins": 30, "target_column": null, "CPT_method": "Bayes", "time_disc": 0.11218780001217965, "time_cnf": 0.7023700999998255, "time_VE": 0.0021815999934915453, "time_BP": 0.012665100002777763, "RMSE": 43.23959878062172, "WRMSE": 24.397635176819364, "MAE": 37.35452898899705, "PE": 0.448624810385041, "exact_EV": 345, "disc_EV": 343.4522444041716, "Wass_scaled": 0.024492664959179553, "Wass_multi": 2.8866860469025877, "time_wass": 0.5981730999919819}