{"distribution": "lg", "edges": [["A", "D"], ["B", "D"], ["D", "E"], ["C", "E"]], "root_params": "A ~ N(20,20) B ~ N(20,20) C ~ N(15,15)", "experiment": 115, "not_root_params": "D   ~   N ( 2 A + 3 B , 4 . 9 3 7 5 )   E   ~   N ( 3 C + 3 D , 4 . 9 3 7 5 )", "sample_size": 1169, "means": {"A": 20, "B": 20, "C": 15, "D": 100, "E": 345}, "disc_method": "EB", "bins": 10, "target_column": null, "CPT_method": "Bayes", "time_disc": 0.0722931013442576, "time_cnf": 0.38312230398878455, "time_VE": 0.0012049051001667976, "time_BP": 0.004947687964886427, "RMSE": 37.357329704236825, "WRMSE": 18.157320982063585, "MAE": 30.00004757052656, "PE": 1.1986973579087794, "exact_EV": 345, "disc_EV": 340.8644941152147, "Wass_scaled": 0.08826912294638488, "Wass_multi": 8.371737185619747, "time_wass": 0.5162558550946414}