{"distribution": "lg", "edges": [["A", "D"], ["B", "D"], ["D", "E"], ["C", "E"]], "root_params": "A ~ N(20,20) B ~ N(20,20) C ~ N(15,15)", "experiment": 115, "not_root_params": "D   ~   N ( 2 A + 3 B , 4 . 9 3 7 5 )   E   ~   N ( 3 C + 3 D , 4 . 9 3 7 5 )", "sample_size": 1169, "means": {"A": 20, "B": 20, "C": 15, "D": 100, "E": 345}, "disc_method": "EV", "bins": 30, "target_column": null, "CPT_method": "Bayes", "time_disc": 0.11037480000231881, "time_cnf": 0.8341973000060534, "time_VE": 0.0023925999994389713, "time_BP": 0.018119700005627237, "RMSE": 23.676154595738954, "WRMSE": 23.68602162349354, "MAE": 18.797213502162194, "PE": 0.0673884866257364, "exact_EV": 345, "disc_EV": 345.2324902788588, "Wass_scaled": 0.1571982867525969, "Wass_multi": 2.490460335118779, "time_wass": 0.6875893999967957}