{"distribution": "lg", "edges": [["A", "D"], ["B", "D"], ["D", "E"], ["C", "E"]], "root_params": "A ~ N(20,20) B ~ N(20,20) C ~ N(15,15)", "experiment": 115, "not_root_params": "D   ~   N ( 2 A + 3 B , 4 . 9 3 7 5 )   E   ~   N ( 3 C + 3 D , 4 . 9 3 7 5 )", "sample_size": 1169, "means": {"A": 20, "B": 20, "C": 15, "D": 100, "E": 345}, "disc_method": "EB", "bins": 14, "target_column": null, "CPT_method": "Bayes", "time_disc": 0.09905659999640193, "time_cnf": 0.0750869000039529, "time_VE": 0.0023156999959610403, "time_BP": 0.006484900004579686, "RMSE": 41.21157086940341, "WRMSE": 22.22989412219223, "MAE": 34.591844989041896, "PE": 1.9352093754163222, "exact_EV": 345, "disc_EV": 338.3235276548137, "Wass_scaled": 0.06114821022739892, "Wass_multi": 5.9373999653294645, "time_wass": 0.6755553999973927}