{
	"nodecount" : 44188,
	"peaknodes" : 46402,
	"total_load_time" : 2.16888,
	"build_time" : 2.0201,
	"wmc_time" : 0.00876093
}
