{
	"nodecount" : 10408,
	"peaknodes" : 10751,
	"total_load_time" : 0.519045,
	"build_time" : 0.493214,
	"wmc_time" : 0.00384116
}
