{
	"nodecount" : 5244,
	"peaknodes" : 5339,
	"total_load_time" : 0.356077,
	"build_time" : 0.336343,
	"wmc_time" : 0.00408292,
	"wmc_value" : 1,
	"bn_to_cnf_time" : 0.0127184
}
