{"distribution": "lg", "edges": [["A", "D"], ["B", "D"], ["D", "E"], ["C", "E"]], "root_params": "A ~ N(20,20) B ~ N(20,20) C ~ N(15,15)", "experiment": 115, "not_root_params": "D   ~   N ( 2 A + 3 B , 4 . 9 3 7 5 )   E   ~   N ( 3 C + 3 D , 4 . 9 3 7 5 )", "sample_size": 1169, "means": {"A": 20, "B": 20, "C": 15, "D": 100, "E": 345}, "disc_method": "EV", "bins": 17, "target_column": null, "CPT_method": "Bayes", "time_disc": 0.07186883920803666, "time_cnf": 0.3118144548498094, "time_VE": 0.0013578548096120358, "time_BP": 0.005920157767832279, "RMSE": 22.790383292363234, "WRMSE": 22.81453012194091, "MAE": 18.157965293064695, "PE": 0.062133160055776425, "exact_EV": 345, "disc_EV": 345.21435940219243, "Wass_scaled": 0.2080035747748534, "Wass_multi": 4.074637183954994, "time_wass": 0.5412727226503193}