{"distribution": "lg", "edges": [["A", "D"], ["B", "D"], ["D", "E"], ["C", "E"]], "root_params": "A ~ N(20,20) B ~ N(20,20) C ~ N(15,15)", "experiment": 115, "not_root_params": "D   ~   N ( 2 A + 3 B , 4 . 9 3 7 5 )   E   ~   N ( 3 C + 3 D , 4 . 9 3 7 5 )", "sample_size": 1169, "means": {"A": 20, "B": 20, "C": 15, "D": 100, "E": 345}, "disc_method": "EB", "bins": 12, "target_column": null, "CPT_method": "Bayes", "time_disc": 0.09304680000059307, "time_cnf": 0.052645900010247715, "time_VE": 0.0014254999987315387, "time_BP": 0.011793999990914017, "RMSE": 39.5134698548797, "WRMSE": 20.426674736691094, "MAE": 32.58095226558237, "PE": 1.6012598684327535, "exact_EV": 345, "disc_EV": 339.475653453907, "Wass_scaled": 0.06968826063735449, "Wass_multi": 7.124212018540761, "time_wass": 0.6715296999900602}