{"distribution": "lg", "edges": [["A", "D"], ["B", "D"], ["D", "E"], ["C", "E"]], "root_params": "A ~ N(20,20) B ~ N(20,20) C ~ N(15,15)", "experiment": 115, "not_root_params": "D   ~   N ( 2 A + 3 B , 4 . 9 3 7 5 )   E   ~   N ( 3 C + 3 D , 4 . 9 3 7 5 )", "sample_size": 1169, "means": {"A": 20, "B": 20, "C": 15, "D": 100, "E": 345}, "disc_method": "EV", "bins": 14, "target_column": null, "CPT_method": "Bayes", "time_disc": 0.06981803383678198, "time_cnf": 0.37855114229023457, "time_VE": 0.00127369724214077, "time_BP": 0.005428532138466835, "RMSE": 21.66851415234567, "WRMSE": 21.694453018520502, "MAE": 17.293817060751646, "PE": 0.07971626982777602, "exact_EV": 345, "disc_EV": 345.2750211309058, "Wass_scaled": 0.22973601708176447, "Wass_multi": 4.843918530809305, "time_wass": 0.5451402207836509}