{"distribution": "lg", "edges": [["A", "D"], ["B", "D"], ["D", "E"], ["C", "E"]], "root_params": "A ~ N(20,20) B ~ N(20,20) C ~ N(15,15)", "experiment": 115, "not_root_params": "D   ~   N ( 2 A + 3 B , 4 . 9 3 7 5 )   E   ~   N ( 3 C + 3 D , 4 . 9 3 7 5 )", "sample_size": 1169, "means": {"A": 20, "B": 20, "C": 15, "D": 100, "E": 345}, "disc_method": "EV", "bins": 5, "target_column": null, "CPT_method": "Bayes", "time_disc": 0.09428229999321047, "time_cnf": 0.009799999999813735, "time_VE": 0.0014254999987315387, "time_BP": 0.0052607999969040975, "RMSE": 6.934178277106477, "WRMSE": 6.937118023390914, "MAE": 5.48207591786645, "PE": 0.0001170054030439317, "exact_EV": 345, "disc_EV": 345.0004036686405, "Wass_scaled": 0.41522052507298796, "Wass_multi": 11.82815589154263, "time_wass": 0.6855360000045039}