{"distribution": "lg", "edges": [["A", "D"], ["B", "D"], ["D", "E"], ["C", "E"]], "root_params": "A ~ N(20,20) B ~ N(20,20) C ~ N(15,15)", "experiment": 115, "not_root_params": "D   ~   N ( 2 A + 3 B , 4 . 9 3 7 5 )   E   ~   N ( 3 C + 3 D , 4 . 9 3 7 5 )", "sample_size": 1169, "means": {"A": 20, "B": 20, "C": 15, "D": 100, "E": 345}, "disc_method": "EV", "bins": 20, "target_column": null, "CPT_method": "Bayes", "time_disc": 0.07443406293168664, "time_cnf": 0.6431871731765568, "time_VE": 0.0013575758785009384, "time_BP": 0.006682094652205706, "RMSE": 23.26616618793451, "WRMSE": 23.30130519650031, "MAE": 18.53636638618363, "PE": 0.06916807641069365, "exact_EV": 345, "disc_EV": 345.2386298636169, "Wass_scaled": 0.19249126859646343, "Wass_multi": 3.516669445833777, "time_wass": 0.53917634813115}