{"distribution": "lg", "edges": [["A", "D"], ["B", "D"], ["D", "E"], ["C", "E"]], "root_params": "A ~ N(20,20) B ~ N(20,20) C ~ N(15,15)", "experiment": 115, "not_root_params": "D   ~   N ( 2 A + 3 B , 4 . 9 3 7 5 )   E   ~   N ( 3 C + 3 D , 4 . 9 3 7 5 )", "sample_size": 1169, "means": {"A": 20, "B": 20, "C": 15, "D": 100, "E": 345}, "disc_method": "EV", "bins": 8, "target_column": null, "CPT_method": "Bayes", "time_disc": 0.06738959206268191, "time_cnf": 0.423861850053072, "time_VE": 0.0011801598593592644, "time_BP": 0.004802646115422249, "RMSE": 13.14677702253783, "WRMSE": 13.157259513073848, "MAE": 10.457297572807185, "PE": 0.020256509272445804, "exact_EV": 345, "disc_EV": 345.06988495698994, "Wass_scaled": 0.31123189423917413, "Wass_multi": 7.958486901157158, "time_wass": 0.551053917966783}