{"distribution": "lg", "edges": [["A", "D"], ["B", "D"], ["D", "E"], ["C", "E"]], "root_params": "A ~ N(20,20) B ~ N(20,20) C ~ N(15,15)", "experiment": 115, "not_root_params": "D   ~   N ( 2 A + 3 B , 4 . 9 3 7 5 )   E   ~   N ( 3 C + 3 D , 4 . 9 3 7 5 )", "sample_size": 1169, "means": {"A": 20, "B": 20, "C": 15, "D": 100, "E": 345}, "disc_method": "EV", "bins": 20, "target_column": null, "CPT_method": "Bayes", "time_disc": 0.1002089999965392, "time_cnf": 0.2323690000048373, "time_VE": 0.0014577999972971156, "time_BP": 0.014091800010646693, "RMSE": 23.266166187934502, "WRMSE": 23.3013051965003, "MAE": 18.536366386183623, "PE": 0.06916807641069365, "exact_EV": 345, "disc_EV": 345.2386298636169, "Wass_scaled": 0.19249126859646343, "Wass_multi": 3.516669445833777, "time_wass": 0.6883146000036504}