{
	"nodecount" : 65218,
	"peaknodes" : 74010,
	"total_load_time" : 5.91857,
	"build_time" : 5.04779,
	"wmc_time" : 0.0117671
}
