{
	"nodecount" : 64493,
	"peaknodes" : 69463,
	"total_load_time" : 5.18975,
	"build_time" : 4.46411,
	"wmc_time" : 0.013521
}
