{
	"nodecount" : 20810,
	"peaknodes" : 21187,
	"total_load_time" : 0.879823,
	"build_time" : 0.83553,
	"wmc_time" : 0.00570607
}
