{
	"nodecount" : 59853,
	"peaknodes" : 66627,
	"total_load_time" : 4.09201,
	"build_time" : 3.59709,
	"wmc_time" : 0.010869
}
