{
	"nodecount" : 39749,
	"peaknodes" : 41699,
	"total_load_time" : 4.82641,
	"build_time" : 4.53885,
	"wmc_time" : 0.010592,
	"wmc_value" : 1,
	"bn_to_cnf_time" : 0.163833
}
