{
	"nodecount" : 44188,
	"peaknodes" : 46402,
	"total_load_time" : 3.98337,
	"build_time" : 3.77975,
	"wmc_time" : 0.00957513,
	"wmc_value" : 1,
	"bn_to_cnf_time" : 0.114442
}
