{
	"nodecount" : 64493,
	"peaknodes" : 69463,
	"total_load_time" : 8.99582,
	"build_time" : 8.01832,
	"wmc_time" : 0.0150321,
	"wmc_value" : 1,
	"bn_to_cnf_time" : 0.565127
}
