{
	"nodecount" : 6900,
	"peaknodes" : 6900,
	"total_load_time" : 0.218686,
	"build_time" : 0.205653,
	"wmc_time" : 0.00325799
}
