{"distribution": "lg", "edges": [["A", "D"], ["B", "D"], ["D", "E"], ["C", "E"]], "root_params": "A ~ N(20,20) B ~ N(20,20) C ~ N(15,15)", "experiment": 115, "not_root_params": "D   ~   N ( 2 A + 3 B , 4 . 9 3 7 5 )   E   ~   N ( 3 C + 3 D , 4 . 9 3 7 5 )", "sample_size": 1169, "means": {"A": 20, "B": 20, "C": 15, "D": 100, "E": 345}, "disc_method": "EV", "bins": 25, "target_column": null, "CPT_method": "Bayes", "time_disc": 0.07687847875058651, "time_cnf": 3.6720725907944143, "time_VE": 0.0015227007679641247, "time_BP": 0.008342702873051167, "RMSE": 23.557404497545377, "WRMSE": 23.587631042329484, "MAE": 18.733284299834747, "PE": 0.06922564367386443, "exact_EV": 345, "disc_EV": 345.23882847067483, "Wass_scaled": 0.17185770021110502, "Wass_multi": 2.9045615257146364, "time_wass": 0.5277011292055249}