{"distribution": "lg", "edges": [["A", "D"], ["B", "D"], ["D", "E"], ["C", "E"]], "root_params": "A ~ N(20,20) B ~ N(20,20) C ~ N(15,15)", "experiment": 115, "not_root_params": "D   ~   N ( 2 A + 3 B , 4 . 9 3 7 5 )   E   ~   N ( 3 C + 3 D , 4 . 9 3 7 5 )", "sample_size": 1169, "means": {"A": 20, "B": 20, "C": 15, "D": 100, "E": 345}, "disc_method": "EV", "bins": 10, "target_column": null, "CPT_method": "Bayes", "time_disc": 0.06862788973376155, "time_cnf": 0.45429472206160426, "time_VE": 0.0011915923096239567, "time_BP": 0.004919608123600483, "RMSE": 17.355196512729854, "WRMSE": 17.36243077075306, "MAE": 13.832497613341525, "PE": 0.07140418701424821, "exact_EV": 345, "disc_EV": 345.24634444519916, "Wass_scaled": 0.2749152062745686, "Wass_multi": 6.596414133482948, "time_wass": 0.5570776667445898}