{
	"nodecount" : 51,
	"peaknodes" : 53,
	"total_load_time" : 0.0138869,
	"build_time" : 0.0102711,
	"wmc_time" : 0.000494003
}
