{"distribution": "nm", "edges": [["X", "Y"]], "root_params": ["X ~ B(0.5)"], "experiment": 1, "not_root_params": "P(Y|X) ~ N(21,10) if X = 0.0 and P(Y|X) ~ N(25,1) if X = 1.0", "sample_size": 500, "means": 23.0, "disc_method": "EV", "bins": 20, "target_column": null, "CPT_method": "Bayes", "time_disc": 0.03622144507244229, "time_cnf": 0.017246705014258623, "time_VE": 0.00121017312631011, "time_BP": 0.0034165908582508564, "RMSE": 0.1370767568540526, "WRMSE": 0.13697241380566252, "MAE": 0.13697657160015098, "PE": 0.1143618794995312, "exact_EV": 23.0, "disc_EV": 23.026303232284892, "Wass_scaled": 0.06333410737081849, "Wass_multi": 0.7033334353404294, "time_wass": 0.08279040828347206}