{
	"nodecount" : 27,
	"peaknodes" : 27,
	"total_load_time" : 0.00660014,
	"build_time" : 0.00359821,
	"wmc_time" : 0.000294924
}
