{
	"nodecount" : 33,
	"peaknodes" : 34,
	"total_load_time" : 0.00873709,
	"build_time" : 0.00560188,
	"wmc_time" : 0.000310898
}
