{
	"nodecount" : 48,
	"peaknodes" : 50,
	"total_load_time" : 0.013437,
	"build_time" : 0.00985003,
	"wmc_time" : 0.000463009
}
