{"distribution": "nm", "edges": [["X", "Y"]], "root_params": ["X ~ B(0.5)"], "experiment": 1, "not_root_params": "P(Y|X) ~ N(21,10) if X = 0.0 and P(Y|X) ~ N(25,1) if X = 1.0", "sample_size": 500, "means": 23.0, "disc_method": "MDLP", "bins": 2, "target_column": "Y", "CPT_method": "Bayes", "time_disc": 0.11202955199405551, "time_cnf": 0.5706480569206178, "time_VE": 0.0010960791260004044, "time_BP": 0.002772259060293436, "RMSE": 0.2769170655649755, "WRMSE": 0.2777267102189579, "MAE": 0.2738409181073642, "PE": 0.3279577684589935, "exact_EV": 23.0, "disc_EV": 23.07543028674557, "Wass_scaled": 0.05234470687316895, "Wass_multi": 0.27802469203857677, "time_wass": 0.07081932295113802}