{"distribution": "nm", "edges": [["X", "Y"]], "root_params": ["X ~ B(0.5)"], "experiment": 1, "not_root_params": "P(Y|X) ~ N(21,10) if X = 0.0 and P(Y|X) ~ N(25,1) if X = 1.0", "sample_size": 500, "means": 23.0, "disc_method": "EB", "bins": 20, "target_column": null, "CPT_method": "Bayes", "time_disc": 0.03285845695063472, "time_cnf": 0.008920632768422365, "time_VE": 0.0011135037057101727, "time_BP": 0.0032117217779159546, "RMSE": 0.2799246902921259, "WRMSE": 0.2775336572924617, "MAE": 0.2440645928510481, "PE": 0.9239977746782744, "exact_EV": 23.0, "disc_EV": 22.787480511823997, "Wass_scaled": 0.01117586934412602, "Wass_multi": 0.6330393099472784, "time_wass": 0.0616306159645319}