{
	"nodecount" : 36,
	"peaknodes" : 37,
	"total_load_time" : 0.00852394,
	"build_time" : 0.00571895,
	"wmc_time" : 0.000344038
}
