{
	"nodecount" : 42,
	"peaknodes" : 43,
	"total_load_time" : 0.00817204,
	"build_time" : 0.00599408,
	"wmc_time" : 0.000331879
}
