{"distribution": "nm", "edges": [["X", "Y"]], "root_params": ["X ~ B(0.5)"], "experiment": 1, "not_root_params": "P(Y|X) ~ N(21,10) if X = 0.0 and P(Y|X) ~ N(25,1) if X = 1.0", "sample_size": 500, "means": 23.0, "disc_method": "EV", "bins": 5, "target_column": null, "CPT_method": "Bayes", "time_disc": 0.03507398907095194, "time_cnf": 0.2864200840704143, "time_VE": 0.0012923930771648884, "time_BP": 0.0035789022222161293, "RMSE": 0.13509726488643864, "WRMSE": 0.13505875482307259, "MAE": 0.1350834334684432, "PE": 0.12198563009264117, "exact_EV": 23.0, "disc_EV": 23.028056694921307, "Wass_scaled": 0.16949515377158234, "Wass_multi": 2.207156093216704, "time_wass": 0.08096819277852774}