{"distribution": "nm", "edges": [["X", "Y"]], "root_params": ["X ~ B(0.5)"], "experiment": 1, "not_root_params": "P(Y|X) ~ N(21,10) if X = 0.0 and P(Y|X) ~ N(25,1) if X = 1.0", "sample_size": 500, "means": 23.0, "disc_method": "EV", "bins": 17, "target_column": null, "CPT_method": "Bayes", "time_disc": 0.03483472112566233, "time_cnf": 0.006464877165853977, "time_VE": 0.0011947592720389366, "time_BP": 0.003985667135566473, "RMSE": 0.10504284458047103, "WRMSE": 0.10496894209571483, "MAE": 0.10497727515624611, "PE": 0.11823798732374234, "exact_EV": 23.0, "disc_EV": 23.02719473708446, "Wass_scaled": 0.06917510645656341, "Wass_multi": 0.8072993612870191, "time_wass": 0.07911540986970067}