{"distribution": "nm", "edges": [["X", "Y"]], "root_params": ["X ~ B(0.5)"], "experiment": 1, "not_root_params": "P(Y|X) ~ N(21,10) if X = 0.0 and P(Y|X) ~ N(25,1) if X = 1.0", "sample_size": 500, "means": 23.0, "disc_method": "EB", "bins": 10, "target_column": null, "CPT_method": "Bayes", "time_disc": 0.03569554723799229, "time_cnf": 4.253581780940294, "time_VE": 0.0012112921103835106, "time_BP": 0.003368841949850321, "RMSE": 0.23155163607321538, "WRMSE": 0.22950023529740524, "MAE": 0.19814669376588334, "PE": 0.37846418389709474, "exact_EV": 23.0, "disc_EV": 22.912953237703668, "Wass_scaled": 0.02170658349240786, "Wass_multi": 1.1468650579779411, "time_wass": 0.07702326169237494}