{"distribution": "nm", "edges": [["X", "Y"]], "root_params": ["X ~ B(0.5)"], "experiment": 1, "not_root_params": "P(Y|X) ~ N(21,10) if X = 0.0 and P(Y|X) ~ N(25,1) if X = 1.0", "sample_size": 500, "means": 23.0, "disc_method": "EV", "bins": 10, "target_column": null, "CPT_method": "Bayes", "time_disc": 0.03670099377632141, "time_cnf": 1.3024282869882882, "time_VE": 0.0009840773418545723, "time_BP": 0.002592378295958042, "RMSE": 0.0629600840081907, "WRMSE": 0.06290804880510538, "MAE": 0.06290582351782881, "PE": 0.11936624556481823, "exact_EV": 23.0, "disc_EV": 23.027454236479908, "Wass_scaled": 0.09475050970548364, "Wass_multi": 1.2330746828777381, "time_wass": 0.06694197002798319}