{"distribution": "nm", "edges": [["X", "Y"]], "root_params": ["X ~ B(0.5)"], "experiment": 1, "not_root_params": "P(Y|X) ~ N(21,10) if X = 0.0 and P(Y|X) ~ N(25,1) if X = 1.0", "sample_size": 500, "means": 23.0, "disc_method": "EB", "bins": 30, "target_column": null, "CPT_method": "Bayes", "time_disc": 0.03516211220994592, "time_cnf": 0.007752494886517525, "time_VE": 0.0010824939236044884, "time_BP": 0.003303106874227524, "RMSE": 0.40264240797065326, "WRMSE": 0.3991799970098684, "MAE": 0.34996134835345316, "PE": 1.3790451419583645, "exact_EV": 23.0, "disc_EV": 22.682819617349576, "Wass_scaled": 0.007880143352919167, "Wass_multi": 0.4304122656134935, "time_wass": 0.060911139007657766}