{
	"nodecount" : 25,
	"peaknodes" : 25,
	"total_load_time" : 0.00620294,
	"build_time" : 0.00375986,
	"wmc_time" : 0.000265121
}
