{
	"nodecount" : 56,
	"peaknodes" : 59,
	"total_load_time" : 0.0139091,
	"build_time" : 0.0105021,
	"wmc_time" : 0.000476122
}
