{"distribution": "nm", "edges": [["X", "Y"]], "root_params": ["X ~ B(0.5)"], "experiment": 1, "not_root_params": "P(Y|X) ~ N(21,10) if X = 0.0 and P(Y|X) ~ N(25,1) if X = 1.0", "sample_size": 500, "means": 23.0, "disc_method": "EV", "bins": 14, "target_column": null, "CPT_method": "Bayes", "time_disc": 0.03721741493791342, "time_cnf": 0.5570994559675455, "time_VE": 0.0009428197517991066, "time_BP": 0.0025001009926199913, "RMSE": 0.11590980237384872, "WRMSE": 0.11582987035933943, "MAE": 0.11584029185452849, "PE": 0.11786277140578127, "exact_EV": 23.0, "disc_EV": 23.02710843742333, "Wass_scaled": 0.07657263760773028, "Wass_multi": 0.9349023318722268, "time_wass": 0.06586651084944606}