{"distribution": "lg", "edges": [["A", "D"], ["B", "D"], ["D", "E"], ["C", "E"]], "root_params": "A ~ N(20,20) B ~ N(20,20) C ~ N(15,15)", "experiment": 113, "not_root_params": "D   ~   N ( 2 A + 3 B , 2 . 6 8 7 5 )   E   ~   N ( 3 C + 3 D , 2 . 6 8 7 5 )", "sample_size": 694, "means": {"A": 20, "B": 20, "C": 15, "D": 100, "E": 345}, "disc_method": "EB", "bins": 17, "target_column": null, "CPT_method": "Bayespriors", "time_disc": 0.15596289999666624, "time_cnf": 0.13819800000055693, "time_VE": 0.002409699998679571, "time_BP": 0.007498599996324629, "RMSE": 14.522450936476016, "WRMSE": 4.781889410468585, "MAE": 9.927129543755965, "PE": 0.3964299791201596, "exact_EV": 345, "disc_EV": 343.63231657203545, "Wass_scaled": 0.04236664954607622, "Wass_multi": 2.129775111928638, "time_wass": 0.3240866999985883}