{"distribution": "lg", "edges": [["A", "D"], ["B", "D"], ["D", "E"], ["C", "E"]], "root_params": "A ~ N(20,20) B ~ N(20,20) C ~ N(15,15)", "experiment": 113, "not_root_params": "D   ~   N ( 2 A + 3 B , 2 . 6 8 7 5 )   E   ~   N ( 3 C + 3 D , 2 . 6 8 7 5 )", "sample_size": 694, "means": {"A": 20, "B": 20, "C": 15, "D": 100, "E": 345}, "disc_method": "EB", "bins": 12, "target_column": null, "CPT_method": "Bayespriors", "time_disc": 0.09849412785843015, "time_cnf": 0.20684218406677246, "time_VE": 0.001260640099644661, "time_BP": 0.005172368139028549, "RMSE": 11.885587676315172, "WRMSE": 3.7826602699116534, "MAE": 7.688002292634441, "PE": 0.23445669746354103, "exact_EV": 345, "disc_EV": 344.1911243937508, "Wass_scaled": 0.06463069950368346, "Wass_multi": 3.06224080007868, "time_wass": 0.3046001442708075}