{"distribution": "lg", "edges": [["A", "D"], ["B", "D"], ["D", "E"], ["C", "E"]], "root_params": "A ~ N(20,20) B ~ N(20,20) C ~ N(15,15)", "experiment": 113, "not_root_params": "D   ~   N ( 2 A + 3 B , 2 . 6 8 7 5 )   E   ~   N ( 3 C + 3 D , 2 . 6 8 7 5 )", "sample_size": 694, "means": {"A": 20, "B": 20, "C": 15, "D": 100, "E": 345}, "disc_method": "EB", "bins": 25, "target_column": null, "CPT_method": "Bayespriors", "time_disc": 0.11676881089806557, "time_cnf": 3.3463494000025094, "time_VE": 0.0014818711206316948, "time_BP": 0.008048135787248611, "RMSE": 17.290253364825364, "WRMSE": 6.792197425450272, "MAE": 13.041119852238488, "PE": 0.44842986624566816, "exact_EV": 345, "disc_EV": 343.45291696145244, "Wass_scaled": 0.02940071305150689, "Wass_multi": 1.466223548243737, "time_wass": 0.28729136008769274}