{
	"nodecount" : 20769,
	"peaknodes" : 23117,
	"total_load_time" : 2.4913,
	"build_time" : 2.20515,
	"wmc_time" : 0.00519586
}
