{
	"nodecount" : 16272,
	"peaknodes" : 17257,
	"total_load_time" : 2.00892,
	"build_time" : 1.92871,
	"wmc_time" : 0.00527,
	"wmc_value" : 1,
	"bn_to_cnf_time" : 0.0588121
}
