{"distribution": "lg", "edges": [["A", "D"], ["B", "D"], ["D", "E"], ["C", "E"]], "root_params": "A ~ N(20,20) B ~ N(20,20) C ~ N(15,15)", "experiment": 113, "not_root_params": "D   ~   N ( 2 A + 3 B , 2 . 6 8 7 5 )   E   ~   N ( 3 C + 3 D , 2 . 6 8 7 5 )", "sample_size": 694, "means": {"A": 20, "B": 20, "C": 15, "D": 100, "E": 345}, "disc_method": "EV", "bins": 17, "target_column": null, "CPT_method": "Bayespriors", "time_disc": 0.10124575020745397, "time_cnf": 0.2922592000104487, "time_VE": 0.0012886086478829384, "time_BP": 0.005933800712227821, "RMSE": 2.165774496345067, "WRMSE": 2.167625202488696, "MAE": 1.8849075759185459, "PE": 0.18515402976107367, "exact_EV": 345, "disc_EV": 344.3612185973243, "Wass_scaled": 0.1884314838403999, "Wass_multi": 1.9632250917451348, "time_wass": 0.3092541298829019}