{
	"nodecount" : 4591,
	"peaknodes" : 4591,
	"total_load_time" : 0.25616,
	"build_time" : 0.170936,
	"wmc_time" : 0.00255203
}
