{"distribution": "lg", "edges": [["A", "D"], ["B", "D"], ["D", "E"], ["C", "E"]], "root_params": "A ~ N(20,20) B ~ N(20,20) C ~ N(15,15)", "experiment": 113, "not_root_params": "D   ~   N ( 2 A + 3 B , 2 . 6 8 7 5 )   E   ~   N ( 3 C + 3 D , 2 . 6 8 7 5 )", "sample_size": 694, "means": {"A": 20, "B": 20, "C": 15, "D": 100, "E": 345}, "disc_method": "EV", "bins": 5, "target_column": null, "CPT_method": "Bayespriors", "time_disc": 0.1589615999982925, "time_cnf": 0.009540700004436076, "time_VE": 0.002107699998305179, "time_BP": 0.005247300010523759, "RMSE": 1.4721481078293477, "WRMSE": 1.473157112250802, "MAE": 1.2394511478856658, "PE": 0.20053188670757388, "exact_EV": 345, "disc_EV": 344.30816499085887, "Wass_scaled": 0.3934025027314189, "Wass_multi": 5.8094971923259004, "time_wass": 0.3516522999998415}