{"distribution": "lg", "edges": [["A", "D"], ["B", "D"], ["D", "E"], ["C", "E"]], "root_params": "A ~ N(20,20) B ~ N(20,20) C ~ N(15,15)", "experiment": 113, "not_root_params": "D   ~   N ( 2 A + 3 B , 2 . 6 8 7 5 )   E   ~   N ( 3 C + 3 D , 2 . 6 8 7 5 )", "sample_size": 694, "means": {"A": 20, "B": 20, "C": 15, "D": 100, "E": 345}, "disc_method": "EB", "bins": 5, "target_column": null, "CPT_method": "Bayespriors", "time_disc": 0.14477450000413228, "time_cnf": 0.010767200001282617, "time_VE": 0.0013567999994847924, "time_BP": 0.006198200004291721, "RMSE": 5.110092353694713, "WRMSE": 2.1869449047991343, "MAE": 3.8983473023466217, "PE": 0.18139178267745962, "exact_EV": 345, "disc_EV": 344.37419834976276, "Wass_scaled": 0.1748448861358057, "Wass_multi": 6.95196571173697, "time_wass": 0.33492850000038743}