{"distribution": "lg", "edges": [["A", "D"], ["B", "D"], ["D", "E"], ["C", "E"]], "root_params": "A ~ N(20,20) B ~ N(20,20) C ~ N(15,15)", "experiment": 113, "not_root_params": "D   ~   N ( 2 A + 3 B , 2 . 6 8 7 5 )   E   ~   N ( 3 C + 3 D , 2 . 6 8 7 5 )", "sample_size": 694, "means": {"A": 20, "B": 20, "C": 15, "D": 100, "E": 345}, "disc_method": "EV", "bins": 14, "target_column": null, "CPT_method": "Bayespriors", "time_disc": 0.09968323213979602, "time_cnf": 0.28822000604122877, "time_VE": 0.0012220670469105244, "time_BP": 0.005449381191283464, "RMSE": 1.4613848118593604, "WRMSE": 1.4595064032040364, "MAE": 1.0959385451739325, "PE": 0.2676103919921296, "exact_EV": 345, "disc_EV": 344.07674414762715, "Wass_scaled": 0.21118106969179126, "Wass_multi": 2.3339571431703976, "time_wass": 0.31487668910995126}