{"distribution": "lg", "edges": [["A", "D"], ["B", "D"], ["D", "E"], ["C", "E"]], "root_params": "A ~ N(20,20) B ~ N(20,20) C ~ N(15,15)", "experiment": 113, "not_root_params": "D   ~   N ( 2 A + 3 B , 2 . 6 8 7 5 )   E   ~   N ( 3 C + 3 D , 2 . 6 8 7 5 )", "sample_size": 694, "means": {"A": 20, "B": 20, "C": 15, "D": 100, "E": 345}, "disc_method": "EV", "bins": 8, "target_column": null, "CPT_method": "Bayespriors", "time_disc": 0.16637650001212023, "time_cnf": 0.017710100000840612, "time_VE": 0.0021425000013550743, "time_BP": 0.012201499994262122, "RMSE": 1.1261937552503243, "WRMSE": 1.1277507003407752, "MAE": 0.8451547766927447, "PE": 0.1902693024675355, "exact_EV": 345, "disc_EV": 344.343570906487, "Wass_scaled": 0.2928892167600881, "Wass_multi": 3.961280295722085, "time_wass": 0.3484108999982709}