{
	"nodecount" : 1311,
	"peaknodes" : 1311,
	"total_load_time" : 0.374856,
	"build_time" : 0.33778,
	"wmc_time" : 0.00177693
}
