{
	"nodecount" : 1177,
	"peaknodes" : 1243,
	"total_load_time" : 0.102603,
	"build_time" : 0.091805,
	"wmc_time" : 0.00266194,
	"wmc_value" : 1,
	"bn_to_cnf_time" : 0.00282001
}
