{
	"nodecount" : 1311,
	"peaknodes" : 1311,
	"total_load_time" : 0.959827,
	"build_time" : 0.906637,
	"wmc_time" : 0.00342703,
	"wmc_value" : 1,
	"bn_to_cnf_time" : 0.0302341
}
