{
	"nodecount" : 25535,
	"peaknodes" : 27621,
	"total_load_time" : 7.13186,
	"build_time" : 6.32377,
	"wmc_time" : 0.00732088,
	"wmc_value" : 1,
	"bn_to_cnf_time" : 0.315786
}
