{"distribution": "lg", "edges": [["A", "D"], ["B", "D"], ["D", "E"], ["C", "E"]], "root_params": "A ~ N(20,20) B ~ N(20,20) C ~ N(15,15)", "experiment": 113, "not_root_params": "D   ~   N ( 2 A + 3 B , 2 . 6 8 7 5 )   E   ~   N ( 3 C + 3 D , 2 . 6 8 7 5 )", "sample_size": 694, "means": {"A": 20, "B": 20, "C": 15, "D": 100, "E": 345}, "disc_method": "EV", "bins": 25, "target_column": null, "CPT_method": "Bayespriors", "time_disc": 0.17639449999842327, "time_cnf": 0.5075147000025027, "time_VE": 0.0021069000067654997, "time_BP": 0.016163100008270703, "RMSE": 5.822472510458643, "WRMSE": 5.829550457969538, "MAE": 4.864184241909941, "PE": 0.10997921675837369, "exact_EV": 345, "disc_EV": 344.6205717021836, "Wass_scaled": 0.1549281360107452, "Wass_multi": 1.4488704113299389, "time_wass": 0.33094070000515785}