{
	"nodecount" : 9402,
	"peaknodes" : 9469,
	"total_load_time" : 0.564268,
	"build_time" : 0.478514,
	"wmc_time" : 0.00328994
}
