{
	"nodecount" : 1177,
	"peaknodes" : 1243,
	"total_load_time" : 0.143009,
	"build_time" : 0.0544801,
	"wmc_time" : 0.0016849
}
