{
	"nodecount" : 11562,
	"peaknodes" : 12447,
	"total_load_time" : 1.02017,
	"build_time" : 0.886118,
	"wmc_time" : 0.00388002
}
