{"distribution": "lg", "edges": [["A", "D"], ["B", "D"], ["D", "E"], ["C", "E"]], "root_params": "A ~ N(20,20) B ~ N(20,20) C ~ N(15,15)", "experiment": 113, "not_root_params": "D   ~   N ( 2 A + 3 B , 2 . 6 8 7 5 )   E   ~   N ( 3 C + 3 D , 2 . 6 8 7 5 )", "sample_size": 694, "means": {"A": 20, "B": 20, "C": 15, "D": 100, "E": 345}, "disc_method": "EB", "bins": 10, "target_column": null, "CPT_method": "Bayespriors", "time_disc": 0.0947248819284141, "time_cnf": 0.17871244298294187, "time_VE": 0.0012078848667442799, "time_BP": 0.004946435336023569, "RMSE": 10.988935678926962, "WRMSE": 3.3134649047906306, "MAE": 6.833747030049102, "PE": 0.1503844882262311, "exact_EV": 345, "disc_EV": 344.4811735156195, "Wass_scaled": 0.08544470132187083, "Wass_multi": 3.60191375578444, "time_wass": 0.3097453713417053}