{
	"nodecount" : 22774,
	"peaknodes" : 27305,
	"total_load_time" : 3.79349,
	"build_time" : 3.25086,
	"wmc_time" : 0.00492692
}
