{
	"nodecount" : 20041,
	"peaknodes" : 24821,
	"total_load_time" : 5.88146,
	"build_time" : 4.88441,
	"wmc_time" : 0.0050962
}
