{
	"nodecount" : 17669,
	"peaknodes" : 18968,
	"total_load_time" : 1.83044,
	"build_time" : 1.5843,
	"wmc_time" : 0.00465322
}
