{"distribution": "lg", "edges": [["A", "D"], ["B", "D"], ["D", "E"], ["C", "E"]], "root_params": "A ~ N(20,20) B ~ N(20,20) C ~ N(15,15)", "experiment": 113, "not_root_params": "D   ~   N ( 2 A + 3 B , 2 . 6 8 7 5 )   E   ~   N ( 3 C + 3 D , 2 . 6 8 7 5 )", "sample_size": 694, "means": {"A": 20, "B": 20, "C": 15, "D": 100, "E": 345}, "disc_method": "EV", "bins": 20, "target_column": null, "CPT_method": "Bayespriors", "time_disc": 0.16807059998973273, "time_cnf": 0.22808870000881143, "time_VE": 0.003585200000088662, "time_BP": 0.01597520000359509, "RMSE": 3.1211290726380096, "WRMSE": 3.1176750863419898, "MAE": 2.644987396592762, "PE": 0.20259504652875732, "exact_EV": 345, "disc_EV": 344.3010470894758, "Wass_scaled": 0.17377093242322256, "Wass_multi": 1.7097783238928803, "time_wass": 0.33698189999267925}