{
	"nodecount" : 6263,
	"peaknodes" : 6581,
	"total_load_time" : 0.670615,
	"build_time" : 0.424323,
	"wmc_time" : 0.00286484
}
