{
	"nodecount" : 20958,
	"peaknodes" : 24263,
	"total_load_time" : 2.04483,
	"build_time" : 1.76041,
	"wmc_time" : 0.00471497
}
