{
	"nodecount" : 25535,
	"peaknodes" : 27621,
	"total_load_time" : 4.56485,
	"build_time" : 3.8484,
	"wmc_time" : 0.00730395
}
