{
	"nodecount" : 22009,
	"peaknodes" : 25827,
	"total_load_time" : 2.58722,
	"build_time" : 2.25682,
	"wmc_time" : 0.00465822
}
