{"distribution": "nm", "edges": [["X", "Y"]], "root_params": ["X ~ B(0.8)"], "experiment": 2, "not_root_params": "P(Y|X) ~ N(21,10) if X = 0.0 and P(Y|X) ~ N(25,1) if X = 1.0", "sample_size": 500, "means": 21.8, "disc_method": "EV", "bins": 10, "target_column": null, "CPT_method": "Bayes", "time_disc": 0.035164956003427505, "time_cnf": 0.5384089983999729, "time_VE": 0.0009530168026685715, "time_BP": 0.0025328262709081173, "RMSE": 0.0949298759094176, "WRMSE": 0.06652804913643513, "MAE": 0.07881620390849342, "PE": 9.832899308869868, "exact_EV": 21.8, "disc_EV": 23.943572049333632, "Wass_scaled": 0.208826764837604, "Wass_multi": 0.8705714479126682, "time_wass": 0.06635362328961492}