{"distribution": "nm", "edges": [["X", "Y"]], "root_params": ["X ~ B(0.8)"], "experiment": 2, "not_root_params": "P(Y|X) ~ N(21,10) if X = 0.0 and P(Y|X) ~ N(25,1) if X = 1.0", "sample_size": 500, "means": 21.8, "disc_method": "EV", "bins": 8, "target_column": null, "CPT_method": "Bayes", "time_disc": 0.03631564415991306, "time_cnf": 0.2385468096472323, "time_VE": 0.000926170963793993, "time_BP": 0.0025480100885033607, "RMSE": 0.18739130248247027, "WRMSE": 0.15596069941993104, "MAE": 0.17921057505249038, "PE": 9.805565577540452, "exact_EV": 21.8, "disc_EV": 23.93761329590382, "Wass_scaled": 0.22740913815362723, "Wass_multi": 0.9530977966152436, "time_wass": 0.06910201022401452}