{
	"nodecount" : 22,
	"peaknodes" : 22,
	"total_load_time" : 0.00622296,
	"build_time" : 0.00287104,
	"wmc_time" : 0.000226021
}
