{"distribution": "nm", "edges": [["X", "Y"]], "root_params": ["X ~ B(0.8)"], "experiment": 2, "not_root_params": "P(Y|X) ~ N(21,10) if X = 0.0 and P(Y|X) ~ N(25,1) if X = 1.0", "sample_size": 500, "means": 21.8, "disc_method": "EV", "bins": 14, "target_column": null, "CPT_method": "Bayes", "time_disc": 0.03487831074744463, "time_cnf": 0.44768440863117576, "time_VE": 0.0009535602293908596, "time_BP": 0.002510762307792902, "RMSE": 0.17168268930376876, "WRMSE": 0.11583286651956558, "MAE": 0.1293150847380442, "PE": 9.913186053131477, "exact_EV": 21.8, "disc_EV": 23.961074559582663, "Wass_scaled": 0.18318418079121682, "Wass_multi": 0.6741164569444633, "time_wass": 0.06804673792794347}