{"distribution": "nm", "edges": [["X", "Y"]], "root_params": ["X ~ B(0.8)"], "experiment": 2, "not_root_params": "P(Y|X) ~ N(21,10) if X = 0.0 and P(Y|X) ~ N(25,1) if X = 1.0", "sample_size": 500, "means": 21.8, "disc_method": "EB", "bins": 10, "target_column": null, "CPT_method": "Bayes", "time_disc": 0.032789901830255985, "time_cnf": 0.2366306660696864, "time_VE": 0.00099496403709054, "time_BP": 0.0026261163875460625, "RMSE": 0.24016449312373014, "WRMSE": 0.16329668571580006, "MAE": 0.18670910682334707, "PE": 9.826847267453106, "exact_EV": 21.8, "disc_EV": 23.942252704304778, "Wass_scaled": 0.028562724631968798, "Wass_multi": 0.8172579795643143, "time_wass": 0.06384818023070693}