{
	"nodecount" : 22,
	"peaknodes" : 22,
	"total_load_time" : 0.00648403,
	"build_time" : 0.00269914,
	"wmc_time" : 0.000196934
}
