{"distribution": "nm", "edges": [["X", "Y"]], "root_params": ["X ~ B(0.8)"], "experiment": 2, "not_root_params": "P(Y|X) ~ N(21,10) if X = 0.0 and P(Y|X) ~ N(25,1) if X = 1.0", "sample_size": 500, "means": 21.8, "disc_method": "EB", "bins": 25, "target_column": null, "CPT_method": "Bayes", "time_disc": 0.03561687562614679, "time_cnf": 0.007606978993862867, "time_VE": 0.0012258738279342651, "time_BP": 0.00364461587741971, "RMSE": 0.24989277592769812, "WRMSE": 0.19961184063114135, "MAE": 0.23393717987213414, "PE": 9.41784615880761, "exact_EV": 21.8, "disc_EV": 23.85309046262006, "Wass_scaled": 0.010953121627988333, "Wass_multi": 0.362893824367738, "time_wass": 0.07981724105775356}