{"distribution": "nm", "edges": [["X", "Y"]], "root_params": ["X ~ B(0.8)"], "experiment": 2, "not_root_params": "P(Y|X) ~ N(21,10) if X = 0.0 and P(Y|X) ~ N(25,1) if X = 1.0", "sample_size": 500, "means": 21.8, "disc_method": "MDLP", "bins": 2, "target_column": "Y", "CPT_method": "Bayes", "time_disc": 0.09599101403728127, "time_cnf": 0.3911832198500633, "time_VE": 0.001049404963850975, "time_BP": 0.0026254598051309586, "RMSE": 0.3789227377898396, "WRMSE": 0.421028381511005, "MAE": 0.36975608922464964, "PE": 7.699743103511475, "exact_EV": 21.8, "disc_EV": 23.478543996565502, "Wass_scaled": 0.1105984515460262, "Wass_multi": 0.2674750926868294, "time_wass": 0.06233688024803996}