{
	"nodecount" : 38,
	"peaknodes" : 38,
	"total_load_time" : 0.00839591,
	"build_time" : 0.00590205,
	"wmc_time" : 0.000364065
}
