{
	"nodecount" : 43,
	"peaknodes" : 43,
	"total_load_time" : 0.00922513,
	"build_time" : 0.00658393,
	"wmc_time" : 0.000408888
}
