{
	"nodecount" : 47,
	"peaknodes" : 49,
	"total_load_time" : 0.01373,
	"build_time" : 0.0102608,
	"wmc_time" : 0.000491142
}
