{
	"nodecount" : 32,
	"peaknodes" : 32,
	"total_load_time" : 0.00928903,
	"build_time" : 0.0061729,
	"wmc_time" : 0.000346899
}
