{"distribution": "nm", "edges": [["X", "Y"]], "root_params": ["X ~ B(0.8)"], "experiment": 2, "not_root_params": "P(Y|X) ~ N(21,10) if X = 0.0 and P(Y|X) ~ N(25,1) if X = 1.0", "sample_size": 500, "means": 21.8, "disc_method": "EV", "bins": 20, "target_column": null, "CPT_method": "Bayes", "time_disc": 0.03671172959730029, "time_cnf": 0.13716053869575262, "time_VE": 0.0013648937456309795, "time_BP": 0.0036153090186417103, "RMSE": 0.3805222608354012, "WRMSE": 0.2574133423833497, "MAE": 0.2902601414777255, "PE": 10.001482320602507, "exact_EV": 21.8, "disc_EV": 23.980323145891347, "Wass_scaled": 0.154070337646195, "Wass_multi": 0.5128161315159886, "time_wass": 0.08714701794087887}