{"distribution": "nm", "edges": [["X", "Y"]], "root_params": ["X ~ B(0.8)"], "experiment": 2, "not_root_params": "P(Y|X) ~ N(21,10) if X = 0.0 and P(Y|X) ~ N(25,1) if X = 1.0", "sample_size": 500, "means": 21.8, "disc_method": "EB", "bins": 20, "target_column": null, "CPT_method": "Bayes", "time_disc": 0.037671973928809166, "time_cnf": 0.007005119696259499, "time_VE": 0.0011968240141868591, "time_BP": 0.0035614697262644768, "RMSE": 0.23116548740485823, "WRMSE": 0.17096815188919992, "MAE": 0.20459615067996317, "PE": 9.582387421241979, "exact_EV": 21.8, "disc_EV": 23.888960457830752, "Wass_scaled": 0.01297716260676883, "Wass_multi": 0.47661356160640284, "time_wass": 0.07707674102857709}