{"distribution": "nm", "edges": [["X", "Y"]], "root_params": ["X ~ B(0.8)"], "experiment": 2, "not_root_params": "P(Y|X) ~ N(21,10) if X = 0.0 and P(Y|X) ~ N(25,1) if X = 1.0", "sample_size": 500, "means": 21.8, "disc_method": "EV", "bins": 17, "target_column": null, "CPT_method": "Bayes", "time_disc": 0.03467020904645324, "time_cnf": 0.08503465820103884, "time_VE": 0.0011677569709718227, "time_BP": 0.0032819947227835655, "RMSE": 0.27663515948523726, "WRMSE": 0.18587538380633228, "MAE": 0.20214767469365214, "PE": 9.961253953375806, "exact_EV": 21.8, "disc_EV": 23.971553361835927, "Wass_scaled": 0.16856050997047678, "Wass_multi": 0.5858465249487131, "time_wass": 0.08837833069264889}