{"distribution": "nm", "edges": [["X", "Y"]], "root_params": ["X ~ B(0.8)"], "experiment": 2, "not_root_params": "P(Y|X) ~ N(21,10) if X = 0.0 and P(Y|X) ~ N(25,1) if X = 1.0", "sample_size": 500, "means": 21.8, "disc_method": "EV", "bins": 25, "target_column": null, "CPT_method": "Bayes", "time_disc": 0.033095814287662506, "time_cnf": 0.011368990875780582, "time_VE": 0.0011277222074568272, "time_BP": 0.002723683137446642, "RMSE": 0.474024698523465, "WRMSE": 0.3213336136152792, "MAE": 0.3646318374472237, "PE": 10.074601844169699, "exact_EV": 21.8, "disc_EV": 23.996263202028995, "Wass_scaled": 0.13581910686128232, "Wass_multi": 0.3948007019513252, "time_wass": 0.0730203059501946}