{"distribution": "nm", "edges": [["X", "Y"]], "root_params": ["X ~ B(0.8)"], "experiment": 2, "not_root_params": "P(Y|X) ~ N(21,10) if X = 0.0 and P(Y|X) ~ N(25,1) if X = 1.0", "sample_size": 500, "means": 21.8, "disc_method": "EB", "bins": 12, "target_column": null, "CPT_method": "Bayes", "time_disc": 0.03254542779177427, "time_cnf": 0.22256923699751496, "time_VE": 0.0009431629441678524, "time_BP": 0.002497950103133917, "RMSE": 0.28713822989757776, "WRMSE": 0.19730629318484205, "MAE": 0.22969957921327477, "PE": 9.815851114137791, "exact_EV": 21.8, "disc_EV": 23.93985554288204, "Wass_scaled": 0.024844594074690994, "Wass_multi": 0.6962763294336104, "time_wass": 0.061601798981428146}