{"distribution": "nm", "edges": [["X", "Y"]], "root_params": ["X ~ B(0.8)"], "experiment": 2, "not_root_params": "P(Y|X) ~ N(21,10) if X = 0.0 and P(Y|X) ~ N(25,1) if X = 1.0", "sample_size": 500, "means": 21.8, "disc_method": "EB", "bins": 8, "target_column": null, "CPT_method": "Bayes", "time_disc": 0.03419088805094361, "time_cnf": 0.4315264201723039, "time_VE": 0.0010093040764331818, "time_BP": 0.002647163812071085, "RMSE": 0.21596084192847434, "WRMSE": 0.1493246871653963, "MAE": 0.17508020996293183, "PE": 9.743226978042577, "exact_EV": 21.8, "disc_EV": 23.924023481213283, "Wass_scaled": 0.02318719303209105, "Wass_multi": 0.8990604980738657, "time_wass": 0.06431433791294694}