{"distribution": "nm", "edges": [["X", "Y"]], "root_params": ["X ~ B(0.8)"], "experiment": 2, "not_root_params": "P(Y|X) ~ N(21,10) if X = 0.0 and P(Y|X) ~ N(25,1) if X = 1.0", "sample_size": 500, "means": 21.8, "disc_method": "EV", "bins": 12, "target_column": null, "CPT_method": "Bayes", "time_disc": 0.03303357120603323, "time_cnf": 2.416307487990707, "time_VE": 0.0009987489320337772, "time_BP": 0.0026349052786827087, "RMSE": 0.1513961906648857, "WRMSE": 0.1020595330772283, "MAE": 0.11349541275444608, "PE": 9.872722617811217, "exact_EV": 21.8, "disc_EV": 23.952253530682846, "Wass_scaled": 0.19512623647567984, "Wass_multi": 0.7822784073439434, "time_wass": 0.06705860001966357}