{
	"nodecount" : 54,
	"peaknodes" : 56,
	"total_load_time" : 0.013746,
	"build_time" : 0.0097661,
	"wmc_time" : 0.000398159
}
