{
	"nodecount" : 7694,
	"peaknodes" : 8198,
	"total_load_time" : 0.481021,
	"build_time" : 0.454685,
	"wmc_time" : 0.00324392
}
