{
	"nodecount" : 14147,
	"peaknodes" : 14739,
	"total_load_time" : 0.787382,
	"build_time" : 0.743378,
	"wmc_time" : 0.00416589
}
