{
	"nodecount" : 18921,
	"peaknodes" : 20309,
	"total_load_time" : 1.71766,
	"build_time" : 1.58126,
	"wmc_time" : 0.00486994
}
