{
	"nodecount" : 7694,
	"peaknodes" : 8198,
	"total_load_time" : 1.1072,
	"build_time" : 1.06987,
	"wmc_time" : 0.00520492,
	"wmc_value" : 1,
	"bn_to_cnf_time" : 0.0215588
}
