{"distribution": "lg", "edges": [["A", "D"], ["B", "D"], ["D", "E"], ["C", "E"]], "root_params": "A ~ N(20,20) B ~ N(20,20) C ~ N(15,15)", "experiment": 124, "not_root_params": "D   ~   N ( 2 A + 3 B , 8 . 5 9 3 7 5 )   E   ~   N ( 3 C + 3 D , 8 . 5 9 3 7 5 )", "sample_size": 516, "means": {"A": 20, "B": 20, "C": 15, "D": 100, "E": 345}, "disc_method": "EB", "bins": 30, "target_column": null, "CPT_method": "Bayes", "time_disc": 0.1086689999938244, "time_cnf": 0.7421921999921324, "time_VE": 0.004486699996050447, "time_BP": 0.01912179999635555, "RMSE": 88.82633099719521, "WRMSE": 53.170310882513476, "MAE": 76.41988467454156, "PE": 5.318816317210316, "exact_EV": 345, "disc_EV": 326.6500837056244, "Wass_scaled": 0.023899513419773734, "Wass_multi": 4.5570324612560045, "time_wass": 0.1423176000098465}