{"distribution": "lg", "edges": [["A", "D"], ["B", "D"], ["D", "E"], ["C", "E"]], "root_params": "A ~ N(20,20) B ~ N(20,20) C ~ N(15,15)", "experiment": 124, "not_root_params": "D   ~   N ( 2 A + 3 B , 8 . 5 9 3 7 5 )   E   ~   N ( 3 C + 3 D , 8 . 5 9 3 7 5 )", "sample_size": 516, "means": {"A": 20, "B": 20, "C": 15, "D": 100, "E": 345}, "disc_method": "EV", "bins": 30, "target_column": null, "CPT_method": "Bayes", "time_disc": 0.07844320312142372, "time_cnf": 6.013129461091012, "time_VE": 0.0016233348287642002, "time_BP": 0.01046287314966321, "RMSE": 47.68567077135727, "WRMSE": 47.93882391535795, "MAE": 38.18969933456536, "PE": 1.036741041003598, "exact_EV": 345, "disc_EV": 341.4232434085376, "Wass_scaled": 0.1482646106381419, "Wass_multi": 4.750397365708987, "time_wass": 0.22679353691637516}