{"distribution": "lg", "edges": [["A", "D"], ["B", "D"], ["D", "E"], ["C", "E"]], "root_params": "A ~ N(20,20) B ~ N(20,20) C ~ N(15,15)", "experiment": 124, "not_root_params": "D   ~   N ( 2 A + 3 B , 8 . 5 9 3 7 5 )   E   ~   N ( 3 C + 3 D , 8 . 5 9 3 7 5 )", "sample_size": 516, "means": {"A": 20, "B": 20, "C": 15, "D": 100, "E": 345}, "disc_method": "EB", "bins": 12, "target_column": null, "CPT_method": "Bayes", "time_disc": 0.09853590000420809, "time_cnf": 0.04950549999193754, "time_VE": 0.001629599995794706, "time_BP": 0.007596199997351505, "RMSE": 86.53730946756762, "WRMSE": 50.432177452959735, "MAE": 73.20776621631201, "PE": 7.153446475532486, "exact_EV": 345, "disc_EV": 320.3206096594129, "Wass_scaled": 0.0703994471185692, "Wass_multi": 11.60587936590156, "time_wass": 0.18142100000113714}