{
	"nodecount" : 27704,
	"peaknodes" : 30276,
	"total_load_time" : 9.17052,
	"build_time" : 8.4404,
	"wmc_time" : 0.00959301,
	"wmc_value" : 1,
	"bn_to_cnf_time" : 0.314571
}
