{
	"nodecount" : 5833,
	"peaknodes" : 5833,
	"total_load_time" : 0.207788,
	"build_time" : 0.195523,
	"wmc_time" : 0.0028739
}
