{"distribution": "lg", "edges": [["A", "D"], ["B", "D"], ["D", "E"], ["C", "E"]], "root_params": "A ~ N(20,20) B ~ N(20,20) C ~ N(15,15)", "experiment": 124, "not_root_params": "D   ~   N ( 2 A + 3 B , 8 . 5 9 3 7 5 )   E   ~   N ( 3 C + 3 D , 8 . 5 9 3 7 5 )", "sample_size": 516, "means": {"A": 20, "B": 20, "C": 15, "D": 100, "E": 345}, "disc_method": "EB", "bins": 25, "target_column": null, "CPT_method": "Bayes", "time_disc": 0.07404193794354796, "time_cnf": 2.945992379914969, "time_VE": 0.0014857100322842598, "time_BP": 0.007476762868463993, "RMSE": 89.53591451649825, "WRMSE": 54.47323431114287, "MAE": 76.67671912215502, "PE": 6.966677311496333, "exact_EV": 345, "disc_EV": 320.96496327533765, "Wass_scaled": 0.027342234052501534, "Wass_multi": 5.410402645754815, "time_wass": 0.17852111905813217}