{
	"nodecount" : 23070,
	"peaknodes" : 25304,
	"total_load_time" : 2.46349,
	"build_time" : 2.23249,
	"wmc_time" : 0.00545287
}
