{
	"nodecount" : 26803,
	"peaknodes" : 31976,
	"total_load_time" : 9.89851,
	"build_time" : 8.75107,
	"wmc_time" : 0.0061779,
	"wmc_value" : 1,
	"bn_to_cnf_time" : 0.656425
}
