{
	"nodecount" : 29502,
	"peaknodes" : 33742,
	"total_load_time" : 5.17539,
	"build_time" : 4.39778,
	"wmc_time" : 0.00648379
}
