{"distribution": "lg", "edges": [["A", "D"], ["B", "D"], ["D", "E"], ["C", "E"]], "root_params": "A ~ N(20,20) B ~ N(20,20) C ~ N(15,15)", "experiment": 124, "not_root_params": "D   ~   N ( 2 A + 3 B , 8 . 5 9 3 7 5 )   E   ~   N ( 3 C + 3 D , 8 . 5 9 3 7 5 )", "sample_size": 516, "means": {"A": 20, "B": 20, "C": 15, "D": 100, "E": 345}, "disc_method": "EV", "bins": 25, "target_column": null, "CPT_method": "Bayes", "time_disc": 0.07431647414341569, "time_cnf": 2.7896299147978425, "time_VE": 0.0015040780417621136, "time_BP": 0.007700015790760517, "RMSE": 47.69084886673667, "WRMSE": 47.846059254977625, "MAE": 38.238048281212784, "PE": 1.036396671122244, "exact_EV": 345, "disc_EV": 341.42443148462826, "Wass_scaled": 0.15994951111225303, "Wass_multi": 5.429945936942631, "time_wass": 0.20626313937827945}