{
	"nodecount" : 23070,
	"peaknodes" : 25304,
	"total_load_time" : 4.90065,
	"build_time" : 4.56691,
	"wmc_time" : 0.0085299,
	"wmc_value" : 1,
	"bn_to_cnf_time" : 0.164594
}
