{"distribution": "lg", "edges": [["A", "D"], ["B", "D"], ["D", "E"], ["C", "E"]], "root_params": "A ~ N(20,20) B ~ N(20,20) C ~ N(15,15)", "experiment": 124, "not_root_params": "D   ~   N ( 2 A + 3 B , 8 . 5 9 3 7 5 )   E   ~   N ( 3 C + 3 D , 8 . 5 9 3 7 5 )", "sample_size": 516, "means": {"A": 20, "B": 20, "C": 15, "D": 100, "E": 345}, "disc_method": "EB", "bins": 17, "target_column": null, "CPT_method": "Bayes", "time_disc": 0.10590389999561012, "time_cnf": 0.1316859999933513, "time_VE": 0.0015316999924834818, "time_BP": 0.011515599995618686, "RMSE": 89.15306828606799, "WRMSE": 51.275818832662196, "MAE": 75.79409410653648, "PE": 5.459945182352052, "exact_EV": 345, "disc_EV": 326.1631891208854, "Wass_scaled": 0.04219126280829944, "Wass_multi": 8.125728890639378, "time_wass": 0.15515869999944698}