{"distribution": "lg", "edges": [["A", "D"], ["B", "D"], ["D", "E"], ["C", "E"]], "root_params": "A ~ N(20,20) B ~ N(20,20) C ~ N(15,15)", "experiment": 124, "not_root_params": "D   ~   N ( 2 A + 3 B , 8 . 5 9 3 7 5 )   E   ~   N ( 3 C + 3 D , 8 . 5 9 3 7 5 )", "sample_size": 516, "means": {"A": 20, "B": 20, "C": 15, "D": 100, "E": 345}, "disc_method": "EV", "bins": 20, "target_column": null, "CPT_method": "Bayes", "time_disc": 0.07274506613612175, "time_cnf": 1.263572575058788, "time_VE": 0.001338187139481306, "time_BP": 0.006317112594842911, "RMSE": 47.540542240166594, "WRMSE": 47.64329517924765, "MAE": 38.18544101707966, "PE": 1.0411630042710345, "exact_EV": 345, "disc_EV": 341.40798763526493, "Wass_scaled": 0.17812841971041088, "Wass_multi": 6.496819143563046, "time_wass": 0.19399431999772787}