{"distribution": "lg", "edges": [["A", "D"], ["B", "D"], ["D", "E"], ["C", "E"]], "root_params": "A ~ N(20,20) B ~ N(20,20) C ~ N(15,15)", "experiment": 124, "not_root_params": "D   ~   N ( 2 A + 3 B , 8 . 5 9 3 7 5 )   E   ~   N ( 3 C + 3 D , 8 . 5 9 3 7 5 )", "sample_size": 516, "means": {"A": 20, "B": 20, "C": 15, "D": 100, "E": 345}, "disc_method": "EV", "bins": 14, "target_column": null, "CPT_method": "Bayes", "time_disc": 0.0692888731136918, "time_cnf": 0.3712471779435873, "time_VE": 0.001276365015655756, "time_BP": 0.0055913906544446945, "RMSE": 46.58422665300861, "WRMSE": 46.65402474797489, "MAE": 37.605760780330556, "PE": 1.05292966831132, "exact_EV": 345, "disc_EV": 341.36739264432595, "Wass_scaled": 0.2144526558977145, "Wass_multi": 8.95567422222767, "time_wass": 0.20908746914938092}