{"distribution": "lg", "edges": [["A", "D"], ["B", "D"], ["D", "E"], ["C", "E"]], "root_params": "A ~ N(20,20) B ~ N(20,20) C ~ N(15,15)", "experiment": 124, "not_root_params": "D   ~   N ( 2 A + 3 B , 8 . 5 9 3 7 5 )   E   ~   N ( 3 C + 3 D , 8 . 5 9 3 7 5 )", "sample_size": 516, "means": {"A": 20, "B": 20, "C": 15, "D": 100, "E": 345}, "disc_method": "MDLP", "bins": 2, "target_column": "E", "CPT_method": "Bayes", "time_disc": 1.6049400000047171, "time_cnf": 0.2002533999911975, "time_VE": 0.0037229000008665025, "time_BP": 0.011097199996584095, "RMSE": 41.86418542462912, "WRMSE": 41.71777177044529, "MAE": 35.641988460438995, "PE": 0.17167660941761798, "exact_EV": 345, "disc_EV": 344.4077156975092, "Wass_scaled": 0.4154403526877696, "Wass_multi": 9.596094902240166, "time_wass": 0.18995150001137517}