{"distribution": "lg", "edges": [["A", "D"], ["B", "D"], ["D", "E"], ["C", "E"]], "root_params": "A ~ N(20,20) B ~ N(20,20) C ~ N(15,15)", "experiment": 124, "not_root_params": "D   ~   N ( 2 A + 3 B , 8 . 5 9 3 7 5 )   E   ~   N ( 3 C + 3 D , 8 . 5 9 3 7 5 )", "sample_size": 516, "means": {"A": 20, "B": 20, "C": 15, "D": 100, "E": 345}, "disc_method": "EV", "bins": 10, "target_column": null, "CPT_method": "Bayes", "time_disc": 0.07649065600708127, "time_cnf": 0.4267808389849961, "time_VE": 0.0015691597945988178, "time_BP": 0.00658965390175581, "RMSE": 42.90401014765555, "WRMSE": 42.99547205826824, "MAE": 34.94849153477993, "PE": 1.1261618978370194, "exact_EV": 345, "disc_EV": 341.1147414524623, "Wass_scaled": 0.25915768187012694, "Wass_multi": 11.442367986993716, "time_wass": 0.24227750301361084}