{"distribution": "lg", "edges": [["A", "D"], ["B", "D"], ["D", "E"], ["C", "E"]], "root_params": "A ~ N(20,20) B ~ N(20,20) C ~ N(15,15)", "experiment": 124, "not_root_params": "D   ~   N ( 2 A + 3 B , 8 . 5 9 3 7 5 )   E   ~   N ( 3 C + 3 D , 8 . 5 9 3 7 5 )", "sample_size": 516, "means": {"A": 20, "B": 20, "C": 15, "D": 100, "E": 345}, "disc_method": "EB", "bins": 12, "target_column": null, "CPT_method": "Bayes", "time_disc": 0.068038001190871, "time_cnf": 0.4685167367570102, "time_VE": 0.0012154867872595787, "time_BP": 0.005151491146534681, "RMSE": 86.5373094675676, "WRMSE": 50.43217745295973, "MAE": 73.20776621631198, "PE": 7.153446475532486, "exact_EV": 345, "disc_EV": 320.3206096594129, "Wass_scaled": 0.0703994471185692, "Wass_multi": 11.60587936590156, "time_wass": 0.20933356136083603}