{
	"nodecount" : 10774,
	"peaknodes" : 11444,
	"total_load_time" : 0.718504,
	"build_time" : 0.672983,
	"wmc_time" : 0.003793
}
