{"distribution": "lg", "edges": [["A", "D"], ["B", "D"], ["D", "E"], ["C", "E"]], "root_params": "A ~ N(20,20) B ~ N(20,20) C ~ N(15,15)", "experiment": 124, "not_root_params": "D   ~   N ( 2 A + 3 B , 8 . 5 9 3 7 5 )   E   ~   N ( 3 C + 3 D , 8 . 5 9 3 7 5 )", "sample_size": 516, "means": {"A": 20, "B": 20, "C": 15, "D": 100, "E": 345}, "disc_method": "EV", "bins": 8, "target_column": null, "CPT_method": "Bayes", "time_disc": 0.09799599999678321, "time_cnf": 0.018026599995209835, "time_VE": 0.0023988000029930845, "time_BP": 0.006243999989237636, "RMSE": 37.78279003237498, "WRMSE": 37.85974450828127, "MAE": 31.06704987503167, "PE": 1.143491686423632, "exact_EV": 345, "disc_EV": 341.05495368183847, "Wass_scaled": 0.29465476131588453, "Wass_multi": 14.631117007741176, "time_wass": 0.177522099998896}