{
	"nodecount" : 2375,
	"peaknodes" : 2375,
	"total_load_time" : 1.36156,
	"build_time" : 1.21077,
	"wmc_time" : 0.00204206
}
