{"distribution": "lg", "edges": [["A", "D"], ["B", "D"], ["D", "E"], ["C", "E"]], "root_params": "A ~ N(20,20) B ~ N(20,20) C ~ N(15,15)", "experiment": 124, "not_root_params": "D   ~   N ( 2 A + 3 B , 8 . 5 9 3 7 5 )   E   ~   N ( 3 C + 3 D , 8 . 5 9 3 7 5 )", "sample_size": 516, "means": {"A": 20, "B": 20, "C": 15, "D": 100, "E": 345}, "disc_method": "EV", "bins": 5, "target_column": null, "CPT_method": "Bayes", "time_disc": 0.07010097103193402, "time_cnf": 0.29322194680571556, "time_VE": 0.001167770940810442, "time_BP": 0.004671704955399036, "RMSE": 20.64812263240103, "WRMSE": 20.672113256803257, "MAE": 16.742736982285827, "PE": 1.234941683381317, "exact_EV": 345, "disc_EV": 340.73945119233446, "Wass_scaled": 0.39601075109552486, "Wass_multi": 21.58642842589985, "time_wass": 0.22762993490323424}