{
	"nodecount" : 13910,
	"peaknodes" : 14993,
	"total_load_time" : 0.997078,
	"build_time" : 0.926655,
	"wmc_time" : 0.00425911
}
