{
	"nodecount" : 26803,
	"peaknodes" : 31976,
	"total_load_time" : 5.57159,
	"build_time" : 4.70531,
	"wmc_time" : 0.00542307
}
