{
	"nodecount" : 10349,
	"peaknodes" : 10693,
	"total_load_time" : 0.533292,
	"build_time" : 0.506648,
	"wmc_time" : 0.00357008
}
