{"distribution": "lg", "edges": [["A", "D"], ["B", "D"], ["D", "E"], ["C", "E"]], "root_params": "A ~ N(20,20) B ~ N(20,20) C ~ N(15,15)", "experiment": 124, "not_root_params": "D   ~   N ( 2 A + 3 B , 8 . 5 9 3 7 5 )   E   ~   N ( 3 C + 3 D , 8 . 5 9 3 7 5 )", "sample_size": 516, "means": {"A": 20, "B": 20, "C": 15, "D": 100, "E": 345}, "disc_method": "EV", "bins": 30, "target_column": null, "CPT_method": "Bayes", "time_disc": 0.1101834000000963, "time_cnf": 0.8138867000088794, "time_VE": 0.0023045999987516552, "time_BP": 0.01931920000060927, "RMSE": 47.68567077135726, "WRMSE": 47.938823915357936, "MAE": 38.189699334565354, "PE": 1.036741041003598, "exact_EV": 345, "disc_EV": 341.4232434085376, "Wass_scaled": 0.1482646106381419, "Wass_multi": 4.750397365708987, "time_wass": 0.1766419999912614}