{"distribution": "lg", "edges": [["A", "D"], ["B", "D"], ["D", "E"], ["C", "E"]], "root_params": "A ~ N(20,20) B ~ N(20,20) C ~ N(15,15)", "experiment": 124, "not_root_params": "D   ~   N ( 2 A + 3 B , 8 . 5 9 3 7 5 )   E   ~   N ( 3 C + 3 D , 8 . 5 9 3 7 5 )", "sample_size": 516, "means": {"A": 20, "B": 20, "C": 15, "D": 100, "E": 345}, "disc_method": "EB", "bins": 5, "target_column": null, "CPT_method": "Bayes", "time_disc": 0.0658496213145554, "time_cnf": 0.18394151609390974, "time_VE": 0.0011626612395048141, "time_BP": 0.0047280630096793175, "RMSE": 56.43917670608972, "WRMSE": 27.82212112515413, "MAE": 45.6581293669354, "PE": 2.658475732314565, "exact_EV": 345, "disc_EV": 335.82825872351475, "Wass_scaled": 0.1754790699293305, "Wass_multi": 26.458604298973835, "time_wass": 0.1940297158434987}