{"distribution": "nm", "edges": [["X", "Y"]], "root_params": ["X ~ B(0.8)"], "experiment": 6, "not_root_params": "P(Y|X) ~ N(40,20) if X = 0.0 and P(Y|X) ~ N(60,20) if X = 1.0", "sample_size": 500, "means": 44.0, "disc_method": "EB", "bins": 5, "target_column": null, "Wass1D": 0.07418866218798414, "Wass_multi": 0.07628914324279236, "RMSE": 1.3319898551736726, "WRMSE": 0.9723660467462033, "MAE": 1.7741969742855814}