{"distribution": "nm", "edges": [["X", "Y"]], "root_params": ["X ~ B(0.8)"], "experiment": 6, "not_root_params": "P(Y|X) ~ N(21,10) if X = 0.0 and P(Y|X) ~ N(25,1) if X = 1.0", "sample_size": 500, "means": 21.8, "disc_method": "EV", "bins": 10, "target_column": null, "Wass1D": 0.8615483325278482, "Wass_multi": 0.8645762655778865, "RMSE": 0.13809462151953877, "WRMSE": 0.10081046839982043, "MAE": 0.01907012449262466}