{"distribution": "nm", "edges": [["X", "Y"]], "root_params": ["X ~ B(0.8)"], "experiment": 6, "not_root_params": "P(Y|X) ~ N(21,10) if X = 0.0 and P(Y|X) ~ N(25,1) if X = 1.0", "sample_size": 500, "means": 21.8, "disc_method": "EV", "bins": 12, "target_column": null, "Wass1D": 0.8465794667281311, "Wass_multi": 0.855581892523923, "RMSE": 0.11884197967107132, "WRMSE": 0.0867558454078352, "MAE": 0.01412341613213933}