{"distribution": "nm", "edges": [["X", "Y"]], "root_params": ["X ~ B(0.8)"], "experiment": 6, "not_root_params": "P(Y|X) ~ N(40,20) if X = 0.0 and P(Y|X) ~ N(60,20) if X = 1.0", "sample_size": 500, "means": 44.0, "disc_method": "EV", "bins": 8, "target_column": null, "Wass1D": 0.09815464710062986, "Wass_multi": 0.10583979249618904, "RMSE": 0.1393461456022358, "WRMSE": 0.10172409361999295}