{"distribution": "nm", "edges": [["X", "Y"]], "root_params": ["X ~ B(0.8)"], "experiment": 6, "not_root_params": "P(Y|X) ~ N(40,20) if X = 0.0 and P(Y|X) ~ N(60,20) if X = 1.0", "sample_size": 500, "means": 44.0, "disc_method": "EV", "bins": 14, "target_column": null, "Wass1D": 0.07876872737853037, "Wass_multi": 0.08593455635592481, "RMSE": 0.12533350109575836, "WRMSE": 0.09149472160916519}