{"distribution": "nm", "edges": [["X", "Y"]], "root_params": ["X ~ B(0.8)"], "experiment": 6, "not_root_params": "P(Y|X) ~ N(21,10) if X = 0.0 and P(Y|X) ~ N(25,1) if X = 1.0", "sample_size": 500, "means": 21.8, "disc_method": "EV", "bins": 8, "target_column": null, "Wass1D": 1.0614750379841613, "Wass_multi": 1.0687159070340082, "RMSE": 0.37978633472568935, "WRMSE": 0.2772478600126416, "MAE": 0.14423766004437336, "VE_complexity": 39.0}