{"distribution": "nm", "edges": [["X", "Y"]], "root_params": ["X ~ B(0.8)"], "experiment": 6, "not_root_params": "P(Y|X) ~ N(21,10) if X = 0.0 and P(Y|X) ~ N(25,1) if X = 1.0", "sample_size": 500, "means": 21.8, "disc_method": "EB", "bins": 14, "target_column": null, "Wass1D": 0.7258415345971199, "Wass_multi": 0.7344395592965643, "RMSE": 0.06220621721714744, "WRMSE": 0.04541116682197565, "MAE": 0.0038696134604669307}