{"distribution": "nm", "edges": [["X", "Y"]], "root_params": ["X ~ B(0.8)"], "experiment": 6, "not_root_params": "P(Y|X) ~ N(40,20) if X = 0.0 and P(Y|X) ~ N(60,20) if X = 1.0", "sample_size": 500, "means": 44.0, "disc_method": "EB", "bins": 10, "target_column": null, "Wass1D": 0.030714198460127354, "Wass_multi": 0.03460150000238993, "RMSE": 0.38307920472094237, "WRMSE": 0.279651688365609}