{"Z": {"0": 0.2518317618636052, "1": 0.7490339335848041}, "T": {"0": 0.0, "1": 1.0}, "Y": {"0": 4.33899260653237, "1": 6.51869101985264}, "X": {"0": 1.4971814043034004, "1": 2.4902835686084694}}