{"distribution": "lg", "edges": [["A", "D"], ["B", "D"], ["D", "E"], ["C", "E"]], "root_params": "A ~ N(20,20) B ~ N(20,20) C ~ N(15,15)", "experiment": 109, "not_root_params": "D   ~   N ( 2 A + 3 B , 3 . 8 1 2 5 )   E   ~   N ( 3 C + 3 D , 3 . 8 1 2 5 )", "sample_size": 456, "means": {"A": 20, "B": 20, "C": 15, "D": 100, "E": 345}, "disc_method": "EB", "bins": 5, "target_column": null, "CPT_method": "MLE", "time_disc": 0.09870640000735875, "time_cnf": 0.00886069999251049, "time_VE": 0.002184299999498762, "time_BP": 0.011719299989636056, "RMSE": 8.233128852425994, "WRMSE": 3.626730802647934, "MAE": 6.264985244394813, "PE": 0.2972475739880278, "exact_EV": 345, "disc_EV": 343.9744958697413, "Wass_scaled": 0.17037866253090414, "Wass_multi": 11.198504332636624, "time_wass": 0.1362793000007514}