{
	"nodecount" : 1020,
	"peaknodes" : 1098,
	"total_load_time" : 0.191946,
	"build_time" : 0.094156,
	"wmc_time" : 0.00296593
}
