{"distribution": "lg", "edges": [["A", "D"], ["B", "D"], ["D", "E"], ["C", "E"]], "root_params": "A ~ N(20,20) B ~ N(20,20) C ~ N(15,15)", "experiment": 109, "not_root_params": "D   ~   N ( 2 A + 3 B , 3 . 8 1 2 5 )   E   ~   N ( 3 C + 3 D , 3 . 8 1 2 5 )", "sample_size": 456, "means": {"A": 20, "B": 20, "C": 15, "D": 100, "E": 345}, "disc_method": "MDLP", "bins": 2, "target_column": "E", "CPT_method": "MLE", "time_disc": 0.40594210001290776, "time_cnf": 0.030520000000251457, "time_VE": 0.0027323999966029078, "time_BP": 0.005099699992570095, "RMSE": 2.3675210335090457, "WRMSE": 1.9541884200038895, "MAE": 2.020213804331533, "PE": 0.20073763140944917, "exact_EV": 345, "disc_EV": 344.3074551716374, "Wass_scaled": 0.35762217257998086, "Wass_multi": 3.8719389143123397, "time_wass": 0.11890469999343622}