{"distribution": "lg", "edges": [["A", "D"], ["B", "D"], ["D", "E"], ["C", "E"]], "root_params": "A ~ N(20,20) B ~ N(20,20) C ~ N(15,15)", "experiment": 109, "not_root_params": "D   ~   N ( 2 A + 3 B , 3 . 8 1 2 5 )   E   ~   N ( 3 C + 3 D , 3 . 8 1 2 5 )", "sample_size": 456, "means": {"A": 20, "B": 20, "C": 15, "D": 100, "E": 345}, "disc_method": "MDLP", "bins": 2, "target_column": "E", "CPT_method": "MLE", "time_disc": 0.5816946281120181, "time_cnf": 2.9392248219810426, "time_VE": 0.0028681857511401176, "time_BP": 0.00963736604899168, "RMSE": 2.3675210335090595, "WRMSE": 1.9541884200038906, "MAE": 2.0202138043315614, "PE": 0.20073763140944917, "exact_EV": 345, "disc_EV": 344.3074551716374, "Wass_scaled": 0.35762217257998086, "Wass_multi": 3.8719389143123397, "time_wass": 0.30337051022797823}