{"distribution": "lg", "edges": [["A", "D"], ["B", "D"], ["D", "E"], ["C", "E"]], "root_params": "A ~ N(20,20) B ~ N(20,20) C ~ N(15,15)", "experiment": 109, "not_root_params": "D   ~   N ( 2 A + 3 B , 3 . 8 1 2 5 )   E   ~   N ( 3 C + 3 D , 3 . 8 1 2 5 )", "sample_size": 456, "means": {"A": 20, "B": 20, "C": 15, "D": 100, "E": 345}, "disc_method": "EV", "bins": 14, "target_column": null, "CPT_method": "MLE", "time_disc": 0.09687059999851044, "time_cnf": 0.07081999999354593, "time_VE": 0.0024166999937733635, "time_BP": 0.01306329999351874, "RMSE": 4.292669727592695, "WRMSE": 4.307870954358495, "MAE": 3.6957192727211066, "PE": 0.229755677656082, "exact_EV": 345, "disc_EV": 344.2073429120865, "Wass_scaled": 0.2061973560805854, "Wass_multi": 4.207196056998203, "time_wass": 0.14599060000909958}