{"distribution": "lg", "edges": [["A", "D"], ["B", "D"], ["D", "E"], ["C", "E"]], "root_params": "A ~ N(20,20) B ~ N(20,20) C ~ N(15,15)", "experiment": 109, "not_root_params": "D   ~   N ( 2 A + 3 B , 3 . 8 1 2 5 )   E   ~   N ( 3 C + 3 D , 3 . 8 1 2 5 )", "sample_size": 456, "means": {"A": 20, "B": 20, "C": 15, "D": 100, "E": 345}, "disc_method": "EV", "bins": 20, "target_column": null, "CPT_method": "MLE", "time_disc": 0.10023313481360674, "time_cnf": 0.598511456977576, "time_VE": 0.0031003509648144245, "time_BP": 0.016728718299418688, "RMSE": 8.251793241319298, "WRMSE": 8.267631806609563, "MAE": 6.402347839491787, "PE": 0.14058945612707274, "exact_EV": 345, "disc_EV": 344.5149663763616, "Wass_scaled": 0.16779517313943715, "Wass_multi": 2.9755262972063203, "time_wass": 0.2300161593593657}