{
	"nodecount" : 11271,
	"peaknodes" : 14198,
	"total_load_time" : 3.75731,
	"build_time" : 3.367,
	"wmc_time" : 0.00438094
}
