{"distribution": "lg", "edges": [["A", "D"], ["B", "D"], ["D", "E"], ["C", "E"]], "root_params": "A ~ N(20,20) B ~ N(20,20) C ~ N(15,15)", "experiment": 109, "not_root_params": "D   ~   N ( 2 A + 3 B , 3 . 8 1 2 5 )   E   ~   N ( 3 C + 3 D , 3 . 8 1 2 5 )", "sample_size": 456, "means": {"A": 20, "B": 20, "C": 15, "D": 100, "E": 345}, "disc_method": "EV", "bins": 5, "target_column": null, "CPT_method": "MLE", "time_disc": 0.07305942988023162, "time_cnf": 0.8776002209633589, "time_VE": 0.0031428858637809753, "time_BP": 0.0073488131165504456, "RMSE": 2.61042398209577, "WRMSE": 2.6135471055794017, "MAE": 2.420330757609213, "PE": 0.3726325946500317, "exact_EV": 345, "disc_EV": 343.7144175484574, "Wass_scaled": 0.3943644252876234, "Wass_multi": 9.19886884522253, "time_wass": 0.2752724359743297}