{
	"nodecount" : 10529,
	"peaknodes" : 15880,
	"total_load_time" : 9.72044,
	"build_time" : 8.553,
	"wmc_time" : 0.00510907
}
