{
	"nodecount" : 11478,
	"peaknodes" : 14841,
	"total_load_time" : 6.16543,
	"build_time" : 5.4463,
	"wmc_time" : 0.00640512
}
