{"distribution": "lg", "edges": [["A", "D"], ["B", "D"], ["D", "E"], ["C", "E"]], "root_params": "A ~ N(20,20) B ~ N(20,20) C ~ N(15,15)", "experiment": 109, "not_root_params": "D   ~   N ( 2 A + 3 B , 3 . 8 1 2 5 )   E   ~   N ( 3 C + 3 D , 3 . 8 1 2 5 )", "sample_size": 456, "means": {"A": 20, "B": 20, "C": 15, "D": 100, "E": 345}, "disc_method": "EB", "bins": 10, "target_column": null, "CPT_method": "MLE", "time_disc": 0.08693102793768048, "time_cnf": 0.20757008902728558, "time_VE": 0.0021026567555963993, "time_BP": 0.008883042726665735, "RMSE": 18.157647638257977, "WRMSE": 5.710646948039616, "MAE": 10.880096031776139, "PE": 0.45090230809965975, "exact_EV": 345, "disc_EV": 343.4443870370562, "Wass_scaled": 0.07364959347034358, "Wass_multi": 6.392134430364617, "time_wass": 0.3365749600343406}