{
	"nodecount" : 8913,
	"peaknodes" : 9815,
	"total_load_time" : 1.0522,
	"build_time" : 0.856561,
	"wmc_time" : 0.005301
}
