{"distribution": "lg", "edges": [["A", "D"], ["B", "D"], ["D", "E"], ["C", "E"]], "root_params": "A ~ N(20,20) B ~ N(20,20) C ~ N(15,15)", "experiment": 109, "not_root_params": "D   ~   N ( 2 A + 3 B , 3 . 8 1 2 5 )   E   ~   N ( 3 C + 3 D , 3 . 8 1 2 5 )", "sample_size": 456, "means": {"A": 20, "B": 20, "C": 15, "D": 100, "E": 345}, "disc_method": "EB", "bins": 25, "target_column": null, "CPT_method": "MLE", "time_disc": 0.09384272899478674, "time_cnf": 1.6574433511123061, "time_VE": 0.0024190149269998074, "time_BP": 0.012528645806014538, "RMSE": 28.866937922260625, "WRMSE": 13.087402836491522, "MAE": 22.757938347792887, "PE": 1.3691822550123747, "exact_EV": 345, "disc_EV": 340.2763212202073, "Wass_scaled": 0.02851539025423997, "Wass_multi": 2.396306392351059, "time_wass": 0.27402775501832366}