{
	"nodecount" : 7025,
	"peaknodes" : 7405,
	"total_load_time" : 0.767823,
	"build_time" : 0.598223,
	"wmc_time" : 0.00797296
}
