{
	"nodecount" : 1221,
	"peaknodes" : 1283,
	"total_load_time" : 0.214434,
	"build_time" : 0.198783,
	"wmc_time" : 0.00379086,
	"wmc_value" : 1,
	"bn_to_cnf_time" : 0.00259924
}
