{"distribution": "lg", "edges": [["A", "D"], ["B", "D"], ["D", "E"], ["C", "E"]], "root_params": "A ~ N(20,20) B ~ N(20,20) C ~ N(15,15)", "experiment": 109, "not_root_params": "D   ~   N ( 2 A + 3 B , 3 . 8 1 2 5 )   E   ~   N ( 3 C + 3 D , 3 . 8 1 2 5 )", "sample_size": 456, "means": {"A": 20, "B": 20, "C": 15, "D": 100, "E": 345}, "disc_method": "EV", "bins": 5, "target_column": null, "CPT_method": "MLE", "time_disc": 0.09071119999862276, "time_cnf": 0.0072022999956971034, "time_VE": 0.0020305000070948154, "time_BP": 0.0072290999960387126, "RMSE": 2.6104239820957584, "WRMSE": 2.6135471055793897, "MAE": 2.4203307576092015, "PE": 0.3726325946500317, "exact_EV": 345, "disc_EV": 343.7144175484574, "Wass_scaled": 0.3943644252876234, "Wass_multi": 9.19886884522253, "time_wass": 0.16104820001055487}