{
	"nodecount" : 11271,
	"peaknodes" : 14198,
	"total_load_time" : 4.88321,
	"build_time" : 4.53648,
	"wmc_time" : 0.00558209,
	"wmc_value" : 1,
	"bn_to_cnf_time" : 0.159425
}
