{"distribution": "lg", "edges": [["A", "D"], ["B", "D"], ["D", "E"], ["C", "E"]], "root_params": "A ~ N(20,20) B ~ N(20,20) C ~ N(15,15)", "experiment": 109, "not_root_params": "D   ~   N ( 2 A + 3 B , 3 . 8 1 2 5 )   E   ~   N ( 3 C + 3 D , 3 . 8 1 2 5 )", "sample_size": 456, "means": {"A": 20, "B": 20, "C": 15, "D": 100, "E": 345}, "disc_method": "EV", "bins": 30, "target_column": null, "CPT_method": "MLE", "time_disc": 0.1121292000025278, "time_cnf": 0.7886845000030007, "time_VE": 0.0018199000041931868, "time_BP": 0.015008800008217804, "RMSE": 14.785962682157976, "WRMSE": 14.8751407462933, "MAE": 11.744452119518407, "PE": 0.24400328579948413, "exact_EV": 345, "disc_EV": 344.1581886639918, "Wass_scaled": 0.13702090579832227, "Wass_multi": 2.025939434090124, "time_wass": 0.1380353999993531}