{"distribution": "lg", "edges": [["A", "D"], ["B", "D"], ["D", "E"], ["C", "E"]], "root_params": "A ~ N(20,20) B ~ N(20,20) C ~ N(15,15)", "experiment": 11, "not_root_params": "D   ~   N ( 2 A + 3 B , 2 )   E   ~   N ( 3 C + 3 D , 2 )", "sample_size": 2000, "means": {"A": 20, "B": 20, "C": 15, "D": 100, "E": 345}, "disc_method": "EV", "bins": 12, "target_column": null, "CPT_method": "MLE", "time_disc": 0.0981210000027204, "time_cnf": 0.0563207999948645, "time_VE": 0.0015017999976407737, "time_BP": 0.014506099993013777, "RMSE": 0.7609427772109061, "WRMSE": 0.7614870138214661, "MAE": 0.5141947471944471, "PE": 0.028629429676432967, "exact_EV": 345, "disc_EV": 345.0987715323837, "Wass_scaled": 0.27113046246628564, "Wass_multi": 2.9729456405511896, "time_wass": 1.8475569000001997}