{
	"nodecount" : 6551,
	"peaknodes" : 6831,
	"total_load_time" : 0.603173,
	"build_time" : 0.493658,
	"wmc_time" : 0.003546
}
