{"distribution": "lg", "edges": [["A", "D"], ["B", "D"], ["D", "E"], ["C", "E"]], "root_params": "A ~ N(20,20) B ~ N(20,20) C ~ N(15,15)", "experiment": 11, "not_root_params": "D   ~   N ( 2 A + 3 B , 2 )   E   ~   N ( 3 C + 3 D , 2 )", "sample_size": 2000, "means": {"A": 20, "B": 20, "C": 15, "D": 100, "E": 345}, "disc_method": "EV", "bins": 20, "target_column": null, "CPT_method": "MLE", "time_disc": 0.06324525875970721, "time_cnf": 0.682484860997647, "time_VE": 0.0017911973409354687, "time_BP": 0.0069873700849711895, "RMSE": 0.9496150417531699, "WRMSE": 0.9496150417531697, "MAE": 0.745117250360343, "PE": 0.0005582970642654286, "exact_EV": 345, "disc_EV": 344.9980738751283, "Wass_scaled": 0.21265049553178952, "Wass_multi": 1.8444086688507717, "time_wass": 1.372198301833123}