{"distribution": "lg", "edges": [["A", "D"], ["B", "D"], ["D", "E"], ["C", "E"]], "root_params": "A ~ N(20,20) B ~ N(20,20) C ~ N(15,15)", "experiment": 11, "not_root_params": "D   ~   N ( 2 A + 3 B , 2 )   E   ~   N ( 3 C + 3 D , 2 )", "sample_size": 2000, "means": {"A": 20, "B": 20, "C": 15, "D": 100, "E": 345}, "disc_method": "EV", "bins": 5, "target_column": null, "CPT_method": "MLE", "time_disc": 0.05726266698911786, "time_cnf": 0.145042120013386, "time_VE": 0.0015815990045666695, "time_BP": 0.005629960913211107, "RMSE": 1.4456308530632047, "WRMSE": 1.4456308530632047, "MAE": 1.0969095794648864, "PE": 0.03563841333003979, "exact_EV": 345, "disc_EV": 345.12295252598864, "Wass_scaled": 0.4394172832215175, "Wass_multi": 6.012120815187769, "time_wass": 1.3437838186509907}