{
	"nodecount" : 27718,
	"peaknodes" : 27867,
	"total_load_time" : 1.44755,
	"build_time" : 1.33798,
	"wmc_time" : 0.00838995
}
