{"distribution": "lg", "edges": [["A", "D"], ["B", "D"], ["D", "E"], ["C", "E"]], "root_params": "A ~ N(20,20) B ~ N(20,20) C ~ N(15,15)", "experiment": 11, "not_root_params": "D   ~   N ( 2 A + 3 B , 2 )   E   ~   N ( 3 C + 3 D , 2 )", "sample_size": 2000, "means": {"A": 20, "B": 20, "C": 15, "D": 100, "E": 345}, "disc_method": "EB", "bins": 8, "target_column": null, "CPT_method": "MLE", "time_disc": 0.04880853509530425, "time_cnf": 0.12193382903933525, "time_VE": 0.0014858762733638287, "time_BP": 0.014083298854529858, "RMSE": 3.665454778114475, "WRMSE": 1.7156702147251073, "MAE": 2.835457737313803, "PE": 0.03319018136874982, "exact_EV": 345, "disc_EV": 345.1145061257222, "Wass_scaled": 0.09933332173004954, "Wass_multi": 5.699423892272223, "time_wass": 1.2715884554199874}