{
	"nodecount" : 80259,
	"peaknodes" : 86030,
	"total_load_time" : 7.34423,
	"build_time" : 6.79853,
	"wmc_time" : 0.0200231
}
