{
	"nodecount" : 1129,
	"peaknodes" : 1212,
	"total_load_time" : 0.138882,
	"build_time" : 0.0561359,
	"wmc_time" : 0.00178814
}
