{"distribution": "lg", "edges": [["A", "D"], ["B", "D"], ["D", "E"], ["C", "E"]], "root_params": "A ~ N(20,20) B ~ N(20,20) C ~ N(15,15)", "experiment": 11, "not_root_params": "D   ~   N ( 2 A + 3 B , 2 )   E   ~   N ( 3 C + 3 D , 2 )", "sample_size": 2000, "means": {"A": 20, "B": 20, "C": 15, "D": 100, "E": 345}, "disc_method": "EV", "bins": 17, "target_column": null, "CPT_method": "MLE", "time_disc": 0.11068949999753386, "time_cnf": 0.13552350000827573, "time_VE": 0.002304200010257773, "time_BP": 0.010398900005384348, "RMSE": 0.7755757019524145, "WRMSE": 0.7756118878455428, "MAE": 0.5907674509970441, "PE": 0.05734440389015499, "exact_EV": 345, "disc_EV": 345.19783819342103, "Wass_scaled": 0.22923448935209134, "Wass_multi": 2.1285250911919618, "time_wass": 1.8096365999954287}