{
	"nodecount" : 31694,
	"peaknodes" : 33333,
	"total_load_time" : 7.60119,
	"build_time" : 7.14044,
	"wmc_time" : 0.0155749,
	"wmc_value" : 1,
	"bn_to_cnf_time" : 0.158279
}
