{
	"nodecount" : 46244,
	"peaknodes" : 46848,
	"total_load_time" : 2.66686,
	"build_time" : 2.46454,
	"wmc_time" : 0.00963616
}
