{"distribution": "lg", "edges": [["A", "D"], ["B", "D"], ["D", "E"], ["C", "E"]], "root_params": "A ~ N(20,20) B ~ N(20,20) C ~ N(15,15)", "experiment": 11, "not_root_params": "D   ~   N ( 2 A + 3 B , 2 )   E   ~   N ( 3 C + 3 D , 2 )", "sample_size": 2000, "means": {"A": 20, "B": 20, "C": 15, "D": 100, "E": 345}, "disc_method": "EB", "bins": 30, "target_column": null, "CPT_method": "MLE", "time_disc": 0.10808649999671616, "time_cnf": 0.7817542999982834, "time_VE": 0.0041705000039655715, "time_BP": 0.016039499998441897, "RMSE": 15.912533312608481, "WRMSE": 4.538782937453948, "MAE": 10.466226273583796, "PE": 0.012203717911059331, "exact_EV": 345, "disc_EV": 345.04210282679315, "Wass_scaled": 0.026236247845179875, "Wass_multi": 1.5522079469796282, "time_wass": 1.5632455000013579}