{
	"nodecount" : 13079,
	"peaknodes" : 13890,
	"total_load_time" : 1.08402,
	"build_time" : 0.940699,
	"wmc_time" : 0.00551915
}
