{"distribution": "lg", "edges": [["A", "D"], ["B", "D"], ["D", "E"], ["C", "E"]], "root_params": "A ~ N(20,20) B ~ N(20,20) C ~ N(15,15)", "experiment": 11, "not_root_params": "D   ~   N ( 2 A + 3 B , 2 )   E   ~   N ( 3 C + 3 D , 2 )", "sample_size": 2000, "means": {"A": 20, "B": 20, "C": 15, "D": 100, "E": 345}, "disc_method": "EV", "bins": 30, "target_column": null, "CPT_method": "MLE", "time_disc": 0.08594449609518051, "time_cnf": 3.147880543023348, "time_VE": 0.002741387113928795, "time_BP": 0.011175805237144232, "RMSE": 2.372648377366031, "WRMSE": 2.374763119373624, "MAE": 1.889317086051733, "PE": 0.03233001239614761, "exact_EV": 345, "disc_EV": 345.1115385427667, "Wass_scaled": 0.17942943131808717, "Wass_multi": 1.3264759361810945, "time_wass": 1.3795833778567612}