{
	"nodecount" : 5613,
	"peaknodes" : 5613,
	"total_load_time" : 0.321337,
	"build_time" : 0.2181,
	"wmc_time" : 0.00371003
}
