{
	"nodecount" : 12206,
	"peaknodes" : 12303,
	"total_load_time" : 0.645466,
	"build_time" : 0.548789,
	"wmc_time" : 0.00505304
}
