{"distribution": "lg", "edges": [["A", "D"], ["B", "D"], ["D", "E"], ["C", "E"]], "root_params": "A ~ N(20,20) B ~ N(20,20) C ~ N(15,15)", "experiment": 11, "not_root_params": "D   ~   N ( 2 A + 3 B , 2 )   E   ~   N ( 3 C + 3 D , 2 )", "sample_size": 2000, "means": {"A": 20, "B": 20, "C": 15, "D": 100, "E": 345}, "disc_method": "EB", "bins": 25, "target_column": null, "CPT_method": "MLE", "time_disc": 0.10701380000682548, "time_cnf": 0.3790325000009034, "time_VE": 0.0022658999951090664, "time_BP": 0.011588499997742474, "RMSE": 16.203124816217933, "WRMSE": 3.9818812883766417, "MAE": 10.506021857052826, "PE": 0.03124517925100364, "exact_EV": 345, "disc_EV": 345.10779586841596, "Wass_scaled": 0.031128200623241675, "Wass_multi": 1.902548154861228, "time_wass": 2.0957227000035346}