{"distribution": "lg", "edges": [["A", "D"], ["B", "D"], ["D", "E"], ["C", "E"]], "root_params": "A ~ N(20,20) B ~ N(20,20) C ~ N(15,15)", "experiment": 11, "not_root_params": "D   ~   N ( 2 A + 3 B , 2 )   E   ~   N ( 3 C + 3 D , 2 )", "sample_size": 2000, "means": {"A": 20, "B": 20, "C": 15, "D": 100, "E": 345}, "disc_method": "EV", "bins": 10, "target_column": null, "CPT_method": "MLE", "time_disc": 0.10434510000050068, "time_cnf": 0.052351599995745346, "time_VE": 0.0015233000012813136, "time_BP": 0.010260199996992014, "RMSE": 0.7673768899943546, "WRMSE": 0.7673768899943546, "MAE": 0.6696818197544019, "PE": 0.023299657942858914, "exact_EV": 345, "disc_EV": 345.08038381990286, "Wass_scaled": 0.29700711317962636, "Wass_multi": 3.4118702501237617, "time_wass": 1.9135514999943553}