{"distribution": "lg", "edges": [["A", "D"], ["B", "D"], ["D", "E"], ["C", "E"]], "root_params": "A ~ N(20,20) B ~ N(20,20) C ~ N(15,15)", "experiment": 11, "not_root_params": "D   ~   N ( 2 A + 3 B , 2 )   E   ~   N ( 3 C + 3 D , 2 )", "sample_size": 2000, "means": {"A": 20, "B": 20, "C": 15, "D": 100, "E": 345}, "disc_method": "EV", "bins": 25, "target_column": null, "CPT_method": "MLE", "time_disc": 0.10933020000811666, "time_cnf": 0.40929480000340845, "time_VE": 0.001973200007341802, "time_BP": 0.012025600008200854, "RMSE": 1.4222006312203421, "WRMSE": 1.4222006312203421, "MAE": 1.1784727230581529, "PE": 0.011711628296236244, "exact_EV": 345, "disc_EV": 344.959594882378, "Wass_scaled": 0.19324642391709615, "Wass_multi": 1.5279344186871755, "time_wass": 1.8749671999976272}