{"distribution": "lg", "edges": [["A", "D"], ["B", "D"], ["D", "E"], ["C", "E"]], "root_params": "A ~ N(20,20) B ~ N(20,20) C ~ N(15,15)", "experiment": 11, "not_root_params": "D   ~   N ( 2 A + 3 B , 2 )   E   ~   N ( 3 C + 3 D , 2 )", "sample_size": 2000, "means": {"A": 20, "B": 20, "C": 15, "D": 100, "E": 345}, "disc_method": "EB", "bins": 12, "target_column": null, "CPT_method": "MLE", "time_disc": 0.09374530000786763, "time_cnf": 0.04872540000360459, "time_VE": 0.0014426999987335876, "time_BP": 0.010417099998448975, "RMSE": 9.867422409299033, "WRMSE": 1.7585502505227988, "MAE": 5.113398285466682, "PE": 0.0767301870907919, "exact_EV": 345, "disc_EV": 345.26471914546323, "Wass_scaled": 0.0679272144473652, "Wass_multi": 3.809681929962926, "time_wass": 1.6452074999979232}