{"distribution": "lg", "edges": [["A", "D"], ["B", "D"], ["D", "E"], ["C", "E"]], "root_params": "A ~ N(20,20) B ~ N(20,20) C ~ N(15,15)", "experiment": 11, "not_root_params": "D   ~   N ( 2 A + 3 B , 2 )   E   ~   N ( 3 C + 3 D , 2 )", "sample_size": 2000, "means": {"A": 20, "B": 20, "C": 15, "D": 100, "E": 345}, "disc_method": "EV", "bins": 30, "target_column": null, "CPT_method": "MLE", "time_disc": 0.1336693000048399, "time_cnf": 0.9929167999944184, "time_VE": 0.0019462999916868284, "time_BP": 0.031071600009454414, "RMSE": 2.3726483773660236, "WRMSE": 2.3747631193736165, "MAE": 1.889317086051733, "PE": 0.03233001239614761, "exact_EV": 345, "disc_EV": 345.1115385427667, "Wass_scaled": 0.17942943131808717, "Wass_multi": 1.3264759361810945, "time_wass": 2.096513500000583}