{
	"nodecount" : 24084,
	"peaknodes" : 24084,
	"total_load_time" : 1.06351,
	"build_time" : 1.01766,
	"wmc_time" : 0.00873613
}
