{"distribution": "lg", "edges": [["A", "D"], ["B", "D"], ["D", "E"], ["C", "E"]], "root_params": "A ~ N(20,20) B ~ N(20,20) C ~ N(15,15)", "experiment": 9, "not_root_params": "D   ~   N ( 2 A + 3 B , 2 )   E   ~   N ( 3 C + 3 D , 2 )", "sample_size": 5000, "means": {"A": 20, "B": 20, "C": 15, "D": 100, "E": 345}, "disc_method": "EV", "bins": 12, "target_column": null, "CPT_method": "MLE", "time_disc": 0.13017580000450835, "time_cnf": 0.0608009999996284, "time_VE": 0.0016835999995237216, "time_BP": 0.011194099992280826, "RMSE": 0.6205041781598503, "WRMSE": 0.6207507500541489, "MAE": 0.41447486115689475, "PE": 0.04247596895228908, "exact_EV": 345, "disc_EV": 344.8534579071146, "Wass_scaled": 0.2673604658985199, "Wass_multi": 2.77680532677384, "time_wass": 13.971494199999142}