{
	"nodecount" : 213227,
	"peaknodes" : 216054,
	"total_load_time" : 9.83017,
	"build_time" : 8.91173,
	"wmc_time" : 0.0490201
}
