{
	"nodecount" : 37587,
	"peaknodes" : 37587,
	"total_load_time" : 1.54439,
	"build_time" : 1.47126,
	"wmc_time" : 0.013571
}
