{"distribution": "lg", "edges": [["A", "D"], ["B", "D"], ["D", "E"], ["C", "E"]], "root_params": "A ~ N(20,20) B ~ N(20,20) C ~ N(15,15)", "experiment": 9, "not_root_params": "D   ~   N ( 2 A + 3 B , 2 )   E   ~   N ( 3 C + 3 D , 2 )", "sample_size": 5000, "means": {"A": 20, "B": 20, "C": 15, "D": 100, "E": 345}, "disc_method": "EB", "bins": 10, "target_column": null, "CPT_method": "MLE", "time_disc": 0.10075710000819527, "time_cnf": 0.03298669999639969, "time_VE": 0.0015196000022115186, "time_BP": 0.005134399994858541, "RMSE": 4.234151221310967, "WRMSE": 1.223384622091268, "MAE": 2.843432301378243, "PE": 0.024283177698885414, "exact_EV": 345, "disc_EV": 344.91622303693885, "Wass_scaled": 0.07754742147317911, "Wass_multi": 4.116727152105234, "time_wass": 11.469487700000172}