{"distribution": "lg", "edges": [["A", "D"], ["B", "D"], ["D", "E"], ["C", "E"]], "root_params": "A ~ N(20,20) B ~ N(20,20) C ~ N(15,15)", "experiment": 9, "not_root_params": "D   ~   N ( 2 A + 3 B , 2 )   E   ~   N ( 3 C + 3 D , 2 )", "sample_size": 5000, "means": {"A": 20, "B": 20, "C": 15, "D": 100, "E": 345}, "disc_method": "EV", "bins": 5, "target_column": null, "CPT_method": "MLE", "time_disc": 0.05066271498799324, "time_cnf": 0.07514010602608323, "time_VE": 0.0014511169865727425, "time_BP": 0.0053083463571965694, "RMSE": 1.4081910278869523, "WRMSE": 1.4081910278869523, "MAE": 1.0378534530049137, "PE": 0.045323352283048735, "exact_EV": 345, "disc_EV": 344.8436344346235, "Wass_scaled": 0.4356135840551808, "Wass_multi": 5.813209467274187, "time_wass": 8.363880084827542}