{
	"nodecount" : 113505,
	"peaknodes" : 117435,
	"total_load_time" : 8.38939,
	"build_time" : 7.45352,
	"wmc_time" : 0.0369051
}
