{
	"nodecount" : 12284,
	"peaknodes" : 12724,
	"total_load_time" : 0.859801,
	"build_time" : 0.813954,
	"wmc_time" : 0.00573802
}
