{"distribution": "lg", "edges": [["A", "D"], ["B", "D"], ["D", "E"], ["C", "E"]], "root_params": "A ~ N(20,20) B ~ N(20,20) C ~ N(15,15)", "experiment": 9, "not_root_params": "D   ~   N ( 2 A + 3 B , 2 )   E   ~   N ( 3 C + 3 D , 2 )", "sample_size": 5000, "means": {"A": 20, "B": 20, "C": 15, "D": 100, "E": 345}, "disc_method": "EB", "bins": 12, "target_column": null, "CPT_method": "MLE", "time_disc": 0.07526568369939923, "time_cnf": 0.25862904032692313, "time_VE": 0.001896630972623825, "time_BP": 0.006476073991507292, "RMSE": 6.210692108592921, "WRMSE": 1.0733693964789806, "MAE": 3.402129610209348, "PE": 0.014603342578515947, "exact_EV": 345, "disc_EV": 344.9496184681041, "Wass_scaled": 0.06462216201647959, "Wass_multi": 3.4471319344970555, "time_wass": 8.028236551675946}