{"distribution": "lg", "edges": [["A", "D"], ["B", "D"], ["D", "E"], ["C", "E"]], "root_params": "A ~ N(20,20) B ~ N(20,20) C ~ N(15,15)", "experiment": 9, "not_root_params": "D   ~   N ( 2 A + 3 B , 2 )   E   ~   N ( 3 C + 3 D , 2 )", "sample_size": 5000, "means": {"A": 20, "B": 20, "C": 15, "D": 100, "E": 345}, "disc_method": "EV", "bins": 17, "target_column": null, "CPT_method": "MLE", "time_disc": 0.1024226000008639, "time_cnf": 0.13514060000306927, "time_VE": 0.0015297000063583255, "time_BP": 0.00669460000062827, "RMSE": 0.46260463187185, "WRMSE": 0.46293017285657173, "MAE": 0.3491666707143328, "PE": 0.04580980970450069, "exact_EV": 345, "disc_EV": 344.8419561565195, "Wass_scaled": 0.22610114227978276, "Wass_multi": 2.0740601766092785, "time_wass": 13.333486500006984}