{
	"nodecount" : 154308,
	"peaknodes" : 155654,
	"total_load_time" : 8.21082,
	"build_time" : 7.55466,
	"wmc_time" : 0.0315051,
	"wmc_value" : 1,
	"bn_to_cnf_time" : 0.576121
}
