{"distribution": "lg", "edges": [["A", "D"], ["B", "D"], ["D", "E"], ["C", "E"]], "root_params": "A ~ N(20,20) B ~ N(20,20) C ~ N(15,15)", "experiment": 9, "not_root_params": "D   ~   N ( 2 A + 3 B , 2 )   E   ~   N ( 3 C + 3 D , 2 )", "sample_size": 5000, "means": {"A": 20, "B": 20, "C": 15, "D": 100, "E": 345}, "disc_method": "EB", "bins": 30, "target_column": null, "CPT_method": "MLE", "time_disc": 0.08118519932031631, "time_cnf": 3.4010794488713145, "time_VE": 0.0022370521910488605, "time_BP": 0.01135227782651782, "RMSE": 15.575341376700438, "WRMSE": 2.7374992308812964, "MAE": 9.144210343700326, "PE": 0.021957295552949185, "exact_EV": 345, "disc_EV": 344.9242473303423, "Wass_scaled": 0.02574857446556059, "Wass_multi": 1.3986304360539454, "time_wass": 7.382670871913433}