{"distribution": "lg", "edges": [["A", "D"], ["B", "D"], ["D", "E"], ["C", "E"]], "root_params": "A ~ N(20,20) B ~ N(20,20) C ~ N(15,15)", "experiment": 9, "not_root_params": "D   ~   N ( 2 A + 3 B , 2 )   E   ~   N ( 3 C + 3 D , 2 )", "sample_size": 5000, "means": {"A": 20, "B": 20, "C": 15, "D": 100, "E": 345}, "disc_method": "EB", "bins": 14, "target_column": null, "CPT_method": "MLE", "time_disc": 0.1044133000104921, "time_cnf": 0.0778474999970058, "time_VE": 0.002025499998126179, "time_BP": 0.013487000003806315, "RMSE": 11.305500486733566, "WRMSE": 1.7181829998033302, "MAE": 5.6710196513937285, "PE": 0.03613000697250623, "exact_EV": 345, "disc_EV": 344.87535147594485, "Wass_scaled": 0.05513225793369063, "Wass_multi": 2.997650330162099, "time_wass": 11.669586799995159}