{
	"nodecount" : 32416,
	"peaknodes" : 33645,
	"total_load_time" : 4.03889,
	"build_time" : 3.85031,
	"wmc_time" : 0.010124,
	"wmc_value" : 1,
	"bn_to_cnf_time" : 0.10764
}
