{"distribution": "lg", "edges": [["A", "D"], ["B", "D"], ["D", "E"], ["C", "E"]], "root_params": "A ~ N(20,20) B ~ N(20,20) C ~ N(15,15)", "experiment": 9, "not_root_params": "D   ~   N ( 2 A + 3 B , 2 )   E   ~   N ( 3 C + 3 D , 2 )", "sample_size": 5000, "means": {"A": 20, "B": 20, "C": 15, "D": 100, "E": 345}, "disc_method": "EB", "bins": 30, "target_column": null, "CPT_method": "MLE", "time_disc": 0.10867770000186283, "time_cnf": 0.7948163999972166, "time_VE": 0.00206830000388436, "time_BP": 0.012759599994751625, "RMSE": 15.57534137670043, "WRMSE": 2.7374992308812978, "MAE": 9.144210343700328, "PE": 0.021957295552949185, "exact_EV": 345, "disc_EV": 344.9242473303423, "Wass_scaled": 0.02574857446556059, "Wass_multi": 1.3986304360539454, "time_wass": 10.85161220000009}