{
	"nodecount" : 3935,
	"peaknodes" : 3993,
	"total_load_time" : 0.199758,
	"build_time" : 0.187158,
	"wmc_time" : 0.00295615
}
