{
	"nodecount" : 8029,
	"peaknodes" : 8260,
	"total_load_time" : 0.565758,
	"build_time" : 0.538777,
	"wmc_time" : 0.00444198
}
