{
	"nodecount" : 18135,
	"peaknodes" : 18520,
	"total_load_time" : 2.0113,
	"build_time" : 1.89939,
	"wmc_time" : 0.00664306,
	"wmc_value" : 1,
	"bn_to_cnf_time" : 0.0552022
}
