{"distribution": "lg", "edges": [["A", "D"], ["B", "D"], ["D", "E"], ["C", "E"]], "root_params": "A ~ N(20,20) B ~ N(20,20) C ~ N(15,15)", "experiment": 9, "not_root_params": "D   ~   N ( 2 A + 3 B , 2 )   E   ~   N ( 3 C + 3 D , 2 )", "sample_size": 5000, "means": {"A": 20, "B": 20, "C": 15, "D": 100, "E": 345}, "disc_method": "EB", "bins": 17, "target_column": null, "CPT_method": "MLE", "time_disc": 0.1095043999957852, "time_cnf": 0.13894770000479184, "time_VE": 0.0014634999970439821, "time_BP": 0.006841800000984222, "RMSE": 11.078798707489925, "WRMSE": 1.675190074201578, "MAE": 5.8456260683767765, "PE": 0.03613254949216397, "exact_EV": 345, "disc_EV": 344.87534270425203, "Wass_scaled": 0.04391373781120999, "Wass_multi": 2.4578825943332863, "time_wass": 12.018934600011562}