{
	"nodecount" : 154308,
	"peaknodes" : 155654,
	"total_load_time" : 6.29187,
	"build_time" : 5.77926,
	"wmc_time" : 0.034085
}
