{"distribution": "lg", "edges": [["A", "D"], ["B", "D"], ["D", "E"], ["C", "E"]], "root_params": "A ~ N(20,20) B ~ N(20,20) C ~ N(15,15)", "experiment": 9, "not_root_params": "D   ~   N ( 2 A + 3 B , 2 )   E   ~   N ( 3 C + 3 D , 2 )", "sample_size": 5000, "means": {"A": 20, "B": 20, "C": 15, "D": 100, "E": 345}, "disc_method": "EV", "bins": 5, "target_column": null, "CPT_method": "MLE", "time_disc": 0.09102459999849088, "time_cnf": 0.007100000002537854, "time_VE": 0.0014048000011825934, "time_BP": 0.010717400000430644, "RMSE": 1.408191027886946, "WRMSE": 1.408191027886946, "MAE": 1.037853453004891, "PE": 0.045323352283048735, "exact_EV": 345, "disc_EV": 344.8436344346235, "Wass_scaled": 0.4356135840551808, "Wass_multi": 5.813209467274187, "time_wass": 13.110179300012533}