{
	"nodecount" : 14126,
	"peaknodes" : 14365,
	"total_load_time" : 1.09512,
	"build_time" : 1.0529,
	"wmc_time" : 0.0063262,
	"wmc_value" : 1,
	"bn_to_cnf_time" : 0.0336792
}
