{"distribution": "lg", "edges": [["A", "D"], ["B", "D"], ["D", "E"], ["C", "E"]], "root_params": "A ~ N(20,20) B ~ N(20,20) C ~ N(15,15)", "experiment": 9, "not_root_params": "D   ~   N ( 2 A + 3 B , 2 )   E   ~   N ( 3 C + 3 D , 2 )", "sample_size": 5000, "means": {"A": 20, "B": 20, "C": 15, "D": 100, "E": 345}, "disc_method": "EV", "bins": 8, "target_column": null, "CPT_method": "MLE", "time_disc": 0.06254441989585757, "time_cnf": 0.14368528500199318, "time_VE": 0.00249076122418046, "time_BP": 0.006485092919319868, "RMSE": 0.8786880081157075, "WRMSE": 0.8786880081157075, "MAE": 0.6234695473722098, "PE": 0.021995734578770982, "exact_EV": 345, "disc_EV": 344.92411471570324, "Wass_scaled": 0.3303949759672707, "Wass_multi": 3.9056553345408074, "time_wass": 9.305687494110316}