{"distribution": "lg", "edges": [["A", "D"], ["B", "D"], ["D", "E"], ["C", "E"]], "root_params": "A ~ N(20,20) B ~ N(20,20) C ~ N(15,15)", "experiment": 9, "not_root_params": "D   ~   N ( 2 A + 3 B , 2 )   E   ~   N ( 3 C + 3 D , 2 )", "sample_size": 5000, "means": {"A": 20, "B": 20, "C": 15, "D": 100, "E": 345}, "disc_method": "EV", "bins": 10, "target_column": null, "CPT_method": "MLE", "time_disc": 0.053510015830397606, "time_cnf": 0.12434445880353451, "time_VE": 0.0016558188945055008, "time_BP": 0.0065971012227237225, "RMSE": 0.6663384038179123, "WRMSE": 0.6663384038179123, "MAE": 0.4205915318959342, "PE": 0.03254624759534451, "exact_EV": 345, "disc_EV": 344.88771544579606, "Wass_scaled": 0.29338298618605807, "Wass_multi": 3.2375247579110122, "time_wass": 9.529208634980023}