{"distribution": "lg", "edges": [["A", "D"], ["B", "D"], ["D", "E"], ["C", "E"]], "root_params": "A ~ N(20,20) B ~ N(20,20) C ~ N(15,15)", "experiment": 9, "not_root_params": "D   ~   N ( 2 A + 3 B , 2 )   E   ~   N ( 3 C + 3 D , 2 )", "sample_size": 5000, "means": {"A": 20, "B": 20, "C": 15, "D": 100, "E": 345}, "disc_method": "EB", "bins": 25, "target_column": null, "CPT_method": "MLE", "time_disc": 0.07013155380263925, "time_cnf": 1.496796966996044, "time_VE": 0.0025951960124075413, "time_BP": 0.009885800071060658, "RMSE": 14.716621406792203, "WRMSE": 2.451128605827834, "MAE": 8.285567175723727, "PE": 0.0750542120216073, "exact_EV": 345, "disc_EV": 344.74106296852545, "Wass_scaled": 0.0307098329353648, "Wass_multi": 1.694157998999129, "time_wass": 7.388973874971271}