{"distribution": "lg", "edges": [["A", "D"], ["B", "D"], ["D", "E"], ["C", "E"]], "root_params": "A ~ N(20,20) B ~ N(20,20) C ~ N(15,15)", "experiment": 9, "not_root_params": "D   ~   N ( 2 A + 3 B , 2 )   E   ~   N ( 3 C + 3 D , 2 )", "sample_size": 5000, "means": {"A": 20, "B": 20, "C": 15, "D": 100, "E": 345}, "disc_method": "EV", "bins": 20, "target_column": null, "CPT_method": "MLE", "time_disc": 0.06801692489534616, "time_cnf": 0.8205525567755103, "time_VE": 0.0023308019153773785, "time_BP": 0.00837261462584138, "RMSE": 0.5357883041743796, "WRMSE": 0.5357883041743795, "MAE": 0.4236817515149795, "PE": 0.03078484306827348, "exact_EV": 345, "disc_EV": 344.89379229141446, "Wass_scaled": 0.20911440467214043, "Wass_multi": 1.79466925636153, "time_wass": 9.474272715393454}