{
	"nodecount" : 14126,
	"peaknodes" : 14365,
	"total_load_time" : 0.693857,
	"build_time" : 0.666579,
	"wmc_time" : 0.00654697
}
