{"distribution": "lg", "edges": [["A", "D"], ["B", "D"], ["D", "E"], ["C", "E"]], "root_params": "A ~ N(20,20) B ~ N(20,20) C ~ N(15,15)", "experiment": 9, "not_root_params": "D   ~   N ( 2 A + 3 B , 2 )   E   ~   N ( 3 C + 3 D , 2 )", "sample_size": 5000, "means": {"A": 20, "B": 20, "C": 15, "D": 100, "E": 345}, "disc_method": "EV", "bins": 20, "target_column": null, "CPT_method": "MLE", "time_disc": 0.10371879999001976, "time_cnf": 0.21191840000392403, "time_VE": 0.0020933999912813306, "time_BP": 0.0075034999899799, "RMSE": 0.5357883041743764, "WRMSE": 0.5357883041743764, "MAE": 0.4236817515149795, "PE": 0.03078484306827348, "exact_EV": 345, "disc_EV": 344.89379229141446, "Wass_scaled": 0.20911440467214043, "Wass_multi": 1.79466925636153, "time_wass": 13.075584299993352}