{"distribution": "lg", "edges": [["A", "D"], ["B", "D"], ["D", "E"], ["C", "E"]], "root_params": "A ~ N(20,20) B ~ N(20,20) C ~ N(15,15)", "experiment": 9, "not_root_params": "D   ~   N ( 2 A + 3 B , 2 )   E   ~   N ( 3 C + 3 D , 2 )", "sample_size": 5000, "means": {"A": 20, "B": 20, "C": 15, "D": 100, "E": 345}, "disc_method": "EV", "bins": 14, "target_column": null, "CPT_method": "MLE", "time_disc": 0.09847719999379478, "time_cnf": 0.07241659999999683, "time_VE": 0.0013916000025346875, "time_BP": 0.01035270000284072, "RMSE": 0.5930854349986163, "WRMSE": 0.5935280815529342, "MAE": 0.4417962917640758, "PE": 0.03670559025054451, "exact_EV": 345, "disc_EV": 344.8733657136356, "Wass_scaled": 0.24776668432746232, "Wass_multi": 2.434022749440685, "time_wass": 12.878439199994318}