{"distribution": "lg", "edges": [["A", "D"], ["B", "D"], ["D", "E"], ["C", "E"]], "root_params": "A ~ N(20,20) B ~ N(20,20) C ~ N(15,15)", "experiment": 11, "not_root_params": "D   ~   N ( 2 A + 3 B , 2 )   E   ~   N ( 3 C + 3 D , 2 )", "sample_size": 600, "means": {"A": 20, "B": 20, "C": 15, "D": 100, "E": 345}, "disc_method": "EV", "bins": 10, "target_column": null, "Wass1D": 3.1611702880303696, "Wass_multi": 3.958109797079361, "RMSE": 0.9948990469530082, "WRMSE": 0.9948990469530083, "MAE": 0.9898241136280042, "VE_complexity": 212009.0}