{"distribution": "lg", "edges": [["A", "D"], ["B", "D"], ["D", "E"], ["C", "E"]], "root_params": "A ~ N(20,20) B ~ N(20,20) C ~ N(15,15)", "experiment": 11, "not_root_params": "D   ~   N ( 2 A + 3 B , 2 )   E   ~   N ( 3 C + 3 D , 2 )", "sample_size": 600, "means": {"A": 20, "B": 20, "C": 15, "D": 100, "E": 345}, "disc_method": "EB", "bins": 14, "target_column": null, "Wass1D": 2.389726561761401, "Wass_multi": 3.5770755621272117, "RMSE": 14.116304453976403, "WRMSE": 4.692413417870217, "MAE": 199.270051437354, "VE_complexity": 1119565.0}