{"distribution": "lg", "edges": [["A", "D"], ["B", "D"], ["D", "E"], ["C", "E"]], "root_params": "A ~ N(20,20) B ~ N(20,20) C ~ N(15,15)", "experiment": 115, "not_root_params": "D   ~   N ( 2 A + 3 B , 4 . 9 3 7 5 )   E   ~   N ( 3 C + 3 D , 4 . 9 3 7 5 )", "sample_size": 1169, "means": {"A": 20, "B": 20, "C": 15, "D": 100, "E": 345}, "disc_method": "EB", "bins": 17, "target_column": null, "CPT_method": "MLE", "time_disc": 0.09687940000731032, "time_cnf": 0.11036639999656472, "time_VE": 0.0014965000009397045, "time_BP": 0.01350559999991674, "RMSE": 24.334859782907696, "WRMSE": 7.635977992289194, "MAE": 15.675406701392657, "PE": 0.09043218454499713, "exact_EV": 345, "disc_EV": 344.68800896331976, "Wass_scaled": 0.04158646999784572, "Wass_multi": 4.9555194183668165, "time_wass": 0.6304611000086879}