{"distribution": "lg", "edges": [["A", "D"], ["B", "D"], ["D", "E"], ["C", "E"]], "root_params": "A ~ N(20,20) B ~ N(20,20) C ~ N(15,15)", "experiment": 115, "not_root_params": "D   ~   N ( 2 A + 3 B , 4 . 9 3 7 5 )   E   ~   N ( 3 C + 3 D , 4 . 9 3 7 5 )", "sample_size": 1169, "means": {"A": 20, "B": 20, "C": 15, "D": 100, "E": 345}, "disc_method": "EV", "bins": 10, "target_column": null, "CPT_method": "MLE", "time_disc": 0.1111844000115525, "time_cnf": 0.04078520000621211, "time_VE": 0.00488630001200363, "time_BP": 0.007002500002272427, "RMSE": 2.242612391937453, "WRMSE": 2.2435713863352573, "MAE": 1.3900669924153704, "PE": 0.002081576114202714, "exact_EV": 345, "disc_EV": 345.007181437594, "Wass_scaled": 0.2749152062745686, "Wass_multi": 6.596414133482948, "time_wass": 0.8060773000033805}