{"distribution": "lg", "edges": [["A", "D"], ["B", "D"], ["D", "E"], ["C", "E"]], "root_params": "A ~ N(20,20) B ~ N(20,20) C ~ N(15,15)", "experiment": 115, "not_root_params": "D   ~   N ( 2 A + 3 B , 4 . 9 3 7 5 )   E   ~   N ( 3 C + 3 D , 4 . 9 3 7 5 )", "sample_size": 1169, "means": {"A": 20, "B": 20, "C": 15, "D": 100, "E": 345}, "disc_method": "EV", "bins": 25, "target_column": null, "CPT_method": "MLE", "time_disc": 0.08543228218331933, "time_cnf": 1.7551238732412457, "time_VE": 0.003822517115622759, "time_BP": 0.011562150437384844, "RMSE": 6.9270817928031105, "WRMSE": 6.93735977453127, "MAE": 5.16972320272502, "PE": 0.11906897604872292, "exact_EV": 345, "disc_EV": 345.4107879673681, "Wass_scaled": 0.17185770021110502, "Wass_multi": 2.9045615257146364, "time_wass": 0.656300226226449}