{"distribution": "lg", "edges": [["A", "D"], ["B", "D"], ["D", "E"], ["C", "E"]], "root_params": "A ~ N(20,20) B ~ N(20,20) C ~ N(15,15)", "experiment": 115, "not_root_params": "D   ~   N ( 2 A + 3 B , 4 . 9 3 7 5 )   E   ~   N ( 3 C + 3 D , 4 . 9 3 7 5 )", "sample_size": 1169, "means": {"A": 20, "B": 20, "C": 15, "D": 100, "E": 345}, "disc_method": "EB", "bins": 20, "target_column": null, "CPT_method": "MLE", "time_disc": 0.11123349999252241, "time_cnf": 0.20641869999235496, "time_VE": 0.0016715999954612926, "time_BP": 0.008924499998101965, "RMSE": 26.326905556528715, "WRMSE": 8.571725845373786, "MAE": 17.535540833058704, "PE": 0.33831173589707786, "exact_EV": 345, "disc_EV": 343.8328245111551, "Wass_scaled": 0.03632253813814905, "Wass_multi": 4.257145901192836, "time_wass": 0.6437700999958906}