{"distribution": "lg", "edges": [["A", "D"], ["B", "D"], ["D", "E"], ["C", "E"]], "root_params": "A ~ N(20,20) B ~ N(20,20) C ~ N(15,15)", "experiment": 115, "not_root_params": "D   ~   N ( 2 A + 3 B , 4 . 9 3 7 5 )   E   ~   N ( 3 C + 3 D , 4 . 9 3 7 5 )", "sample_size": 1169, "means": {"A": 20, "B": 20, "C": 15, "D": 100, "E": 345}, "disc_method": "EV", "bins": 20, "target_column": null, "CPT_method": "MLE", "time_disc": 0.10058050000225194, "time_cnf": 0.21271940000588074, "time_VE": 0.0015814000071259215, "time_BP": 0.00940900000568945, "RMSE": 3.8908012112242494, "WRMSE": 3.8980045441975464, "MAE": 3.101748269671842, "PE": 0.09117728213793627, "exact_EV": 345, "disc_EV": 345.3145616233759, "Wass_scaled": 0.19249126859646343, "Wass_multi": 3.516669445833777, "time_wass": 0.7065788999898359}