{"distribution": "lg", "edges": [["A", "D"], ["B", "D"], ["D", "E"], ["C", "E"]], "root_params": "A ~ N(20,20) B ~ N(20,20) C ~ N(15,15)", "experiment": 115, "not_root_params": "D   ~   N ( 2 A + 3 B , 4 . 9 3 7 5 )   E   ~   N ( 3 C + 3 D , 4 . 9 3 7 5 )", "sample_size": 1169, "means": {"A": 20, "B": 20, "C": 15, "D": 100, "E": 345}, "disc_method": "EB", "bins": 5, "target_column": null, "CPT_method": "MLE", "time_disc": 0.07080577267333865, "time_cnf": 0.30135280499234796, "time_VE": 0.0018272097222507, "time_BP": 0.0067679379135370255, "RMSE": 6.290535608390382, "WRMSE": 3.935558526512448, "MAE": 5.356022980433193, "PE": 0.08459245101053255, "exact_EV": 345, "disc_EV": 345.29184395598634, "Wass_scaled": 0.1725254043395052, "Wass_multi": 15.03774183380779, "time_wass": 0.7139252102933824}