{"distribution": "lg", "edges": [["A", "D"], ["B", "D"], ["D", "E"], ["C", "E"]], "root_params": "A ~ N(20,20) B ~ N(20,20) C ~ N(15,15)", "experiment": 115, "not_root_params": "D   ~   N ( 2 A + 3 B , 4 . 9 3 7 5 )   E   ~   N ( 3 C + 3 D , 4 . 9 3 7 5 )", "sample_size": 1169, "means": {"A": 20, "B": 20, "C": 15, "D": 100, "E": 345}, "disc_method": "EV", "bins": 14, "target_column": null, "CPT_method": "MLE", "time_disc": 0.09514719899743795, "time_cnf": 0.4003400863148272, "time_VE": 0.004257607739418745, "time_BP": 0.014877731911838055, "RMSE": 2.3563081397902037, "WRMSE": 2.360646337783587, "MAE": 1.7109365038940487, "PE": 0.16606506449420522, "exact_EV": 345, "disc_EV": 344.427075527495, "Wass_scaled": 0.22973601708176447, "Wass_multi": 4.843918530809305, "time_wass": 0.8172978828661144}