{"distribution": "lg", "edges": [["A", "D"], ["B", "D"], ["D", "E"], ["C", "E"]], "root_params": "A ~ N(20,20) B ~ N(20,20) C ~ N(15,15)", "experiment": 115, "not_root_params": "D   ~   N ( 2 A + 3 B , 4 . 9 3 7 5 )   E   ~   N ( 3 C + 3 D , 4 . 9 3 7 5 )", "sample_size": 1169, "means": {"A": 20, "B": 20, "C": 15, "D": 100, "E": 345}, "disc_method": "MDLP", "bins": 2, "target_column": "E", "CPT_method": "MLE", "time_disc": 1.5467853999871295, "time_cnf": 0.11432320000312757, "time_VE": 0.0032887999986996874, "time_BP": 0.01722860000154469, "RMSE": 2.26172000341249, "WRMSE": 2.4516660269398876, "MAE": 2.1068274513427525, "PE": 0.05305645480801276, "exact_EV": 345, "disc_EV": 345.18304476908764, "Wass_scaled": 0.38746291823116963, "Wass_multi": 4.550043483405481, "time_wass": 0.7519613000040408}