{
	"nodecount" : 11794,
	"peaknodes" : 12466,
	"total_load_time" : 1.60748,
	"build_time" : 1.41814,
	"wmc_time" : 0.0063529
}
