{
	"nodecount" : 37611,
	"peaknodes" : 40922,
	"total_load_time" : 4.11146,
	"build_time" : 3.7151,
	"wmc_time" : 0.011977
}
