{"distribution": "lg", "edges": [["A", "D"], ["B", "D"], ["D", "E"], ["C", "E"]], "root_params": "A ~ N(20,20) B ~ N(20,20) C ~ N(15,15)", "experiment": 115, "not_root_params": "D   ~   N ( 2 A + 3 B , 4 . 9 3 7 5 )   E   ~   N ( 3 C + 3 D , 4 . 9 3 7 5 )", "sample_size": 1169, "means": {"A": 20, "B": 20, "C": 15, "D": 100, "E": 345}, "disc_method": "EV", "bins": 5, "target_column": null, "CPT_method": "MLE", "time_disc": 0.08774239999183919, "time_cnf": 0.007612000001245178, "time_VE": 0.0014268999948399141, "time_BP": 0.007423799994285218, "RMSE": 3.3675963526801844, "WRMSE": 3.3689654284847634, "MAE": 2.6582992920649646, "PE": 0.02905593544341357, "exact_EV": 345, "disc_EV": 344.8997570227202, "Wass_scaled": 0.41522052507298796, "Wass_multi": 11.82815589154263, "time_wass": 0.7076897999941139}