{"distribution": "lg", "edges": [["A", "D"], ["B", "D"], ["D", "E"], ["C", "E"]], "root_params": "A ~ N(20,20) B ~ N(20,20) C ~ N(15,15)", "experiment": 115, "not_root_params": "D   ~   N ( 2 A + 3 B , 4 . 9 3 7 5 )   E   ~   N ( 3 C + 3 D , 4 . 9 3 7 5 )", "sample_size": 1169, "means": {"A": 20, "B": 20, "C": 15, "D": 100, "E": 345}, "disc_method": "EB", "bins": 14, "target_column": null, "CPT_method": "MLE", "time_disc": 0.09731719999399502, "time_cnf": 0.07827729999553412, "time_VE": 0.0015279999934136868, "time_BP": 0.006415500000002794, "RMSE": 17.09704216530003, "WRMSE": 5.896690049822981, "MAE": 11.737404881804256, "PE": 0.050917713783054874, "exact_EV": 345, "disc_EV": 344.82433388744846, "Wass_scaled": 0.06114821022739892, "Wass_multi": 5.9373999653294645, "time_wass": 0.6800298000016483}