{"distribution": "lg", "edges": [["A", "D"], ["B", "D"], ["D", "E"], ["C", "E"]], "root_params": "A ~ N(20,20) B ~ N(20,20) C ~ N(15,15)", "experiment": 115, "not_root_params": "D   ~   N ( 2 A + 3 B , 4 . 9 3 7 5 )   E   ~   N ( 3 C + 3 D , 4 . 9 3 7 5 )", "sample_size": 1169, "means": {"A": 20, "B": 20, "C": 15, "D": 100, "E": 345}, "disc_method": "EV", "bins": 17, "target_column": null, "CPT_method": "MLE", "time_disc": 0.10871879999467637, "time_cnf": 0.138962699988042, "time_VE": 0.0015355999930761755, "time_BP": 0.0076074000098742545, "RMSE": 2.917171339898151, "WRMSE": 2.9197394478187957, "MAE": 2.152169549837802, "PE": 0.15489856353457546, "exact_EV": 345, "disc_EV": 344.4655999558057, "Wass_scaled": 0.2080035747748534, "Wass_multi": 4.074637183954994, "time_wass": 0.7209473999973852}