{
	"nodecount" : 21648,
	"peaknodes" : 21936,
	"total_load_time" : 2.28639,
	"build_time" : 2.17054,
	"wmc_time" : 0.00578785,
	"wmc_value" : 1,
	"bn_to_cnf_time" : 0.0553451
}
