{"distribution": "lg", "edges": [["A", "D"], ["B", "D"], ["D", "E"], ["C", "E"]], "root_params": "A ~ N(20,20) B ~ N(20,20) C ~ N(15,15)", "experiment": 115, "not_root_params": "D   ~   N ( 2 A + 3 B , 4 . 9 3 7 5 )   E   ~   N ( 3 C + 3 D , 4 . 9 3 7 5 )", "sample_size": 1169, "means": {"A": 20, "B": 20, "C": 15, "D": 100, "E": 345}, "disc_method": "EB", "bins": 25, "target_column": null, "CPT_method": "MLE", "time_disc": 0.11343176895752549, "time_cnf": 1.7920688837766647, "time_VE": 0.003276634030044079, "time_BP": 0.01982136955484748, "RMSE": 30.224367273889726, "WRMSE": 10.705035201029217, "MAE": 21.19730600680785, "PE": 0.25089092474227864, "exact_EV": 345, "disc_EV": 344.13442630963914, "Wass_scaled": 0.02771794393075618, "Wass_multi": 3.416016263898577, "time_wass": 0.7690334171056747}