{"distribution": "lg", "edges": [["A", "D"], ["B", "D"], ["D", "E"], ["C", "E"]], "root_params": "A ~ N(20,20) B ~ N(20,20) C ~ N(15,15)", "experiment": 115, "not_root_params": "D   ~   N ( 2 A + 3 B , 4 . 9 3 7 5 )   E   ~   N ( 3 C + 3 D , 4 . 9 3 7 5 )", "sample_size": 1169, "means": {"A": 20, "B": 20, "C": 15, "D": 100, "E": 345}, "disc_method": "EV", "bins": 12, "target_column": null, "CPT_method": "MLE", "time_disc": 0.07181232888251543, "time_cnf": 0.4350612349808216, "time_VE": 0.003933125175535679, "time_BP": 0.0160571769811213, "RMSE": 2.1951496069525542, "WRMSE": 2.1993429547922196, "MAE": 1.4255472235021784, "PE": 0.033358276313746486, "exact_EV": 345, "disc_EV": 344.8849139467176, "Wass_scaled": 0.25016911893167365, "Wass_multi": 5.578807382600277, "time_wass": 0.748182435054332}