{
	"nodecount" : 1445,
	"peaknodes" : 1446,
	"total_load_time" : 0.881046,
	"build_time" : 0.713224,
	"wmc_time" : 0.0023191
}
