{
	"nodecount" : 3062,
	"peaknodes" : 3104,
	"total_load_time" : 0.266753,
	"build_time" : 0.180935,
	"wmc_time" : 0.00300908
}
