{"distribution": "lg", "edges": [["A", "D"], ["B", "D"], ["D", "E"], ["C", "E"]], "root_params": "A ~ N(20,20) B ~ N(20,20) C ~ N(15,15)", "experiment": 115, "not_root_params": "D   ~   N ( 2 A + 3 B , 4 . 9 3 7 5 )   E   ~   N ( 3 C + 3 D , 4 . 9 3 7 5 )", "sample_size": 1169, "means": {"A": 20, "B": 20, "C": 15, "D": 100, "E": 345}, "disc_method": "EV", "bins": 8, "target_column": null, "CPT_method": "MLE", "time_disc": 0.13036969999666326, "time_cnf": 0.02292920000036247, "time_VE": 0.0021163000055821612, "time_BP": 0.014585600001737475, "RMSE": 2.2237315195348186, "WRMSE": 2.223417589253805, "MAE": 1.514973626001094, "PE": 0.10378081780609005, "exact_EV": 345, "disc_EV": 344.641956178569, "Wass_scaled": 0.31123189423917413, "Wass_multi": 7.958486901157158, "time_wass": 0.8797393999993801}