{
	"nodecount" : 42251,
	"peaknodes" : 45959,
	"total_load_time" : 8.61912,
	"build_time" : 7.35233,
	"wmc_time" : 0.0133231
}
