{"distribution": "lg", "edges": [["A", "D"], ["B", "D"], ["D", "E"], ["C", "E"]], "root_params": "A ~ N(20,20) B ~ N(20,20) C ~ N(15,15)", "experiment": 115, "not_root_params": "D   ~   N ( 2 A + 3 B , 4 . 9 3 7 5 )   E   ~   N ( 3 C + 3 D , 4 . 9 3 7 5 )", "sample_size": 1169, "means": {"A": 20, "B": 20, "C": 15, "D": 100, "E": 345}, "disc_method": "EB", "bins": 12, "target_column": null, "CPT_method": "MLE", "time_disc": 0.08128491090610623, "time_cnf": 3.6124123600311577, "time_VE": 0.004900519736111164, "time_BP": 0.01920051220804453, "RMSE": 14.439461846553899, "WRMSE": 5.177771092030884, "MAE": 9.912725154504235, "PE": 0.03925337920098015, "exact_EV": 345, "disc_EV": 344.8645758417566, "Wass_scaled": 0.06968826063735449, "Wass_multi": 7.124212018540761, "time_wass": 0.7673568222671747}