{
	"nodecount" : 37611,
	"peaknodes" : 40922,
	"total_load_time" : 7.44936,
	"build_time" : 7.09095,
	"wmc_time" : 0.0098989,
	"wmc_value" : 1,
	"bn_to_cnf_time" : 0.162918
}
