{"distribution": "lg", "edges": [["A", "D"], ["B", "D"], ["D", "E"], ["C", "E"]], "root_params": "A ~ N(20,20) B ~ N(20,20) C ~ N(15,15)", "experiment": 115, "not_root_params": "D   ~   N ( 2 A + 3 B , 4 . 9 3 7 5 )   E   ~   N ( 3 C + 3 D , 4 . 9 3 7 5 )", "sample_size": 1169, "means": {"A": 20, "B": 20, "C": 15, "D": 100, "E": 345}, "disc_method": "EV", "bins": 30, "target_column": null, "CPT_method": "MLE", "time_disc": 0.09473626222461462, "time_cnf": 3.1814660066738725, "time_VE": 0.0035603553988039494, "time_BP": 0.016161738894879818, "RMSE": 10.897172966402852, "WRMSE": 10.901829364033937, "MAE": 8.013022914058212, "PE": 0.07745613480806966, "exact_EV": 345, "disc_EV": 345.26722366508784, "Wass_scaled": 0.1571982867525969, "Wass_multi": 2.490460335118779, "time_wass": 0.6644649091176689}