{
	"nodecount" : 1445,
	"peaknodes" : 1446,
	"total_load_time" : 1.48952,
	"build_time" : 1.3787,
	"wmc_time" : 0.00340796,
	"wmc_value" : 1,
	"bn_to_cnf_time" : 0.0695732
}
