{
	"nodecount" : 5191,
	"peaknodes" : 5191,
	"total_load_time" : 0.318923,
	"build_time" : 0.212884,
	"wmc_time" : 0.00356793
}
