{"distribution": "lg", "edges": [["A", "D"], ["B", "D"], ["D", "E"], ["C", "E"]], "root_params": "A ~ N(20,20) B ~ N(20,20) C ~ N(15,15)", "experiment": 115, "not_root_params": "D   ~   N ( 2 A + 3 B , 4 . 9 3 7 5 )   E   ~   N ( 3 C + 3 D , 4 . 9 3 7 5 )", "sample_size": 1169, "means": {"A": 20, "B": 20, "C": 15, "D": 100, "E": 345}, "disc_method": "EB", "bins": 30, "target_column": null, "CPT_method": "MLE", "time_disc": 0.10466100000485312, "time_cnf": 0.7184013000078266, "time_VE": 0.0016153000033227727, "time_BP": 0.010686299996450543, "RMSE": 33.10803366751407, "WRMSE": 12.294834863427809, "MAE": 24.127879798409577, "PE": 0.14551916024441633, "exact_EV": 345, "disc_EV": 344.49795889715676, "Wass_scaled": 0.024492664959179553, "Wass_multi": 2.8866860469025877, "time_wass": 0.6000448999984656}