{"distribution": "lg", "edges": [["A", "D"], ["B", "D"], ["D", "E"], ["C", "E"]], "root_params": "A ~ N(20,20) B ~ N(20,20) C ~ N(15,15)", "experiment": 115, "not_root_params": "D   ~   N ( 2 A + 3 B , 4 . 9 3 7 5 )   E   ~   N ( 3 C + 3 D , 4 . 9 3 7 5 )", "sample_size": 1169, "means": {"A": 20, "B": 20, "C": 15, "D": 100, "E": 345}, "disc_method": "EB", "bins": 10, "target_column": null, "CPT_method": "MLE", "time_disc": 0.09928399999625981, "time_cnf": 0.03465209998830687, "time_VE": 0.0019778999994741753, "time_BP": 0.01453969998692628, "RMSE": 10.143946286918489, "WRMSE": 3.9190459479482764, "MAE": 6.880424331856403, "PE": 0.15308872070796906, "exact_EV": 345, "disc_EV": 345.5281560864425, "Wass_scaled": 0.08826912294638488, "Wass_multi": 8.371737185619747, "time_wass": 0.7124755999975605}