{
	"nodecount" : 15525,
	"peaknodes" : 15898,
	"total_load_time" : 1.06288,
	"build_time" : 0.896286,
	"wmc_time" : 0.00429702
}
