{"distribution": "lg", "edges": [["A", "D"], ["B", "D"], ["D", "E"], ["C", "E"]], "root_params": "A ~ N(20,20) B ~ N(20,20) C ~ N(15,15)", "experiment": 104, "not_root_params": "D   ~   N ( 2 A + 3 B , 7 . 7 5 )   E   ~   N ( 3 C + 3 D , 7 . 7 5 )", "sample_size": 575, "means": {"A": 20, "B": 20, "C": 15, "D": 100, "E": 345}, "disc_method": "EB", "bins": 17, "target_column": null, "CPT_method": "Bayespriors", "time_disc": 0.10053025325760245, "time_cnf": 0.2767943679355085, "time_VE": 0.0012908680364489555, "time_BP": 0.005899051204323769, "RMSE": 55.47091361296971, "WRMSE": 18.367001114630444, "MAE": 37.808759112609536, "PE": 1.0610406238110854, "exact_EV": 345, "disc_EV": 341.33940984785175, "Wass_scaled": 0.042496403424459095, "Wass_multi": 9.063072061875937, "time_wass": 0.24138262309134007}