{
	"nodecount" : 16270,
	"peaknodes" : 20730,
	"total_load_time" : 9.82937,
	"build_time" : 8.67905,
	"wmc_time" : 0.00525713,
	"wmc_value" : 1,
	"bn_to_cnf_time" : 0.658525
}
