{
	"nodecount" : 20986,
	"peaknodes" : 24289,
	"total_load_time" : 5.23808,
	"build_time" : 4.36281,
	"wmc_time" : 0.00548911
}
