{"distribution": "lg", "edges": [["A", "D"], ["B", "D"], ["D", "E"], ["C", "E"]], "root_params": "A ~ N(20,20) B ~ N(20,20) C ~ N(15,15)", "experiment": 104, "not_root_params": "D   ~   N ( 2 A + 3 B , 7 . 7 5 )   E   ~   N ( 3 C + 3 D , 7 . 7 5 )", "sample_size": 575, "means": {"A": 20, "B": 20, "C": 15, "D": 100, "E": 345}, "disc_method": "EB", "bins": 30, "target_column": null, "CPT_method": "Bayespriors", "time_disc": 0.1813622000045143, "time_cnf": 0.7305651999922702, "time_VE": 0.002168500010157004, "time_BP": 0.013136299996403977, "RMSE": 66.13136460441086, "WRMSE": 27.695971439988902, "MAE": 51.545658955974055, "PE": 1.7182934230394151, "exact_EV": 345, "disc_EV": 339.071887690514, "Wass_scaled": 0.023010269734523216, "Wass_multi": 5.262621711115571, "time_wass": 0.17686700000194833}