{
	"nodecount" : 19764,
	"peaknodes" : 21908,
	"total_load_time" : 3.77596,
	"build_time" : 3.20913,
	"wmc_time" : 0.00550723
}
