{"distribution": "lg", "edges": [["A", "D"], ["B", "D"], ["D", "E"], ["C", "E"]], "root_params": "A ~ N(20,20) B ~ N(20,20) C ~ N(15,15)", "experiment": 104, "not_root_params": "D   ~   N ( 2 A + 3 B , 7 . 7 5 )   E   ~   N ( 3 C + 3 D , 7 . 7 5 )", "sample_size": 575, "means": {"A": 20, "B": 20, "C": 15, "D": 100, "E": 345}, "disc_method": "EV", "bins": 8, "target_column": null, "CPT_method": "Bayespriors", "time_disc": 0.09506202302873135, "time_cnf": 0.42908240808174014, "time_VE": 0.0011765798553824425, "time_BP": 0.004831066820770502, "RMSE": 4.182315973908624, "WRMSE": 4.184867241806604, "MAE": 3.39120869428681, "PE": 0.7037005495455388, "exact_EV": 345, "disc_EV": 342.5722331040679, "Wass_scaled": 0.309459978809069, "Wass_multi": 14.764725054839632, "time_wass": 0.2769492850638926}