{"distribution": "lg", "edges": [["A", "D"], ["B", "D"], ["D", "E"], ["C", "E"]], "root_params": "A ~ N(20,20) B ~ N(20,20) C ~ N(15,15)", "experiment": 104, "not_root_params": "D   ~   N ( 2 A + 3 B , 7 . 7 5 )   E   ~   N ( 3 C + 3 D , 7 . 7 5 )", "sample_size": 575, "means": {"A": 20, "B": 20, "C": 15, "D": 100, "E": 345}, "disc_method": "EB", "bins": 5, "target_column": null, "CPT_method": "Bayespriors", "time_disc": 0.09250191505998373, "time_cnf": 0.5962108252570033, "time_VE": 0.0011625830084085464, "time_BP": 0.010856189765036106, "RMSE": 22.20809575859124, "WRMSE": 9.927548310211773, "MAE": 17.43270543049809, "PE": 0.6291563316295631, "exact_EV": 345, "disc_EV": 342.829410655878, "Wass_scaled": 0.167362425711281, "Wass_multi": 28.505849024924085, "time_wass": 0.2847460457123816}