{
	"nodecount" : 2636,
	"peaknodes" : 2764,
	"total_load_time" : 0.232296,
	"build_time" : 0.14213,
	"wmc_time" : 0.00212598
}
