{
	"nodecount" : 11870,
	"peaknodes" : 12364,
	"total_load_time" : 0.804521,
	"build_time" : 0.685517,
	"wmc_time" : 0.00358701
}
