{
	"nodecount" : 13642,
	"peaknodes" : 14890,
	"total_load_time" : 3.30149,
	"build_time" : 3.06719,
	"wmc_time" : 0.00524712,
	"wmc_value" : 1,
	"bn_to_cnf_time" : 0.105829
}
