{"distribution": "lg", "edges": [["A", "D"], ["B", "D"], ["D", "E"], ["C", "E"]], "root_params": "A ~ N(20,20) B ~ N(20,20) C ~ N(15,15)", "experiment": 104, "not_root_params": "D   ~   N ( 2 A + 3 B , 7 . 7 5 )   E   ~   N ( 3 C + 3 D , 7 . 7 5 )", "sample_size": 575, "means": {"A": 20, "B": 20, "C": 15, "D": 100, "E": 345}, "disc_method": "EB", "bins": 25, "target_column": null, "CPT_method": "Bayespriors", "time_disc": 0.11747795110568404, "time_cnf": 2.9743893621489406, "time_VE": 0.0014980640262365341, "time_BP": 0.008105625864118338, "RMSE": 62.427859532839676, "WRMSE": 24.6072074887274, "MAE": 47.071226722193224, "PE": 0.9193181818504755, "exact_EV": 345, "disc_EV": 341.82835227261586, "Wass_scaled": 0.026577170578488418, "Wass_multi": 6.183701425364786, "time_wass": 0.22888858010992408}