{"distribution": "lg", "edges": [["A", "D"], ["B", "D"], ["D", "E"], ["C", "E"]], "root_params": "A ~ N(20,20) B ~ N(20,20) C ~ N(15,15)", "experiment": 104, "not_root_params": "D   ~   N ( 2 A + 3 B , 7 . 7 5 )   E   ~   N ( 3 C + 3 D , 7 . 7 5 )", "sample_size": 575, "means": {"A": 20, "B": 20, "C": 15, "D": 100, "E": 345}, "disc_method": "EV", "bins": 10, "target_column": null, "CPT_method": "Bayespriors", "time_disc": 0.16609759999846574, "time_cnf": 0.0341315000114264, "time_VE": 0.0014705999928992242, "time_BP": 0.012239499992574565, "RMSE": 4.443983421826588, "WRMSE": 4.446569981037398, "MAE": 3.6554240179065403, "PE": 0.8471178750972326, "exact_EV": 345, "disc_EV": 342.07744333091455, "Wass_scaled": 0.27329038613047923, "Wass_multi": 12.49465303083849, "time_wass": 0.25094300000637304}