{"distribution": "lg", "edges": [["A", "D"], ["B", "D"], ["D", "E"], ["C", "E"]], "root_params": "A ~ N(20,20) B ~ N(20,20) C ~ N(15,15)", "experiment": 104, "not_root_params": "D   ~   N ( 2 A + 3 B , 7 . 7 5 )   E   ~   N ( 3 C + 3 D , 7 . 7 5 )", "sample_size": 575, "means": {"A": 20, "B": 20, "C": 15, "D": 100, "E": 345}, "disc_method": "EB", "bins": 14, "target_column": null, "CPT_method": "Bayespriors", "time_disc": 0.09986629476770759, "time_cnf": 0.3971926127560437, "time_VE": 0.0012723840773105621, "time_BP": 0.005330908112227917, "RMSE": 47.18851625138883, "WRMSE": 15.383458084018141, "MAE": 31.422906028091678, "PE": 0.9840853407575632, "exact_EV": 345, "disc_EV": 341.6049055743864, "Wass_scaled": 0.05864161815151118, "Wass_multi": 10.997964323809933, "time_wass": 0.2620810130611062}