{"distribution": "lg", "edges": [["A", "D"], ["B", "D"], ["D", "E"], ["C", "E"]], "root_params": "A ~ N(20,20) B ~ N(20,20) C ~ N(15,15)", "experiment": 104, "not_root_params": "D   ~   N ( 2 A + 3 B , 7 . 7 5 )   E   ~   N ( 3 C + 3 D , 7 . 7 5 )", "sample_size": 575, "means": {"A": 20, "B": 20, "C": 15, "D": 100, "E": 345}, "disc_method": "EV", "bins": 14, "target_column": null, "CPT_method": "Bayespriors", "time_disc": 0.0974956750869751, "time_cnf": 0.4351136991754174, "time_VE": 0.0012536556459963322, "time_BP": 0.005465124733746052, "RMSE": 6.813749737578035, "WRMSE": 6.807802362443087, "MAE": 4.957318998242982, "PE": 0.9139040899534571, "exact_EV": 345, "disc_EV": 341.8470308896606, "Wass_scaled": 0.227624553773378, "Wass_multi": 9.472346530331212, "time_wass": 0.2718128589913249}