{"distribution": "lg", "edges": [["A", "D"], ["B", "D"], ["D", "E"], ["C", "E"]], "root_params": "A ~ N(20,20) B ~ N(20,20) C ~ N(15,15)", "experiment": 104, "not_root_params": "D   ~   N ( 2 A + 3 B , 7 . 7 5 )   E   ~   N ( 3 C + 3 D , 7 . 7 5 )", "sample_size": 575, "means": {"A": 20, "B": 20, "C": 15, "D": 100, "E": 345}, "disc_method": "EV", "bins": 12, "target_column": null, "CPT_method": "Bayespriors", "time_disc": 0.1672942999866791, "time_cnf": 0.05030590000387747, "time_VE": 0.0014993999939179048, "time_BP": 0.006095400007325225, "RMSE": 5.876377009419337, "WRMSE": 5.881207301541102, "MAE": 4.937116171206564, "PE": 0.9709078058576317, "exact_EV": 345, "disc_EV": 341.65036806979117, "Wass_scaled": 0.24676885268267196, "Wass_multi": 10.7703892329036, "time_wass": 0.25944090000120923}