{"distribution": "lg", "edges": [["A", "D"], ["B", "D"], ["D", "E"], ["C", "E"]], "root_params": "A ~ N(20,20) B ~ N(20,20) C ~ N(15,15)", "experiment": 104, "not_root_params": "D   ~   N ( 2 A + 3 B , 7 . 7 5 )   E   ~   N ( 3 C + 3 D , 7 . 7 5 )", "sample_size": 575, "means": {"A": 20, "B": 20, "C": 15, "D": 100, "E": 345}, "disc_method": "EV", "bins": 5, "target_column": null, "CPT_method": "Bayespriors", "time_disc": 0.1617882999998983, "time_cnf": 0.009941399999661371, "time_VE": 0.0014331999991554767, "time_BP": 0.0053921000071568415, "RMSE": 4.081539088257401, "WRMSE": 4.081539088257401, "MAE": 3.6308068367511965, "PE": 0.81599158708049, "exact_EV": 345, "disc_EV": 342.1848290245723, "Wass_scaled": 0.4134876350833579, "Wass_multi": 20.962067213735416, "time_wass": 0.2311007999960566}