{"distribution": "lg", "edges": [["A", "D"], ["B", "D"], ["D", "E"], ["C", "E"]], "root_params": "A ~ N(20,20) B ~ N(20,20) C ~ N(15,15)", "experiment": 104, "not_root_params": "D   ~   N ( 2 A + 3 B , 7 . 7 5 )   E   ~   N ( 3 C + 3 D , 7 . 7 5 )", "sample_size": 575, "means": {"A": 20, "B": 20, "C": 15, "D": 100, "E": 345}, "disc_method": "EV", "bins": 20, "target_column": null, "CPT_method": "Bayespriors", "time_disc": 0.1742643999896245, "time_cnf": 0.22805229999357834, "time_VE": 0.002361999999266118, "time_BP": 0.016440299994428642, "RMSE": 17.313710301206832, "WRMSE": 17.37192672463773, "MAE": 13.047453255822358, "PE": 0.6229041528754878, "exact_EV": 345, "disc_EV": 342.85098067257957, "Wass_scaled": 0.18815859779908078, "Wass_multi": 7.081364047938538, "time_wass": 0.23122879999573343}