{"distribution": "lg", "edges": [["A", "D"], ["B", "D"], ["D", "E"], ["C", "E"]], "root_params": "A ~ N(20,20) B ~ N(20,20) C ~ N(15,15)", "experiment": 104, "not_root_params": "D   ~   N ( 2 A + 3 B , 7 . 7 5 )   E   ~   N ( 3 C + 3 D , 7 . 7 5 )", "sample_size": 575, "means": {"A": 20, "B": 20, "C": 15, "D": 100, "E": 345}, "disc_method": "EV", "bins": 30, "target_column": null, "CPT_method": "Bayespriors", "time_disc": 0.12987113371491432, "time_cnf": 5.805498752743006, "time_VE": 0.0018524075858294964, "time_BP": 0.010821832809597254, "RMSE": 30.72313621665927, "WRMSE": 30.857944796915092, "MAE": 24.27003374559683, "PE": 0.5882980476125986, "exact_EV": 345, "disc_EV": 342.97037173573653, "Wass_scaled": 0.1527238163092141, "Wass_multi": 5.0447688922585225, "time_wass": 0.27323543606325984}