{
	"nodecount" : 20986,
	"peaknodes" : 24289,
	"total_load_time" : 9.07615,
	"build_time" : 8.06235,
	"wmc_time" : 0.00650597,
	"wmc_value" : 1,
	"bn_to_cnf_time" : 0.587676
}
