{
	"nodecount" : 1737,
	"peaknodes" : 1737,
	"total_load_time" : 0.794651,
	"build_time" : 0.711649,
	"wmc_time" : 0.00183392
}
