{
	"nodecount" : 16924,
	"peaknodes" : 21003,
	"total_load_time" : 3.84229,
	"build_time" : 3.24802,
	"wmc_time" : 0.00413299
}
