{
	"nodecount" : 18237,
	"peaknodes" : 20826,
	"total_load_time" : 1.94636,
	"build_time" : 1.73661,
	"wmc_time" : 0.0041852
}
