{
	"nodecount" : 9020,
	"peaknodes" : 9069,
	"total_load_time" : 0.57806,
	"build_time" : 0.476906,
	"wmc_time" : 0.00319505
}
