{
	"nodecount" : 9810,
	"peaknodes" : 10629,
	"total_load_time" : 2.16925,
	"build_time" : 2.07685,
	"wmc_time" : 0.005651,
	"wmc_value" : 1,
	"bn_to_cnf_time" : 0.0592802
}
