{"distribution": "lg", "edges": [["A", "D"], ["B", "D"], ["D", "E"], ["C", "E"]], "root_params": "A ~ N(20,20) B ~ N(20,20) C ~ N(15,15)", "experiment": 104, "not_root_params": "D   ~   N ( 2 A + 3 B , 7 . 7 5 )   E   ~   N ( 3 C + 3 D , 7 . 7 5 )", "sample_size": 575, "means": {"A": 20, "B": 20, "C": 15, "D": 100, "E": 345}, "disc_method": "EB", "bins": 8, "target_column": null, "CPT_method": "Bayespriors", "time_disc": 0.0949739869683981, "time_cnf": 1.4918831996619701, "time_VE": 0.0011786180548369884, "time_BP": 0.0048148659989237785, "RMSE": 30.663623005961117, "WRMSE": 10.273859497838217, "MAE": 19.65191270288044, "PE": 0.5693145894330744, "exact_EV": 345, "disc_EV": 343.0358646664559, "Wass_scaled": 0.10329895885749164, "Wass_multi": 18.298699302665604, "time_wass": 0.26132822409272194}