{
	"nodecount" : 36,
	"peaknodes" : 36,
	"total_load_time" : 0.00839114,
	"build_time" : 0.00517011,
	"wmc_time" : 0.000286102
}
