{"distribution": "nm", "edges": [["X", "Y"]], "root_params": ["X ~ B(0.5)"], "experiment": 1, "not_root_params": "P(Y|X) ~ N(21,10) if X = 0.0 and P(Y|X) ~ N(25,1) if X = 1.0", "sample_size": 500, "means": 23.0, "disc_method": "EV", "bins": 14, "target_column": null, "CPT_method": "Bayespriors", "time_disc": 0.041507482063025236, "time_cnf": 0.262673432007432, "time_VE": 0.0011268970556557178, "time_BP": 0.0033123414032161236, "RMSE": 0.020080980356333024, "WRMSE": 0.020072856244052414, "MAE": 0.02007687147692394, "PE": 0.12462786583255575, "exact_EV": 23.0, "disc_EV": 23.028664409141488, "Wass_scaled": 0.07657263760773028, "Wass_multi": 0.9349023318722268, "time_wass": 0.07888915296643972}