{"distribution": "nm", "edges": [["X", "Y"]], "root_params": ["X ~ B(0.5)"], "experiment": 1, "not_root_params": "P(Y|X) ~ N(21,10) if X = 0.0 and P(Y|X) ~ N(25,1) if X = 1.0", "sample_size": 500, "means": 23.0, "disc_method": "EB", "bins": 25, "target_column": null, "CPT_method": "Bayespriors", "time_disc": 0.044820784125477076, "time_cnf": 0.30168684804812074, "time_VE": 0.0010192417539656162, "time_BP": 0.0027109310030937195, "RMSE": 0.021528010403800393, "WRMSE": 0.021518807564659438, "MAE": 0.021523092135925737, "PE": 0.12451909297868972, "exact_EV": 23.0, "disc_EV": 23.0286393913851, "Wass_scaled": 0.009460964532320044, "Wass_multi": 0.5374325614449778, "time_wass": 0.06546230893582106}