{
	"nodecount" : 82,
	"peaknodes" : 87,
	"total_load_time" : 0.0195062,
	"build_time" : 0.016386,
	"wmc_time" : 0.000545979
}
