{
	"nodecount" : 41,
	"peaknodes" : 43,
	"total_load_time" : 0.00776291,
	"build_time" : 0.00528502,
	"wmc_time" : 0.000298023
}
