{
	"nodecount" : 60,
	"peaknodes" : 63,
	"total_load_time" : 0.0144222,
	"build_time" : 0.0116701,
	"wmc_time" : 0.000582933
}
