{
	"nodecount" : 48,
	"peaknodes" : 52,
	"total_load_time" : 0.0153019,
	"build_time" : 0.0119829,
	"wmc_time" : 0.00052309
}
