{"distribution": "nm", "edges": [["X", "Y"]], "root_params": ["X ~ B(0.5)"], "experiment": 1, "not_root_params": "P(Y|X) ~ N(21,10) if X = 0.0 and P(Y|X) ~ N(25,1) if X = 1.0", "sample_size": 500, "means": 23.0, "disc_method": "EV", "bins": 17, "target_column": null, "CPT_method": "Bayespriors", "time_disc": 0.042651805095374584, "time_cnf": 0.009703363291919231, "time_VE": 0.0010931259021162987, "time_BP": 0.0030614077113568783, "RMSE": 0.012038522130456832, "WRMSE": 0.012033833455711742, "MAE": 0.012036239299300533, "PE": 0.12462080881136997, "exact_EV": 23.0, "disc_EV": 23.028662786026615, "Wass_scaled": 0.06917510645656341, "Wass_multi": 0.8072993612870191, "time_wass": 0.06806970527395606}