{
	"nodecount" : 64,
	"peaknodes" : 69,
	"total_load_time" : 0.0161281,
	"build_time" : 0.0137212,
	"wmc_time" : 0.000592947
}
