{"distribution": "nm", "edges": [["X", "Y"]], "root_params": ["X ~ B(0.5)"], "experiment": 1, "not_root_params": "P(Y|X) ~ N(21,10) if X = 0.0 and P(Y|X) ~ N(25,1) if X = 1.0", "sample_size": 500, "means": 23.0, "disc_method": "EV", "bins": 10, "target_column": null, "CPT_method": "Bayespriors", "time_disc": 0.039546120911836624, "time_cnf": 0.5841123927384615, "time_VE": 0.0008949819020926952, "time_BP": 0.0025611058808863163, "RMSE": 0.007618926510757981, "WRMSE": 0.007615950864629692, "MAE": 0.0076174736760279416, "PE": 0.12463265401236395, "exact_EV": 23.0, "disc_EV": 23.028665510422844, "Wass_scaled": 0.09475050970548364, "Wass_multi": 1.2330746828777381, "time_wass": 0.06648238468915224}