{"distribution": "nm", "edges": [["X", "Y"]], "root_params": ["X ~ B(0.5)"], "experiment": 1, "not_root_params": "P(Y|X) ~ N(21,10) if X = 0.0 and P(Y|X) ~ N(25,1) if X = 1.0", "sample_size": 500, "means": 23.0, "disc_method": "MDLP", "bins": 2, "target_column": "Y", "CPT_method": "Bayespriors", "time_disc": 0.1370476633310318, "time_cnf": 0.13318822300061584, "time_VE": 0.0012527480721473694, "time_BP": 0.0035089869052171707, "RMSE": 0.00447817202899984, "WRMSE": 0.004476657632714252, "MAE": 0.004477531857032702, "PE": 0.12458802378882779, "exact_EV": 23.0, "disc_EV": 23.02865524547143, "Wass_scaled": 0.05234470687316895, "Wass_multi": 0.27802469203857677, "time_wass": 0.08158184681087732}