{"distribution": "nm", "edges": [["X", "Y"]], "root_params": ["X ~ B(0.5)"], "experiment": 1, "not_root_params": "P(Y|X) ~ N(21,10) if X = 0.0 and P(Y|X) ~ N(25,1) if X = 1.0", "sample_size": 500, "means": 23.0, "disc_method": "EB", "bins": 14, "target_column": null, "CPT_method": "Bayespriors", "time_disc": 0.0443195691332221, "time_cnf": 0.1537039102986455, "time_VE": 0.0008840798400342464, "time_BP": 0.0024402127601206303, "RMSE": 0.011284515350980283, "WRMSE": 0.01128028611906433, "MAE": 0.011282533924422466, "PE": 0.12458646388848363, "exact_EV": 23.0, "disc_EV": 23.02865488669435, "Wass_scaled": 0.018461841492910882, "Wass_multi": 0.8696790071919399, "time_wass": 0.0611974666826427}