{"distribution": "nm", "edges": [["X", "Y"]], "root_params": ["X ~ B(0.5)"], "experiment": 1, "not_root_params": "P(Y|X) ~ N(21,10) if X = 0.0 and P(Y|X) ~ N(25,1) if X = 1.0", "sample_size": 500, "means": 23.0, "disc_method": "EV", "bins": 8, "target_column": null, "CPT_method": "Bayespriors", "time_disc": 0.04446114134043455, "time_cnf": 0.15220420202240348, "time_VE": 0.0009771231561899185, "time_BP": 0.002628103829920292, "RMSE": 0.017835041087666134, "WRMSE": 0.01782796855626769, "MAE": 0.017831534966754603, "PE": 0.12463510237430998, "exact_EV": 23.0, "disc_EV": 23.02866607354609, "Wass_scaled": 0.11388508604616039, "Wass_multi": 1.4663349115834143, "time_wass": 0.06619307678192854}