{
	"nodecount" : 42,
	"peaknodes" : 43,
	"total_load_time" : 0.00862312,
	"build_time" : 0.00602913,
	"wmc_time" : 0.000334978
}
