{
	"nodecount" : 36,
	"peaknodes" : 37,
	"total_load_time" : 0.00950813,
	"build_time" : 0.00590301,
	"wmc_time" : 0.000583887
}
