{
	"nodecount" : 41,
	"peaknodes" : 42,
	"total_load_time" : 0.00935292,
	"build_time" : 0.00592208,
	"wmc_time" : 0.000329971
}
