{
	"nodecount" : 26,
	"peaknodes" : 26,
	"total_load_time" : 0.00648594,
	"build_time" : 0.00264692,
	"wmc_time" : 0.000195026
}
