{
	"nodecount" : 33,
	"peaknodes" : 34,
	"total_load_time" : 0.0167961,
	"build_time" : 0.0057621,
	"wmc_time" : 0.000309944
}
