{"distribution": "nm", "edges": [["X", "Y"]], "root_params": ["X ~ B(0.5)"], "experiment": 1, "not_root_params": "P(Y|X) ~ N(21,10) if X = 0.0 and P(Y|X) ~ N(25,1) if X = 1.0", "sample_size": 500, "means": 23.0, "disc_method": "EB", "bins": 10, "target_column": null, "CPT_method": "Bayespriors", "time_disc": 0.04678965825587511, "time_cnf": 0.1349132158793509, "time_VE": 0.0012074350379407406, "time_BP": 0.0033398326486349106, "RMSE": 0.13077711283618154, "WRMSE": 0.13072461782969885, "MAE": 0.13075077023666815, "PE": 0.1246058323692082, "exact_EV": 23.0, "disc_EV": 23.028659341444918, "Wass_scaled": 0.02170658349240786, "Wass_multi": 1.1468650579779411, "time_wass": 0.07700632000342011}