{"distribution": "nm", "edges": [["X", "Y"]], "root_params": ["X ~ B(0.5)"], "experiment": 1, "not_root_params": "P(Y|X) ~ N(21,10) if X = 0.0 and P(Y|X) ~ N(25,1) if X = 1.0", "sample_size": 500, "means": 23.0, "disc_method": "EB", "bins": 5, "target_column": null, "CPT_method": "Bayespriors", "time_disc": 0.041295704897493124, "time_cnf": 0.11018078913912177, "time_VE": 0.0008650799281895161, "time_BP": 0.002492072992026806, "RMSE": 0.568087543087959, "WRMSE": 0.567860258487645, "MAE": 0.5679738646024202, "PE": 0.12462749924204129, "exact_EV": 23.0, "disc_EV": 23.02866432482567, "Wass_scaled": 0.049696816311281033, "Wass_multi": 2.5169327706614095, "time_wass": 0.06283908989280462}