{
	"nodecount" : 62,
	"peaknodes" : 64,
	"total_load_time" : 0.014847,
	"build_time" : 0.010462,
	"wmc_time" : 0.000452042
}
