{
	"nodecount" : 23,
	"peaknodes" : 23,
	"total_load_time" : 0.185048,
	"build_time" : 0.00285196,
	"wmc_time" : 0.000275135
}
