{"distribution": "nm", "edges": [["X", "Y"]], "root_params": ["X ~ B(0.5)"], "experiment": 1, "not_root_params": "P(Y|X) ~ N(21,10) if X = 0.0 and P(Y|X) ~ N(25,1) if X = 1.0", "sample_size": 500, "means": 23.0, "disc_method": "EB", "bins": 17, "target_column": null, "CPT_method": "Bayespriors", "time_disc": 0.04057590616866946, "time_cnf": 0.007403024006634951, "time_VE": 0.0009083980694413185, "time_BP": 0.002654525451362133, "RMSE": 0.0468449396526113, "WRMSE": 0.04682585153410081, "MAE": 0.046835216166970284, "PE": 0.12457118702088274, "exact_EV": 23.0, "disc_EV": 23.028651373014803, "Wass_scaled": 0.012175062615426585, "Wass_multi": 0.7023069082052142, "time_wass": 0.0614932463504374}