{
	"nodecount" : 9507,
	"peaknodes" : 9899,
	"total_load_time" : 0.986887,
	"build_time" : 0.952687,
	"wmc_time" : 0.00462914,
	"wmc_value" : 1,
	"bn_to_cnf_time" : 0.0224531
}
