{"distribution": "lg", "edges": [["A", "D"], ["B", "D"], ["D", "E"], ["C", "E"]], "root_params": "A ~ N(20,20) B ~ N(20,20) C ~ N(15,15)", "experiment": 113, "not_root_params": "D   ~   N ( 2 A + 3 B , 2 . 6 8 7 5 )   E   ~   N ( 3 C + 3 D , 2 . 6 8 7 5 )", "sample_size": 694, "means": {"A": 20, "B": 20, "C": 15, "D": 100, "E": 345}, "disc_method": "MDLP", "bins": 2, "target_column": "E", "CPT_method": "Bayes", "time_disc": 0.46785701299086213, "time_cnf": 0.4418745692819357, "time_VE": 0.0013511921279132366, "time_BP": 0.005032134708017111, "RMSE": 12.293516801474116, "WRMSE": 9.451558141232987, "MAE": 10.576840985941146, "PE": 0.29031576592939823, "exact_EV": 345, "disc_EV": 343.9984106075436, "Wass_scaled": 0.29749210815329685, "Wass_multi": 2.0023883958618423, "time_wass": 0.3053846191614866}