{
	"nodecount" : 28975,
	"peaknodes" : 32011,
	"total_load_time" : 2.5467,
	"build_time" : 2.30719,
	"wmc_time" : 0.00650096
}
