{
	"nodecount" : 16319,
	"peaknodes" : 16563,
	"total_load_time" : 0.813172,
	"build_time" : 0.768277,
	"wmc_time" : 0.00455499
}
