{
	"nodecount" : 34414,
	"peaknodes" : 40277,
	"total_load_time" : 5.70938,
	"build_time" : 4.83494,
	"wmc_time" : 0.00651312
}
