{"distribution": "lg", "edges": [["A", "D"], ["B", "D"], ["D", "E"], ["C", "E"]], "root_params": "A ~ N(20,20) B ~ N(20,20) C ~ N(15,15)", "experiment": 113, "not_root_params": "D   ~   N ( 2 A + 3 B , 2 . 6 8 7 5 )   E   ~   N ( 3 C + 3 D , 2 . 6 8 7 5 )", "sample_size": 694, "means": {"A": 20, "B": 20, "C": 15, "D": 100, "E": 345}, "disc_method": "EV", "bins": 10, "target_column": null, "CPT_method": "Bayes", "time_disc": 0.09288470000319649, "time_cnf": 0.031763300008606166, "time_VE": 0.001517299999250099, "time_BP": 0.007187699986388907, "RMSE": 9.646810779017853, "WRMSE": 9.665429721158432, "MAE": 7.768340491596041, "PE": 0.15805821486195043, "exact_EV": 345, "disc_EV": 344.45469915872627, "Wass_scaled": 0.2568596345054235, "Wass_multi": 3.176413981917584, "time_wass": 0.3432084000087343}