{"distribution": "lg", "edges": [["A", "D"], ["B", "D"], ["D", "E"], ["C", "E"]], "root_params": "A ~ N(20,20) B ~ N(20,20) C ~ N(15,15)", "experiment": 113, "not_root_params": "D   ~   N ( 2 A + 3 B , 2 . 6 8 7 5 )   E   ~   N ( 3 C + 3 D , 2 . 6 8 7 5 )", "sample_size": 694, "means": {"A": 20, "B": 20, "C": 15, "D": 100, "E": 345}, "disc_method": "EV", "bins": 14, "target_column": null, "CPT_method": "Bayes", "time_disc": 0.06981612090021372, "time_cnf": 0.3654717309400439, "time_VE": 0.0013188640587031841, "time_BP": 0.005318832118064165, "RMSE": 11.069401026761176, "WRMSE": 11.090475958654649, "MAE": 8.90207427740663, "PE": 0.149151899477707, "exact_EV": 345, "disc_EV": 344.4854259468019, "Wass_scaled": 0.21118106969179126, "Wass_multi": 2.3339571431703976, "time_wass": 0.3121140147559345}