{"distribution": "lg", "edges": [["A", "D"], ["B", "D"], ["D", "E"], ["C", "E"]], "root_params": "A ~ N(20,20) B ~ N(20,20) C ~ N(15,15)", "experiment": 113, "not_root_params": "D   ~   N ( 2 A + 3 B , 2 . 6 8 7 5 )   E   ~   N ( 3 C + 3 D , 2 . 6 8 7 5 )", "sample_size": 694, "means": {"A": 20, "B": 20, "C": 15, "D": 100, "E": 345}, "disc_method": "EB", "bins": 20, "target_column": null, "CPT_method": "Bayes", "time_disc": 0.0959941000037361, "time_cnf": 0.2165755000023637, "time_VE": 0.0018127000075764954, "time_BP": 0.0072493999905418605, "RMSE": 22.72424839022369, "WRMSE": 13.809352645100585, "MAE": 19.214744143621736, "PE": 2.1878675126456826, "exact_EV": 345, "disc_EV": 337.4518570813724, "Wass_scaled": 0.03560908565198325, "Wass_multi": 1.8568149913608103, "time_wass": 0.3177027000056114}