{"distribution": "lg", "edges": [["A", "D"], ["B", "D"], ["D", "E"], ["C", "E"]], "root_params": "A ~ N(20,20) B ~ N(20,20) C ~ N(15,15)", "experiment": 113, "not_root_params": "D   ~   N ( 2 A + 3 B , 2 . 6 8 7 5 )   E   ~   N ( 3 C + 3 D , 2 . 6 8 7 5 )", "sample_size": 694, "means": {"A": 20, "B": 20, "C": 15, "D": 100, "E": 345}, "disc_method": "EB", "bins": 30, "target_column": null, "CPT_method": "Bayes", "time_disc": 0.07742835395038128, "time_cnf": 5.930922131054103, "time_VE": 0.001623400952666998, "time_BP": 0.010107813403010368, "RMSE": 22.321621664345987, "WRMSE": 13.527773107168192, "MAE": 19.055456078007605, "PE": 1.8331221351052533, "exact_EV": 345, "disc_EV": 338.6757286338869, "Wass_scaled": 0.022835119486174928, "Wass_multi": 1.1950928947121249, "time_wass": 0.28958259988576174}