{
	"nodecount" : 1697,
	"peaknodes" : 1756,
	"total_load_time" : 0.11573,
	"build_time" : 0.104846,
	"wmc_time" : 0.00292516,
	"wmc_value" : 1,
	"bn_to_cnf_time" : 0.00302362
}
