{
	"nodecount" : 1697,
	"peaknodes" : 1756,
	"total_load_time" : 0.0711288,
	"build_time" : 0.0660532,
	"wmc_time" : 0.00197315
}
