{"distribution": "lg", "edges": [["A", "D"], ["B", "D"], ["D", "E"], ["C", "E"]], "root_params": "A ~ N(20,20) B ~ N(20,20) C ~ N(15,15)", "experiment": 113, "not_root_params": "D   ~   N ( 2 A + 3 B , 2 . 6 8 7 5 )   E   ~   N ( 3 C + 3 D , 2 . 6 8 7 5 )", "sample_size": 694, "means": {"A": 20, "B": 20, "C": 15, "D": 100, "E": 345}, "disc_method": "EB", "bins": 25, "target_column": null, "CPT_method": "Bayes", "time_disc": 0.07492197304964066, "time_cnf": 2.9316061162389815, "time_VE": 0.0015789591707289219, "time_BP": 0.008423869963735342, "RMSE": 22.08138867261039, "WRMSE": 13.255111736527159, "MAE": 18.846803427242207, "PE": 1.7301499341601811, "exact_EV": 345, "disc_EV": 339.0309827271474, "Wass_scaled": 0.02940071305150689, "Wass_multi": 1.466223548243737, "time_wass": 0.286394938826561}