{"distribution": "lg", "edges": [["A", "D"], ["B", "D"], ["D", "E"], ["C", "E"]], "root_params": "A ~ N(20,20) B ~ N(20,20) C ~ N(15,15)", "experiment": 113, "not_root_params": "D   ~   N ( 2 A + 3 B , 2 . 6 8 7 5 )   E   ~   N ( 3 C + 3 D , 2 . 6 8 7 5 )", "sample_size": 694, "means": {"A": 20, "B": 20, "C": 15, "D": 100, "E": 345}, "disc_method": "EV", "bins": 25, "target_column": null, "CPT_method": "Bayes", "time_disc": 0.07492187386378646, "time_cnf": 3.0767306741327047, "time_VE": 0.0015046349726617336, "time_BP": 0.007907120045274496, "RMSE": 11.566347636603318, "WRMSE": 11.590712582812614, "MAE": 9.243604085878294, "PE": 0.15690923964440195, "exact_EV": 345, "disc_EV": 344.4586631232268, "Wass_scaled": 0.1549281360107452, "Wass_multi": 1.4488704113299389, "time_wass": 0.30091694789007306}