{"distribution": "lg", "edges": [["A", "D"], ["B", "D"], ["D", "E"], ["C", "E"]], "root_params": "A ~ N(20,20) B ~ N(20,20) C ~ N(15,15)", "experiment": 113, "not_root_params": "D   ~   N ( 2 A + 3 B , 2 . 6 8 7 5 )   E   ~   N ( 3 C + 3 D , 2 . 6 8 7 5 )", "sample_size": 694, "means": {"A": 20, "B": 20, "C": 15, "D": 100, "E": 345}, "disc_method": "EB", "bins": 10, "target_column": null, "CPT_method": "Bayes", "time_disc": 0.07463998394086957, "time_cnf": 0.4560431228019297, "time_VE": 0.0016830628737807274, "time_BP": 0.006411600857973099, "RMSE": 20.203604658326153, "WRMSE": 10.522950959521161, "MAE": 16.674319848934925, "PE": 1.2686776722631274, "exact_EV": 345, "disc_EV": 340.6230620306922, "Wass_scaled": 0.08544470132187083, "Wass_multi": 3.60191375578444, "time_wass": 0.32002060441300273}