{
	"nodecount" : 36738,
	"peaknodes" : 39605,
	"total_load_time" : 4.55479,
	"build_time" : 4.05694,
	"wmc_time" : 0.00950599
}
