{
	"nodecount" : 16771,
	"peaknodes" : 17997,
	"total_load_time" : 1.07128,
	"build_time" : 0.999099,
	"wmc_time" : 0.00502205
}
