{"distribution": "lg", "edges": [["A", "D"], ["B", "D"], ["D", "E"], ["C", "E"]], "root_params": "A ~ N(20,20) B ~ N(20,20) C ~ N(15,15)", "experiment": 113, "not_root_params": "D   ~   N ( 2 A + 3 B , 2 . 6 8 7 5 )   E   ~   N ( 3 C + 3 D , 2 . 6 8 7 5 )", "sample_size": 694, "means": {"A": 20, "B": 20, "C": 15, "D": 100, "E": 345}, "disc_method": "EV", "bins": 12, "target_column": null, "CPT_method": "Bayes", "time_disc": 0.10130609999760054, "time_cnf": 0.05483510000340175, "time_VE": 0.0029261000017868355, "time_BP": 0.006641200001467951, "RMSE": 10.62265537292822, "WRMSE": 10.634785625302568, "MAE": 8.56184985151817, "PE": 0.15445994891149603, "exact_EV": 345, "disc_EV": 344.46711317625534, "Wass_scaled": 0.23022325778625782, "Wass_multi": 2.709684405504946, "time_wass": 0.3505245999986073}