{
	"nodecount" : 20687,
	"peaknodes" : 21795,
	"total_load_time" : 1.12823,
	"build_time" : 1.05579,
	"wmc_time" : 0.00418782
}
