{
	"nodecount" : 1516,
	"peaknodes" : 1516,
	"total_load_time" : 0.978376,
	"build_time" : 0.89599,
	"wmc_time" : 0.00317597,
	"wmc_value" : 1,
	"bn_to_cnf_time" : 0.0283728
}
