{"distribution": "lg", "edges": [["A", "D"], ["B", "D"], ["D", "E"], ["C", "E"]], "root_params": "A ~ N(20,20) B ~ N(20,20) C ~ N(15,15)", "experiment": 113, "not_root_params": "D   ~   N ( 2 A + 3 B , 2 . 6 8 7 5 )   E   ~   N ( 3 C + 3 D , 2 . 6 8 7 5 )", "sample_size": 694, "means": {"A": 20, "B": 20, "C": 15, "D": 100, "E": 345}, "disc_method": "EV", "bins": 12, "target_column": null, "CPT_method": "Bayes", "time_disc": 0.06838225619867444, "time_cnf": 0.5202182428911328, "time_VE": 0.0012051858939230442, "time_BP": 0.005080711096525192, "RMSE": 10.622655372928234, "WRMSE": 10.63478562530258, "MAE": 8.561849851518176, "PE": 0.15445994891149603, "exact_EV": 345, "disc_EV": 344.46711317625534, "Wass_scaled": 0.23022325778625782, "Wass_multi": 2.709684405504946, "time_wass": 0.31164702074602246}