{"distribution": "lg", "edges": [["A", "D"], ["B", "D"], ["D", "E"], ["C", "E"]], "root_params": "A ~ N(20,20) B ~ N(20,20) C ~ N(15,15)", "experiment": 113, "not_root_params": "D   ~   N ( 2 A + 3 B , 2 . 6 8 7 5 )   E   ~   N ( 3 C + 3 D , 2 . 6 8 7 5 )", "sample_size": 694, "means": {"A": 20, "B": 20, "C": 15, "D": 100, "E": 345}, "disc_method": "EV", "bins": 30, "target_column": null, "CPT_method": "Bayes", "time_disc": 0.08064142381772399, "time_cnf": 6.389193709008396, "time_VE": 0.0016186079010367393, "time_BP": 0.010481074918061495, "RMSE": 11.567992410052762, "WRMSE": 11.61887159791778, "MAE": 9.24200643767673, "PE": 0.154949541563943, "exact_EV": 345, "disc_EV": 344.4654240816044, "Wass_scaled": 0.14207065251042675, "Wass_multi": 1.2265630039940782, "time_wass": 0.3252512323670089}