{"distribution": "lg", "edges": [["A", "D"], ["B", "D"], ["D", "E"], ["C", "E"]], "root_params": "A ~ N(20,20) B ~ N(20,20) C ~ N(15,15)", "experiment": 113, "not_root_params": "D   ~   N ( 2 A + 3 B , 2 . 6 8 7 5 )   E   ~   N ( 3 C + 3 D , 2 . 6 8 7 5 )", "sample_size": 694, "means": {"A": 20, "B": 20, "C": 15, "D": 100, "E": 345}, "disc_method": "EB", "bins": 12, "target_column": null, "CPT_method": "Bayes", "time_disc": 0.09775790000276174, "time_cnf": 0.050570000006700866, "time_VE": 0.0015779000095790252, "time_BP": 0.005834400013554841, "RMSE": 20.924531553877227, "WRMSE": 11.608764928105545, "MAE": 17.56429033085057, "PE": 1.4744384301975448, "exact_EV": 345, "disc_EV": 339.91318741581847, "Wass_scaled": 0.06463069950368346, "Wass_multi": 3.06224080007868, "time_wass": 0.34256719998666085}