{"distribution": "lg", "edges": [["A", "D"], ["B", "D"], ["D", "E"], ["C", "E"]], "root_params": "A ~ N(20,20) B ~ N(20,20) C ~ N(15,15)", "experiment": 113, "not_root_params": "D   ~   N ( 2 A + 3 B , 2 . 6 8 7 5 )   E   ~   N ( 3 C + 3 D , 2 . 6 8 7 5 )", "sample_size": 694, "means": {"A": 20, "B": 20, "C": 15, "D": 100, "E": 345}, "disc_method": "EV", "bins": 20, "target_column": null, "CPT_method": "Bayes", "time_disc": 0.09519960000761785, "time_cnf": 0.22817100000975188, "time_VE": 0.001515799987828359, "time_BP": 0.007762900000670925, "RMSE": 11.496528617703076, "WRMSE": 11.51673869837408, "MAE": 9.21042380387878, "PE": 0.15700584994175992, "exact_EV": 345, "disc_EV": 344.4583298177009, "Wass_scaled": 0.17377093242322256, "Wass_multi": 1.7097783238928803, "time_wass": 0.3350919999938924}