{"distribution": "lg", "edges": [["A", "D"], ["B", "D"], ["D", "E"], ["C", "E"]], "root_params": "A ~ N(20,20) B ~ N(20,20) C ~ N(15,15)", "experiment": 113, "not_root_params": "D   ~   N ( 2 A + 3 B , 2 . 6 8 7 5 )   E   ~   N ( 3 C + 3 D , 2 . 6 8 7 5 )", "sample_size": 694, "means": {"A": 20, "B": 20, "C": 15, "D": 100, "E": 345}, "disc_method": "EB", "bins": 8, "target_column": null, "CPT_method": "Bayes", "time_disc": 0.06729389214888215, "time_cnf": 0.3437076648697257, "time_VE": 0.0012388280592858791, "time_BP": 0.005094943102449179, "RMSE": 17.972679841370866, "WRMSE": 8.938807982338098, "MAE": 14.424355914748823, "PE": 0.9321677647734549, "exact_EV": 345, "disc_EV": 341.7840212115316, "Wass_scaled": 0.11191850888821113, "Wass_multi": 4.436006388894446, "time_wass": 0.30397230526432395}