{"distribution": "lg", "edges": [["A", "D"], ["B", "D"], ["D", "E"], ["C", "E"]], "root_params": "A ~ N(20,20) B ~ N(20,20) C ~ N(15,15)", "experiment": 110, "not_root_params": "D   ~   N ( 2 A + 3 B , 8 . 3 1 2 5 )   E   ~   N ( 3 C + 3 D , 8 . 3 1 2 5 )", "sample_size": 1406, "means": {"A": 20, "B": 20, "C": 15, "D": 100, "E": 345}, "disc_method": "EB", "bins": 25, "target_column": null, "CPT_method": "Bayes", "time_disc": 0.07503666589036584, "time_cnf": 4.056058119051158, "time_VE": 0.0015390180051326752, "time_BP": 0.008338051848113537, "RMSE": 86.72618182082225, "WRMSE": 48.84925182301436, "MAE": 74.66588491252034, "PE": 0.8903940670158617, "exact_EV": 345, "disc_EV": 341.9281404687953, "Wass_scaled": 0.03140186699942628, "Wass_multi": 6.310874801432712, "time_wass": 0.6041403952986002}