{"distribution": "lg", "edges": [["A", "D"], ["B", "D"], ["D", "E"], ["C", "E"]], "root_params": "A ~ N(20,20) B ~ N(20,20) C ~ N(15,15)", "experiment": 110, "not_root_params": "D   ~   N ( 2 A + 3 B , 8 . 3 1 2 5 )   E   ~   N ( 3 C + 3 D , 8 . 3 1 2 5 )", "sample_size": 1406, "means": {"A": 20, "B": 20, "C": 15, "D": 100, "E": 345}, "disc_method": "EV", "bins": 25, "target_column": null, "CPT_method": "Bayes", "time_disc": 0.07750742882490158, "time_cnf": 4.514874485787004, "time_VE": 0.0015723630785942078, "time_BP": 0.008046814240515232, "RMSE": 48.19669197737703, "WRMSE": 48.27818584636818, "MAE": 38.562344404337225, "PE": 0.2932740987417193, "exact_EV": 345, "disc_EV": 343.98820435934107, "Wass_scaled": 0.15814720051092365, "Wass_multi": 6.207134891004613, "time_wass": 0.6880517662502825}