{"distribution": "lg", "edges": [["A", "D"], ["B", "D"], ["D", "E"], ["C", "E"]], "root_params": "A ~ N(20,20) B ~ N(20,20) C ~ N(15,15)", "experiment": 110, "not_root_params": "D   ~   N ( 2 A + 3 B , 8 . 3 1 2 5 )   E   ~   N ( 3 C + 3 D , 8 . 3 1 2 5 )", "sample_size": 1406, "means": {"A": 20, "B": 20, "C": 15, "D": 100, "E": 345}, "disc_method": "EB", "bins": 20, "target_column": null, "CPT_method": "Bayes", "time_disc": 0.1014794999937294, "time_cnf": 0.21863489999668673, "time_VE": 0.0020038999937241897, "time_BP": 0.008176999996067025, "RMSE": 85.69822895466537, "WRMSE": 47.119562657627654, "MAE": 73.28162349846176, "PE": 0.9440776349000495, "exact_EV": 345, "disc_EV": 341.74293215959483, "Wass_scaled": 0.039346327734934766, "Wass_multi": 7.8737296921421684, "time_wass": 0.8628345000033733}