{"distribution": "lg", "edges": [["A", "D"], ["B", "D"], ["D", "E"], ["C", "E"]], "root_params": "A ~ N(20,20) B ~ N(20,20) C ~ N(15,15)", "experiment": 110, "not_root_params": "D   ~   N ( 2 A + 3 B , 8 . 3 1 2 5 )   E   ~   N ( 3 C + 3 D , 8 . 3 1 2 5 )", "sample_size": 1406, "means": {"A": 20, "B": 20, "C": 15, "D": 100, "E": 345}, "disc_method": "EV", "bins": 17, "target_column": null, "CPT_method": "Bayes", "time_disc": 0.09550229999877047, "time_cnf": 0.14231519999157172, "time_VE": 0.0015411999920615926, "time_BP": 0.006553800005349331, "RMSE": 46.027379855668634, "WRMSE": 46.06408178741337, "MAE": 36.90379480312692, "PE": 0.3191771106635743, "exact_EV": 345, "disc_EV": 343.89883896821067, "Wass_scaled": 0.1939778162933216, "Wass_multi": 8.658285071782513, "time_wass": 0.9730474999960279}