{
	"nodecount" : 1692,
	"peaknodes" : 1692,
	"total_load_time" : 2.16306,
	"build_time" : 2.01299,
	"wmc_time" : 0.00378704,
	"wmc_value" : 1,
	"bn_to_cnf_time" : 0.064517
}
