{
	"nodecount" : 63184,
	"peaknodes" : 66144,
	"total_load_time" : 2.89961,
	"build_time" : 2.64927,
	"wmc_time" : 0.012465
}
