{"distribution": "lg", "edges": [["A", "D"], ["B", "D"], ["D", "E"], ["C", "E"]], "root_params": "A ~ N(20,20) B ~ N(20,20) C ~ N(15,15)", "experiment": 110, "not_root_params": "D   ~   N ( 2 A + 3 B , 8 . 3 1 2 5 )   E   ~   N ( 3 C + 3 D , 8 . 3 1 2 5 )", "sample_size": 1406, "means": {"A": 20, "B": 20, "C": 15, "D": 100, "E": 345}, "disc_method": "EV", "bins": 30, "target_column": null, "CPT_method": "Bayes", "time_disc": 0.08013423578813672, "time_cnf": 8.459595647640526, "time_VE": 0.0033000167459249496, "time_BP": 0.011107955127954483, "RMSE": 48.511526769408256, "WRMSE": 48.55232882945276, "MAE": 38.76680826909151, "PE": 0.28791405761262795, "exact_EV": 345, "disc_EV": 344.00669650123643, "Wass_scaled": 0.14263885887817632, "Wass_multi": 5.168166105728645, "time_wass": 0.6842220881953835}