{"distribution": "lg", "edges": [["A", "D"], ["B", "D"], ["D", "E"], ["C", "E"]], "root_params": "A ~ N(20,20) B ~ N(20,20) C ~ N(15,15)", "experiment": 110, "not_root_params": "D   ~   N ( 2 A + 3 B , 8 . 3 1 2 5 )   E   ~   N ( 3 C + 3 D , 8 . 3 1 2 5 )", "sample_size": 1406, "means": {"A": 20, "B": 20, "C": 15, "D": 100, "E": 345}, "disc_method": "MDLP", "bins": 2, "target_column": "E", "CPT_method": "Bayes", "time_disc": 1.2386977999994997, "time_cnf": 0.08567220000259113, "time_VE": 0.0030005000007804483, "time_BP": 0.0061203000077512115, "RMSE": 41.497579143823586, "WRMSE": 38.42776140297383, "MAE": 35.46762397422154, "PE": 0.14162608630845566, "exact_EV": 345, "disc_EV": 344.5113900022358, "Wass_scaled": 0.40621218281519345, "Wass_multi": 10.018519258512779, "time_wass": 0.9055355000018608}