{
	"nodecount" : 30699,
	"peaknodes" : 30935,
	"total_load_time" : 2.39412,
	"build_time" : 2.31256,
	"wmc_time" : 0.0085361,
	"wmc_value" : 1,
	"bn_to_cnf_time" : 0.0586886
}
