{"distribution": "lg", "edges": [["A", "D"], ["B", "D"], ["D", "E"], ["C", "E"]], "root_params": "A ~ N(20,20) B ~ N(20,20) C ~ N(15,15)", "experiment": 110, "not_root_params": "D   ~   N ( 2 A + 3 B , 8 . 3 1 2 5 )   E   ~   N ( 3 C + 3 D , 8 . 3 1 2 5 )", "sample_size": 1406, "means": {"A": 20, "B": 20, "C": 15, "D": 100, "E": 345}, "disc_method": "EV", "bins": 14, "target_column": null, "CPT_method": "Bayes", "time_disc": 0.07158594997599721, "time_cnf": 0.5294062229804695, "time_VE": 0.0013338648714125156, "time_BP": 0.005516535136848688, "RMSE": 42.844827687950925, "WRMSE": 42.89576569275654, "MAE": 34.43226496448908, "PE": 0.350293300727812, "exact_EV": 345, "disc_EV": 343.79148811248905, "Wass_scaled": 0.21707909184785967, "Wass_multi": 10.49979731207063, "time_wass": 0.7213289062492549}