{
	"nodecount" : 1688,
	"peaknodes" : 1739,
	"total_load_time" : 0.113097,
	"build_time" : 0.102493,
	"wmc_time" : 0.0028069,
	"wmc_value" : 1,
	"bn_to_cnf_time" : 0.00282121
}
