{"distribution": "lg", "edges": [["A", "D"], ["B", "D"], ["D", "E"], ["C", "E"]], "root_params": "A ~ N(20,20) B ~ N(20,20) C ~ N(15,15)", "experiment": 110, "not_root_params": "D   ~   N ( 2 A + 3 B , 8 . 3 1 2 5 )   E   ~   N ( 3 C + 3 D , 8 . 3 1 2 5 )", "sample_size": 1406, "means": {"A": 20, "B": 20, "C": 15, "D": 100, "E": 345}, "disc_method": "EV", "bins": 12, "target_column": null, "CPT_method": "Bayes", "time_disc": 0.09176080000179354, "time_cnf": 0.05088319999049418, "time_VE": 0.0013959999923827127, "time_BP": 0.005761399996117689, "RMSE": 38.61287486824374, "WRMSE": 38.68116244947863, "MAE": 30.962194986711314, "PE": 0.3212549114394845, "exact_EV": 345, "disc_EV": 343.8916705555338, "Wass_scaled": 0.23723974668468242, "Wass_multi": 11.87295903265614, "time_wass": 0.9405799999949522}