{
	"nodecount" : 1778,
	"peaknodes" : 1840,
	"total_load_time" : 0.0708969,
	"build_time" : 0.066005,
	"wmc_time" : 0.00202107
}
