{"distribution": "lg", "edges": [["A", "D"], ["B", "D"], ["D", "E"], ["C", "E"]], "root_params": "A ~ N(20,20) B ~ N(20,20) C ~ N(15,15)", "experiment": 110, "not_root_params": "D   ~   N ( 2 A + 3 B , 8 . 3 1 2 5 )   E   ~   N ( 3 C + 3 D , 8 . 3 1 2 5 )", "sample_size": 1406, "means": {"A": 20, "B": 20, "C": 15, "D": 100, "E": 345}, "disc_method": "EB", "bins": 10, "target_column": null, "CPT_method": "Bayes", "time_disc": 0.0958972999942489, "time_cnf": 0.03497699998843018, "time_VE": 0.001364099996862933, "time_BP": 0.007705200012424029, "RMSE": 70.5698156942287, "WRMSE": 32.86073147243505, "MAE": 56.33096901128331, "PE": 0.5413623898053741, "exact_EV": 345, "disc_EV": 343.13229975517146, "Wass_scaled": 0.0791810950865567, "Wass_multi": 15.94550449372859, "time_wass": 0.8946910000086064}