{"distribution": "lg", "edges": [["A", "D"], ["B", "D"], ["D", "E"], ["C", "E"]], "root_params": "A ~ N(20,20) B ~ N(20,20) C ~ N(15,15)", "experiment": 110, "not_root_params": "D   ~   N ( 2 A + 3 B , 8 . 3 1 2 5 )   E   ~   N ( 3 C + 3 D , 8 . 3 1 2 5 )", "sample_size": 1406, "means": {"A": 20, "B": 20, "C": 15, "D": 100, "E": 345}, "disc_method": "EB", "bins": 17, "target_column": null, "CPT_method": "Bayes", "time_disc": 0.07120369886979461, "time_cnf": 0.49530853517353535, "time_VE": 0.0013205339200794697, "time_BP": 0.006008510012179613, "RMSE": 84.25049592515336, "WRMSE": 45.07539378504347, "MAE": 71.17869117153911, "PE": 0.7065806139737593, "exact_EV": 345, "disc_EV": 342.56229688179053, "Wass_scaled": 0.04292780421278367, "Wass_multi": 9.021674348948972, "time_wass": 0.655223909765482}