{
	"nodecount" : 45130,
	"peaknodes" : 47150,
	"total_load_time" : 5.033,
	"build_time" : 4.69695,
	"wmc_time" : 0.0175879,
	"wmc_value" : 1,
	"bn_to_cnf_time" : 0.170515
}
