{
	"nodecount" : 30699,
	"peaknodes" : 30935,
	"total_load_time" : 1.28234,
	"build_time" : 1.20932,
	"wmc_time" : 0.00743699
}
