{
	"nodecount" : 50250,
	"peaknodes" : 51271,
	"total_load_time" : 2.27011,
	"build_time" : 2.1179,
	"wmc_time" : 0.0106909
}
