{
	"nodecount" : 63184,
	"peaknodes" : 66144,
	"total_load_time" : 5.74288,
	"build_time" : 5.3986,
	"wmc_time" : 0.0186069,
	"wmc_value" : 1,
	"bn_to_cnf_time" : 0.178956
}
