{"distribution": "lg", "edges": [["A", "D"], ["B", "D"], ["D", "E"], ["C", "E"]], "root_params": "A ~ N(20,20) B ~ N(20,20) C ~ N(15,15)", "experiment": 110, "not_root_params": "D   ~   N ( 2 A + 3 B , 8 . 3 1 2 5 )   E   ~   N ( 3 C + 3 D , 8 . 3 1 2 5 )", "sample_size": 1406, "means": {"A": 20, "B": 20, "C": 15, "D": 100, "E": 345}, "disc_method": "EB", "bins": 5, "target_column": null, "CPT_method": "Bayes", "time_disc": 0.3582437299191952, "time_cnf": 0.19033955596387386, "time_VE": 0.0011922596022486687, "time_BP": 0.004702470730990171, "RMSE": 34.87843379294578, "WRMSE": 17.797695849919513, "MAE": 27.88024776332208, "PE": 0.48409939517140615, "exact_EV": 345, "disc_EV": 343.32985708665865, "Wass_scaled": 0.17132818027703267, "Wass_multi": 29.92718995385213, "time_wass": 0.6850980557501316}