{
	"nodecount" : 16916,
	"peaknodes" : 17501,
	"total_load_time" : 1.53069,
	"build_time" : 1.47577,
	"wmc_time" : 0.00622702,
	"wmc_value" : 1,
	"bn_to_cnf_time" : 0.039928
}
