{"distribution": "lg", "edges": [["A", "D"], ["B", "D"], ["D", "E"], ["C", "E"]], "root_params": "A ~ N(20,20) B ~ N(20,20) C ~ N(15,15)", "experiment": 110, "not_root_params": "D   ~   N ( 2 A + 3 B , 8 . 3 1 2 5 )   E   ~   N ( 3 C + 3 D , 8 . 3 1 2 5 )", "sample_size": 1406, "means": {"A": 20, "B": 20, "C": 15, "D": 100, "E": 345}, "disc_method": "EB", "bins": 12, "target_column": null, "CPT_method": "Bayes", "time_disc": 0.06816177116706967, "time_cnf": 0.3099753111600876, "time_VE": 0.001241294201463461, "time_BP": 0.005132132209837437, "RMSE": 75.80790831367041, "WRMSE": 37.907615816543036, "MAE": 62.302543090917936, "PE": 0.6502118992584721, "exact_EV": 345, "disc_EV": 342.75676894755827, "Wass_scaled": 0.06603742209274709, "Wass_multi": 13.132241871530878, "time_wass": 0.6728796921670437}