{
	"nodecount" : 63900,
	"peaknodes" : 67440,
	"total_load_time" : 8.27522,
	"build_time" : 7.58491,
	"wmc_time" : 0.0164049,
	"wmc_value" : 1,
	"bn_to_cnf_time" : 0.330707
}
