{"distribution": "lg", "edges": [["A", "D"], ["B", "D"], ["D", "E"], ["C", "E"]], "root_params": "A ~ N(20,20) B ~ N(20,20) C ~ N(15,15)", "experiment": 110, "not_root_params": "D   ~   N ( 2 A + 3 B , 8 . 3 1 2 5 )   E   ~   N ( 3 C + 3 D , 8 . 3 1 2 5 )", "sample_size": 1406, "means": {"A": 20, "B": 20, "C": 15, "D": 100, "E": 345}, "disc_method": "EV", "bins": 20, "target_column": null, "CPT_method": "Bayes", "time_disc": 0.07367291022092104, "time_cnf": 2.217338097281754, "time_VE": 0.0014919252134859562, "time_BP": 0.006982861552387476, "RMSE": 47.354578751260235, "WRMSE": 47.42339600214069, "MAE": 37.96371566825841, "PE": 0.2889601286109893, "exact_EV": 345, "disc_EV": 344.0030875562921, "Wass_scaled": 0.1780529889386598, "Wass_multi": 7.53497471212736, "time_wass": 0.7038945578970015}