{"distribution": "lg", "edges": [["A", "D"], ["B", "D"], ["D", "E"], ["C", "E"]], "root_params": "A ~ N(20,20) B ~ N(20,20) C ~ N(15,15)", "experiment": 110, "not_root_params": "D   ~   N ( 2 A + 3 B , 8 . 3 1 2 5 )   E   ~   N ( 3 C + 3 D , 8 . 3 1 2 5 )", "sample_size": 1406, "means": {"A": 20, "B": 20, "C": 15, "D": 100, "E": 345}, "disc_method": "EV", "bins": 10, "target_column": null, "CPT_method": "Bayes", "time_disc": 0.10010330000659451, "time_cnf": 0.03356609999900684, "time_VE": 0.001365300006000325, "time_BP": 0.005585099992458709, "RMSE": 31.811857268820837, "WRMSE": 31.836801975868028, "MAE": 25.524040447341427, "PE": 0.29350337720208464, "exact_EV": 345, "disc_EV": 343.9874133486528, "Wass_scaled": 0.26288607478114656, "Wass_multi": 13.647636260348575, "time_wass": 0.9530977000104031}