{"distribution": "lg", "edges": [["A", "D"], ["B", "D"], ["D", "E"], ["C", "E"]], "root_params": "A ~ N(20,20) B ~ N(20,20) C ~ N(15,15)", "experiment": 110, "not_root_params": "D   ~   N ( 2 A + 3 B , 8 . 3 1 2 5 )   E   ~   N ( 3 C + 3 D , 8 . 3 1 2 5 )", "sample_size": 1406, "means": {"A": 20, "B": 20, "C": 15, "D": 100, "E": 345}, "disc_method": "EB", "bins": 8, "target_column": null, "CPT_method": "Bayes", "time_disc": 0.09675179999612737, "time_cnf": 0.019224599993322045, "time_VE": 0.0013897999888285995, "time_BP": 0.0053481999930227175, "RMSE": 60.77263615702033, "WRMSE": 26.674245393172217, "MAE": 47.19703785014852, "PE": 0.35757790744637336, "exact_EV": 345, "disc_EV": 343.76635621931, "Wass_scaled": 0.10052002090860156, "Wass_multi": 19.515469107349077, "time_wass": 0.8724825999961467}