{
	"nodecount" : 1692,
	"peaknodes" : 1692,
	"total_load_time" : 0.829106,
	"build_time" : 0.739345,
	"wmc_time" : 0.00205207
}
