{
	"nodecount" : 45130,
	"peaknodes" : 47150,
	"total_load_time" : 3.41993,
	"build_time" : 3.17565,
	"wmc_time" : 0.0140891
}
