{
	"nodecount" : 14581,
	"peaknodes" : 14591,
	"total_load_time" : 0.609672,
	"build_time" : 0.582464,
	"wmc_time" : 0.00482988
}
