{
	"nodecount" : 7130,
	"peaknodes" : 10665,
	"total_load_time" : 7.12715,
	"build_time" : 6.46022,
	"wmc_time" : 0.00387502,
	"wmc_value" : 1,
	"bn_to_cnf_time" : 0.324052
}
