{
	"nodecount" : 4012,
	"peaknodes" : 4485,
	"total_load_time" : 0.67562,
	"build_time" : 0.567658,
	"wmc_time" : 0.00396109
}
