{
	"nodecount" : 8411,
	"peaknodes" : 10705,
	"total_load_time" : 3.12023,
	"build_time" : 2.81817,
	"wmc_time" : 0.004498
}
