{"distribution": "lg", "edges": [["A", "D"], ["B", "D"], ["D", "E"], ["C", "E"]], "root_params": "A ~ N(20,20) B ~ N(20,20) C ~ N(15,15)", "experiment": 108, "not_root_params": "D   ~   N ( 2 A + 3 B , 6 . 6 2 5 )   E   ~   N ( 3 C + 3 D , 6 . 6 2 5 )", "sample_size": 338, "means": {"A": 20, "B": 20, "C": 15, "D": 100, "E": 345}, "disc_method": "EV", "bins": 8, "target_column": null, "CPT_method": "MLE", "time_disc": 0.0715116891078651, "time_cnf": 1.2812287011183798, "time_VE": 0.002180713228881359, "time_BP": 0.008323644287884235, "RMSE": 4.592742999328985, "WRMSE": 4.611628699286986, "MAE": 3.466785525815091, "PE": 1.6237409365242892, "exact_EV": 345, "disc_EV": 339.3980937689912, "Wass_scaled": 0.2788498364435783, "Wass_multi": 11.900803440510675, "time_wass": 0.05978330411016941}