{
	"nodecount" : 9623,
	"peaknodes" : 10671,
	"total_load_time" : 3.49932,
	"build_time" : 3.31209,
	"wmc_time" : 0.00442791,
	"wmc_value" : 1,
	"bn_to_cnf_time" : 0.107007
}
