{"distribution": "lg", "edges": [["A", "D"], ["B", "D"], ["D", "E"], ["C", "E"]], "root_params": "A ~ N(20,20) B ~ N(20,20) C ~ N(15,15)", "experiment": 108, "not_root_params": "D   ~   N ( 2 A + 3 B , 6 . 6 2 5 )   E   ~   N ( 3 C + 3 D , 6 . 6 2 5 )", "sample_size": 338, "means": {"A": 20, "B": 20, "C": 15, "D": 100, "E": 345}, "disc_method": "MDLP", "bins": 2, "target_column": "E", "CPT_method": "MLE", "time_disc": 0.5508923279121518, "time_cnf": 2.7322221929207444, "time_VE": 0.005138420034199953, "time_BP": 0.017974613700062037, "RMSE": 7.72244341574347, "WRMSE": 7.267358870915937, "MAE": 6.358820432919018, "PE": 0.4154839853237612, "exact_EV": 345, "disc_EV": 343.566580250633, "Wass_scaled": 0.40519151019631133, "Wass_multi": 6.630546265661949, "time_wass": 0.06164577789604664}