{
	"nodecount" : 3171,
	"peaknodes" : 3221,
	"total_load_time" : 0.332252,
	"build_time" : 0.309019,
	"wmc_time" : 0.00712991,
	"wmc_value" : 1,
	"bn_to_cnf_time" : 0.0166848
}
