{"distribution": "lg", "edges": [["A", "D"], ["B", "D"], ["D", "E"], ["C", "E"]], "root_params": "A ~ N(20,20) B ~ N(20,20) C ~ N(15,15)", "experiment": 108, "not_root_params": "D   ~   N ( 2 A + 3 B , 6 . 6 2 5 )   E   ~   N ( 3 C + 3 D , 6 . 6 2 5 )", "sample_size": 338, "means": {"A": 20, "B": 20, "C": 15, "D": 100, "E": 345}, "disc_method": "EV", "bins": 17, "target_column": null, "CPT_method": "MLE", "time_disc": 0.0940002999996068, "time_cnf": 0.13692299999820534, "time_VE": 0.0017666999920038506, "time_BP": 0.006923699998878874, "RMSE": 19.95455746677636, "WRMSE": 19.984270163020675, "MAE": 15.660390794834605, "PE": 0.8965436856650068, "exact_EV": 345, "disc_EV": 341.9069242844557, "Wass_scaled": 0.16110265872468396, "Wass_multi": 6.334571380979469, "time_wass": 0.08031930000288412}