{"distribution": "lg", "edges": [["A", "D"], ["B", "D"], ["D", "E"], ["C", "E"]], "root_params": "A ~ N(20,20) B ~ N(20,20) C ~ N(15,15)", "experiment": 108, "not_root_params": "D   ~   N ( 2 A + 3 B , 6 . 6 2 5 )   E   ~   N ( 3 C + 3 D , 6 . 6 2 5 )", "sample_size": 338, "means": {"A": 20, "B": 20, "C": 15, "D": 100, "E": 345}, "disc_method": "EB", "bins": 30, "target_column": null, "CPT_method": "MLE", "time_disc": 0.10581809999712277, "time_cnf": 0.7348387999954866, "time_VE": 0.0020746000081999227, "time_BP": 0.013978699993458577, "RMSE": 52.56261864544885, "WRMSE": 29.414839887797665, "MAE": 43.56918125211868, "PE": 1.8366514144143702, "exact_EV": 345, "disc_EV": 338.6635526202704, "Wass_scaled": 0.025762843776091584, "Wass_multi": 3.209566865130894, "time_wass": 0.07345840000198223}