{
	"nodecount" : 5219,
	"peaknodes" : 5879,
	"total_load_time" : 0.95444,
	"build_time" : 0.894044,
	"wmc_time" : 0.00626802
}
