{
	"nodecount" : 1242,
	"peaknodes" : 1274,
	"total_load_time" : 0.076885,
	"build_time" : 0.0716519,
	"wmc_time" : 0.00215197
}
