{"distribution": "lg", "edges": [["A", "D"], ["B", "D"], ["D", "E"], ["C", "E"]], "root_params": "A ~ N(20,20) B ~ N(20,20) C ~ N(15,15)", "experiment": 108, "not_root_params": "D   ~   N ( 2 A + 3 B , 6 . 6 2 5 )   E   ~   N ( 3 C + 3 D , 6 . 6 2 5 )", "sample_size": 338, "means": {"A": 20, "B": 20, "C": 15, "D": 100, "E": 345}, "disc_method": "EV", "bins": 5, "target_column": null, "CPT_method": "MLE", "time_disc": 0.057788952719420195, "time_cnf": 0.7480267812497914, "time_VE": 0.0018593091517686844, "time_BP": 0.007134235929697752, "RMSE": 4.7615703137403305, "WRMSE": 4.770467304250417, "MAE": 3.9386735599012015, "PE": 1.3320875953251374, "exact_EV": 345, "disc_EV": 340.4042977961283, "Wass_scaled": 0.3854524524801975, "Wass_multi": 17.458250480939473, "time_wass": 0.054572408087551594}