{
	"nodecount" : 7130,
	"peaknodes" : 10665,
	"total_load_time" : 5.56766,
	"build_time" : 4.83358,
	"wmc_time" : 0.00402808
}
