{"distribution": "lg", "edges": [["A", "D"], ["B", "D"], ["D", "E"], ["C", "E"]], "root_params": "A ~ N(20,20) B ~ N(20,20) C ~ N(15,15)", "experiment": 108, "not_root_params": "D   ~   N ( 2 A + 3 B , 6 . 6 2 5 )   E   ~   N ( 3 C + 3 D , 6 . 6 2 5 )", "sample_size": 338, "means": {"A": 20, "B": 20, "C": 15, "D": 100, "E": 345}, "disc_method": "EB", "bins": 5, "target_column": null, "CPT_method": "MLE", "time_disc": 0.13937170000281185, "time_cnf": 0.011017099997843616, "time_VE": 0.0042508000042289495, "time_BP": 0.007019600001513027, "RMSE": 15.594373689974981, "WRMSE": 8.829922889539635, "MAE": 12.847259602926624, "PE": 1.2318422930356183, "exact_EV": 345, "disc_EV": 340.7501440890271, "Wass_scaled": 0.17129954635990557, "Wass_multi": 19.851735686199046, "time_wass": 0.0911323999898741}