{"distribution": "lg", "edges": [["A", "D"], ["B", "D"], ["D", "E"], ["C", "E"]], "root_params": "A ~ N(20,20) B ~ N(20,20) C ~ N(15,15)", "experiment": 108, "not_root_params": "D   ~   N ( 2 A + 3 B , 6 . 6 2 5 )   E   ~   N ( 3 C + 3 D , 6 . 6 2 5 )", "sample_size": 338, "means": {"A": 20, "B": 20, "C": 15, "D": 100, "E": 345}, "disc_method": "EV", "bins": 10, "target_column": null, "CPT_method": "MLE", "time_disc": 0.0850817000027746, "time_cnf": 0.030195800005458295, "time_VE": 0.002893299999414012, "time_BP": 0.007226200003060512, "RMSE": 5.43823681516321, "WRMSE": 5.446668589647954, "MAE": 4.423732940165598, "PE": 1.4504633258367732, "exact_EV": 345, "disc_EV": 339.99590152586313, "Wass_scaled": 0.23641313379674306, "Wass_multi": 10.156721271710355, "time_wass": 0.08162779999838676}