{"distribution": "lg", "edges": [["A", "D"], ["B", "D"], ["D", "E"], ["C", "E"]], "root_params": "A ~ N(20,20) B ~ N(20,20) C ~ N(15,15)", "experiment": 108, "not_root_params": "D   ~   N ( 2 A + 3 B , 6 . 6 2 5 )   E   ~   N ( 3 C + 3 D , 6 . 6 2 5 )", "sample_size": 338, "means": {"A": 20, "B": 20, "C": 15, "D": 100, "E": 345}, "disc_method": "EV", "bins": 12, "target_column": null, "CPT_method": "MLE", "time_disc": 0.09864370001014322, "time_cnf": 0.04705429999739863, "time_VE": 0.0022336999973049387, "time_BP": 0.006158500007586554, "RMSE": 5.069660611959767, "WRMSE": 5.113105205709827, "MAE": 3.8015634064280213, "PE": 1.4516761592810254, "exact_EV": 345, "disc_EV": 339.99171725048046, "Wass_scaled": 0.2114974284424256, "Wass_multi": 8.537909119817261, "time_wass": 0.07424679999530781}