{"distribution": "lg", "edges": [["A", "D"], ["B", "D"], ["D", "E"], ["C", "E"]], "root_params": "A ~ N(20,20) B ~ N(20,20) C ~ N(15,15)", "experiment": 108, "not_root_params": "D   ~   N ( 2 A + 3 B , 6 . 6 2 5 )   E   ~   N ( 3 C + 3 D , 6 . 6 2 5 )", "sample_size": 338, "means": {"A": 20, "B": 20, "C": 15, "D": 100, "E": 345}, "disc_method": "EV", "bins": 25, "target_column": null, "CPT_method": "MLE", "time_disc": 0.10349789999600034, "time_cnf": 0.4191995000001043, "time_VE": 0.0016152000025613233, "time_BP": 0.018238200005725957, "RMSE": 28.52488994938154, "WRMSE": 28.616820387995062, "MAE": 23.17463938410563, "PE": 1.5434954789345015, "exact_EV": 345, "disc_EV": 339.67494059767597, "Wass_scaled": 0.12413541303851601, "Wass_multi": 4.49370294658415, "time_wass": 0.07122900000831578}