{"distribution": "lg", "edges": [["A", "D"], ["B", "D"], ["D", "E"], ["C", "E"]], "root_params": "A ~ N(20,20) B ~ N(20,20) C ~ N(15,15)", "experiment": 108, "not_root_params": "D   ~   N ( 2 A + 3 B , 6 . 6 2 5 )   E   ~   N ( 3 C + 3 D , 6 . 6 2 5 )", "sample_size": 338, "means": {"A": 20, "B": 20, "C": 15, "D": 100, "E": 345}, "disc_method": "EB", "bins": 20, "target_column": null, "CPT_method": "MLE", "time_disc": 0.09792719999677502, "time_cnf": 0.21003469999413937, "time_VE": 0.001849500011303462, "time_BP": 0.015291800009435974, "RMSE": 49.44463005243586, "WRMSE": 24.45191971843116, "MAE": 38.85760724129523, "PE": 1.9266201912186083, "exact_EV": 345, "disc_EV": 338.3531603402958, "Wass_scaled": 0.036884682312280245, "Wass_multi": 4.910721931310256, "time_wass": 0.06618799999705516}