{"distribution": "lg", "edges": [["A", "D"], ["B", "D"], ["D", "E"], ["C", "E"]], "root_params": "A ~ N(20,20) B ~ N(20,20) C ~ N(15,15)", "experiment": 108, "not_root_params": "D   ~   N ( 2 A + 3 B , 6 . 6 2 5 )   E   ~   N ( 3 C + 3 D , 6 . 6 2 5 )", "sample_size": 338, "means": {"A": 20, "B": 20, "C": 15, "D": 100, "E": 345}, "disc_method": "EV", "bins": 30, "target_column": null, "CPT_method": "MLE", "time_disc": 0.11872050678357482, "time_cnf": 3.8145363577641547, "time_VE": 0.004529628902673721, "time_BP": 0.015660895965993404, "RMSE": 31.332983611065053, "WRMSE": 31.53807616515637, "MAE": 25.322707769637894, "PE": 1.4173040156957422, "exact_EV": 345, "disc_EV": 340.1103011458497, "Wass_scaled": 0.11134956981884352, "Wass_multi": 3.6986370229460945, "time_wass": 0.051095974165946245}