{
	"nodecount" : 952,
	"peaknodes" : 1030,
	"total_load_time" : 0.154796,
	"build_time" : 0.0688882,
	"wmc_time" : 0.00208282
}
