{
	"nodecount" : 5219,
	"peaknodes" : 5879,
	"total_load_time" : 1.22205,
	"build_time" : 1.15156,
	"wmc_time" : 0.00376201,
	"wmc_value" : 1,
	"bn_to_cnf_time" : 0.036907
}
