{"distribution": "lg", "edges": [["A", "D"], ["B", "D"], ["D", "E"], ["C", "E"]], "root_params": "A ~ N(20,20) B ~ N(20,20) C ~ N(15,15)", "experiment": 108, "not_root_params": "D   ~   N ( 2 A + 3 B , 6 . 6 2 5 )   E   ~   N ( 3 C + 3 D , 6 . 6 2 5 )", "sample_size": 338, "means": {"A": 20, "B": 20, "C": 15, "D": 100, "E": 345}, "disc_method": "EB", "bins": 8, "target_column": null, "CPT_method": "MLE", "time_disc": 0.08919549999700394, "time_cnf": 0.016810900007840246, "time_VE": 0.0014302999916253611, "time_BP": 0.005247599998256192, "RMSE": 29.076259355210656, "WRMSE": 12.128793356261118, "MAE": 18.800858340722645, "PE": 1.3923306558411774, "exact_EV": 345, "disc_EV": 340.19645923734794, "Wass_scaled": 0.09542257540605838, "Wass_multi": 12.94212827718511, "time_wass": 0.07595080000464804}