{"distribution": "lg", "edges": [["A", "D"], ["B", "D"], ["D", "E"], ["C", "E"]], "root_params": "A ~ N(20,20) B ~ N(20,20) C ~ N(15,15)", "experiment": 108, "not_root_params": "D   ~   N ( 2 A + 3 B , 6 . 6 2 5 )   E   ~   N ( 3 C + 3 D , 6 . 6 2 5 )", "sample_size": 338, "means": {"A": 20, "B": 20, "C": 15, "D": 100, "E": 345}, "disc_method": "EB", "bins": 12, "target_column": null, "CPT_method": "MLE", "time_disc": 0.09972520000883378, "time_cnf": 0.04818379999778699, "time_VE": 0.001571100001456216, "time_BP": 0.007696000000578351, "RMSE": 37.659191619515845, "WRMSE": 14.555215026864364, "MAE": 24.61938628994409, "PE": 1.1489929269552466, "exact_EV": 345, "disc_EV": 341.0359744020044, "Wass_scaled": 0.06127568911608685, "Wass_multi": 8.405873104241268, "time_wass": 0.0660271999950055}