{"distribution": "lg", "edges": [["A", "D"], ["B", "D"], ["D", "E"], ["C", "E"]], "root_params": "A ~ N(20,20) B ~ N(20,20) C ~ N(15,15)", "experiment": 108, "not_root_params": "D   ~   N ( 2 A + 3 B , 6 . 6 2 5 )   E   ~   N ( 3 C + 3 D , 6 . 6 2 5 )", "sample_size": 338, "means": {"A": 20, "B": 20, "C": 15, "D": 100, "E": 345}, "disc_method": "EB", "bins": 17, "target_column": null, "CPT_method": "MLE", "time_disc": 0.09195680916309357, "time_cnf": 0.33152858493849635, "time_VE": 0.0022432059049606323, "time_BP": 0.00973428413271904, "RMSE": 46.050656833974664, "WRMSE": 20.631710546770186, "MAE": 34.8202565369688, "PE": 1.6276937164888712, "exact_EV": 345, "disc_EV": 339.3844566781134, "Wass_scaled": 0.04187914301493978, "Wass_multi": 5.796141608460313, "time_wass": 0.052171059884130955}