{
	"nodecount" : 6733,
	"peaknodes" : 8147,
	"total_load_time" : 1.7275,
	"build_time" : 1.63232,
	"wmc_time" : 0.00361395,
	"wmc_value" : 1,
	"bn_to_cnf_time" : 0.0530524
}
