{"distribution": "lg", "edges": [["A", "D"], ["B", "D"], ["D", "E"], ["C", "E"]], "root_params": "A ~ N(20,20) B ~ N(20,20) C ~ N(15,15)", "experiment": 108, "not_root_params": "D   ~   N ( 2 A + 3 B , 6 . 6 2 5 )   E   ~   N ( 3 C + 3 D , 6 . 6 2 5 )", "sample_size": 338, "means": {"A": 20, "B": 20, "C": 15, "D": 100, "E": 345}, "disc_method": "EB", "bins": 14, "target_column": null, "CPT_method": "MLE", "time_disc": 0.07171825086697936, "time_cnf": 1.0266273808665574, "time_VE": 0.0022435630671679974, "time_BP": 0.008619155269116163, "RMSE": 41.31465825503979, "WRMSE": 16.840436714080962, "MAE": 28.204233635671667, "PE": 1.4381344703354548, "exact_EV": 345, "disc_EV": 340.0384360773427, "Wass_scaled": 0.05095343975391794, "Wass_multi": 6.9789965705914705, "time_wass": 0.054529174230992794}