{
	"nodecount" : 2278,
	"peaknodes" : 2335,
	"total_load_time" : 0.481594,
	"build_time" : 0.158181,
	"wmc_time" : 0.00255609
}
