{"distribution": "nm", "edges": [["X", "Y"]], "root_params": ["X ~ B(0.8)"], "experiment": 4, "not_root_params": "P(Y|X) ~ N(6,2) if X = 0.0 and P(Y|X) ~ N(4,2) if X = 1.0", "sample_size": 500, "means": 5.6000000000000005, "disc_method": "EB", "bins": 25, "target_column": null, "CPT_method": "MLE", "time_disc": 0.01870984071865678, "time_cnf": 0.008933353703469038, "time_VE": 0.0011183740571141243, "time_BP": 0.003178295213729143, "RMSE": 0.0007169066335362185, "WRMSE": 0.0005233490829006275, "MAE": 0.0006276342022952797, "PE": 22.060896394049145, "exact_EV": 5.6000000000000005, "disc_EV": 4.364589801933248, "Wass_scaled": 0.011094263607074389, "Wass_multi": 0.1202811742990839, "time_wass": 0.07434243196621537}