{"distribution": "nm", "edges": [["X", "Y"]], "root_params": ["X ~ B(0.8)"], "experiment": 4, "not_root_params": "P(Y|X) ~ N(6,2) if X = 0.0 and P(Y|X) ~ N(4,2) if X = 1.0", "sample_size": 500, "means": 5.6000000000000005, "disc_method": "EB", "bins": 8, "target_column": null, "CPT_method": "MLE", "time_disc": 0.019098594784736633, "time_cnf": 0.23976278072223067, "time_VE": 0.0011934759095311165, "time_BP": 0.003324671182781458, "RMSE": 0.11018114732337989, "WRMSE": 0.08043335032369799, "MAE": 0.09646089640313082, "PE": 22.060896394049127, "exact_EV": 5.6000000000000005, "disc_EV": 4.364589801933249, "Wass_scaled": 0.03800443335343187, "Wass_multi": 0.401169325135384, "time_wass": 0.06834256928414106}