{"distribution": "nm", "edges": [["X", "Y"]], "root_params": ["X ~ B(0.8)"], "experiment": 4, "not_root_params": "P(Y|X) ~ N(6,2) if X = 0.0 and P(Y|X) ~ N(4,2) if X = 1.0", "sample_size": 500, "means": 5.6000000000000005, "disc_method": "EV", "bins": 8, "target_column": null, "CPT_method": "MLE", "time_disc": 0.01575404405593872, "time_cnf": 0.7403770568780601, "time_VE": 0.001300704199820757, "time_BP": 0.003736644983291626, "RMSE": 0.05462192509508872, "WRMSE": 0.039874556975100846, "MAE": 0.04782015785761318, "PE": 22.060896394049145, "exact_EV": 5.6000000000000005, "disc_EV": 4.364589801933248, "Wass_scaled": 0.10920153716084378, "Wass_multi": 0.3369094283101148, "time_wass": 0.08064489578828216}