{
	"nodecount" : 67,
	"peaknodes" : 71,
	"total_load_time" : 0.016712,
	"build_time" : 0.0112741,
	"wmc_time" : 0.000566006
}
