{
	"nodecount" : 44,
	"peaknodes" : 46,
	"total_load_time" : 0.066205,
	"build_time" : 0.00603199,
	"wmc_time" : 0.000463963
}
