{"distribution": "nm", "edges": [["X", "Y"]], "root_params": ["X ~ B(0.8)"], "experiment": 4, "not_root_params": "P(Y|X) ~ N(6,2) if X = 0.0 and P(Y|X) ~ N(4,2) if X = 1.0", "sample_size": 500, "means": 5.6000000000000005, "disc_method": "EB", "bins": 12, "target_column": null, "CPT_method": "MLE", "time_disc": 0.014286421239376068, "time_cnf": 0.19898200873285532, "time_VE": 0.0009024129249155521, "time_BP": 0.0025160307995975018, "RMSE": 0.02991190037543275, "WRMSE": 0.021835989370154348, "MAE": 0.026187136306241143, "PE": 22.060896394049127, "exact_EV": 5.6000000000000005, "disc_EV": 4.364589801933249, "Wass_scaled": 0.023956696280317463, "Wass_multi": 0.2691427656293923, "time_wass": 0.06046971399337053}