{"distribution": "nm", "edges": [["X", "Y"]], "root_params": ["X ~ B(0.8)"], "experiment": 4, "not_root_params": "P(Y|X) ~ N(6,2) if X = 0.0 and P(Y|X) ~ N(4,2) if X = 1.0", "sample_size": 500, "means": 5.6000000000000005, "disc_method": "EB", "bins": 20, "target_column": null, "CPT_method": "MLE", "time_disc": 0.014750614296644926, "time_cnf": 0.003145547118037939, "time_VE": 0.0008053500205278397, "time_BP": 0.002564961090683937, "RMSE": 0.027449400421831045, "WRMSE": 0.020038339533936765, "MAE": 0.024031277897724745, "PE": 22.060896394049127, "exact_EV": 5.6000000000000005, "disc_EV": 4.364589801933249, "Wass_scaled": 0.013447405390440802, "Wass_multi": 0.1580389111125039, "time_wass": 0.05979854427278042}