{
	"nodecount" : 61,
	"peaknodes" : 63,
	"total_load_time" : 0.0160999,
	"build_time" : 0.00967503,
	"wmc_time" : 0.000589848
}
