{"distribution": "nm", "edges": [["X", "Y"]], "root_params": ["X ~ B(0.8)"], "experiment": 4, "not_root_params": "P(Y|X) ~ N(6,2) if X = 0.0 and P(Y|X) ~ N(4,2) if X = 1.0", "sample_size": 500, "means": 5.6000000000000005, "disc_method": "EV", "bins": 17, "target_column": null, "CPT_method": "MLE", "time_disc": 0.0147575200535357, "time_cnf": 0.008248195052146912, "time_VE": 0.0008169109933078289, "time_BP": 0.002475747838616371, "RMSE": 0.034392475471888236, "WRMSE": 0.025106854442262436, "MAE": 0.030109770084387755, "PE": 22.060896394049145, "exact_EV": 5.6000000000000005, "disc_EV": 4.364589801933248, "Wass_scaled": 0.0686517097132845, "Wass_multi": 0.17153519493715158, "time_wass": 0.06440115114673972}