{
	"nodecount" : 30,
	"peaknodes" : 31,
	"total_load_time" : 0.00930095,
	"build_time" : 0.00343108,
	"wmc_time" : 0.000317097
}
