{"distribution": "nm", "edges": [["X", "Y"]], "root_params": ["X ~ B(0.8)"], "experiment": 4, "not_root_params": "P(Y|X) ~ N(6,2) if X = 0.0 and P(Y|X) ~ N(4,2) if X = 1.0", "sample_size": 500, "means": 5.6000000000000005, "disc_method": "EB", "bins": 10, "target_column": null, "CPT_method": "MLE", "time_disc": 0.018790242727845907, "time_cnf": 5.150843396782875, "time_VE": 0.0012519522570073605, "time_BP": 0.0036041000857949257, "RMSE": 0.044497697649118775, "WRMSE": 0.032483768689619455, "MAE": 0.03895664464730686, "PE": 22.060896394049145, "exact_EV": 5.6000000000000005, "disc_EV": 4.364589801933248, "Wass_scaled": 0.030466947206588286, "Wass_multi": 0.31009813185315244, "time_wass": 0.07607689406722784}