{"distribution": "nm", "edges": [["X", "Y"]], "root_params": ["X ~ B(0.8)"], "experiment": 4, "not_root_params": "P(Y|X) ~ N(6,2) if X = 0.0 and P(Y|X) ~ N(4,2) if X = 1.0", "sample_size": 500, "means": 5.6000000000000005, "disc_method": "EB", "bins": 17, "target_column": null, "CPT_method": "MLE", "time_disc": 0.014183118008077145, "time_cnf": 0.004589153919368982, "time_VE": 0.0007727979682385921, "time_BP": 0.0024524671025574207, "RMSE": 0.009435321602080207, "WRMSE": 0.006887880061817598, "MAE": 0.008260393013672873, "PE": 22.060896394049127, "exact_EV": 5.6000000000000005, "disc_EV": 4.364589801933249, "Wass_scaled": 0.015519823653053528, "Wass_multi": 0.18534296814779355, "time_wass": 0.06071089114993811}