{"distribution": "nm", "edges": [["X", "Y"]], "root_params": ["X ~ B(0.8)"], "experiment": 4, "not_root_params": "P(Y|X) ~ N(6,2) if X = 0.0 and P(Y|X) ~ N(4,2) if X = 1.0", "sample_size": 500, "means": 5.6000000000000005, "disc_method": "EB", "bins": 14, "target_column": null, "CPT_method": "MLE", "time_disc": 0.014500070363283157, "time_cnf": 0.6360604572109878, "time_VE": 0.0009633339941501617, "time_BP": 0.0027247373946011066, "RMSE": 0.015814566034186416, "WRMSE": 0.011544792924615592, "MAE": 0.013845265301212217, "PE": 22.060896394049127, "exact_EV": 5.6000000000000005, "disc_EV": 4.364589801933249, "Wass_scaled": 0.020612742825021638, "Wass_multi": 0.2292220308738182, "time_wass": 0.058984508737921715}