{
	"nodecount" : 70,
	"peaknodes" : 73,
	"total_load_time" : 0.0176508,
	"build_time" : 0.0114059,
	"wmc_time" : 0.000603914
}
