{"distribution": "nm", "edges": [["X", "Y"]], "root_params": ["X ~ B(0.8)"], "experiment": 4, "not_root_params": "P(Y|X) ~ N(6,2) if X = 0.0 and P(Y|X) ~ N(4,2) if X = 1.0", "sample_size": 500, "means": 5.6000000000000005, "disc_method": "EV", "bins": 30, "target_column": null, "CPT_method": "MLE", "time_disc": 0.01626572571694851, "time_cnf": 0.007466366980224848, "time_VE": 0.0009554107673466206, "time_BP": 0.0026565869338810444, "RMSE": 0.0009015704419115503, "WRMSE": 0.0006581555280315037, "MAE": 0.0007893028445427053, "PE": 22.060896394049145, "exact_EV": 5.6000000000000005, "disc_EV": 4.364589801933248, "Wass_scaled": 0.04784314940967674, "Wass_multi": 0.10253817771918312, "time_wass": 0.07202227087691426}