{
	"nodecount" : 42,
	"peaknodes" : 43,
	"total_load_time" : 0.0168469,
	"build_time" : 0.00590181,
	"wmc_time" : 0.000458002
}
