{
	"nodecount" : 69,
	"peaknodes" : 71,
	"total_load_time" : 0.0156391,
	"build_time" : 0.0104809,
	"wmc_time" : 0.000584126
}
