{
	"nodecount" : 69,
	"peaknodes" : 70,
	"total_load_time" : 0.016063,
	"build_time" : 0.0106089,
	"wmc_time" : 0.000563145
}
