{
	"nodecount" : 53,
	"peaknodes" : 53,
	"total_load_time" : 0.0176771,
	"build_time" : 0.011112,
	"wmc_time" : 0.000547171
}
