{"distribution": "nm", "edges": [["X", "Y"]], "root_params": ["X ~ B(0.5)"], "experiment": 7, "not_root_params": "P(Y|X) ~ N(6,2) if X = 0.0 and P(Y|X) ~ N(4,2) if X = 1.0", "sample_size": 100, "means": 5.0, "disc_method": "EV", "bins": 5, "target_column": null, "CPT_method": "Bayes", "time_disc": 0.037301747128367424, "time_cnf": 0.5729200169444084, "time_VE": 0.0009986702352762222, "time_BP": 0.00263630086556077, "RMSE": 0.13149740420237394, "WRMSE": 0.13017014812913527, "MAE": 0.13039659638842238, "PE": 3.113209261591603, "exact_EV": 5.0, "disc_EV": 5.15566046307958, "Wass_scaled": 0.13860277922638314, "Wass_multi": 0.508991066835598, "time_wass": 0.011825403198599815}