{
	"nodecount" : 55,
	"peaknodes" : 57,
	"total_load_time" : 0.0174329,
	"build_time" : 0.0103321,
	"wmc_time" : 0.000450134
}
