{"distribution": "nm", "edges": [["X", "Y"]], "root_params": ["X ~ B(0.5)"], "experiment": 7, "not_root_params": "P(Y|X) ~ N(6,2) if X = 0.0 and P(Y|X) ~ N(4,2) if X = 1.0", "sample_size": 100, "means": 5.0, "disc_method": "EB", "bins": 30, "target_column": null, "CPT_method": "Bayes", "time_disc": 0.03823423199355602, "time_cnf": 0.008011994883418083, "time_VE": 0.0012270291335880756, "time_BP": 0.003366634249687195, "RMSE": 0.363648919787245, "WRMSE": 0.35441562051655306, "MAE": 0.3420044926444956, "PE": 4.913407413678392, "exact_EV": 5.0, "disc_EV": 5.24567037068392, "Wass_scaled": 0.006922678810395297, "Wass_multi": 0.07651095121274032, "time_wass": 0.01337203523144126}