{"distribution": "nm", "edges": [["X", "Y"]], "root_params": ["X ~ B(0.5)"], "experiment": 7, "not_root_params": "P(Y|X) ~ N(6,2) if X = 0.0 and P(Y|X) ~ N(4,2) if X = 1.0", "sample_size": 100, "means": 5.0, "disc_method": "MDLP", "bins": 2, "target_column": "Y", "CPT_method": "Bayes", "time_disc": 0.04080762201920152, "time_cnf": 0.9305264530703425, "time_VE": 0.0012230691500008106, "time_BP": 0.0035399594344198704, "RMSE": 0.23130371891097423, "WRMSE": 0.22323419024966634, "MAE": 0.1993603495600409, "PE": 5.011238756110998, "exact_EV": 5.0, "disc_EV": 5.25056193780555, "Wass_scaled": 0.02016056524823532, "Wass_multi": 0.23499203065438443, "time_wass": 0.013861245010048151}