{"distribution": "nm", "edges": [["X", "Y"]], "root_params": ["X ~ B(0.5)"], "experiment": 7, "not_root_params": "P(Y|X) ~ N(6,2) if X = 0.0 and P(Y|X) ~ N(4,2) if X = 1.0", "sample_size": 100, "means": 5.0, "disc_method": "EB", "bins": 25, "target_column": null, "CPT_method": "Bayes", "time_disc": 0.03934914572164416, "time_cnf": 0.13753502629697323, "time_VE": 0.0010698880068957806, "time_BP": 0.0028991010040044785, "RMSE": 0.33394679896340407, "WRMSE": 0.3238985411809397, "MAE": 0.3037701170007372, "PE": 5.276133696142988, "exact_EV": 5.0, "disc_EV": 5.263806684807149, "Wass_scaled": 0.009326421137444557, "Wass_multi": 0.10677952890819094, "time_wass": 0.011242975015193224}