{
	"nodecount" : 30,
	"peaknodes" : 30,
	"total_load_time" : 0.00664186,
	"build_time" : 0.00335908,
	"wmc_time" : 0.000258923
}
