{"distribution": "nm", "edges": [["X", "Y"]], "root_params": ["X ~ B(0.5)"], "experiment": 7, "not_root_params": "P(Y|X) ~ N(6,2) if X = 0.0 and P(Y|X) ~ N(4,2) if X = 1.0", "sample_size": 100, "means": 5.0, "disc_method": "EV", "bins": 25, "target_column": null, "CPT_method": "Bayes", "time_disc": 0.0354885570704937, "time_cnf": 0.008433386217802763, "time_VE": 0.0009786528535187244, "time_BP": 0.0026372019201517105, "RMSE": 0.3568756923156794, "WRMSE": 0.3532522637789243, "MAE": 0.3538520792760571, "PE": 3.3502446106944457, "exact_EV": 5.0, "disc_EV": 5.167512230534722, "Wass_scaled": 0.05225150537482645, "Wass_multi": 0.13713334572308963, "time_wass": 0.010737538803368807}