{"distribution": "nm", "edges": [["X", "Y"]], "root_params": ["X ~ B(0.5)"], "experiment": 7, "not_root_params": "P(Y|X) ~ N(6,2) if X = 0.0 and P(Y|X) ~ N(4,2) if X = 1.0", "sample_size": 100, "means": 5.0, "disc_method": "EV", "bins": 8, "target_column": null, "CPT_method": "Bayes", "time_disc": 0.03108468884602189, "time_cnf": 0.36477250698953867, "time_VE": 0.0008935751393437386, "time_BP": 0.0024041570723056793, "RMSE": 0.21491954181404377, "WRMSE": 0.21292490855930096, "MAE": 0.21340217522727079, "PE": 3.153290401682511, "exact_EV": 5.0, "disc_EV": 5.157664520084126, "Wass_scaled": 0.09919505576709853, "Wass_multi": 0.3429012089851461, "time_wass": 0.010940215084701777}