{
	"nodecount" : 49,
	"peaknodes" : 49,
	"total_load_time" : 0.0189779,
	"build_time" : 0.00863099,
	"wmc_time" : 0.000512838
}
