{"distribution": "nm", "edges": [["X", "Y"]], "root_params": ["X ~ B(0.5)"], "experiment": 7, "not_root_params": "P(Y|X) ~ N(6,2) if X = 0.0 and P(Y|X) ~ N(4,2) if X = 1.0", "sample_size": 100, "means": 5.0, "disc_method": "EV", "bins": 10, "target_column": null, "CPT_method": "Bayes", "time_disc": 0.03503003064543009, "time_cnf": 0.2941019292920828, "time_VE": 0.001040888950228691, "time_BP": 0.0027184239588677883, "RMSE": 0.20266226685432637, "WRMSE": 0.20054236597328548, "MAE": 0.20083792028458625, "PE": 3.2057602194871393, "exact_EV": 5.0, "disc_EV": 5.160288010974357, "Wass_scaled": 0.0819473579056322, "Wass_multi": 0.28256569611251814, "time_wass": 0.011825024150311947}