{
	"nodecount" : 55,
	"peaknodes" : 56,
	"total_load_time" : 0.0199192,
	"build_time" : 0.0100341,
	"wmc_time" : 0.000451088
}
