{
	"nodecount" : 54,
	"peaknodes" : 58,
	"total_load_time" : 0.018821,
	"build_time" : 0.012691,
	"wmc_time" : 0.000580072
}
