{
	"nodecount" : 43,
	"peaknodes" : 43,
	"total_load_time" : 0.00823402,
	"build_time" : 0.00557399,
	"wmc_time" : 0.000405073
}
