{"distribution": "nm", "edges": [["X", "Y"]], "root_params": ["X ~ B(0.5)"], "experiment": 7, "not_root_params": "P(Y|X) ~ N(6,2) if X = 0.0 and P(Y|X) ~ N(4,2) if X = 1.0", "sample_size": 100, "means": 5.0, "disc_method": "EB", "bins": 20, "target_column": null, "CPT_method": "Bayes", "time_disc": 0.03438223898410797, "time_cnf": 0.0735130961984396, "time_VE": 0.0010867579840123653, "time_BP": 0.0028889840468764305, "RMSE": 0.28953128324267957, "WRMSE": 0.28337901143498095, "MAE": 0.2780222536702084, "PE": 4.158469189697502, "exact_EV": 5.0, "disc_EV": 5.207923459484875, "Wass_scaled": 0.011233065444889863, "Wass_multi": 0.13099735825520215, "time_wass": 0.012285970151424408}