{
	"nodecount" : 47,
	"peaknodes" : 47,
	"total_load_time" : 0.0187869,
	"build_time" : 0.00609612,
	"wmc_time" : 0.000361919
}
