{
	"nodecount" : 39,
	"peaknodes" : 39,
	"total_load_time" : 0.362357,
	"build_time" : 0.005337,
	"wmc_time" : 0.000402927
}
