{
	"nodecount" : 35,
	"peaknodes" : 37,
	"total_load_time" : 0.0180142,
	"build_time" : 0.00611901,
	"wmc_time" : 0.000408888
}
