{
	"nodecount" : 46,
	"peaknodes" : 57,
	"total_load_time" : 0.017199,
	"build_time" : 0.011579,
	"wmc_time" : 0.000531197
}
