{"distribution": "lg", "edges": [["A", "D"], ["B", "D"], ["D", "E"], ["C", "E"]], "root_params": "A ~ N(20,20) B ~ N(20,20) C ~ N(15,15)", "experiment": 13, "not_root_params": "D   ~   N ( 2 A + 3 B , 2 )   E   ~   N ( 3 C + 3 D , 2 )", "sample_size": 800, "means": {"A": 20, "B": 20, "C": 15, "D": 100, "E": 345}, "disc_method": "EV", "bins": 5, "target_column": null, "CPT_method": "MLE", "time_disc": 0.08387299999594688, "time_cnf": 0.006495699999504723, "time_VE": 0.0027028000040445477, "time_BP": 0.008475000009639189, "RMSE": 1.300492884811557, "WRMSE": 1.300492884811557, "MAE": 1.019956778111225, "PE": 0.03797437367898451, "exact_EV": 345, "disc_EV": 344.8689884108075, "Wass_scaled": 0.43286571005191765, "Wass_multi": 6.006220132746001, "time_wass": 0.40991309999662917}