{"distribution": "lg", "edges": [["A", "D"], ["B", "D"], ["D", "E"], ["C", "E"]], "root_params": "A ~ N(20,20) B ~ N(20,20) C ~ N(15,15)", "experiment": 13, "not_root_params": "D   ~   N ( 2 A + 3 B , 2 )   E   ~   N ( 3 C + 3 D , 2 )", "sample_size": 800, "means": {"A": 20, "B": 20, "C": 15, "D": 100, "E": 345}, "disc_method": "EB", "bins": 20, "target_column": null, "CPT_method": "MLE", "time_disc": 0.09817939999629743, "time_cnf": 0.17930770000384655, "time_VE": 0.0014931999903637916, "time_BP": 0.010578900008113123, "RMSE": 15.741251227450949, "WRMSE": 5.634344186068875, "MAE": 11.20071282938935, "PE": 0.2916339949647046, "exact_EV": 345, "disc_EV": 343.99386271737177, "Wass_scaled": 0.04044404774386279, "Wass_multi": 2.1889495212944547, "time_wass": 0.38004770000407007}