{
	"nodecount" : 5505,
	"peaknodes" : 5743,
	"total_load_time" : 0.49224,
	"build_time" : 0.464518,
	"wmc_time" : 0.00366592
}
