{
	"nodecount" : 13410,
	"peaknodes" : 13548,
	"total_load_time" : 0.933628,
	"build_time" : 0.830389,
	"wmc_time" : 0.00435209
}
