{
	"nodecount" : 24153,
	"peaknodes" : 26654,
	"total_load_time" : 3.85382,
	"build_time" : 3.18046,
	"wmc_time" : 0.00638199
}
