{
	"nodecount" : 13987,
	"peaknodes" : 14932,
	"total_load_time" : 1.83137,
	"build_time" : 1.67737,
	"wmc_time" : 0.00499701
}
