{"distribution": "lg", "edges": [["A", "D"], ["B", "D"], ["D", "E"], ["C", "E"]], "root_params": "A ~ N(20,20) B ~ N(20,20) C ~ N(15,15)", "experiment": 13, "not_root_params": "D   ~   N ( 2 A + 3 B , 2 )   E   ~   N ( 3 C + 3 D , 2 )", "sample_size": 800, "means": {"A": 20, "B": 20, "C": 15, "D": 100, "E": 345}, "disc_method": "EB", "bins": 30, "target_column": null, "CPT_method": "MLE", "time_disc": 0.12676469999132678, "time_cnf": 0.714377099997364, "time_VE": 0.0017020000086631626, "time_BP": 0.016780199992354028, "RMSE": 18.30285681354432, "WRMSE": 7.510420660473221, "MAE": 14.063404138944463, "PE": 0.03602796192203773, "exact_EV": 345, "disc_EV": 344.87570353136897, "Wass_scaled": 0.025237010562894197, "Wass_multi": 1.3835516633395575, "time_wass": 0.3682023000001209}