{"distribution": "lg", "edges": [["A", "D"], ["B", "D"], ["D", "E"], ["C", "E"]], "root_params": "A ~ N(20,20) B ~ N(20,20) C ~ N(15,15)", "experiment": 13, "not_root_params": "D   ~   N ( 2 A + 3 B , 2 )   E   ~   N ( 3 C + 3 D , 2 )", "sample_size": 800, "means": {"A": 20, "B": 20, "C": 15, "D": 100, "E": 345}, "disc_method": "EV", "bins": 30, "target_column": null, "CPT_method": "MLE", "time_disc": 0.0726229501888156, "time_cnf": 6.419062541797757, "time_VE": 0.001944002229720354, "time_BP": 0.01129613583907485, "RMSE": 8.112550190208886, "WRMSE": 8.128137809292452, "MAE": 6.440446961373249, "PE": 0.0858039503069561, "exact_EV": 345, "disc_EV": 344.703976371441, "Wass_scaled": 0.19589934171793277, "Wass_multi": 1.249617059868883, "time_wass": 0.33990338211879134}