{
	"nodecount" : 2869,
	"peaknodes" : 2885,
	"total_load_time" : 0.245713,
	"build_time" : 0.172616,
	"wmc_time" : 0.00261998
}
