{"distribution": "lg", "edges": [["A", "D"], ["B", "D"], ["D", "E"], ["C", "E"]], "root_params": "A ~ N(20,20) B ~ N(20,20) C ~ N(15,15)", "experiment": 13, "not_root_params": "D   ~   N ( 2 A + 3 B , 2 )   E   ~   N ( 3 C + 3 D , 2 )", "sample_size": 800, "means": {"A": 20, "B": 20, "C": 15, "D": 100, "E": 345}, "disc_method": "EV", "bins": 12, "target_column": null, "CPT_method": "MLE", "time_disc": 0.04919690499082208, "time_cnf": 0.4147170879878104, "time_VE": 0.0015130629763007164, "time_BP": 0.006227254867553711, "RMSE": 0.9406499941575234, "WRMSE": 0.940552839665304, "MAE": 0.8248281381632268, "PE": 0.014649808005291219, "exact_EV": 345, "disc_EV": 344.94945816238175, "Wass_scaled": 0.2749206462920881, "Wass_multi": 2.8214885656782145, "time_wass": 0.3840259751304984}