{
	"nodecount" : 18756,
	"peaknodes" : 20630,
	"total_load_time" : 2.75632,
	"build_time" : 2.53033,
	"wmc_time" : 0.00619888
}
