{
	"nodecount" : 24188,
	"peaknodes" : 29907,
	"total_load_time" : 12.3,
	"build_time" : 10.9362,
	"wmc_time" : 0.00611591,
	"wmc_value" : 1,
	"bn_to_cnf_time" : 0.746769
}
