{"distribution": "lg", "edges": [["A", "D"], ["B", "D"], ["D", "E"], ["C", "E"]], "root_params": "A ~ N(20,20) B ~ N(20,20) C ~ N(15,15)", "experiment": 13, "not_root_params": "D   ~   N ( 2 A + 3 B , 2 )   E   ~   N ( 3 C + 3 D , 2 )", "sample_size": 800, "means": {"A": 20, "B": 20, "C": 15, "D": 100, "E": 345}, "disc_method": "EV", "bins": 17, "target_column": null, "CPT_method": "MLE", "time_disc": 0.056097551714628935, "time_cnf": 1.3510012747719884, "time_VE": 0.0016641831025481224, "time_BP": 0.007164242211729288, "RMSE": 2.384255869441759, "WRMSE": 2.3877454189797787, "MAE": 1.906548010322437, "PE": 0.16007866522931763, "exact_EV": 345, "disc_EV": 344.44772860495885, "Wass_scaled": 0.2391100922756249, "Wass_multi": 2.1029692765216477, "time_wass": 0.3686617938801646}