{
	"nodecount" : 9937,
	"peaknodes" : 10537,
	"total_load_time" : 1.12519,
	"build_time" : 0.964193,
	"wmc_time" : 0.0032649
}
