{"distribution": "lg", "edges": [["A", "D"], ["B", "D"], ["D", "E"], ["C", "E"]], "root_params": "A ~ N(20,20) B ~ N(20,20) C ~ N(15,15)", "experiment": 13, "not_root_params": "D   ~   N ( 2 A + 3 B , 2 )   E   ~   N ( 3 C + 3 D , 2 )", "sample_size": 800, "means": {"A": 20, "B": 20, "C": 15, "D": 100, "E": 345}, "disc_method": "EV", "bins": 10, "target_column": null, "CPT_method": "MLE", "time_disc": 0.04832808207720518, "time_cnf": 0.4805739829316735, "time_VE": 0.0014716507866978645, "time_BP": 0.00622656662017107, "RMSE": 1.0845148639761295, "WRMSE": 1.0845148639761295, "MAE": 0.8853511499310457, "PE": 0.011827432921698846, "exact_EV": 345, "disc_EV": 344.95919535642014, "Wass_scaled": 0.29804869724844374, "Wass_multi": 3.4593099855714797, "time_wass": 0.36813603388145566}