{
	"nodecount" : 18756,
	"peaknodes" : 20630,
	"total_load_time" : 4.86766,
	"build_time" : 4.5761,
	"wmc_time" : 0.00787187,
	"wmc_value" : 1,
	"bn_to_cnf_time" : 0.137532
}
