{"distribution": "lg", "edges": [["A", "D"], ["B", "D"], ["D", "E"], ["C", "E"]], "root_params": "A ~ N(20,20) B ~ N(20,20) C ~ N(15,15)", "experiment": 13, "not_root_params": "D   ~   N ( 2 A + 3 B , 2 )   E   ~   N ( 3 C + 3 D , 2 )", "sample_size": 800, "means": {"A": 20, "B": 20, "C": 15, "D": 100, "E": 345}, "disc_method": "EB", "bins": 5, "target_column": null, "CPT_method": "MLE", "time_disc": 0.10467060000519268, "time_cnf": 0.008484399993903935, "time_VE": 0.0027722999948309734, "time_BP": 0.005379199996241368, "RMSE": 3.8488728924644158, "WRMSE": 2.3200526493577214, "MAE": 3.3450403897080605, "PE": 0.005793355341395817, "exact_EV": 345, "disc_EV": 344.9800129240722, "Wass_scaled": 0.1681562365958872, "Wass_multi": 7.832601121294087, "time_wass": 0.3815426000073785}