{"distribution": "lg", "edges": [["A", "D"], ["B", "D"], ["D", "E"], ["C", "E"]], "root_params": "A ~ N(20,20) B ~ N(20,20) C ~ N(15,15)", "experiment": 13, "not_root_params": "D   ~   N ( 2 A + 3 B , 2 )   E   ~   N ( 3 C + 3 D , 2 )", "sample_size": 800, "means": {"A": 20, "B": 20, "C": 15, "D": 100, "E": 345}, "disc_method": "EB", "bins": 8, "target_column": null, "CPT_method": "MLE", "time_disc": 0.0491512268781662, "time_cnf": 0.24632855970412493, "time_VE": 0.0015078741125762463, "time_BP": 0.005557052791118622, "RMSE": 6.195390683540425, "WRMSE": 2.3715991592808923, "MAE": 4.347857280255091, "PE": 0.024427384080881628, "exact_EV": 345, "disc_EV": 344.91572552492096, "Wass_scaled": 0.11858929017709252, "Wass_multi": 5.17341233924591, "time_wass": 0.3613101551309228}