{"distribution": "lg", "edges": [["A", "D"], ["B", "D"], ["D", "E"], ["C", "E"]], "root_params": "A ~ N(20,20) B ~ N(20,20) C ~ N(15,15)", "experiment": 13, "not_root_params": "D   ~   N ( 2 A + 3 B , 2 )   E   ~   N ( 3 C + 3 D , 2 )", "sample_size": 800, "means": {"A": 20, "B": 20, "C": 15, "D": 100, "E": 345}, "disc_method": "EB", "bins": 30, "target_column": null, "CPT_method": "MLE", "time_disc": 0.07477632071822882, "time_cnf": 2.712368774227798, "time_VE": 0.0017605102621018887, "time_BP": 0.008779450785368681, "RMSE": 18.30285681354432, "WRMSE": 7.510420660473219, "MAE": 14.06340413894446, "PE": 0.03602796192203773, "exact_EV": 345, "disc_EV": 344.87570353136897, "Wass_scaled": 0.025237010562894197, "Wass_multi": 1.3835516633395575, "time_wass": 0.3284803363494575}