{"distribution": "lg", "edges": [["A", "D"], ["B", "D"], ["D", "E"], ["C", "E"]], "root_params": "A ~ N(20,20) B ~ N(20,20) C ~ N(15,15)", "experiment": 13, "not_root_params": "D   ~   N ( 2 A + 3 B , 2 )   E   ~   N ( 3 C + 3 D , 2 )", "sample_size": 800, "means": {"A": 20, "B": 20, "C": 15, "D": 100, "E": 345}, "disc_method": "EB", "bins": 8, "target_column": null, "CPT_method": "MLE", "time_disc": 0.10146160000294913, "time_cnf": 0.018527799998992123, "time_VE": 0.0013913000002503395, "time_BP": 0.007496200007153675, "RMSE": 6.195390683540443, "WRMSE": 2.3715991592809127, "MAE": 4.34785728025512, "PE": 0.024427384080881628, "exact_EV": 345, "disc_EV": 344.91572552492096, "Wass_scaled": 0.11858929017709252, "Wass_multi": 5.17341233924591, "time_wass": 0.3969751999975415}