{"distribution": "lg", "edges": [["A", "D"], ["B", "D"], ["D", "E"], ["C", "E"]], "root_params": "A ~ N(20,20) B ~ N(20,20) C ~ N(15,15)", "experiment": 13, "not_root_params": "D   ~   N ( 2 A + 3 B , 2 )   E   ~   N ( 3 C + 3 D , 2 )", "sample_size": 800, "means": {"A": 20, "B": 20, "C": 15, "D": 100, "E": 345}, "disc_method": "EV", "bins": 8, "target_column": null, "CPT_method": "MLE", "time_disc": 0.08738739999535028, "time_cnf": 0.014941500005079433, "time_VE": 0.0018528999935369939, "time_BP": 0.0059053000004496425, "RMSE": 1.104891046499555, "WRMSE": 1.104891046499555, "MAE": 0.8297805543885559, "PE": 0.016454371978717474, "exact_EV": 345, "disc_EV": 344.9432324166734, "Wass_scaled": 0.33348403751704464, "Wass_multi": 4.156158588495777, "time_wass": 0.42346020000695717}