{
	"nodecount" : 1142,
	"peaknodes" : 1142,
	"total_load_time" : 1.13597,
	"build_time" : 0.330955,
	"wmc_time" : 0.00203896
}
