{
	"nodecount" : 28047,
	"peaknodes" : 31261,
	"total_load_time" : 6.61843,
	"build_time" : 5.77465,
	"wmc_time" : 0.00989485
}
