{
	"nodecount" : 1362,
	"peaknodes" : 1453,
	"total_load_time" : 0.0818079,
	"build_time" : 0.0761061,
	"wmc_time" : 0.00236416
}
