{
	"nodecount" : 8990,
	"peaknodes" : 9142,
	"total_load_time" : 0.601548,
	"build_time" : 0.570423,
	"wmc_time" : 0.00398588
}
