{"distribution": "lg", "edges": [["A", "D"], ["B", "D"], ["D", "E"], ["C", "E"]], "root_params": "A ~ N(20,20) B ~ N(20,20) C ~ N(15,15)", "experiment": 13, "not_root_params": "D   ~   N ( 2 A + 3 B , 2 )   E   ~   N ( 3 C + 3 D , 2 )", "sample_size": 800, "means": {"A": 20, "B": 20, "C": 15, "D": 100, "E": 345}, "disc_method": "EV", "bins": 8, "target_column": null, "CPT_method": "MLE", "time_disc": 0.04876796202734113, "time_cnf": 0.36968296114355326, "time_VE": 0.0019374191761016846, "time_BP": 0.0071204351261258125, "RMSE": 1.1048910464995787, "WRMSE": 1.1048910464995787, "MAE": 0.8297805543885701, "PE": 0.016454371978717474, "exact_EV": 345, "disc_EV": 344.9432324166734, "Wass_scaled": 0.33348403751704464, "Wass_multi": 4.156158588495777, "time_wass": 0.3903522389009595}