{
	"nodecount" : 22814,
	"peaknodes" : 25364,
	"total_load_time" : 3.66292,
	"build_time" : 3.46891,
	"wmc_time" : 0.0052011,
	"wmc_value" : 1,
	"bn_to_cnf_time" : 0.102678
}
