{"distribution": "lg", "edges": [["A", "D"], ["B", "D"], ["D", "E"], ["C", "E"]], "root_params": "A ~ N(20,20) B ~ N(20,20) C ~ N(15,15)", "experiment": 13, "not_root_params": "D   ~   N ( 2 A + 3 B , 2 )   E   ~   N ( 3 C + 3 D , 2 )", "sample_size": 800, "means": {"A": 20, "B": 20, "C": 15, "D": 100, "E": 345}, "disc_method": "EB", "bins": 14, "target_column": null, "CPT_method": "MLE", "time_disc": 0.09488979999150615, "time_cnf": 0.06759560000500642, "time_VE": 0.0014381000073626637, "time_BP": 0.006557100001373328, "RMSE": 11.958051345235996, "WRMSE": 3.8758354151428995, "MAE": 7.785993038547068, "PE": 0.05503107926077631, "exact_EV": 345, "disc_EV": 344.8101427765503, "Wass_scaled": 0.0655571126243961, "Wass_multi": 3.0655121713237246, "time_wass": 0.41132489999290556}