{"distribution": "lg", "edges": [["A", "D"], ["B", "D"], ["D", "E"], ["C", "E"]], "root_params": "A ~ N(20,20) B ~ N(20,20) C ~ N(15,15)", "experiment": 13, "not_root_params": "D   ~   N ( 2 A + 3 B , 2 )   E   ~   N ( 3 C + 3 D , 2 )", "sample_size": 800, "means": {"A": 20, "B": 20, "C": 15, "D": 100, "E": 345}, "disc_method": "EV", "bins": 14, "target_column": null, "CPT_method": "MLE", "time_disc": 0.063857592176646, "time_cnf": 1.0965976635925472, "time_VE": 0.0017412099987268448, "time_BP": 0.007653045933693647, "RMSE": 1.4462573829651553, "WRMSE": 1.4492270100842217, "MAE": 1.1514652031434796, "PE": 0.14828702232266286, "exact_EV": 345, "disc_EV": 344.4884097729868, "Wass_scaled": 0.2585051904700604, "Wass_multi": 2.5179781971477744, "time_wass": 0.38031685212627053}