{"distribution": "lg", "edges": [["A", "D"], ["B", "D"], ["D", "E"], ["C", "E"]], "root_params": "A ~ N(20,20) B ~ N(20,20) C ~ N(15,15)", "experiment": 13, "not_root_params": "D   ~   N ( 2 A + 3 B , 2 )   E   ~   N ( 3 C + 3 D , 2 )", "sample_size": 800, "means": {"A": 20, "B": 20, "C": 15, "D": 100, "E": 345}, "disc_method": "EB", "bins": 10, "target_column": null, "CPT_method": "MLE", "time_disc": 0.09898290000273846, "time_cnf": 0.030186500007403083, "time_VE": 0.0014393000019481406, "time_BP": 0.005573100002948195, "RMSE": 8.258961628541153, "WRMSE": 2.7431332680606566, "MAE": 5.052468431991036, "PE": 0.018592601768185214, "exact_EV": 345, "disc_EV": 344.93585552389976, "Wass_scaled": 0.09649066787604813, "Wass_multi": 4.089788222578649, "time_wass": 0.4075940000038827}