{"Z": {"0": 0.12957196608547433, "1": 0.3773595829652025, "2": 0.6177905152749139, "3": 0.8706974445184474}, "T": {"0": 0.0, "1": 1.0}, "Y": {"0": 0.7861993870141807, "1": 1.6847311551548918, "2": 2.224376231239882, "3": 2.7516080561488705}}