{"distribution": "nm", "edges": [["X", "Y"]], "root_params": ["X ~ B(0.5)"], "experiment": 1, "not_root_params": "P(Y|X) ~ N(21,10) if X = 0.0 and P(Y|X) ~ N(25,1) if X = 1.0", "sample_size": 500, "means": 23.0, "disc_method": "MDLP", "bins": 2, "target_column": "Y", "CPT_method": "MLE", "time_disc": 0.07538502616807818, "time_cnf": 0.5032230410724878, "time_VE": 0.0009864899329841137, "time_BP": 0.0026505677960813046, "RMSE": 0.0044925452005862105, "WRMSE": 0.004490748541765899, "MAE": 0.00449164696100901, "PE": 0.1246481664057898, "exact_EV": 23.0, "disc_EV": 23.02866907827333, "Wass_scaled": 0.05234470687316895, "Wass_multi": 0.27802469203857677, "time_wass": 0.0652584470808506}