{
	"nodecount" : 61,
	"peaknodes" : 66,
	"total_load_time" : 0.0146661,
	"build_time" : 0.0121751,
	"wmc_time" : 0.000560045
}
