{"distribution": "nm", "edges": [["X", "Y"]], "root_params": ["X ~ B(0.5)"], "experiment": 1, "not_root_params": "P(Y|X) ~ N(21,10) if X = 0.0 and P(Y|X) ~ N(25,1) if X = 1.0", "sample_size": 500, "means": 23.0, "disc_method": "EV", "bins": 17, "target_column": null, "CPT_method": "MLE", "time_disc": 0.017509041354060173, "time_cnf": 0.003276728093624115, "time_VE": 0.0010851542465388775, "time_BP": 0.00331014022231102, "RMSE": 0.0120450682503933, "WRMSE": 0.012040251186313279, "MAE": 0.012042659959206503, "PE": 0.12464816640575889, "exact_EV": 23.0, "disc_EV": 23.028669078273325, "Wass_scaled": 0.06917510645656341, "Wass_multi": 0.8072993612870191, "time_wass": 0.08178740041330457}