{
	"nodecount" : 24,
	"peaknodes" : 24,
	"total_load_time" : 0.00504804,
	"build_time" : 0.00290203,
	"wmc_time" : 0.000257015
}
