{
	"nodecount" : 40,
	"peaknodes" : 41,
	"total_load_time" : 0.01717,
	"build_time" : 0.00668502,
	"wmc_time" : 0.000391006
}
