{"distribution": "nm", "edges": [["X", "Y"]], "root_params": ["X ~ B(0.5)"], "experiment": 1, "not_root_params": "P(Y|X) ~ N(21,10) if X = 0.0 and P(Y|X) ~ N(25,1) if X = 1.0", "sample_size": 500, "means": 23.0, "disc_method": "EB", "bins": 5, "target_column": null, "CPT_method": "MLE", "time_disc": 0.01447915006428957, "time_cnf": 2.019784460775554, "time_VE": 0.0008715479634702206, "time_BP": 0.0025646863505244255, "RMSE": 0.568082596591345, "WRMSE": 0.567855408981143, "MAE": 0.5679690141456248, "PE": 0.12464816640575889, "exact_EV": 23.0, "disc_EV": 23.028669078273325, "Wass_scaled": 0.049696816311281033, "Wass_multi": 2.5169327706614095, "time_wass": 0.0622191010043025}