{"distribution": "nm", "edges": [["X", "Y"]], "root_params": ["X ~ B(0.5)"], "experiment": 1, "not_root_params": "P(Y|X) ~ N(21,10) if X = 0.0 and P(Y|X) ~ N(25,1) if X = 1.0", "sample_size": 500, "means": 23.0, "disc_method": "EB", "bins": 10, "target_column": null, "CPT_method": "MLE", "time_disc": 0.013985615689307451, "time_cnf": 0.2189890518784523, "time_VE": 0.0009339391253888607, "time_BP": 0.0025690863840281963, "RMSE": 0.13076698025012423, "WRMSE": 0.13071468391519928, "MAE": 0.13074083469747855, "PE": 0.12464816640577432, "exact_EV": 23.0, "disc_EV": 23.028669078273328, "Wass_scaled": 0.02170658349240786, "Wass_multi": 1.1468650579779411, "time_wass": 0.059818444307893515}