{"distribution": "nm", "edges": [["X", "Y"]], "root_params": ["X ~ B(0.5)"], "experiment": 1, "not_root_params": "P(Y|X) ~ N(21,10) if X = 0.0 and P(Y|X) ~ N(25,1) if X = 1.0", "sample_size": 500, "means": 23.0, "disc_method": "EB", "bins": 30, "target_column": null, "CPT_method": "MLE", "time_disc": 0.016106734983623028, "time_cnf": 0.0033584549091756344, "time_VE": 0.0008846712298691273, "time_BP": 0.002578518819063902, "RMSE": 0.010059987388013811, "WRMSE": 0.010055964197535771, "MAE": 0.01005797599393432, "PE": 0.12464816640577432, "exact_EV": 23.0, "disc_EV": 23.028669078273328, "Wass_scaled": 0.007880143352919167, "Wass_multi": 0.4304122656134935, "time_wass": 0.05981071386486292}