{
	"nodecount" : 35,
	"peaknodes" : 36,
	"total_load_time" : 0.00861502,
	"build_time" : 0.00636101,
	"wmc_time" : 0.000444889
}
