{"distribution": "nm", "edges": [["X", "Y"]], "root_params": ["X ~ B(0.5)"], "experiment": 1, "not_root_params": "P(Y|X) ~ N(21,10) if X = 0.0 and P(Y|X) ~ N(25,1) if X = 1.0", "sample_size": 500, "means": 23.0, "disc_method": "EB", "bins": 25, "target_column": null, "CPT_method": "MLE", "time_disc": 0.019243037328124046, "time_cnf": 0.004026082344353199, "time_VE": 0.0010816012509167194, "time_BP": 0.003171086311340332, "RMSE": 0.02149709752294516, "WRMSE": 0.02148850040301611, "MAE": 0.02149279939283666, "PE": 0.1246481664057898, "exact_EV": 23.0, "disc_EV": 23.02866907827333, "Wass_scaled": 0.009460964532320044, "Wass_multi": 0.5374325614449778, "time_wass": 0.06662666704505682}