{
	"nodecount" : 20,
	"peaknodes" : 20,
	"total_load_time" : 0.00674605,
	"build_time" : 0.0030551,
	"wmc_time" : 0.000221014
}
