{
	"nodecount" : 60,
	"peaknodes" : 62,
	"total_load_time" : 0.0375659,
	"build_time" : 0.0108581,
	"wmc_time" : 0.000550032
}
