{"distribution": "nm", "edges": [["X", "Y"]], "root_params": ["X ~ B(0.5)"], "experiment": 1, "not_root_params": "P(Y|X) ~ N(21,10) if X = 0.0 and P(Y|X) ~ N(25,1) if X = 1.0", "sample_size": 500, "means": 23.0, "disc_method": "EV", "bins": 8, "target_column": null, "CPT_method": "MLE", "time_disc": 0.014147769194096327, "time_cnf": 0.5073234322480857, "time_VE": 0.0009696376509964466, "time_BP": 0.002615653909742832, "RMSE": 0.017838167578530892, "WRMSE": 0.017831033737982237, "MAE": 0.017834601014948603, "PE": 0.12464816640575889, "exact_EV": 23.0, "disc_EV": 23.028669078273325, "Wass_scaled": 0.11388508604616039, "Wass_multi": 1.4663349115834143, "time_wass": 0.06224364181980491}