{"distribution": "nm", "edges": [["X", "Y"]], "root_params": ["X ~ B(0.5)"], "experiment": 1, "not_root_params": "P(Y|X) ~ N(21,10) if X = 0.0 and P(Y|X) ~ N(25,1) if X = 1.0", "sample_size": 500, "means": 23.0, "disc_method": "EV", "bins": 30, "target_column": null, "CPT_method": "MLE", "time_disc": 0.01438072882592678, "time_cnf": 0.0034752031788229942, "time_VE": 0.0007893978618085384, "time_BP": 0.002390786074101925, "RMSE": 0.0023078726890259256, "WRMSE": 0.002306949724506409, "MAE": 0.0023074112529144486, "PE": 0.12464816640577432, "exact_EV": 23.0, "disc_EV": 23.028669078273328, "Wass_scaled": 0.052204193127753706, "Wass_multi": 0.4969726321161113, "time_wass": 0.06483573699370027}