{
	"nodecount" : 39,
	"peaknodes" : 40,
	"total_load_time" : 0.013479,
	"build_time" : 0.00662804,
	"wmc_time" : 0.000406981
}
