{
	"nodecount" : 1464,
	"peaknodes" : 1533,
	"total_load_time" : 0.139834,
	"build_time" : 0.067657,
	"wmc_time" : 0.00219893
}
