{"distribution": "lg", "edges": [["A", "D"], ["B", "D"], ["D", "E"], ["C", "E"]], "root_params": "A ~ N(20,20) B ~ N(20,20) C ~ N(15,15)", "experiment": 10, "not_root_params": "D   ~   N ( 2 A + 3 B , 2 )   E   ~   N ( 3 C + 3 D , 2 )", "sample_size": 3000, "means": {"A": 20, "B": 20, "C": 15, "D": 100, "E": 345}, "disc_method": "EV", "bins": 5, "target_column": null, "CPT_method": "MLE", "time_disc": 0.09061749999818858, "time_cnf": 0.009259099999326281, "time_VE": 0.0014278000016929582, "time_BP": 0.006322800007183105, "RMSE": 1.7181383358235802, "WRMSE": 1.7181383358235802, "MAE": 1.413262196720791, "PE": 0.03067945927723749, "exact_EV": 345, "disc_EV": 345.10584413450647, "Wass_scaled": 0.44089970389179545, "Wass_multi": 5.847184444116519, "time_wass": 4.566648099993472}