{"distribution": "lg", "edges": [["A", "D"], ["B", "D"], ["D", "E"], ["C", "E"]], "root_params": "A ~ N(20,20) B ~ N(20,20) C ~ N(15,15)", "experiment": 10, "not_root_params": "D   ~   N ( 2 A + 3 B , 2 )   E   ~   N ( 3 C + 3 D , 2 )", "sample_size": 3000, "means": {"A": 20, "B": 20, "C": 15, "D": 100, "E": 345}, "disc_method": "EV", "bins": 30, "target_column": null, "CPT_method": "MLE", "time_disc": 0.11287569999694824, "time_cnf": 0.7789118000073358, "time_VE": 0.0017771999991964549, "time_BP": 0.013279300008434802, "RMSE": 1.2220447659674252, "WRMSE": 1.2220447659674252, "MAE": 0.969349460759732, "PE": 0.0824897261154514, "exact_EV": 345, "disc_EV": 345.2845895550983, "Wass_scaled": 0.18541233541170463, "Wass_multi": 1.2537811310443951, "time_wass": 4.443389100008062}