{"distribution": "lg", "edges": [["A", "D"], ["B", "D"], ["D", "E"], ["C", "E"]], "root_params": "A ~ N(20,20) B ~ N(20,20) C ~ N(15,15)", "experiment": 10, "not_root_params": "D   ~   N ( 2 A + 3 B , 2 )   E   ~   N ( 3 C + 3 D , 2 )", "sample_size": 3000, "means": {"A": 20, "B": 20, "C": 15, "D": 100, "E": 345}, "disc_method": "MDLP", "bins": 2, "target_column": "E", "CPT_method": "MLE", "time_disc": 2.772692454047501, "time_cnf": 0.298036920838058, "time_VE": 0.001762408297508955, "time_BP": 0.006085627246648073, "RMSE": 0.6943897349456413, "WRMSE": 0.6490808083152333, "MAE": 0.6063112193801032, "PE": 0.06300067437940055, "exact_EV": 345, "disc_EV": 345.21735232660893, "Wass_scaled": 0.31204369728034853, "Wass_multi": 1.6801714851100267, "time_wass": 2.7893319497816265}