{
	"nodecount" : 55475,
	"peaknodes" : 55526,
	"total_load_time" : 2.76824,
	"build_time" : 2.58004,
	"wmc_time" : 0.0135579
}
