{"distribution": "lg", "edges": [["A", "D"], ["B", "D"], ["D", "E"], ["C", "E"]], "root_params": "A ~ N(20,20) B ~ N(20,20) C ~ N(15,15)", "experiment": 10, "not_root_params": "D   ~   N ( 2 A + 3 B , 2 )   E   ~   N ( 3 C + 3 D , 2 )", "sample_size": 3000, "means": {"A": 20, "B": 20, "C": 15, "D": 100, "E": 345}, "disc_method": "EB", "bins": 17, "target_column": null, "CPT_method": "MLE", "time_disc": 0.06000936217606068, "time_cnf": 0.2312084431760013, "time_VE": 0.002450054045766592, "time_BP": 0.007358331233263016, "RMSE": 8.51411834800846, "WRMSE": 1.8160911369235047, "MAE": 4.75760692819729, "PE": 0.059767051312400836, "exact_EV": 345, "disc_EV": 345.2061963270278, "Wass_scaled": 0.044414126645980774, "Wass_multi": 2.686917165704294, "time_wass": 2.7672367822378874}