{
	"nodecount" : 55475,
	"peaknodes" : 55526,
	"total_load_time" : 4.35239,
	"build_time" : 4.12179,
	"wmc_time" : 0.013109,
	"wmc_value" : 1,
	"bn_to_cnf_time" : 0.102876
}
