{"distribution": "lg", "edges": [["A", "D"], ["B", "D"], ["D", "E"], ["C", "E"]], "root_params": "A ~ N(20,20) B ~ N(20,20) C ~ N(15,15)", "experiment": 10, "not_root_params": "D   ~   N ( 2 A + 3 B , 2 )   E   ~   N ( 3 C + 3 D , 2 )", "sample_size": 3000, "means": {"A": 20, "B": 20, "C": 15, "D": 100, "E": 345}, "disc_method": "EV", "bins": 17, "target_column": null, "CPT_method": "MLE", "time_disc": 0.09985280000546481, "time_cnf": 0.13509339999291115, "time_VE": 0.0018050000071525574, "time_BP": 0.00936310000543017, "RMSE": 0.7063697435788054, "WRMSE": 0.7065646498775616, "MAE": 0.5869244732055696, "PE": 0.07258396558979151, "exact_EV": 345, "disc_EV": 345.2504146812848, "Wass_scaled": 0.23405801635573958, "Wass_multi": 2.0365812084513486, "time_wass": 4.649220399995102}