{
	"nodecount" : 21548,
	"peaknodes" : 21560,
	"total_load_time" : 1.19729,
	"build_time" : 0.971175,
	"wmc_time" : 0.00750685
}
