{
	"nodecount" : 76923,
	"peaknodes" : 77342,
	"total_load_time" : 5.75151,
	"build_time" : 5.42304,
	"wmc_time" : 0.0160751,
	"wmc_value" : 1,
	"bn_to_cnf_time" : 0.243493
}
