{
	"nodecount" : 10411,
	"peaknodes" : 10882,
	"total_load_time" : 0.943995,
	"build_time" : 0.821409,
	"wmc_time" : 0.00428391
}
