{
	"nodecount" : 82566,
	"peaknodes" : 86949,
	"total_load_time" : 10.5981,
	"build_time" : 9.4487,
	"wmc_time" : 0.0228391,
	"wmc_value" : 1,
	"bn_to_cnf_time" : 0.591525
}
