{"distribution": "lg", "edges": [["A", "D"], ["B", "D"], ["D", "E"], ["C", "E"]], "root_params": "A ~ N(20,20) B ~ N(20,20) C ~ N(15,15)", "experiment": 10, "not_root_params": "D   ~   N ( 2 A + 3 B , 2 )   E   ~   N ( 3 C + 3 D , 2 )", "sample_size": 3000, "means": {"A": 20, "B": 20, "C": 15, "D": 100, "E": 345}, "disc_method": "EV", "bins": 10, "target_column": null, "CPT_method": "MLE", "time_disc": 0.05661699874326587, "time_cnf": 0.20538504235446453, "time_VE": 0.0017693089321255684, "time_BP": 0.006298770196735859, "RMSE": 0.8995809267851057, "WRMSE": 0.8995809267851057, "MAE": 0.7675392280634924, "PE": 0.06184263009196872, "exact_EV": 345, "disc_EV": 345.2133570738173, "Wass_scaled": 0.2997001583214677, "Wass_multi": 3.198849084519465, "time_wass": 3.1780397328548133}