{"distribution": "lg", "edges": [["A", "D"], ["B", "D"], ["D", "E"], ["C", "E"]], "root_params": "A ~ N(20,20) B ~ N(20,20) C ~ N(15,15)", "experiment": 10, "not_root_params": "D   ~   N ( 2 A + 3 B , 2 )   E   ~   N ( 3 C + 3 D , 2 )", "sample_size": 3000, "means": {"A": 20, "B": 20, "C": 15, "D": 100, "E": 345}, "disc_method": "EV", "bins": 14, "target_column": null, "CPT_method": "MLE", "time_disc": 0.06227460689842701, "time_cnf": 0.2333799609914422, "time_VE": 0.002227252349257469, "time_BP": 0.006983209867030382, "RMSE": 0.7320699453822116, "WRMSE": 0.7324707260574412, "MAE": 0.5474921115793693, "PE": 0.05379913792832826, "exact_EV": 345, "disc_EV": 345.18560702585273, "Wass_scaled": 0.2551402644299067, "Wass_multi": 2.3872613021386924, "time_wass": 3.1145306220278144}