{"distribution": "lg", "edges": [["A", "D"], ["B", "D"], ["D", "E"], ["C", "E"]], "root_params": "A ~ N(20,20) B ~ N(20,20) C ~ N(15,15)", "experiment": 10, "not_root_params": "D   ~   N ( 2 A + 3 B , 2 )   E   ~   N ( 3 C + 3 D , 2 )", "sample_size": 3000, "means": {"A": 20, "B": 20, "C": 15, "D": 100, "E": 345}, "disc_method": "EV", "bins": 17, "target_column": null, "CPT_method": "MLE", "time_disc": 0.05608920194208622, "time_cnf": 0.2094391705468297, "time_VE": 0.002118420321494341, "time_BP": 0.007166544906795025, "RMSE": 0.7063697435788039, "WRMSE": 0.7065646498775602, "MAE": 0.5869244732055764, "PE": 0.07258396558979151, "exact_EV": 345, "disc_EV": 345.2504146812848, "Wass_scaled": 0.23405801635573958, "Wass_multi": 2.0365812084513486, "time_wass": 3.1432679910212755}