{"distribution": "lg", "edges": [["A", "D"], ["B", "D"], ["D", "E"], ["C", "E"]], "root_params": "A ~ N(20,20) B ~ N(20,20) C ~ N(15,15)", "experiment": 10, "not_root_params": "D   ~   N ( 2 A + 3 B , 2 )   E   ~   N ( 3 C + 3 D , 2 )", "sample_size": 3000, "means": {"A": 20, "B": 20, "C": 15, "D": 100, "E": 345}, "disc_method": "EV", "bins": 25, "target_column": null, "CPT_method": "MLE", "time_disc": 0.10415310000826139, "time_cnf": 0.4249569999956293, "time_VE": 0.0016476000018883497, "time_BP": 0.012427000008756295, "RMSE": 0.8663592581305618, "WRMSE": 0.8663592581305618, "MAE": 0.7140299577684687, "PE": 0.12137756586267259, "exact_EV": 345, "disc_EV": 345.4187526022262, "Wass_scaled": 0.19898766870391263, "Wass_multi": 1.437993027733967, "time_wass": 4.826465699996334}