{
	"nodecount" : 31901,
	"peaknodes" : 31901,
	"total_load_time" : 1.31362,
	"build_time" : 1.21152,
	"wmc_time" : 0.00977707
}
