{"distribution": "lg", "edges": [["A", "D"], ["B", "D"], ["D", "E"], ["C", "E"]], "root_params": "A ~ N(20,20) B ~ N(20,20) C ~ N(15,15)", "experiment": 10, "not_root_params": "D   ~   N ( 2 A + 3 B , 2 )   E   ~   N ( 3 C + 3 D , 2 )", "sample_size": 3000, "means": {"A": 20, "B": 20, "C": 15, "D": 100, "E": 345}, "disc_method": "EB", "bins": 25, "target_column": null, "CPT_method": "MLE", "time_disc": 0.06692059896886349, "time_cnf": 1.5949775069020689, "time_VE": 0.002050225157290697, "time_BP": 0.009440646041184664, "RMSE": 12.969867946572121, "WRMSE": 2.8668422322402765, "MAE": 7.696037339868473, "PE": 0.06761941173382197, "exact_EV": 345, "disc_EV": 345.2332869704817, "Wass_scaled": 0.029500063720915945, "Wass_multi": 1.8533329818388906, "time_wass": 2.5479579558596015}