{"distribution": "lg", "edges": [["A", "D"], ["B", "D"], ["D", "E"], ["C", "E"]], "root_params": "A ~ N(20,20) B ~ N(20,20) C ~ N(15,15)", "experiment": 10, "not_root_params": "D   ~   N ( 2 A + 3 B , 2 )   E   ~   N ( 3 C + 3 D , 2 )", "sample_size": 3000, "means": {"A": 20, "B": 20, "C": 15, "D": 100, "E": 345}, "disc_method": "EB", "bins": 12, "target_column": null, "CPT_method": "MLE", "time_disc": 0.05519053619354963, "time_cnf": 0.1560583938844502, "time_VE": 0.001928610261529684, "time_BP": 0.007544585969299078, "RMSE": 8.178408077811934, "WRMSE": 1.604334118549026, "MAE": 4.3535083436007795, "PE": 0.04319646359845863, "exact_EV": 345, "disc_EV": 345.1490277994147, "Wass_scaled": 0.06943843750968469, "Wass_multi": 3.855870841246562, "time_wass": 2.748361677862704}