{"distribution": "lg", "edges": [["A", "D"], ["B", "D"], ["D", "E"], ["C", "E"]], "root_params": "A ~ N(20,20) B ~ N(20,20) C ~ N(15,15)", "experiment": 10, "not_root_params": "D   ~   N ( 2 A + 3 B , 2 )   E   ~   N ( 3 C + 3 D , 2 )", "sample_size": 3000, "means": {"A": 20, "B": 20, "C": 15, "D": 100, "E": 345}, "disc_method": "EV", "bins": 12, "target_column": null, "CPT_method": "MLE", "time_disc": 0.10275020000699442, "time_cnf": 0.046493300003930926, "time_VE": 0.0015265999973053113, "time_BP": 0.00617160000547301, "RMSE": 0.7289670342860235, "WRMSE": 0.7289670342860235, "MAE": 0.5384761801978138, "PE": 0.05944803820627214, "exact_EV": 345, "disc_EV": 345.20509573181164, "Wass_scaled": 0.2738882152492566, "Wass_multi": 2.7171621635249488, "time_wass": 4.526043399993796}