{
	"nodecount" : 5683,
	"peaknodes" : 5683,
	"total_load_time" : 0.332034,
	"build_time" : 0.21255,
	"wmc_time" : 0.00394392
}
