{"distribution": "lg", "edges": [["A", "D"], ["B", "D"], ["D", "E"], ["C", "E"]], "root_params": "A ~ N(20,20) B ~ N(20,20) C ~ N(15,15)", "experiment": 10, "not_root_params": "D   ~   N ( 2 A + 3 B , 2 )   E   ~   N ( 3 C + 3 D , 2 )", "sample_size": 3000, "means": {"A": 20, "B": 20, "C": 15, "D": 100, "E": 345}, "disc_method": "EB", "bins": 20, "target_column": null, "CPT_method": "MLE", "time_disc": 0.0639241049066186, "time_cnf": 0.6998310112394392, "time_VE": 0.0022582709789276123, "time_BP": 0.007874132134020329, "RMSE": 11.370109799269569, "WRMSE": 2.3754258826397407, "MAE": 6.4155265763396185, "PE": 0.06573935587438876, "exact_EV": 345, "disc_EV": 345.22680077776664, "Wass_scaled": 0.03692901867441153, "Wass_multi": 2.288842068616704, "time_wass": 2.6954443198628724}