{"distribution": "lg", "edges": [["A", "D"], ["B", "D"], ["D", "E"], ["C", "E"]], "root_params": "A ~ N(20,20) B ~ N(20,20) C ~ N(15,15)", "experiment": 10, "not_root_params": "D   ~   N ( 2 A + 3 B , 2 )   E   ~   N ( 3 C + 3 D , 2 )", "sample_size": 3000, "means": {"A": 20, "B": 20, "C": 15, "D": 100, "E": 345}, "disc_method": "EB", "bins": 8, "target_column": null, "CPT_method": "MLE", "time_disc": 0.08944039999914821, "time_cnf": 0.015946799991070293, "time_VE": 0.0014284000062616542, "time_BP": 0.011187099997187033, "RMSE": 5.342769510032038, "WRMSE": 1.8758263296700404, "MAE": 3.909240169894858, "PE": 0.056791414348484635, "exact_EV": 345, "disc_EV": 345.1959303795023, "Wass_scaled": 0.09883324208484746, "Wass_multi": 5.587813765708861, "time_wass": 4.05110290000448}