{"distribution": "lg", "edges": [["A", "D"], ["B", "D"], ["D", "E"], ["C", "E"]], "root_params": "A ~ N(20,20) B ~ N(20,20) C ~ N(15,15)", "experiment": 10, "not_root_params": "D   ~   N ( 2 A + 3 B , 2 )   E   ~   N ( 3 C + 3 D , 2 )", "sample_size": 3000, "means": {"A": 20, "B": 20, "C": 15, "D": 100, "E": 345}, "disc_method": "EB", "bins": 10, "target_column": null, "CPT_method": "MLE", "time_disc": 0.0509622348472476, "time_cnf": 0.11455543199554086, "time_VE": 0.0016859490424394608, "time_BP": 0.005848926957696676, "RMSE": 5.336010102625083, "WRMSE": 1.5682968382435498, "MAE": 3.415762211409094, "PE": 0.06744607745206956, "exact_EV": 345, "disc_EV": 345.23268896720964, "Wass_scaled": 0.07673077181870631, "Wass_multi": 4.5122544279691015, "time_wass": 2.7369202277623117}