{
	"nodecount" : 3393,
	"peaknodes" : 3417,
	"total_load_time" : 0.334492,
	"build_time" : 0.195003,
	"wmc_time" : 0.00304103
}
