{
	"nodecount" : 38060,
	"peaknodes" : 39492,
	"total_load_time" : 3.4396,
	"build_time" : 3.10799,
	"wmc_time" : 0.0110919
}
