{"distribution": "lg", "edges": [["A", "D"], ["B", "D"], ["D", "E"], ["C", "E"]], "root_params": "A ~ N(20,20) B ~ N(20,20) C ~ N(15,15)", "experiment": 10, "not_root_params": "D   ~   N ( 2 A + 3 B , 2 )   E   ~   N ( 3 C + 3 D , 2 )", "sample_size": 3000, "means": {"A": 20, "B": 20, "C": 15, "D": 100, "E": 345}, "disc_method": "EB", "bins": 20, "target_column": null, "CPT_method": "MLE", "time_disc": 0.09900210000341758, "time_cnf": 0.2177211999951396, "time_VE": 0.0028027000080328435, "time_BP": 0.00819999999657739, "RMSE": 11.370109799269574, "WRMSE": 2.3754258826397443, "MAE": 6.415526576339625, "PE": 0.06573935587438876, "exact_EV": 345, "disc_EV": 345.22680077776664, "Wass_scaled": 0.03692901867441153, "Wass_multi": 2.288842068616704, "time_wass": 3.8890824999980396}