{
	"nodecount" : 57552,
	"peaknodes" : 60282,
	"total_load_time" : 8.05661,
	"build_time" : 7.28653,
	"wmc_time" : 0.0260489,
	"wmc_value" : 1,
	"bn_to_cnf_time" : 0.307685
}
