{
	"nodecount" : 13039,
	"peaknodes" : 13140,
	"total_load_time" : 0.63037,
	"build_time" : 0.542392,
	"wmc_time" : 0.00473285
}
