{"distribution": "nm", "edges": [["X", "Y"]], "root_params": ["X ~ B(0.5)"], "experiment": 7, "not_root_params": "P(Y|X) ~ N(6,2) if X = 0.0 and P(Y|X) ~ N(4,2) if X = 1.0", "sample_size": 100, "means": 5.0, "disc_method": "EB", "bins": 8, "target_column": null, "CPT_method": "MLE", "time_disc": 0.014009624253958464, "time_cnf": 0.23078774381428957, "time_VE": 0.0009177499450743198, "time_BP": 0.002516346052289009, "RMSE": 0.017291065000528953, "WRMSE": 0.01718075404997168, "MAE": 0.01723599777468854, "PE": 3.010503014958541, "exact_EV": 5.0, "disc_EV": 5.150525150747927, "Wass_scaled": 0.03829658090076303, "Wass_multi": 0.342464562641812, "time_wass": 0.010207869112491608}