{"distribution": "nm", "edges": [["X", "Y"]], "root_params": ["X ~ B(0.5)"], "experiment": 7, "not_root_params": "P(Y|X) ~ N(6,2) if X = 0.0 and P(Y|X) ~ N(4,2) if X = 1.0", "sample_size": 100, "means": 5.0, "disc_method": "EV", "bins": 5, "target_column": null, "CPT_method": "MLE", "time_disc": 0.014844682067632675, "time_cnf": 0.37899656500667334, "time_VE": 0.001168212853372097, "time_BP": 0.002771747764199972, "RMSE": 0.03938651801950558, "WRMSE": 0.03913524580222224, "MAE": 0.0392610829301816, "PE": 3.010503014958541, "exact_EV": 5.0, "disc_EV": 5.150525150747927, "Wass_scaled": 0.13860277922638314, "Wass_multi": 0.508991066835598, "time_wass": 0.011816552840173244}