{"distribution": "nm", "edges": [["X", "Y"]], "root_params": ["X ~ B(0.5)"], "experiment": 7, "not_root_params": "P(Y|X) ~ N(6,2) if X = 0.0 and P(Y|X) ~ N(4,2) if X = 1.0", "sample_size": 100, "means": 5.0, "disc_method": "MDLP", "bins": 2, "target_column": "Y", "CPT_method": "MLE", "time_disc": 0.023093663156032562, "time_cnf": 0.5874689142219722, "time_VE": 0.001223485916852951, "time_BP": 0.003314489033073187, "RMSE": 0.007155059383468701, "WRMSE": 0.007109412605675664, "MAE": 0.007132272512274884, "PE": 3.010503014958541, "exact_EV": 5.0, "disc_EV": 5.150525150747927, "Wass_scaled": 0.02016056524823532, "Wass_multi": 0.23499203065438443, "time_wass": 0.011552025564014912}