{
	"nodecount" : 53,
	"peaknodes" : 53,
	"total_load_time" : 0.130321,
	"build_time" : 0.0104101,
	"wmc_time" : 0.000485897
}
