{"distribution": "nm", "edges": [["X", "Y"]], "root_params": ["X ~ B(0.5)"], "experiment": 7, "not_root_params": "P(Y|X) ~ N(6,2) if X = 0.0 and P(Y|X) ~ N(4,2) if X = 1.0", "sample_size": 100, "means": 5.0, "disc_method": "EV", "bins": 8, "target_column": null, "CPT_method": "MLE", "time_disc": 0.0188874420709908, "time_cnf": 0.566826987080276, "time_VE": 0.001385288778692484, "time_BP": 0.003985219169408083, "RMSE": 0.08137638433175803, "WRMSE": 0.08085723144509209, "MAE": 0.08111722321392412, "PE": 3.0105030149585588, "exact_EV": 5.0, "disc_EV": 5.150525150747928, "Wass_scaled": 0.09919505576709853, "Wass_multi": 0.3429012089851461, "time_wass": 0.014949752017855644}