{
	"nodecount" : 24,
	"peaknodes" : 24,
	"total_load_time" : 0.0067389,
	"build_time" : 0.00304794,
	"wmc_time" : 0.000252008
}
