{
	"nodecount" : 43,
	"peaknodes" : 43,
	"total_load_time" : 0.0269721,
	"build_time" : 0.00595903,
	"wmc_time" : 0.000387907
}
