{
	"nodecount" : 30,
	"peaknodes" : 30,
	"total_load_time" : 0.00734115,
	"build_time" : 0.00348592,
	"wmc_time" : 0.00027895
}
