{"distribution": "nm", "edges": [["X", "Y"]], "root_params": ["X ~ B(0.5)"], "experiment": 7, "not_root_params": "P(Y|X) ~ N(6,2) if X = 0.0 and P(Y|X) ~ N(4,2) if X = 1.0", "sample_size": 100, "means": 5.0, "disc_method": "EV", "bins": 25, "target_column": null, "CPT_method": "MLE", "time_disc": 0.020907923113554716, "time_cnf": 0.003870738670229912, "time_VE": 0.0011341413483023643, "time_BP": 0.003323171753436327, "RMSE": 0.011842307909537973, "WRMSE": 0.011766758124591128, "MAE": 0.011804593457356738, "PE": 3.0105030149585232, "exact_EV": 5.0, "disc_EV": 5.150525150747926, "Wass_scaled": 0.05225150537482645, "Wass_multi": 0.13713334572308963, "time_wass": 0.012759219855070114}