{
	"nodecount" : 53,
	"peaknodes" : 54,
	"total_load_time" : 0.0144801,
	"build_time" : 0.0109658,
	"wmc_time" : 0.000495195
}
