{
	"nodecount" : 35,
	"peaknodes" : 35,
	"total_load_time" : 0.401263,
	"build_time" : 0.00525093,
	"wmc_time" : 0.000355005
}
