{
	"nodecount" : 51,
	"peaknodes" : 55,
	"total_load_time" : 0.0150928,
	"build_time" : 0.0123041,
	"wmc_time" : 0.000505924
}
