{
	"nodecount" : 36,
	"peaknodes" : 38,
	"total_load_time" : 0.00804281,
	"build_time" : 0.00545216,
	"wmc_time" : 0.000335932
}
