{"distribution": "nm", "edges": [["X", "Y"]], "root_params": ["X ~ B(0.5)"], "experiment": 7, "not_root_params": "P(Y|X) ~ N(6,2) if X = 0.0 and P(Y|X) ~ N(4,2) if X = 1.0", "sample_size": 100, "means": 5.0, "disc_method": "EB", "bins": 10, "target_column": null, "CPT_method": "MLE", "time_disc": 0.0215975739993155, "time_cnf": 0.22285239212214947, "time_VE": 0.001076871994882822, "time_BP": 0.00281962426379323, "RMSE": 0.03827615428489855, "WRMSE": 0.03803196580011088, "MAE": 0.03815425539479289, "PE": 3.0105030149585588, "exact_EV": 5.0, "disc_EV": 5.150525150747928, "Wass_scaled": 0.02687124374916896, "Wass_multi": 0.26545943226055513, "time_wass": 0.010778414085507393}