{
	"nodecount" : 44,
	"peaknodes" : 54,
	"total_load_time" : 0.0140162,
	"build_time" : 0.011389,
	"wmc_time" : 0.000518084
}
