{
	"nodecount" : 41,
	"peaknodes" : 44,
	"total_load_time" : 0.012836,
	"build_time" : 0.0101531,
	"wmc_time" : 0.000461102
}
