{
	"nodecount" : 42,
	"peaknodes" : 43,
	"total_load_time" : 0.00919199,
	"build_time" : 0.00692201,
	"wmc_time" : 0.00048089
}
