{"distribution": "nm", "edges": [["X", "Y"]], "root_params": ["X ~ B(0.5)"], "experiment": 7, "not_root_params": "P(Y|X) ~ N(6,2) if X = 0.0 and P(Y|X) ~ N(4,2) if X = 1.0", "sample_size": 100, "means": 5.0, "disc_method": "EV", "bins": 10, "target_column": null, "CPT_method": "MLE", "time_disc": 0.014865675009787083, "time_cnf": 0.47580253705382347, "time_VE": 0.0010698861442506313, "time_BP": 0.003464055247604847, "RMSE": 0.03301452991575209, "WRMSE": 0.03280390875522222, "MAE": 0.03290938783370967, "PE": 3.0105030149585232, "exact_EV": 5.0, "disc_EV": 5.150525150747926, "Wass_scaled": 0.0819473579056322, "Wass_multi": 0.28256569611251814, "time_wass": 0.014156912919133902}