{"distribution": "nm", "edges": [["X", "Y"]], "root_params": ["X ~ B(0.5)"], "experiment": 7, "not_root_params": "P(Y|X) ~ N(6,2) if X = 0.0 and P(Y|X) ~ N(4,2) if X = 1.0", "sample_size": 100, "means": 5.0, "disc_method": "EV", "bins": 17, "target_column": null, "CPT_method": "MLE", "time_disc": 0.014379224739968777, "time_cnf": 0.021615928038954735, "time_VE": 0.0008601881563663483, "time_BP": 0.0025252248160541058, "RMSE": 0.0019522344336221668, "WRMSE": 0.0019397798603452854, "MAE": 0.001946017110718845, "PE": 3.0105030149585055, "exact_EV": 5.0, "disc_EV": 5.150525150747925, "Wass_scaled": 0.062216849316369414, "Wass_multi": 0.18829131847901065, "time_wass": 0.01025219401344657}