{
	"nodecount" : 30,
	"peaknodes" : 30,
	"total_load_time" : 0.00722814,
	"build_time" : 0.00368714,
	"wmc_time" : 0.00028491
}
