{"distribution": "nm", "edges": [["X", "Y"]], "root_params": ["X ~ B(0.5)"], "experiment": 7, "not_root_params": "P(Y|X) ~ N(6,2) if X = 0.0 and P(Y|X) ~ N(4,2) if X = 1.0", "sample_size": 100, "means": 5.0, "disc_method": "EB", "bins": 12, "target_column": null, "CPT_method": "MLE", "time_disc": 0.01947788381949067, "time_cnf": 0.3301401478238404, "time_VE": 0.0010766568593680859, "time_BP": 0.0027981549501419067, "RMSE": 0.022479770182044514, "WRMSE": 0.022336357106157397, "MAE": 0.022408178375442844, "PE": 3.0105030149585232, "exact_EV": 5.0, "disc_EV": 5.150525150747926, "Wass_scaled": 0.024042623019254764, "Wass_multi": 0.22834349863650075, "time_wass": 0.013342348858714104}