{"distribution": "nm", "edges": [["X", "Y"]], "root_params": ["X ~ B(0.8)"], "experiment": 8, "not_root_params": "P(Y|X) ~ N(6,2) if X = 0.0 and P(Y|X) ~ N(4,2) if X = 1.0", "sample_size": 100, "means": 5.6000000000000005, "disc_method": "EV", "bins": 14, "target_column": null, "Wass1D": 0.6063342312584711, "Wass_multi": 0.6161736680385292, "RMSE": 0.01837103179976478, "WRMSE": 0.012945490314298168, "MAE": 0.00033749480938796884}