{"distribution": "nm", "edges": [["X", "Y"]], "root_params": ["X ~ B(0.8)"], "experiment": 8, "not_root_params": "P(Y|X) ~ N(6,2) if X = 0.0 and P(Y|X) ~ N(4,2) if X = 1.0", "sample_size": 100, "means": 5.6000000000000005, "disc_method": "EB", "bins": 8, "target_column": null, "Wass1D": 0.5632030498427697, "Wass_multi": 0.5894371100852933, "RMSE": 0.02776895742317836, "WRMSE": 0.019567913946157384, "MAE": 0.0007711149963702925}