{"distribution": "nm", "edges": [["X", "Y"]], "root_params": ["X ~ B(0.8)"], "experiment": 8, "not_root_params": "P(Y|X) ~ N(6,2) if X = 0.0 and P(Y|X) ~ N(4,2) if X = 1.0", "sample_size": 100, "means": 5.6000000000000005, "disc_method": "EB", "bins": 10, "target_column": null, "Wass1D": 0.3895864978153838, "Wass_multi": 0.43303583407870055, "RMSE": 0.057564568419433505, "WRMSE": 0.040563947144769665, "MAE": 0.003313679537315641}