{"distribution": "nm", "edges": [["X", "Y"]], "root_params": ["X ~ B(0.8)"], "experiment": 8, "not_root_params": "P(Y|X) ~ N(6,2) if X = 0.0 and P(Y|X) ~ N(4,2) if X = 1.0", "sample_size": 100, "means": 5.6000000000000005, "disc_method": "EB", "bins": 5, "target_column": null, "Wass1D": 0.5847566733729965, "Wass_multi": 0.6384124645124406, "RMSE": 0.04546455609463977, "WRMSE": 0.03203744770473715, "MAE": 0.002067025860882646}