{"distribution": "nm", "edges": [["X", "Y"]], "root_params": ["X ~ B(0.8)"], "experiment": 8, "not_root_params": "P(Y|X) ~ N(6,2) if X = 0.0 and P(Y|X) ~ N(4,2) if X = 1.0", "sample_size": 100, "means": 5.6000000000000005, "disc_method": "EV", "bins": 10, "target_column": null, "Wass1D": 0.38305315334295725, "Wass_multi": 0.41810530177559285, "RMSE": 0.02163292374264568, "WRMSE": 0.01524404333043306, "MAE": 0.0004679833896551232}