{"distribution": "nm", "edges": [["X", "Y"]], "root_params": ["X ~ B(0.8)"], "experiment": 8, "not_root_params": "P(Y|X) ~ N(6,2) if X = 0.0 and P(Y|X) ~ N(4,2) if X = 1.0", "sample_size": 100, "means": 5.6000000000000005, "disc_method": "EV", "bins": 12, "target_column": null, "Wass1D": 0.29593016408848954, "Wass_multi": 0.32599400165754405, "RMSE": 0.01321353292197571, "WRMSE": 0.00931116250429041, "MAE": 0.00017459745228013592}