{"distribution": "lg", "edges": [["A", "D"], ["B", "D"], ["D", "E"], ["C", "E"]], "root_params": "A ~ N(20,20) B ~ N(20,20) C ~ N(15,15)", "experiment": 123, "not_root_params": "D   ~   N ( 2 A + 3 B , 4 . 0 9 3 7 5 )   E   ~   N ( 3 C + 3 D , 4 . 0 9 3 7 5 )", "sample_size": 1466, "means": {"A": 20, "B": 20, "C": 15, "D": 100, "E": 345}, "disc_method": "EV", "bins": 30, "target_column": null, "CPT_method": "MLE", "time_disc": 0.12753990000055637, "time_cnf": 1.0550729999959003, "time_VE": 0.0018859999981941655, "time_BP": 0.014648500000475906, "RMSE": 8.631862570557622, "WRMSE": 8.638089886938959, "MAE": 6.840470909500478, "PE": 0.14350491470494214, "exact_EV": 345, "disc_EV": 344.50490804426795, "Wass_scaled": 0.1853039151278452, "Wass_multi": 2.555360066047651, "time_wass": 1.143921599999885}