{"distribution": "lg", "edges": [["A", "D"], ["B", "D"], ["D", "E"], ["C", "E"]], "root_params": "A ~ N(20,20) B ~ N(20,20) C ~ N(15,15)", "experiment": 123, "not_root_params": "D   ~   N ( 2 A + 3 B , 4 . 0 9 3 7 5 )   E   ~   N ( 3 C + 3 D , 4 . 0 9 3 7 5 )", "sample_size": 1466, "means": {"A": 20, "B": 20, "C": 15, "D": 100, "E": 345}, "disc_method": "EB", "bins": 14, "target_column": null, "CPT_method": "MLE", "time_disc": 0.07070172531530261, "time_cnf": 0.25209487695246935, "time_VE": 0.002070459071546793, "time_BP": 0.009054302703589201, "RMSE": 14.433156274007539, "WRMSE": 4.986055957009557, "MAE": 9.514948457577276, "PE": 0.042706493718815575, "exact_EV": 345, "disc_EV": 345.1473374033299, "Wass_scaled": 0.05645273205066364, "Wass_multi": 6.507785637975366, "time_wass": 0.8765436112880707}