{
	"nodecount" : 1457,
	"peaknodes" : 1457,
	"total_load_time" : 0.68995,
	"build_time" : 0.608145,
	"wmc_time" : 0.00219607
}
