{
	"nodecount" : 51167,
	"peaknodes" : 55420,
	"total_load_time" : 10.5474,
	"build_time" : 9.39002,
	"wmc_time" : 0.0141108,
	"wmc_value" : 1,
	"bn_to_cnf_time" : 0.690449
}
