{"distribution": "lg", "edges": [["A", "D"], ["B", "D"], ["D", "E"], ["C", "E"]], "root_params": "A ~ N(20,20) B ~ N(20,20) C ~ N(15,15)", "experiment": 123, "not_root_params": "D   ~   N ( 2 A + 3 B , 4 . 0 9 3 7 5 )   E   ~   N ( 3 C + 3 D , 4 . 0 9 3 7 5 )", "sample_size": 1466, "means": {"A": 20, "B": 20, "C": 15, "D": 100, "E": 345}, "disc_method": "EV", "bins": 5, "target_column": null, "CPT_method": "MLE", "time_disc": 0.10631760000251234, "time_cnf": 0.00890229998913128, "time_VE": 0.0018986999930348247, "time_BP": 0.014517899995553307, "RMSE": 2.9046490143058192, "WRMSE": 2.9070091259846564, "MAE": 2.1986250596519654, "PE": 0.05753508263204413, "exact_EV": 345, "disc_EV": 344.80150396491945, "Wass_scaled": 0.439550273468163, "Wass_multi": 12.03408203533916, "time_wass": 1.1334534000052372}