{
	"nodecount" : 1013,
	"peaknodes" : 1087,
	"total_load_time" : 0.134285,
	"build_time" : 0.119173,
	"wmc_time" : 0.00399709,
	"wmc_value" : 1,
	"bn_to_cnf_time" : 0.00887918
}
