{"distribution": "lg", "edges": [["A", "D"], ["B", "D"], ["D", "E"], ["C", "E"]], "root_params": "A ~ N(20,20) B ~ N(20,20) C ~ N(15,15)", "experiment": 123, "not_root_params": "D   ~   N ( 2 A + 3 B , 4 . 0 9 3 7 5 )   E   ~   N ( 3 C + 3 D , 4 . 0 9 3 7 5 )", "sample_size": 1466, "means": {"A": 20, "B": 20, "C": 15, "D": 100, "E": 345}, "disc_method": "EB", "bins": 14, "target_column": null, "CPT_method": "MLE", "time_disc": 0.12138869999034796, "time_cnf": 0.07957179998629726, "time_VE": 0.002384799998253584, "time_BP": 0.016074300001491793, "RMSE": 14.43315627400753, "WRMSE": 4.986055957009556, "MAE": 9.514948457577276, "PE": 0.042706493718815575, "exact_EV": 345, "disc_EV": 345.1473374033299, "Wass_scaled": 0.05645273205066364, "Wass_multi": 6.507785637975366, "time_wass": 1.049003599997377}