{"distribution": "lg", "edges": [["A", "D"], ["B", "D"], ["D", "E"], ["C", "E"]], "root_params": "A ~ N(20,20) B ~ N(20,20) C ~ N(15,15)", "experiment": 123, "not_root_params": "D   ~   N ( 2 A + 3 B , 4 . 0 9 3 7 5 )   E   ~   N ( 3 C + 3 D , 4 . 0 9 3 7 5 )", "sample_size": 1466, "means": {"A": 20, "B": 20, "C": 15, "D": 100, "E": 345}, "disc_method": "EB", "bins": 30, "target_column": null, "CPT_method": "MLE", "time_disc": 0.1226361999870278, "time_cnf": 0.8549173000064911, "time_VE": 0.0020538999960990623, "time_BP": 0.012871999992057681, "RMSE": 31.097794750462853, "WRMSE": 10.937813374481298, "MAE": 21.79344429639116, "PE": 0.21399122769449222, "exact_EV": 345, "disc_EV": 345.738269735546, "Wass_scaled": 0.02394402341525465, "Wass_multi": 3.0572696701286426, "time_wass": 0.9349077999941073}