{
	"nodecount" : 19345,
	"peaknodes" : 20572,
	"total_load_time" : 2.11298,
	"build_time" : 1.96121,
	"wmc_time" : 0.00730991
}
