{"distribution": "lg", "edges": [["A", "D"], ["B", "D"], ["D", "E"], ["C", "E"]], "root_params": "A ~ N(20,20) B ~ N(20,20) C ~ N(15,15)", "experiment": 123, "not_root_params": "D   ~   N ( 2 A + 3 B , 4 . 0 9 3 7 5 )   E   ~   N ( 3 C + 3 D , 4 . 0 9 3 7 5 )", "sample_size": 1466, "means": {"A": 20, "B": 20, "C": 15, "D": 100, "E": 345}, "disc_method": "EV", "bins": 17, "target_column": null, "CPT_method": "MLE", "time_disc": 0.1138109000021359, "time_cnf": 0.17514700000174344, "time_VE": 0.0018164000066462904, "time_BP": 0.013703199991141446, "RMSE": 1.8048610139800638, "WRMSE": 1.8043187802761984, "MAE": 1.5163596332418379, "PE": 0.06660396739356247, "exact_EV": 345, "disc_EV": 344.7702163124922, "Wass_scaled": 0.23668851045874473, "Wass_multi": 4.140669318015156, "time_wass": 1.1705883999966318}