{
	"nodecount" : 12667,
	"peaknodes" : 13354,
	"total_load_time" : 1.24438,
	"build_time" : 1.08562,
	"wmc_time" : 0.00747681
}
