{"distribution": "lg", "edges": [["A", "D"], ["B", "D"], ["D", "E"], ["C", "E"]], "root_params": "A ~ N(20,20) B ~ N(20,20) C ~ N(15,15)", "experiment": 123, "not_root_params": "D   ~   N ( 2 A + 3 B , 4 . 0 9 3 7 5 )   E   ~   N ( 3 C + 3 D , 4 . 0 9 3 7 5 )", "sample_size": 1466, "means": {"A": 20, "B": 20, "C": 15, "D": 100, "E": 345}, "disc_method": "EB", "bins": 25, "target_column": null, "CPT_method": "MLE", "time_disc": 0.1290817999979481, "time_cnf": 0.46289100000285544, "time_VE": 0.0031961999920895323, "time_BP": 0.02498849999392405, "RMSE": 28.289108808892113, "WRMSE": 9.119169440965601, "MAE": 18.744472157910355, "PE": 0.08606612320681632, "exact_EV": 345, "disc_EV": 345.2969281250635, "Wass_scaled": 0.028572245801290103, "Wass_multi": 3.7084561950581523, "time_wass": 0.9813101000036113}