{
	"nodecount" : 5396,
	"peaknodes" : 5396,
	"total_load_time" : 0.320477,
	"build_time" : 0.224487,
	"wmc_time" : 0.00390911
}
