{
	"nodecount" : 6258,
	"peaknodes" : 6541,
	"total_load_time" : 1.17587,
	"build_time" : 1.09484,
	"wmc_time" : 0.00520992,
	"wmc_value" : 1,
	"bn_to_cnf_time" : 0.0249398
}
