{"distribution": "lg", "edges": [["A", "D"], ["B", "D"], ["D", "E"], ["C", "E"]], "root_params": "A ~ N(20,20) B ~ N(20,20) C ~ N(15,15)", "experiment": 123, "not_root_params": "D   ~   N ( 2 A + 3 B , 4 . 0 9 3 7 5 )   E   ~   N ( 3 C + 3 D , 4 . 0 9 3 7 5 )", "sample_size": 1466, "means": {"A": 20, "B": 20, "C": 15, "D": 100, "E": 345}, "disc_method": "EV", "bins": 17, "target_column": null, "CPT_method": "MLE", "time_disc": 0.06844999687746167, "time_cnf": 0.2363602858968079, "time_VE": 0.002001747954636812, "time_BP": 0.007945535704493523, "RMSE": 1.8048610139800596, "WRMSE": 1.8043187802761942, "MAE": 1.5163596332418345, "PE": 0.06660396739356247, "exact_EV": 345, "disc_EV": 344.7702163124922, "Wass_scaled": 0.23668851045874473, "Wass_multi": 4.140669318015156, "time_wass": 1.0716928150504827}