{
	"nodecount" : 9103,
	"peaknodes" : 9592,
	"total_load_time" : 0.898037,
	"build_time" : 0.78111,
	"wmc_time" : 0.00635219
}
