{
	"nodecount" : 9103,
	"peaknodes" : 9592,
	"total_load_time" : 1.53453,
	"build_time" : 1.45595,
	"wmc_time" : 0.00743794,
	"wmc_value" : 1,
	"bn_to_cnf_time" : 0.0429425
}
