{"distribution": "lg", "edges": [["A", "D"], ["B", "D"], ["D", "E"], ["C", "E"]], "root_params": "A ~ N(20,20) B ~ N(20,20) C ~ N(15,15)", "experiment": 123, "not_root_params": "D   ~   N ( 2 A + 3 B , 4 . 0 9 3 7 5 )   E   ~   N ( 3 C + 3 D , 4 . 0 9 3 7 5 )", "sample_size": 1466, "means": {"A": 20, "B": 20, "C": 15, "D": 100, "E": 345}, "disc_method": "EV", "bins": 14, "target_column": null, "CPT_method": "MLE", "time_disc": 0.1262567000085255, "time_cnf": 0.10437929999898188, "time_VE": 0.0030350000015459955, "time_BP": 0.011016300006303936, "RMSE": 1.7005001748781015, "WRMSE": 1.7006237644702014, "MAE": 1.4319072698748982, "PE": 0.05698601090066536, "exact_EV": 345, "disc_EV": 344.8033982623927, "Wass_scaled": 0.2579771744070619, "Wass_multi": 5.019946191255701, "time_wass": 1.258921000000555}