{"distribution": "lg", "edges": [["A", "D"], ["B", "D"], ["D", "E"], ["C", "E"]], "root_params": "A ~ N(20,20) B ~ N(20,20) C ~ N(15,15)", "experiment": 123, "not_root_params": "D   ~   N ( 2 A + 3 B , 4 . 0 9 3 7 5 )   E   ~   N ( 3 C + 3 D , 4 . 0 9 3 7 5 )", "sample_size": 1466, "means": {"A": 20, "B": 20, "C": 15, "D": 100, "E": 345}, "disc_method": "EB", "bins": 20, "target_column": null, "CPT_method": "MLE", "time_disc": 0.08016374381259084, "time_cnf": 0.5538825318217278, "time_VE": 0.0023700501769781113, "time_BP": 0.009761928115040064, "RMSE": 23.716194657726497, "WRMSE": 6.993759924495309, "MAE": 15.14460453400863, "PE": 0.09375524369355172, "exact_EV": 345, "disc_EV": 345.32345559074275, "Wass_scaled": 0.0377601582776963, "Wass_multi": 4.711641651727885, "time_wass": 0.804394019767642}