{"distribution": "lg", "edges": [["A", "D"], ["B", "D"], ["D", "E"], ["C", "E"]], "root_params": "A ~ N(20,20) B ~ N(20,20) C ~ N(15,15)", "experiment": 123, "not_root_params": "D   ~   N ( 2 A + 3 B , 4 . 0 9 3 7 5 )   E   ~   N ( 3 C + 3 D , 4 . 0 9 3 7 5 )", "sample_size": 1466, "means": {"A": 20, "B": 20, "C": 15, "D": 100, "E": 345}, "disc_method": "EB", "bins": 8, "target_column": null, "CPT_method": "MLE", "time_disc": 0.12312289999681525, "time_cnf": 0.02141000000119675, "time_VE": 0.0031530999985989183, "time_BP": 0.015631799993570894, "RMSE": 8.618143928564596, "WRMSE": 3.774922721195344, "MAE": 6.285653355713272, "PE": 0.0070348205610861305, "exact_EV": 345, "disc_EV": 344.97572986906425, "Wass_scaled": 0.1197544572476632, "Wass_multi": 11.269066248840451, "time_wass": 1.1750055000011344}