{
	"nodecount" : 24382,
	"peaknodes" : 24792,
	"total_load_time" : 1.55158,
	"build_time" : 1.373,
	"wmc_time" : 0.007447
}
