{"distribution": "lg", "edges": [["A", "D"], ["B", "D"], ["D", "E"], ["C", "E"]], "root_params": "A ~ N(20,20) B ~ N(20,20) C ~ N(15,15)", "experiment": 123, "not_root_params": "D   ~   N ( 2 A + 3 B , 4 . 0 9 3 7 5 )   E   ~   N ( 3 C + 3 D , 4 . 0 9 3 7 5 )", "sample_size": 1466, "means": {"A": 20, "B": 20, "C": 15, "D": 100, "E": 345}, "disc_method": "MDLP", "bins": 2, "target_column": "E", "CPT_method": "MLE", "time_disc": 1.4678708999999799, "time_cnf": 0.06473110000661109, "time_VE": 0.002385799991316162, "time_BP": 0.018087199990986846, "RMSE": 1.9074933016560673, "WRMSE": 1.7570161508538218, "MAE": 1.53410545770015, "PE": 0.053128230408641466, "exact_EV": 345, "disc_EV": 344.8167076050902, "Wass_scaled": 0.35955130658747514, "Wass_multi": 4.429945112495029, "time_wass": 1.0810166000010213}