{
	"nodecount" : 1457,
	"peaknodes" : 1457,
	"total_load_time" : 1.79984,
	"build_time" : 1.67678,
	"wmc_time" : 0.00365901,
	"wmc_value" : 1,
	"bn_to_cnf_time" : 0.0490696
}
