{
	"nodecount" : 6258,
	"peaknodes" : 6541,
	"total_load_time" : 0.829027,
	"build_time" : 0.49978,
	"wmc_time" : 0.00421095
}
