{"distribution": "lg", "edges": [["A", "D"], ["B", "D"], ["D", "E"], ["C", "E"]], "root_params": "A ~ N(20,20) B ~ N(20,20) C ~ N(15,15)", "experiment": 123, "not_root_params": "D   ~   N ( 2 A + 3 B , 4 . 0 9 3 7 5 )   E   ~   N ( 3 C + 3 D , 4 . 0 9 3 7 5 )", "sample_size": 1466, "means": {"A": 20, "B": 20, "C": 15, "D": 100, "E": 345}, "disc_method": "EB", "bins": 25, "target_column": null, "CPT_method": "MLE", "time_disc": 0.09849721984937787, "time_cnf": 1.396047028247267, "time_VE": 0.0022072908468544483, "time_BP": 0.010579179041087627, "RMSE": 28.289108808892106, "WRMSE": 9.119169440965598, "MAE": 18.74447215791035, "PE": 0.08606612320681632, "exact_EV": 345, "disc_EV": 345.2969281250635, "Wass_scaled": 0.028572245801290103, "Wass_multi": 3.7084561950581523, "time_wass": 0.7557314299046993}