{
	"nodecount" : 58515,
	"peaknodes" : 64598,
	"total_load_time" : 5.08738,
	"build_time" : 4.45744,
	"wmc_time" : 0.0259459
}
