{
	"nodecount" : 51167,
	"peaknodes" : 55420,
	"total_load_time" : 6.47399,
	"build_time" : 5.56094,
	"wmc_time" : 0.017401
}
