{
	"nodecount" : 58232,
	"peaknodes" : 66994,
	"total_load_time" : 7.75605,
	"build_time" : 6.66034,
	"wmc_time" : 0.0205948
}
