{"distribution": "lg", "edges": [["A", "D"], ["B", "D"], ["D", "E"], ["C", "E"]], "root_params": "A ~ N(20,20) B ~ N(20,20) C ~ N(15,15)", "experiment": 123, "not_root_params": "D   ~   N ( 2 A + 3 B , 4 . 0 9 3 7 5 )   E   ~   N ( 3 C + 3 D , 4 . 0 9 3 7 5 )", "sample_size": 1466, "means": {"A": 20, "B": 20, "C": 15, "D": 100, "E": 345}, "disc_method": "EV", "bins": 20, "target_column": null, "CPT_method": "MLE", "time_disc": 0.1002921680919826, "time_cnf": 0.6877865833230317, "time_VE": 0.0024411892518401146, "time_BP": 0.009197406005114317, "RMSE": 2.5174996210641134, "WRMSE": 2.5172615126477944, "MAE": 2.180553336415713, "PE": 0.2387425058416086, "exact_EV": 345, "disc_EV": 344.17633835484645, "Wass_scaled": 0.2201178562363125, "Wass_multi": 3.5416581283498227, "time_wass": 1.0583758098073304}