{"distribution": "lg", "edges": [["A", "D"], ["B", "D"], ["D", "E"], ["C", "E"]], "root_params": "A ~ N(20,20) B ~ N(20,20) C ~ N(15,15)", "experiment": 123, "not_root_params": "D   ~   N ( 2 A + 3 B , 4 . 0 9 3 7 5 )   E   ~   N ( 3 C + 3 D , 4 . 0 9 3 7 5 )", "sample_size": 1466, "means": {"A": 20, "B": 20, "C": 15, "D": 100, "E": 345}, "disc_method": "EB", "bins": 10, "target_column": null, "CPT_method": "MLE", "time_disc": 0.1213312999898335, "time_cnf": 0.04289040000003297, "time_VE": 0.0017323999927612022, "time_BP": 0.007004700004472397, "RMSE": 11.120856720753817, "WRMSE": 4.221406157730957, "MAE": 7.769513918141717, "PE": 0.04938336004622637, "exact_EV": 345, "disc_EV": 344.8296274078405, "Wass_scaled": 0.09116494313609817, "Wass_multi": 9.038572441485922, "time_wass": 1.1046651000069687}