{"distribution": "nm", "edges": [["X", "Y"]], "root_params": ["X ~ B(0.5)"], "experiment": 1, "not_root_params": "P(Y|X) ~ N(21,10) if X = 0.0 and P(Y|X) ~ N(25,1) if X = 1.0", "sample_size": 500, "means": 23.0, "disc_method": "EV", "bins": 10, "target_column": null, "Wass1D": 1.2444607491214346, "Wass_multi": 1.2525888310692292, "RMSE": 0.007622638410265625, "WRMSE": 0.007619589964468778, "MAE": 5.810461633365685e-05, "VE_complexity": 49.0}