{"distribution": "lg", "edges": [["A", "D"], ["B", "D"], ["D", "E"], ["C", "E"]], "root_params": "A ~ N(20,20) B ~ N(20,20) C ~ N(15,15)", "experiment": 110, "not_root_params": "D   ~   N ( 2 A + 3 B , 8 . 3 1 2 5 )   E   ~   N ( 3 C + 3 D , 8 . 3 1 2 5 )", "sample_size": 1406, "means": {"A": 20, "B": 20, "C": 15, "D": 100, "E": 345}, "disc_method": "EV", "bins": 30, "target_column": null, "CPT_method": "Bayespriors", "time_disc": 0.12732266495004296, "time_cnf": 6.204318764619529, "time_VE": 0.0016661607660353184, "time_BP": 0.010587797034531832, "RMSE": 17.03266756841198, "WRMSE": 17.043552832517843, "MAE": 13.17730407523931, "PE": 0.7309029795107786, "exact_EV": 345, "disc_EV": 342.4783847206878, "Wass_scaled": 0.14263885887817632, "Wass_multi": 5.168166105728645, "time_wass": 0.6825588368810713}