{
	"nodecount" : 3501,
	"peaknodes" : 3522,
	"total_load_time" : 0.248388,
	"build_time" : 0.155404,
	"wmc_time" : 0.00237703
}
