{
	"nodecount" : 1660,
	"peaknodes" : 1660,
	"total_load_time" : 0.798565,
	"build_time" : 0.713572,
	"wmc_time" : 0.00177717
}
