{
	"nodecount" : 59025,
	"peaknodes" : 67380,
	"total_load_time" : 5.76564,
	"build_time" : 4.85209,
	"wmc_time" : 0.011066
}
