{
	"nodecount" : 57904,
	"peaknodes" : 63658,
	"total_load_time" : 7.07625,
	"build_time" : 6.44028,
	"wmc_time" : 0.0105588,
	"wmc_value" : 1,
	"bn_to_cnf_time" : 0.409727
}
