{"distribution": "lg", "edges": [["A", "D"], ["B", "D"], ["D", "E"], ["C", "E"]], "root_params": "A ~ N(20,20) B ~ N(20,20) C ~ N(15,15)", "experiment": 110, "not_root_params": "D   ~   N ( 2 A + 3 B , 8 . 3 1 2 5 )   E   ~   N ( 3 C + 3 D , 8 . 3 1 2 5 )", "sample_size": 1406, "means": {"A": 20, "B": 20, "C": 15, "D": 100, "E": 345}, "disc_method": "EV", "bins": 8, "target_column": null, "CPT_method": "Bayespriors", "time_disc": 0.15829559999110643, "time_cnf": 0.016581699994276278, "time_VE": 0.0024055999965639785, "time_BP": 0.005214999997406267, "RMSE": 3.6315307502059335, "WRMSE": 3.633253141009871, "MAE": 2.6283505258968702, "PE": 0.23270743552307466, "exact_EV": 345, "disc_EV": 344.1971593474454, "Wass_scaled": 0.30001783017632566, "Wass_multi": 16.940217089003216, "time_wass": 0.9368686999951024}