{
	"nodecount" : 14451,
	"peaknodes" : 15039,
	"total_load_time" : 1.31112,
	"build_time" : 0.938026,
	"wmc_time" : 0.00465798
}
