{"distribution": "lg", "edges": [["A", "D"], ["B", "D"], ["D", "E"], ["C", "E"]], "root_params": "A ~ N(20,20) B ~ N(20,20) C ~ N(15,15)", "experiment": 110, "not_root_params": "D   ~   N ( 2 A + 3 B , 8 . 3 1 2 5 )   E   ~   N ( 3 C + 3 D , 8 . 3 1 2 5 )", "sample_size": 1406, "means": {"A": 20, "B": 20, "C": 15, "D": 100, "E": 345}, "disc_method": "EV", "bins": 17, "target_column": null, "CPT_method": "Bayespriors", "time_disc": 0.1606884000066202, "time_cnf": 0.1466318000020692, "time_VE": 0.0015474999963771552, "time_BP": 0.007054800007608719, "RMSE": 3.611481270092494, "WRMSE": 3.610862756432722, "MAE": 2.6261451508698714, "PE": 0.01238882158464298, "exact_EV": 345, "disc_EV": 345.042741434467, "Wass_scaled": 0.1939778162933216, "Wass_multi": 8.658285071782513, "time_wass": 0.9452816999983042}