{
	"nodecount" : 5315,
	"peaknodes" : 5315,
	"total_load_time" : 0.42637,
	"build_time" : 0.400916,
	"wmc_time" : 0.00901294,
	"wmc_value" : 1,
	"bn_to_cnf_time" : 0.0110123
}
