{"distribution": "lg", "edges": [["A", "D"], ["B", "D"], ["D", "E"], ["C", "E"]], "root_params": "A ~ N(20,20) B ~ N(20,20) C ~ N(15,15)", "experiment": 110, "not_root_params": "D   ~   N ( 2 A + 3 B , 8 . 3 1 2 5 )   E   ~   N ( 3 C + 3 D , 8 . 3 1 2 5 )", "sample_size": 1406, "means": {"A": 20, "B": 20, "C": 15, "D": 100, "E": 345}, "disc_method": "EV", "bins": 12, "target_column": null, "CPT_method": "Bayespriors", "time_disc": 0.09847772819921374, "time_cnf": 0.2367736198939383, "time_VE": 0.0012883460149168968, "time_BP": 0.005486765876412392, "RMSE": 3.7738085577598657, "WRMSE": 3.7839185593085563, "MAE": 2.600464909397983, "PE": 0.21838551071083745, "exact_EV": 345, "disc_EV": 344.2465699880476, "Wass_scaled": 0.23723974668468242, "Wass_multi": 11.87295903265614, "time_wass": 0.7182053811848164}