{"distribution": "lg", "edges": [["A", "D"], ["B", "D"], ["D", "E"], ["C", "E"]], "root_params": "A ~ N(20,20) B ~ N(20,20) C ~ N(15,15)", "experiment": 110, "not_root_params": "D   ~   N ( 2 A + 3 B , 8 . 3 1 2 5 )   E   ~   N ( 3 C + 3 D , 8 . 3 1 2 5 )", "sample_size": 1406, "means": {"A": 20, "B": 20, "C": 15, "D": 100, "E": 345}, "disc_method": "EB", "bins": 12, "target_column": null, "CPT_method": "Bayespriors", "time_disc": 0.09833873901516199, "time_cnf": 0.22985324496403337, "time_VE": 0.0012131892144680023, "time_BP": 0.005143058020621538, "RMSE": 28.94749702184016, "WRMSE": 9.562844901839206, "MAE": 18.97487707071028, "PE": 0.620021926441904, "exact_EV": 345, "disc_EV": 342.86092435377543, "Wass_scaled": 0.06603742209274709, "Wass_multi": 13.132241871530878, "time_wass": 0.6712015043012798}