{"distribution": "lg", "edges": [["A", "D"], ["B", "D"], ["D", "E"], ["C", "E"]], "root_params": "A ~ N(20,20) B ~ N(20,20) C ~ N(15,15)", "experiment": 110, "not_root_params": "D   ~   N ( 2 A + 3 B , 8 . 3 1 2 5 )   E   ~   N ( 3 C + 3 D , 8 . 3 1 2 5 )", "sample_size": 1406, "means": {"A": 20, "B": 20, "C": 15, "D": 100, "E": 345}, "disc_method": "EB", "bins": 10, "target_column": null, "CPT_method": "Bayespriors", "time_disc": 0.1619254999968689, "time_cnf": 0.031190399997285567, "time_VE": 0.0014082999987294897, "time_BP": 0.012503900012234226, "RMSE": 26.195980390207456, "WRMSE": 8.384498663742658, "MAE": 16.983365051686437, "PE": 0.24943294631714089, "exact_EV": 345, "disc_EV": 344.13945633520586, "Wass_scaled": 0.0791810950865567, "Wass_multi": 15.94550449372859, "time_wass": 0.9022717999905581}