{"distribution": "lg", "edges": [["A", "D"], ["B", "D"], ["D", "E"], ["C", "E"]], "root_params": "A ~ N(20,20) B ~ N(20,20) C ~ N(15,15)", "experiment": 110, "not_root_params": "D   ~   N ( 2 A + 3 B , 8 . 3 1 2 5 )   E   ~   N ( 3 C + 3 D , 8 . 3 1 2 5 )", "sample_size": 1406, "means": {"A": 20, "B": 20, "C": 15, "D": 100, "E": 345}, "disc_method": "EV", "bins": 14, "target_column": null, "CPT_method": "Bayespriors", "time_disc": 0.1653156999964267, "time_cnf": 0.08163269999204203, "time_VE": 0.0015481000009458512, "time_BP": 0.0061489000072469935, "RMSE": 3.870519173153532, "WRMSE": 3.877326045651101, "MAE": 2.69441554891421, "PE": 0.2984139245722543, "exact_EV": 345, "disc_EV": 343.9704719602257, "Wass_scaled": 0.21707909184785967, "Wass_multi": 10.49979731207063, "time_wass": 0.9590350000071339}