{"distribution": "lg", "edges": [["A", "D"], ["B", "D"], ["D", "E"], ["C", "E"]], "root_params": "A ~ N(20,20) B ~ N(20,20) C ~ N(15,15)", "experiment": 110, "not_root_params": "D   ~   N ( 2 A + 3 B , 8 . 3 1 2 5 )   E   ~   N ( 3 C + 3 D , 8 . 3 1 2 5 )", "sample_size": 1406, "means": {"A": 20, "B": 20, "C": 15, "D": 100, "E": 345}, "disc_method": "EV", "bins": 5, "target_column": null, "CPT_method": "Bayespriors", "time_disc": 0.15476260001014452, "time_cnf": 0.008820799994282424, "time_VE": 0.0014017999928910285, "time_BP": 0.00522780000756029, "RMSE": 5.82685121839861, "WRMSE": 5.830926914730093, "MAE": 3.986989184063566, "PE": 0.2562375670410565, "exact_EV": 345, "disc_EV": 344.11598039370836, "Wass_scaled": 0.405318775169632, "Wass_multi": 24.09427667090235, "time_wass": 0.9284427000093274}