{
	"nodecount" : 6624,
	"peaknodes" : 6963,
	"total_load_time" : 0.521953,
	"build_time" : 0.427074,
	"wmc_time" : 0.00298214
}
