{
	"nodecount" : 1234,
	"peaknodes" : 1308,
	"total_load_time" : 0.145576,
	"build_time" : 0.0554569,
	"wmc_time" : 0.001683
}
