{"distribution": "lg", "edges": [["A", "D"], ["B", "D"], ["D", "E"], ["C", "E"]], "root_params": "A ~ N(20,20) B ~ N(20,20) C ~ N(15,15)", "experiment": 110, "not_root_params": "D   ~   N ( 2 A + 3 B , 8 . 3 1 2 5 )   E   ~   N ( 3 C + 3 D , 8 . 3 1 2 5 )", "sample_size": 1406, "means": {"A": 20, "B": 20, "C": 15, "D": 100, "E": 345}, "disc_method": "EV", "bins": 10, "target_column": null, "CPT_method": "Bayespriors", "time_disc": 0.17042039999796543, "time_cnf": 0.032821999993757345, "time_VE": 0.0014587000041501597, "time_BP": 0.01256699999794364, "RMSE": 2.416433240405435, "WRMSE": 2.417818226117931, "MAE": 2.1408291714105587, "PE": 0.37235955875766247, "exact_EV": 345, "disc_EV": 343.71535952228606, "Wass_scaled": 0.26288607478114656, "Wass_multi": 13.647636260348575, "time_wass": 0.9724821999989217}