{"distribution": "lg", "edges": [["A", "D"], ["B", "D"], ["D", "E"], ["C", "E"]], "root_params": "A ~ N(20,20) B ~ N(20,20) C ~ N(15,15)", "experiment": 110, "not_root_params": "D   ~   N ( 2 A + 3 B , 8 . 3 1 2 5 )   E   ~   N ( 3 C + 3 D , 8 . 3 1 2 5 )", "sample_size": 1406, "means": {"A": 20, "B": 20, "C": 15, "D": 100, "E": 345}, "disc_method": "EB", "bins": 5, "target_column": null, "CPT_method": "Bayespriors", "time_disc": 0.14491740000084974, "time_cnf": 0.009274299998651259, "time_VE": 0.0020628000056603923, "time_BP": 0.011910100001841784, "RMSE": 15.314913221066139, "WRMSE": 8.83416381474563, "MAE": 12.79937511974054, "PE": 0.4344080915641503, "exact_EV": 345, "disc_EV": 343.5012920841037, "Wass_scaled": 0.17132818027703267, "Wass_multi": 29.92718995385213, "time_wass": 0.8900486000056844}