{
	"nodecount" : 10535,
	"peaknodes" : 10933,
	"total_load_time" : 1.36671,
	"build_time" : 1.31286,
	"wmc_time" : 0.00472593,
	"wmc_value" : 1,
	"bn_to_cnf_time" : 0.0366602
}
