{"distribution": "lg", "edges": [["A", "D"], ["B", "D"], ["D", "E"], ["C", "E"]], "root_params": "A ~ N(20,20) B ~ N(20,20) C ~ N(15,15)", "experiment": 110, "not_root_params": "D   ~   N ( 2 A + 3 B , 8 . 3 1 2 5 )   E   ~   N ( 3 C + 3 D , 8 . 3 1 2 5 )", "sample_size": 1406, "means": {"A": 20, "B": 20, "C": 15, "D": 100, "E": 345}, "disc_method": "EB", "bins": 25, "target_column": null, "CPT_method": "Bayespriors", "time_disc": 0.17128110000339802, "time_cnf": 0.42768839999916963, "time_VE": 0.0022746000031474978, "time_BP": 0.01696379999339115, "RMSE": 54.85475871350426, "WRMSE": 17.725946697939747, "MAE": 36.83251679343544, "PE": 0.5412115272450638, "exact_EV": 345, "disc_EV": 343.13282023100453, "Wass_scaled": 0.03140186699942628, "Wass_multi": 6.310874801432712, "time_wass": 0.8243758000025991}