{
	"nodecount" : 5315,
	"peaknodes" : 5315,
	"total_load_time" : 0.228838,
	"build_time" : 0.183575,
	"wmc_time" : 0.00281405
}
