{"distribution": "lg", "edges": [["A", "D"], ["B", "D"], ["D", "E"], ["C", "E"]], "root_params": "A ~ N(20,20) B ~ N(20,20) C ~ N(15,15)", "experiment": 110, "not_root_params": "D   ~   N ( 2 A + 3 B , 8 . 3 1 2 5 )   E   ~   N ( 3 C + 3 D , 8 . 3 1 2 5 )", "sample_size": 1406, "means": {"A": 20, "B": 20, "C": 15, "D": 100, "E": 345}, "disc_method": "EB", "bins": 20, "target_column": null, "CPT_method": "Bayespriors", "time_disc": 0.10642241407185793, "time_cnf": 1.0987709602341056, "time_VE": 0.0013485196977853775, "time_BP": 0.006644994020462036, "RMSE": 48.40249009982655, "WRMSE": 14.626419598175696, "MAE": 30.906733201410283, "PE": 0.783433476525801, "exact_EV": 345, "disc_EV": 342.297154505986, "Wass_scaled": 0.039346327734934766, "Wass_multi": 7.8737296921421684, "time_wass": 0.6440939996391535}