{
	"nodecount" : 43526,
	"peaknodes" : 44525,
	"total_load_time" : 2.22869,
	"build_time" : 1.99808,
	"wmc_time" : 0.00851488
}
