{
	"nodecount" : 46944,
	"peaknodes" : 49516,
	"total_load_time" : 7.07096,
	"build_time" : 6.40694,
	"wmc_time" : 0.0112932,
	"wmc_value" : 1,
	"bn_to_cnf_time" : 0.332582
}
