{"distribution": "lg", "edges": [["A", "D"], ["B", "D"], ["D", "E"], ["C", "E"]], "root_params": "A ~ N(20,20) B ~ N(20,20) C ~ N(15,15)", "experiment": 110, "not_root_params": "D   ~   N ( 2 A + 3 B , 8 . 3 1 2 5 )   E   ~   N ( 3 C + 3 D , 8 . 3 1 2 5 )", "sample_size": 1406, "means": {"A": 20, "B": 20, "C": 15, "D": 100, "E": 345}, "disc_method": "EB", "bins": 30, "target_column": null, "CPT_method": "Bayespriors", "time_disc": 0.13172735506668687, "time_cnf": 5.738424107898027, "time_VE": 0.001968896947801113, "time_BP": 0.009367458056658506, "RMSE": 62.033762629604546, "WRMSE": 21.51955143567746, "MAE": 43.37070628704773, "PE": 1.0914718010993194, "exact_EV": 345, "disc_EV": 341.23442228620735, "Wass_scaled": 0.02684847796287284, "Wass_multi": 5.227864635436352, "time_wass": 0.5948326326906681}