{"distribution": "lg", "edges": [["A", "D"], ["B", "D"], ["D", "E"], ["C", "E"]], "root_params": "A ~ N(20,20) B ~ N(20,20) C ~ N(15,15)", "experiment": 110, "not_root_params": "D   ~   N ( 2 A + 3 B , 8 . 3 1 2 5 )   E   ~   N ( 3 C + 3 D , 8 . 3 1 2 5 )", "sample_size": 1406, "means": {"A": 20, "B": 20, "C": 15, "D": 100, "E": 345}, "disc_method": "EB", "bins": 8, "target_column": null, "CPT_method": "Bayespriors", "time_disc": 0.09485171036794782, "time_cnf": 0.15586014976724982, "time_VE": 0.0011861110106110573, "time_BP": 0.004839027300477028, "RMSE": 17.624081076932605, "WRMSE": 6.36451931461768, "MAE": 11.812463575236162, "PE": 0.2970516869384423, "exact_EV": 345, "disc_EV": 343.9751716800624, "Wass_scaled": 0.10052002090860156, "Wass_multi": 19.515469107349077, "time_wass": 0.663239792920649}