{"distribution": "lg", "edges": [["A", "D"], ["B", "D"], ["D", "E"], ["C", "E"]], "root_params": "A ~ N(20,20) B ~ N(20,20) C ~ N(15,15)", "experiment": 110, "not_root_params": "D   ~   N ( 2 A + 3 B , 8 . 3 1 2 5 )   E   ~   N ( 3 C + 3 D , 8 . 3 1 2 5 )", "sample_size": 1406, "means": {"A": 20, "B": 20, "C": 15, "D": 100, "E": 345}, "disc_method": "EB", "bins": 14, "target_column": null, "CPT_method": "Bayespriors", "time_disc": 0.1587469000078272, "time_cnf": 0.07844360001035966, "time_VE": 0.0013967999984743074, "time_BP": 0.014880700007779524, "RMSE": 32.61920496144757, "WRMSE": 10.409608946470073, "MAE": 20.118922973909577, "PE": 0.3989583696943061, "exact_EV": 345, "disc_EV": 343.62359362455464, "Wass_scaled": 0.05614083139002511, "Wass_multi": 11.193469526964327, "time_wass": 0.8852507999981754}