{
	"nodecount" : 2907,
	"peaknodes" : 2975,
	"total_load_time" : 0.308515,
	"build_time" : 0.286856,
	"wmc_time" : 0.00331903,
	"wmc_value" : 1,
	"bn_to_cnf_time" : 0.0108058
}
