{"distribution": "lg", "edges": [["A", "D"], ["B", "D"], ["D", "E"], ["C", "E"]], "root_params": "A ~ N(20,20) B ~ N(20,20) C ~ N(15,15)", "experiment": 16, "not_root_params": "D   ~   N ( 2 A + 3 B , 2 )   E   ~   N ( 3 C + 3 D , 2 )", "sample_size": 400, "means": {"A": 20, "B": 20, "C": 15, "D": 100, "E": 345}, "disc_method": "EB", "bins": 25, "target_column": null, "CPT_method": "Bayespriors", "time_disc": 0.11919661704450846, "time_cnf": 3.9666850338689983, "time_VE": 0.0035263728350400925, "time_BP": 0.007097396068274975, "RMSE": 16.578415546706232, "WRMSE": 8.732934919555836, "MAE": 13.423836156955067, "PE": 0.3193196582225338, "exact_EV": 345, "disc_EV": 343.89834717913226, "Wass_scaled": 0.026549302232096693, "Wass_multi": 1.2002356539319823, "time_wass": 0.039162400644272566}