{
	"nodecount" : 8632,
	"peaknodes" : 9423,
	"total_load_time" : 1.04631,
	"build_time" : 0.845205,
	"wmc_time" : 0.00341415
}
