{"distribution": "lg", "edges": [["A", "D"], ["B", "D"], ["D", "E"], ["C", "E"]], "root_params": "A ~ N(20,20) B ~ N(20,20) C ~ N(15,15)", "experiment": 16, "not_root_params": "D   ~   N ( 2 A + 3 B , 2 )   E   ~   N ( 3 C + 3 D , 2 )", "sample_size": 400, "means": {"A": 20, "B": 20, "C": 15, "D": 100, "E": 345}, "disc_method": "EB", "bins": 5, "target_column": null, "CPT_method": "Bayespriors", "time_disc": 0.09585433593019843, "time_cnf": 3.389858683105558, "time_VE": 0.0013737226836383343, "time_BP": 0.005054830107837915, "RMSE": 2.75168972608495, "WRMSE": 1.9002827959831345, "MAE": 2.4712431783700595, "PE": 0.10970103697715877, "exact_EV": 345, "disc_EV": 344.6215314224288, "Wass_scaled": 0.176792262294719, "Wass_multi": 6.330921780750724, "time_wass": 0.04810963571071625}