{"distribution": "lg", "edges": [["A", "D"], ["B", "D"], ["D", "E"], ["C", "E"]], "root_params": "A ~ N(20,20) B ~ N(20,20) C ~ N(15,15)", "experiment": 16, "not_root_params": "D   ~   N ( 2 A + 3 B , 2 )   E   ~   N ( 3 C + 3 D , 2 )", "sample_size": 400, "means": {"A": 20, "B": 20, "C": 15, "D": 100, "E": 345}, "disc_method": "EV", "bins": 20, "target_column": null, "CPT_method": "Bayespriors", "time_disc": 0.17512390000047162, "time_cnf": 0.23096179999993183, "time_VE": 0.0019133000023430213, "time_BP": 0.014504000006127171, "RMSE": 6.9884609653578975, "WRMSE": 6.9884609653578975, "MAE": 5.499761362353496, "PE": 0.25594932666893433, "exact_EV": 345, "disc_EV": 344.1169748229922, "Wass_scaled": 0.13526750229811488, "Wass_multi": 1.6325882533520004, "time_wass": 0.11963420000392944}