{
	"nodecount" : 13508,
	"peaknodes" : 15282,
	"total_load_time" : 4.6667,
	"build_time" : 4.33548,
	"wmc_time" : 0.00501323,
	"wmc_value" : 1,
	"bn_to_cnf_time" : 0.175667
}
