{
	"nodecount" : 10536,
	"peaknodes" : 13269,
	"total_load_time" : 2.48223,
	"build_time" : 2.19923,
	"wmc_time" : 0.00325918
}
