{"distribution": "lg", "edges": [["A", "D"], ["B", "D"], ["D", "E"], ["C", "E"]], "root_params": "A ~ N(20,20) B ~ N(20,20) C ~ N(15,15)", "experiment": 16, "not_root_params": "D   ~   N ( 2 A + 3 B , 2 )   E   ~   N ( 3 C + 3 D , 2 )", "sample_size": 400, "means": {"A": 20, "B": 20, "C": 15, "D": 100, "E": 345}, "disc_method": "EV", "bins": 25, "target_column": null, "CPT_method": "Bayespriors", "time_disc": 0.18157139999675564, "time_cnf": 0.5122637000022223, "time_VE": 0.0021484000026248395, "time_BP": 0.009936799993738532, "RMSE": 8.80583963650653, "WRMSE": 8.80583963650653, "MAE": 6.891862502715249, "PE": 0.10415079965641978, "exact_EV": 345, "disc_EV": 344.64067974118535, "Wass_scaled": 0.11574495531606595, "Wass_multi": 1.305627387415479, "time_wass": 0.10028579999925569}