{"distribution": "lg", "edges": [["A", "D"], ["B", "D"], ["D", "E"], ["C", "E"]], "root_params": "A ~ N(20,20) B ~ N(20,20) C ~ N(15,15)", "experiment": 16, "not_root_params": "D   ~   N ( 2 A + 3 B , 2 )   E   ~   N ( 3 C + 3 D , 2 )", "sample_size": 400, "means": {"A": 20, "B": 20, "C": 15, "D": 100, "E": 345}, "disc_method": "EB", "bins": 10, "target_column": null, "CPT_method": "Bayespriors", "time_disc": 0.15319719999388326, "time_cnf": 0.03497629999765195, "time_VE": 0.0015659000055165961, "time_BP": 0.011688899990986101, "RMSE": 10.104979003686688, "WRMSE": 3.8653803075728184, "MAE": 6.750780598545544, "PE": 0.32483040413867653, "exact_EV": 345, "disc_EV": 343.87933510572157, "Wass_scaled": 0.08052327752911459, "Wass_multi": 3.1911477692629964, "time_wass": 0.1090834999922663}