{"distribution": "lg", "edges": [["A", "D"], ["B", "D"], ["D", "E"], ["C", "E"]], "root_params": "A ~ N(20,20) B ~ N(20,20) C ~ N(15,15)", "experiment": 16, "not_root_params": "D   ~   N ( 2 A + 3 B , 2 )   E   ~   N ( 3 C + 3 D , 2 )", "sample_size": 400, "means": {"A": 20, "B": 20, "C": 15, "D": 100, "E": 345}, "disc_method": "EB", "bins": 14, "target_column": null, "CPT_method": "Bayespriors", "time_disc": 0.15056680000270717, "time_cnf": 0.07956700000795536, "time_VE": 0.0015124000055948272, "time_BP": 0.006368799993651919, "RMSE": 12.770777700587008, "WRMSE": 5.334165578213035, "MAE": 9.346210072428265, "PE": 0.22428181750467668, "exact_EV": 345, "disc_EV": 344.22622772960887, "Wass_scaled": 0.05696466850063994, "Wass_multi": 2.210037274199136, "time_wass": 0.12155470000288915}