{"distribution": "lg", "edges": [["A", "D"], ["B", "D"], ["D", "E"], ["C", "E"]], "root_params": "A ~ N(20,20) B ~ N(20,20) C ~ N(15,15)", "experiment": 16, "not_root_params": "D   ~   N ( 2 A + 3 B , 2 )   E   ~   N ( 3 C + 3 D , 2 )", "sample_size": 400, "means": {"A": 20, "B": 20, "C": 15, "D": 100, "E": 345}, "disc_method": "EB", "bins": 20, "target_column": null, "CPT_method": "Bayespriors", "time_disc": 0.1130101578310132, "time_cnf": 1.5366648128256202, "time_VE": 0.00152517668902874, "time_BP": 0.006817598827183247, "RMSE": 15.97163550481042, "WRMSE": 7.379281037508115, "MAE": 12.390984690413763, "PE": 0.3947027148468265, "exact_EV": 345, "disc_EV": 343.63827563377845, "Wass_scaled": 0.034521384707642884, "Wass_multi": 1.5353193396323128, "time_wass": 0.0425146259367466}