{
	"nodecount" : 2907,
	"peaknodes" : 2975,
	"total_load_time" : 0.260396,
	"build_time" : 0.151183,
	"wmc_time" : 0.00226402
}
