{
	"nodecount" : 9088,
	"peaknodes" : 10488,
	"total_load_time" : 1.78966,
	"build_time" : 1.69592,
	"wmc_time" : 0.00512981,
	"wmc_value" : 1,
	"bn_to_cnf_time" : 0.0617638
}
