{"distribution": "lg", "edges": [["A", "D"], ["B", "D"], ["D", "E"], ["C", "E"]], "root_params": "A ~ N(20,20) B ~ N(20,20) C ~ N(15,15)", "experiment": 16, "not_root_params": "D   ~   N ( 2 A + 3 B , 2 )   E   ~   N ( 3 C + 3 D , 2 )", "sample_size": 400, "means": {"A": 20, "B": 20, "C": 15, "D": 100, "E": 345}, "disc_method": "EB", "bins": 8, "target_column": null, "CPT_method": "Bayespriors", "time_disc": 0.10224181273952127, "time_cnf": 0.3397745811380446, "time_VE": 0.0012895492836833, "time_BP": 0.005159666761755943, "RMSE": 9.384479032783656, "WRMSE": 3.2307508046400755, "MAE": 5.502249815231252, "PE": 0.12312539631886427, "exact_EV": 345, "disc_EV": 344.5752173826999, "Wass_scaled": 0.10164211107385153, "Wass_multi": 4.024063754398531, "time_wass": 0.04831389896571636}