{
	"nodecount" : 8809,
	"peaknodes" : 9788,
	"total_load_time" : 0.867733,
	"build_time" : 0.752038,
	"wmc_time" : 0.00453997
}
