{
	"nodecount" : 9088,
	"peaknodes" : 10488,
	"total_load_time" : 1.03745,
	"build_time" : 0.85862,
	"wmc_time" : 0.00317597
}
