{"distribution": "lg", "edges": [["A", "D"], ["B", "D"], ["D", "E"], ["C", "E"]], "root_params": "A ~ N(20,20) B ~ N(20,20) C ~ N(15,15)", "experiment": 16, "not_root_params": "D   ~   N ( 2 A + 3 B , 2 )   E   ~   N ( 3 C + 3 D , 2 )", "sample_size": 400, "means": {"A": 20, "B": 20, "C": 15, "D": 100, "E": 345}, "disc_method": "EB", "bins": 12, "target_column": null, "CPT_method": "Bayespriors", "time_disc": 0.1666869000036968, "time_cnf": 0.04949269999633543, "time_VE": 0.002299999992828816, "time_BP": 0.00932969999848865, "RMSE": 11.940328935654946, "WRMSE": 4.878728267651679, "MAE": 8.310804566936596, "PE": 0.32908542306548344, "exact_EV": 345, "disc_EV": 343.8646552904241, "Wass_scaled": 0.06560999995807357, "Wass_multi": 2.6751811853778142, "time_wass": 0.10348000000522006}