{"distribution": "lg", "edges": [["A", "D"], ["B", "D"], ["D", "E"], ["C", "E"]], "root_params": "A ~ N(20,20) B ~ N(20,20) C ~ N(15,15)", "experiment": 16, "not_root_params": "D   ~   N ( 2 A + 3 B , 2 )   E   ~   N ( 3 C + 3 D , 2 )", "sample_size": 400, "means": {"A": 20, "B": 20, "C": 15, "D": 100, "E": 345}, "disc_method": "EB", "bins": 17, "target_column": null, "CPT_method": "Bayespriors", "time_disc": 0.11316000577062368, "time_cnf": 0.37233180832117796, "time_VE": 0.0016634161584079266, "time_BP": 0.0067852758802473545, "RMSE": 14.844115091098939, "WRMSE": 6.691971545766873, "MAE": 11.164275165240266, "PE": 0.38946986540319506, "exact_EV": 345, "disc_EV": 343.656328964359, "Wass_scaled": 0.0430405775902546, "Wass_multi": 1.8001106924133383, "time_wass": 0.0455872337333858}