{
	"nodecount" : 6860,
	"peaknodes" : 7429,
	"total_load_time" : 1.24586,
	"build_time" : 1.18329,
	"wmc_time" : 0.00395203,
	"wmc_value" : 1,
	"bn_to_cnf_time" : 0.0361986
}
