{
	"nodecount" : 14298,
	"peaknodes" : 17074,
	"total_load_time" : 3.82529,
	"build_time" : 3.2604,
	"wmc_time" : 0.00418782
}
