{
	"nodecount" : 15263,
	"peaknodes" : 18438,
	"total_load_time" : 5.33762,
	"build_time" : 4.46129,
	"wmc_time" : 0.00483012
}
