{
	"nodecount" : 8809,
	"peaknodes" : 9788,
	"total_load_time" : 1.3279,
	"build_time" : 1.26845,
	"wmc_time" : 0.00404906,
	"wmc_value" : 1,
	"bn_to_cnf_time" : 0.0384042
}
