{
	"nodecount" : 4788,
	"peaknodes" : 5245,
	"total_load_time" : 0.524538,
	"build_time" : 0.390115,
	"wmc_time" : 0.00259113
}
