{
	"nodecount" : 12499,
	"peaknodes" : 13649,
	"total_load_time" : 2.24951,
	"build_time" : 2.05183,
	"wmc_time" : 0.00466299
}
