{
	"nodecount" : 3929,
	"peaknodes" : 3929,
	"total_load_time" : 0.463708,
	"build_time" : 0.436445,
	"wmc_time" : 0.00587487,
	"wmc_value" : 1,
	"bn_to_cnf_time" : 0.0109453
}
