{
	"nodecount" : 8632,
	"peaknodes" : 9423,
	"total_load_time" : 2.11763,
	"build_time" : 2.02329,
	"wmc_time" : 0.00532293,
	"wmc_value" : 1,
	"bn_to_cnf_time" : 0.0597622
}
