{
	"nodecount" : 15263,
	"peaknodes" : 18438,
	"total_load_time" : 9.32711,
	"build_time" : 8.29305,
	"wmc_time" : 0.00556803,
	"wmc_value" : 1,
	"bn_to_cnf_time" : 0.610831
}
