{"distribution": "lg", "edges": [["A", "D"], ["B", "D"], ["D", "E"], ["C", "E"]], "root_params": "A ~ N(20,20) B ~ N(20,20) C ~ N(15,15)", "experiment": 16, "not_root_params": "D   ~   N ( 2 A + 3 B , 2 )   E   ~   N ( 3 C + 3 D , 2 )", "sample_size": 400, "means": {"A": 20, "B": 20, "C": 15, "D": 100, "E": 345}, "disc_method": "EV", "bins": 5, "target_column": null, "CPT_method": "Bayespriors", "time_disc": 0.09212676994502544, "time_cnf": 0.24685179209336638, "time_VE": 0.0012583821080625057, "time_BP": 0.004755067173391581, "RMSE": 1.8798397443365977, "WRMSE": 1.879839744336598, "MAE": 1.4527078436642682, "PE": 0.18317877531606006, "exact_EV": 345, "disc_EV": 344.3680332251596, "Wass_scaled": 0.36852783226619085, "Wass_multi": 5.653541760831396, "time_wass": 0.048987557645887136}