{"distribution": "lg", "edges": [["A", "D"], ["B", "D"], ["D", "E"], ["C", "E"]], "root_params": "A ~ N(20,20) B ~ N(20,20) C ~ N(15,15)", "experiment": 16, "not_root_params": "D   ~   N ( 2 A + 3 B , 2 )   E   ~   N ( 3 C + 3 D , 2 )", "sample_size": 400, "means": {"A": 20, "B": 20, "C": 15, "D": 100, "E": 345}, "disc_method": "MDLP", "bins": 2, "target_column": "E", "CPT_method": "Bayespriors", "time_disc": 0.3146857302635908, "time_cnf": 0.3927540020085871, "time_VE": 0.0014254981651902199, "time_BP": 0.005163291934877634, "RMSE": 1.8530110335251817, "WRMSE": 1.7475268092054028, "MAE": 1.7320997448995143, "PE": 0.10268259322307803, "exact_EV": 345, "disc_EV": 344.6457450533804, "Wass_scaled": 0.296048696819869, "Wass_multi": 2.0890276831058725, "time_wass": 0.04433805402368307}