{"distribution": "lg", "edges": [["A", "D"], ["B", "D"], ["D", "E"], ["C", "E"]], "root_params": "A ~ N(20,20) B ~ N(20,20) C ~ N(15,15)", "experiment": 16, "not_root_params": "D   ~   N ( 2 A + 3 B , 2 )   E   ~   N ( 3 C + 3 D , 2 )", "sample_size": 400, "means": {"A": 20, "B": 20, "C": 15, "D": 100, "E": 345}, "disc_method": "EB", "bins": 30, "target_column": null, "CPT_method": "Bayespriors", "time_disc": 0.13856892986223102, "time_cnf": 5.714322546031326, "time_VE": 0.0020043039694428444, "time_BP": 0.010801025200635195, "RMSE": 17.531158115320004, "WRMSE": 9.427665517908105, "MAE": 14.347744217298764, "PE": 0.5402720473726942, "exact_EV": 345, "disc_EV": 343.1360614365642, "Wass_scaled": 0.023329717035377888, "Wass_multi": 1.0478137319291905, "time_wass": 0.037653530947864056}