{
	"nodecount" : 3929,
	"peaknodes" : 3929,
	"total_load_time" : 0.225047,
	"build_time" : 0.16645,
	"wmc_time" : 0.00240302
}
