{
	"nodecount" : 1668,
	"peaknodes" : 1668,
	"total_load_time" : 3.87303,
	"build_time" : 3.19336,
	"wmc_time" : 0.00220203
}
