{"distribution": "lalonde", "edges": [["treat", "re78"], ["age", "treat"], ["educ", "treat"], ["black", "treat"], ["hisp", "treat"], ["married", "treat"], ["nodegr", "treat"], ["re74", "treat"], ["re75", "treat"], ["age", "re78"], ["educ", "re78"], ["black", "re78"], ["hisp", "re78"], ["married", "re78"], ["nodegr", "re78"], ["re74", "re78"], ["re75", "re78"]], "ate": 1794.34, "disc_method": "EV", "bins": 8, "target_column": null, "CPT_method": "Bayespriors", "time_disc": 2.4097654768265784, "time_cnf": 93.61565547110513, "time_BP": 2773.6973999049515, "time_VE": 197.2658615866676, "PE": 91.88778474878511, "exact_EV": 1794.34, "disc_EV": 145.56072313864934, "Wass_scaled": 0.5572938614772569, "Wass_multi": 5008.174521559218, "time_wass": 2.6555818170309067}