{"distribution": "lalonde", "edges": [["treat", "re78"], ["age", "treat"], ["educ", "treat"], ["black", "treat"], ["hisp", "treat"], ["married", "treat"], ["nodegr", "treat"], ["re74", "treat"], ["re75", "treat"], ["age", "re78"], ["educ", "re78"], ["black", "re78"], ["hisp", "re78"], ["married", "re78"], ["nodegr", "re78"], ["re74", "re78"], ["re75", "re78"]], "ate": 1794.34, "disc_method": "EB", "bins": 2, "target_column": null, "CPT_method": "Bayespriors", "time_disc": 0.3196557000001121, "time_cnf": 0.04682219999995141, "time_BP": 1.419659000000138, "time_VE": 0.3921725999998671, "PE": 347.76739900310884, "exact_EV": 1794.34, "disc_EV": 8034.469547272383, "Wass_scaled": 0.489662163124128, "Wass_multi": 19229.519749922783, "time_wass": 3.671300300000439}