{"distribution": "lalonde", "edges": [["treat", "re78"], ["age", "treat"], ["educ", "treat"], ["black", "treat"], ["hisp", "treat"], ["married", "treat"], ["nodegr", "treat"], ["re74", "treat"], ["re75", "treat"], ["age", "re78"], ["educ", "re78"], ["black", "re78"], ["hisp", "re78"], ["married", "re78"], ["nodegr", "re78"], ["re74", "re78"], ["re75", "re78"]], "ate": 1794.34, "disc_method": "EB", "bins": 10, "target_column": null, "CPT_method": "Bayespriors", "time_disc": 7.856819521635771, "time_cnf": 63.48995645903051, "time_BP": 30214.20819910802, "time_VE": 1840.47790678218, "PE": 509.6330951393134, "exact_EV": 1794.34, "disc_EV": 10938.890479322756, "Wass_scaled": 0.0914868993479117, "Wass_multi": 7214.420756186683, "time_wass": 2.3315464295446873}