{"distribution": "lalonde", "edges": [["treat", "re78"], ["age", "treat"], ["educ", "treat"], ["black", "treat"], ["hisp", "treat"], ["married", "treat"], ["nodegr", "treat"], ["re74", "treat"], ["re75", "treat"], ["age", "re78"], ["educ", "re78"], ["black", "re78"], ["hisp", "re78"], ["married", "re78"], ["nodegr", "re78"], ["re74", "re78"], ["re75", "re78"]], "ate": 1794.34, "disc_method": "EB", "bins": 7, "target_column": null, "CPT_method": "Bayespriors", "time_disc": 2.227466604206711, "time_cnf": 74.6609170557931, "time_BP": 2314.3389675649814, "time_VE": 192.43858338100836, "PE": 895.8516500501399, "exact_EV": 1794.34, "disc_EV": 17868.96449750968, "Wass_scaled": 0.1456691741333414, "Wass_multi": 10142.936080251755, "time_wass": 3.0956834461539984}