{"distribution": "lalonde", "edges": [["treat", "re78"], ["age", "treat"], ["educ", "treat"], ["black", "treat"], ["hisp", "treat"], ["married", "treat"], ["nodegr", "treat"], ["re74", "treat"], ["re75", "treat"], ["age", "re78"], ["educ", "re78"], ["black", "re78"], ["hisp", "re78"], ["married", "re78"], ["nodegr", "re78"], ["re74", "re78"], ["re75", "re78"]], "ate": 1794.34, "disc_method": "EV", "bins": 4, "target_column": null, "CPT_method": "Bayespriors", "time_disc": 0.3985227230004966, "time_cnf": 4.909732792060822, "time_BP": 37.69555393839255, "time_VE": 6.90696030203253, "PE": 123.50173933979296, "exact_EV": 1794.34, "disc_EV": -421.7011096696406, "Wass_scaled": 0.737132690232009, "Wass_multi": 7460.310315804543, "time_wass": 3.039716145955026}