{
	"nodecount" : 4352,
	"peaknodes" : 4352,
	"total_load_time" : 9.98678,
	"build_time" : 7.97773,
	"wmc_time" : 0.00269413
}
