{"distribution": "lalonde", "edges": [["treat", "re78"], ["age", "treat"], ["educ", "treat"], ["black", "treat"], ["hisp", "treat"], ["married", "treat"], ["nodegr", "treat"], ["re74", "treat"], ["re75", "treat"], ["age", "re78"], ["educ", "re78"], ["black", "re78"], ["hisp", "re78"], ["married", "re78"], ["nodegr", "re78"], ["re74", "re78"], ["re75", "re78"]], "ate": 1794.34, "disc_method": "EB", "bins": 6, "target_column": null, "CPT_method": "Bayespriors", "time_disc": 1.1627013981342316, "time_cnf": 34.11617559520528, "time_BP": 453.8154198802076, "time_VE": 46.707917225081474, "PE": 579.0928018248162, "exact_EV": 1794.34, "disc_EV": 12185.233780263407, "Wass_scaled": 0.17103716411679337, "Wass_multi": 11439.53149659677, "time_wass": 2.548671473748982}