{"distribution": "lalonde", "edges": [["treat", "re78"], ["age", "treat"], ["educ", "treat"], ["black", "treat"], ["hisp", "treat"], ["married", "treat"], ["nodegr", "treat"], ["re74", "treat"], ["re75", "treat"], ["age", "re78"], ["educ", "re78"], ["black", "re78"], ["hisp", "re78"], ["married", "re78"], ["nodegr", "re78"], ["re74", "re78"], ["re75", "re78"]], "ate": 1794.34, "disc_method": "EB", "bins": 9, "target_column": null, "CPT_method": "Bayespriors", "time_disc": 5.2235695398412645, "time_cnf": 215.7636979087256, "time_BP": 8649.047341897152, "time_VE": 685.228890303988, "PE": 575.3967125298997, "exact_EV": 1794.34, "disc_EV": 12118.913371609, "Wass_scaled": 0.1076115648826956, "Wass_multi": 7980.974573067536, "time_wass": 3.523374055046588}