{
	"nodecount" : 945,
	"peaknodes" : 945,
	"total_load_time" : 1.27753,
	"build_time" : 1.11647,
	"wmc_time" : 0.00185108
}
