{
	"nodecount" : 481,
	"peaknodes" : 481,
	"total_load_time" : 0.14439,
	"build_time" : 0.124886,
	"wmc_time" : 0.00156593
}
