{"distribution": "lalonde", "edges": [["treat", "re78"], ["age", "treat"], ["educ", "treat"], ["black", "treat"], ["hisp", "treat"], ["married", "treat"], ["nodegr", "treat"], ["re74", "treat"], ["re75", "treat"], ["age", "re78"], ["educ", "re78"], ["black", "re78"], ["hisp", "re78"], ["married", "re78"], ["nodegr", "re78"], ["re74", "re78"], ["re75", "re78"]], "ate": 1794.34, "disc_method": "EV", "bins": 6, "target_column": null, "CPT_method": "Bayespriors", "time_disc": 0.9608998643234372, "time_cnf": 27.39994475012645, "time_BP": 339.560049188789, "time_VE": 45.47082059411332, "PE": 105.78509504629972, "exact_EV": 1794.34, "disc_EV": -103.80427445377427, "Wass_scaled": 0.6504540687380744, "Wass_multi": 5440.37585087107, "time_wass": 4.351954258047044}