{"distribution": "lalonde", "edges": [["treat", "re78"], ["age", "treat"], ["educ", "treat"], ["black", "treat"], ["hisp", "treat"], ["married", "treat"], ["nodegr", "treat"], ["re74", "treat"], ["re75", "treat"], ["age", "re78"], ["educ", "re78"], ["black", "re78"], ["hisp", "re78"], ["married", "re78"], ["nodegr", "re78"], ["re74", "re78"], ["re75", "re78"]], "ate": 1794.34, "disc_method": "EV", "bins": 14, "target_column": null, "CPT_method": "Bayespriors", "time_disc": 24.86387155018747, "time_cnf": 2934.3965211350005, "time_VE": 37385.89367914293, "PE": 96.20345613034378, "exact_EV": 1794.34, "disc_EV": 68.12290527078949, "Wass_scaled": 0.4509577368124877, "Wass_multi": 2939.559242840098, "time_wass": 2.4723802809603512}