{"distribution": "lalonde", "edges": [["treat", "re78"], ["age", "treat"], ["educ", "treat"], ["black", "treat"], ["hisp", "treat"], ["married", "treat"], ["nodegr", "treat"], ["re74", "treat"], ["re75", "treat"], ["age", "re78"], ["educ", "re78"], ["black", "re78"], ["hisp", "re78"], ["married", "re78"], ["nodegr", "re78"], ["re74", "re78"], ["re75", "re78"]], "ate": 1794.34, "disc_method": "EB", "bins": 4, "target_column": null, "CPT_method": "Bayespriors", "time_disc": 0.39627798506990075, "time_cnf": 4.713647215161473, "time_BP": 39.12577026989311, "time_VE": 7.212569864932448, "PE": 834.766355326075, "exact_EV": 1794.34, "disc_EV": 16772.886620157893, "Wass_scaled": 0.2602818030367457, "Wass_multi": 15498.959339350815, "time_wass": 2.6899504577741027}