{
	"nodecount" : 785,
	"peaknodes" : 785,
	"total_load_time" : 0.198974,
	"build_time" : 0.13313,
	"wmc_time" : 0.00174594
}
