{"distribution": "lalonde", "edges": [["treat", "re78"], ["age", "treat"], ["educ", "treat"], ["black", "treat"], ["hisp", "treat"], ["married", "treat"], ["nodegr", "treat"], ["re74", "treat"], ["re75", "treat"], ["age", "re78"], ["educ", "re78"], ["black", "re78"], ["hisp", "re78"], ["married", "re78"], ["nodegr", "re78"], ["re74", "re78"], ["re75", "re78"]], "ate": 1794.34, "disc_method": "EV", "bins": 12, "target_column": null, "CPT_method": "Bayespriors", "time_disc": 10.815138275036588, "time_cnf": 505.399852917064, "time_VE": 6793.580397990998, "PE": 90.8588564141436, "exact_EV": 1794.34, "disc_EV": 164.02319581845586, "Wass_scaled": 0.49989750406158917, "Wass_multi": 3337.252951437248, "time_wass": 2.8577295059803873}