{
	"nodecount" : 2889,
	"peaknodes" : 2889,
	"total_load_time" : 3.9951,
	"build_time" : 3.23407,
	"wmc_time" : 0.00254893
}
