{"distribution": "lalonde", "edges": [["treat", "re78"], ["age", "treat"], ["educ", "treat"], ["black", "treat"], ["hisp", "treat"], ["married", "treat"], ["nodegr", "treat"], ["re74", "treat"], ["re75", "treat"], ["age", "re78"], ["educ", "re78"], ["black", "re78"], ["hisp", "re78"], ["married", "re78"], ["nodegr", "re78"], ["re74", "re78"], ["re75", "re78"]], "ate": 1794.34, "disc_method": "EV", "bins": 3, "target_column": null, "CPT_method": "Bayespriors", "time_disc": 0.2391351698897779, "time_cnf": 0.8426438719034195, "time_BP": 6.1100967628881335, "time_VE": 1.4580453080125153, "PE": 142.4448699667605, "exact_EV": 1794.34, "disc_EV": -761.6052797615703, "Wass_scaled": 0.9142598037009048, "Wass_multi": 9470.660505195241, "time_wass": 3.239709929097444}