{"distribution": "lalonde", "edges": [["treat", "re78"], ["age", "treat"], ["educ", "treat"], ["black", "treat"], ["hisp", "treat"], ["married", "treat"], ["nodegr", "treat"], ["re74", "treat"], ["re75", "treat"], ["age", "re78"], ["educ", "re78"], ["black", "re78"], ["hisp", "re78"], ["married", "re78"], ["nodegr", "re78"], ["re74", "re78"], ["re75", "re78"]], "ate": 1794.34, "disc_method": "EV", "bins": 2, "target_column": null, "CPT_method": "Bayespriors", "time_disc": 0.2135875979438424, "time_cnf": 0.23521955218166113, "time_BP": 1.58171346783638, "time_VE": 0.3839833033271134, "PE": 207.2931700998036, "exact_EV": 1794.34, "disc_EV": -1925.204268368816, "Wass_scaled": 1.0521656833290003, "Wass_multi": 12735.51407146113, "time_wass": 3.1074810372665524}