{
	"nodecount" : 1815,
	"peaknodes" : 1815,
	"total_load_time" : 0.933511,
	"build_time" : 0.747751,
	"wmc_time" : 0.00125313
}
