{"distribution": "lalonde", "edges": [["treat", "re78"], ["age", "treat"], ["educ", "treat"], ["black", "treat"], ["hisp", "treat"], ["married", "treat"], ["nodegr", "treat"], ["re74", "treat"], ["re75", "treat"], ["age", "re78"], ["educ", "re78"], ["black", "re78"], ["hisp", "re78"], ["married", "re78"], ["nodegr", "re78"], ["re74", "re78"], ["re75", "re78"]], "ate": 1794.34, "disc_method": "EB", "bins": 2, "target_column": null, "CPT_method": "Bayespriors", "time_disc": 0.4442877070978284, "time_cnf": 5.287624542601407, "time_BP": 1.6289862296544015, "time_VE": 0.4422815409488976, "PE": 347.76739900310827, "exact_EV": 1794.34, "disc_EV": 8034.469547272372, "Wass_scaled": 0.489662163124128, "Wass_multi": 19229.519749922794, "time_wass": 3.1033029132522643}