{"distribution": "lg", "edges": [["A", "D"], ["B", "D"], ["D", "E"], ["C", "E"]], "root_params": "A ~ N(20,20) B ~ N(20,20) C ~ N(15,15)", "experiment": 19, "not_root_params": "D   ~   N ( 2 A + 3 B , 2 )   E   ~   N ( 3 C + 3 D , 2 )", "sample_size": 100, "means": {"A": 20, "B": 20, "C": 15, "D": 100, "E": 345}, "disc_method": "EB", "bins": 17, "target_column": null, "CPT_method": "MLE", "time_disc": 0.11926039999525528, "time_cnf": 0.12955100000544917, "time_VE": 0.00219650000508409, "time_BP": 0.008175799986929633, "RMSE": 13.926709470252687, "WRMSE": 9.121489263841, "MAE": 11.484783884195359, "PE": 0.08725516631072779, "exact_EV": 345, "disc_EV": 344.698969676228, "Wass_scaled": 0.038070755551816604, "Wass_multi": 1.8524979401925061, "time_wass": 0.014731000002939254}