{"distribution": "lg", "edges": [["A", "D"], ["B", "D"], ["D", "E"], ["C", "E"]], "root_params": "A ~ N(20,20) B ~ N(20,20) C ~ N(15,15)", "experiment": 19, "not_root_params": "D   ~   N ( 2 A + 3 B , 2 )   E   ~   N ( 3 C + 3 D , 2 )", "sample_size": 100, "means": {"A": 20, "B": 20, "C": 15, "D": 100, "E": 345}, "disc_method": "EB", "bins": 14, "target_column": null, "CPT_method": "MLE", "time_disc": 0.05546013731509447, "time_cnf": 0.236007209867239, "time_VE": 0.0019031129777431488, "time_BP": 0.006473854184150696, "RMSE": 13.721414029296762, "WRMSE": 8.740508738026017, "MAE": 11.016914252022978, "PE": 0.007755912520042989, "exact_EV": 345, "disc_EV": 344.97324210180585, "Wass_scaled": 0.04446338767035185, "Wass_multi": 2.0793411857757143, "time_wass": 0.016319163143634796}