{"distribution": "lg", "edges": [["A", "D"], ["B", "D"], ["D", "E"], ["C", "E"]], "root_params": "A ~ N(20,20) B ~ N(20,20) C ~ N(15,15)", "experiment": 19, "not_root_params": "D   ~   N ( 2 A + 3 B , 2 )   E   ~   N ( 3 C + 3 D , 2 )", "sample_size": 100, "means": {"A": 20, "B": 20, "C": 15, "D": 100, "E": 345}, "disc_method": "EV", "bins": 30, "target_column": null, "CPT_method": "MLE", "time_disc": 0.08551823208108544, "time_cnf": 4.500492469873279, "time_VE": 0.0023490339517593384, "time_BP": 0.012145122047513723, "RMSE": 9.789036850846161, "WRMSE": 10.019719419717434, "MAE": 7.5718040672612, "PE": 0.11162364314485047, "exact_EV": 345, "disc_EV": 344.61489843115027, "Wass_scaled": 0.1020856879809592, "Wass_multi": 1.1580771200250757, "time_wass": 0.016555037815123796}