{
	"nodecount" : 1532,
	"peaknodes" : 2079,
	"total_load_time" : 0.700412,
	"build_time" : 0.595074,
	"wmc_time" : 0.00226808
}
