{
	"nodecount" : 651,
	"peaknodes" : 712,
	"total_load_time" : 0.122681,
	"build_time" : 0.0561221,
	"wmc_time" : 0.00168109
}
