{"distribution": "lg", "edges": [["A", "D"], ["B", "D"], ["D", "E"], ["C", "E"]], "root_params": "A ~ N(20,20) B ~ N(20,20) C ~ N(15,15)", "experiment": 19, "not_root_params": "D   ~   N ( 2 A + 3 B , 2 )   E   ~   N ( 3 C + 3 D , 2 )", "sample_size": 100, "means": {"A": 20, "B": 20, "C": 15, "D": 100, "E": 345}, "disc_method": "EV", "bins": 20, "target_column": null, "CPT_method": "MLE", "time_disc": 0.06738829193636775, "time_cnf": 0.5538682341575623, "time_VE": 0.0017621838487684727, "time_BP": 0.007350260857492685, "RMSE": 9.67095746703258, "WRMSE": 9.670957467032578, "MAE": 7.460833213668923, "PE": 0.1186229816682393, "exact_EV": 345, "disc_EV": 344.5907507132446, "Wass_scaled": 0.130644576593191, "Wass_multi": 1.717472690288264, "time_wass": 0.016595204826444387}