{"distribution": "lg", "edges": [["A", "D"], ["B", "D"], ["D", "E"], ["C", "E"]], "root_params": "A ~ N(20,20) B ~ N(20,20) C ~ N(15,15)", "experiment": 19, "not_root_params": "D   ~   N ( 2 A + 3 B , 2 )   E   ~   N ( 3 C + 3 D , 2 )", "sample_size": 100, "means": {"A": 20, "B": 20, "C": 15, "D": 100, "E": 345}, "disc_method": "EB", "bins": 20, "target_column": null, "CPT_method": "MLE", "time_disc": 0.07374614011496305, "time_cnf": 0.30762048438191414, "time_VE": 0.0025904271751642227, "time_BP": 0.008505397010594606, "RMSE": 14.239735519832958, "WRMSE": 9.458947014518134, "MAE": 11.991195678679096, "PE": 0.20264369102051205, "exact_EV": 345, "disc_EV": 344.30087926597923, "Wass_scaled": 0.032308954901668095, "Wass_multi": 1.3620321333339949, "time_wass": 0.016974019818007946}