{
	"nodecount" : 2198,
	"peaknodes" : 4302,
	"total_load_time" : 9.5483,
	"build_time" : 8.45488,
	"wmc_time" : 0.00337005,
	"wmc_value" : 1,
	"bn_to_cnf_time" : 0.651918
}
