{"distribution": "lg", "edges": [["A", "D"], ["B", "D"], ["D", "E"], ["C", "E"]], "root_params": "A ~ N(20,20) B ~ N(20,20) C ~ N(15,15)", "experiment": 19, "not_root_params": "D   ~   N ( 2 A + 3 B , 2 )   E   ~   N ( 3 C + 3 D , 2 )", "sample_size": 100, "means": {"A": 20, "B": 20, "C": 15, "D": 100, "E": 345}, "disc_method": "EV", "bins": 5, "target_column": null, "CPT_method": "MLE", "time_disc": 0.08608290000120178, "time_cnf": 0.006436399999074638, "time_VE": 0.0026036999915959314, "time_BP": 0.006624600006034598, "RMSE": 1.7745134385552181, "WRMSE": 1.7745134385552181, "MAE": 1.488384238383651, "PE": 0.007847065455800897, "exact_EV": 345, "disc_EV": 345.0270723758225, "Wass_scaled": 0.37382523022371184, "Wass_multi": 5.694463871303674, "time_wass": 0.02894259999447968}