{"distribution": "lg", "edges": [["A", "D"], ["B", "D"], ["D", "E"], ["C", "E"]], "root_params": "A ~ N(20,20) B ~ N(20,20) C ~ N(15,15)", "experiment": 19, "not_root_params": "D   ~   N ( 2 A + 3 B , 2 )   E   ~   N ( 3 C + 3 D , 2 )", "sample_size": 100, "means": {"A": 20, "B": 20, "C": 15, "D": 100, "E": 345}, "disc_method": "EB", "bins": 12, "target_column": null, "CPT_method": "MLE", "time_disc": 0.05979764088988304, "time_cnf": 0.26893404498696327, "time_VE": 0.0016942797228693962, "time_BP": 0.005936515051871538, "RMSE": 13.62602859058083, "WRMSE": 7.961243137382441, "MAE": 10.727859319055767, "PE": 0.008146536460697172, "exact_EV": 345, "disc_EV": 345.0281055507894, "Wass_scaled": 0.058964023852562594, "Wass_multi": 2.5835618073392896, "time_wass": 0.01605380279943347}