{"distribution": "lg", "edges": [["A", "D"], ["B", "D"], ["D", "E"], ["C", "E"]], "root_params": "A ~ N(20,20) B ~ N(20,20) C ~ N(15,15)", "experiment": 19, "not_root_params": "D   ~   N ( 2 A + 3 B , 2 )   E   ~   N ( 3 C + 3 D , 2 )", "sample_size": 100, "means": {"A": 20, "B": 20, "C": 15, "D": 100, "E": 345}, "disc_method": "EB", "bins": 20, "target_column": null, "CPT_method": "MLE", "time_disc": 0.09094650000042748, "time_cnf": 0.18339419999392703, "time_VE": 0.0018912000086857006, "time_BP": 0.007588499996927567, "RMSE": 14.239735519832958, "WRMSE": 9.458947014518134, "MAE": 11.991195678679096, "PE": 0.2026436910205285, "exact_EV": 345, "disc_EV": 344.3008792659792, "Wass_scaled": 0.032308954901668095, "Wass_multi": 1.3620321333339949, "time_wass": 0.01867199999105651}