{"distribution": "lg", "edges": [["A", "D"], ["B", "D"], ["D", "E"], ["C", "E"]], "root_params": "A ~ N(20,20) B ~ N(20,20) C ~ N(15,15)", "experiment": 19, "not_root_params": "D   ~   N ( 2 A + 3 B , 2 )   E   ~   N ( 3 C + 3 D , 2 )", "sample_size": 100, "means": {"A": 20, "B": 20, "C": 15, "D": 100, "E": 345}, "disc_method": "EV", "bins": 10, "target_column": null, "CPT_method": "MLE", "time_disc": 0.09427620000496972, "time_cnf": 0.028177900006994605, "time_VE": 0.0027073000092059374, "time_BP": 0.007574799994472414, "RMSE": 5.449991692804712, "WRMSE": 5.449991692804713, "MAE": 4.0735140823538645, "PE": 0.39829758676874466, "exact_EV": 345, "disc_EV": 343.62587332564783, "Wass_scaled": 0.22395300629162798, "Wass_multi": 3.2016232695054794, "time_wass": 0.020195199991576374}