{"distribution": "lg", "edges": [["A", "D"], ["B", "D"], ["D", "E"], ["C", "E"]], "root_params": "A ~ N(20,20) B ~ N(20,20) C ~ N(15,15)", "experiment": 19, "not_root_params": "D   ~   N ( 2 A + 3 B , 2 )   E   ~   N ( 3 C + 3 D , 2 )", "sample_size": 100, "means": {"A": 20, "B": 20, "C": 15, "D": 100, "E": 345}, "disc_method": "MDLP", "bins": 2, "target_column": "E", "CPT_method": "MLE", "time_disc": 0.12667948007583618, "time_cnf": 0.5595047511160374, "time_VE": 0.0015837140381336212, "time_BP": 0.005648286081850529, "RMSE": 4.619560275297155, "WRMSE": 4.352659106366796, "MAE": 3.6454219316836594, "PE": 0.1974267381320629, "exact_EV": 345, "disc_EV": 344.3188777534444, "Wass_scaled": 0.43551807406168375, "Wass_multi": 2.453085140041004, "time_wass": 0.011660899966955185}