{
	"nodecount" : 1015,
	"peaknodes" : 1194,
	"total_load_time" : 0.324374,
	"build_time" : 0.298866,
	"wmc_time" : 0.00271392,
	"wmc_value" : 1,
	"bn_to_cnf_time" : 0.00923228
}
