{"distribution": "lg", "edges": [["A", "D"], ["B", "D"], ["D", "E"], ["C", "E"]], "root_params": "A ~ N(20,20) B ~ N(20,20) C ~ N(15,15)", "experiment": 19, "not_root_params": "D   ~   N ( 2 A + 3 B , 2 )   E   ~   N ( 3 C + 3 D , 2 )", "sample_size": 100, "means": {"A": 20, "B": 20, "C": 15, "D": 100, "E": 345}, "disc_method": "EB", "bins": 12, "target_column": null, "CPT_method": "MLE", "time_disc": 0.08744689999730326, "time_cnf": 0.05428379999648314, "time_VE": 0.002445799997076392, "time_BP": 0.0064359999960288405, "RMSE": 13.626028590580836, "WRMSE": 7.961243137382446, "MAE": 10.727859319055773, "PE": 0.008146536460697172, "exact_EV": 345, "disc_EV": 345.0281055507894, "Wass_scaled": 0.058964023852562594, "Wass_multi": 2.5835618073392896, "time_wass": 0.01848240000254009}