{"distribution": "lg", "edges": [["A", "D"], ["B", "D"], ["D", "E"], ["C", "E"]], "root_params": "A ~ N(20,20) B ~ N(20,20) C ~ N(15,15)", "experiment": 19, "not_root_params": "D   ~   N ( 2 A + 3 B , 2 )   E   ~   N ( 3 C + 3 D , 2 )", "sample_size": 100, "means": {"A": 20, "B": 20, "C": 15, "D": 100, "E": 345}, "disc_method": "EV", "bins": 14, "target_column": null, "CPT_method": "MLE", "time_disc": 0.06824304582551122, "time_cnf": 0.23648887826129794, "time_VE": 0.001867034938186407, "time_BP": 0.009365948848426342, "RMSE": 8.247142148273477, "WRMSE": 8.524815008479312, "MAE": 6.271026478434204, "PE": 0.158554984895275, "exact_EV": 345, "disc_EV": 344.4529853021113, "Wass_scaled": 0.1914420824501855, "Wass_multi": 2.671713044416956, "time_wass": 0.019709330052137375}