{
	"nodecount" : 1659,
	"peaknodes" : 2296,
	"total_load_time" : 0.647281,
	"build_time" : 0.593582,
	"wmc_time" : 0.00211
}
