{
	"nodecount" : 2076,
	"peaknodes" : 2579,
	"total_load_time" : 1.21879,
	"build_time" : 1.10246,
	"wmc_time" : 0.00243711
}
