{"distribution": "lg", "edges": [["A", "D"], ["B", "D"], ["D", "E"], ["C", "E"]], "root_params": "A ~ N(20,20) B ~ N(20,20) C ~ N(15,15)", "experiment": 19, "not_root_params": "D   ~   N ( 2 A + 3 B , 2 )   E   ~   N ( 3 C + 3 D , 2 )", "sample_size": 100, "means": {"A": 20, "B": 20, "C": 15, "D": 100, "E": 345}, "disc_method": "EV", "bins": 25, "target_column": null, "CPT_method": "MLE", "time_disc": 0.07670150697231293, "time_cnf": 2.031822103075683, "time_VE": 0.0019520092755556107, "time_BP": 0.009523911867290735, "RMSE": 9.938712900843042, "WRMSE": 9.938712900843042, "MAE": 7.681923220886452, "PE": 0.08297654330339935, "exact_EV": 345, "disc_EV": 344.7137309256033, "Wass_scaled": 0.10318616893500862, "Wass_multi": 1.3594216363926934, "time_wass": 0.016518184915184975}