{
	"nodecount" : 1896,
	"peaknodes" : 3440,
	"total_load_time" : 1.92456,
	"build_time" : 1.76466,
	"wmc_time" : 0.00222802
}
