{"distribution": "lg", "edges": [["A", "D"], ["B", "D"], ["D", "E"], ["C", "E"]], "root_params": "A ~ N(20,20) B ~ N(20,20) C ~ N(15,15)", "experiment": 19, "not_root_params": "D   ~   N ( 2 A + 3 B , 2 )   E   ~   N ( 3 C + 3 D , 2 )", "sample_size": 100, "means": {"A": 20, "B": 20, "C": 15, "D": 100, "E": 345}, "disc_method": "EV", "bins": 12, "target_column": null, "CPT_method": "MLE", "time_disc": 0.09129899999243207, "time_cnf": 0.04718259999935981, "time_VE": 0.002636499993968755, "time_BP": 0.007049499996355735, "RMSE": 7.162194434191882, "WRMSE": 7.324542528304005, "MAE": 5.619472791122068, "PE": 0.19618136289895502, "exact_EV": 345, "disc_EV": 344.3231742979986, "Wass_scaled": 0.20725763747561554, "Wass_multi": 3.116698963922438, "time_wass": 0.01689160001114942}