{"distribution": "lg", "edges": [["A", "D"], ["B", "D"], ["D", "E"], ["C", "E"]], "root_params": "A ~ N(20,20) B ~ N(20,20) C ~ N(15,15)", "experiment": 16, "not_root_params": "D   ~   N ( 2 A + 3 B , 2 )   E   ~   N ( 3 C + 3 D , 2 )", "sample_size": 100, "means": {"A": 20, "B": 20, "C": 15, "D": 100, "E": 345}, "disc_method": "EV", "bins": 14, "target_column": null, "Wass1D": 4.11563192304967, "Wass_multi": 7.081786023136497, "RMSE": 8.247142148273475, "WRMSE": 8.52481500847931, "MAE": 68.01535361382885, "VE_complexity": 1119565.0}