{"distribution": "lg", "edges": [["A", "D"], ["B", "D"], ["D", "E"], ["C", "E"]], "root_params": "A ~ N(20,20) B ~ N(20,20) C ~ N(15,15)", "experiment": 102, "not_root_params": "D   ~   N ( 2 A + 3 B , 5 . 5 )   E   ~   N ( 3 C + 3 D , 5 . 5 )", "sample_size": 1050, "means": {"A": 20, "B": 20, "C": 15, "D": 100, "E": 345}, "disc_method": "EV", "bins": 8, "target_column": null, "CPT_method": "Bayespriors", "time_disc": 0.16561959999671672, "time_cnf": 0.01929940000991337, "time_VE": 0.0013494000013452023, "time_BP": 0.00648499999078922, "RMSE": 3.190721287335472, "WRMSE": 3.1985633100290274, "MAE": 2.2564252658225286, "PE": 0.017834899228243255, "exact_EV": 345, "disc_EV": 345.06153040233744, "Wass_scaled": 0.3158534278995102, "Wass_multi": 9.779132457603755, "time_wass": 0.5847678999998607}