{
	"nodecount" : 9451,
	"peaknodes" : 10103,
	"total_load_time" : 0.78392,
	"build_time" : 0.654278,
	"wmc_time" : 0.00374794
}
