{
	"nodecount" : 37953,
	"peaknodes" : 41960,
	"total_load_time" : 2.71332,
	"build_time" : 2.39529,
	"wmc_time" : 0.0074079
}
