{"distribution": "lg", "edges": [["A", "D"], ["B", "D"], ["D", "E"], ["C", "E"]], "root_params": "A ~ N(20,20) B ~ N(20,20) C ~ N(15,15)", "experiment": 102, "not_root_params": "D   ~   N ( 2 A + 3 B , 5 . 5 )   E   ~   N ( 3 C + 3 D , 5 . 5 )", "sample_size": 1050, "means": {"A": 20, "B": 20, "C": 15, "D": 100, "E": 345}, "disc_method": "EB", "bins": 14, "target_column": null, "CPT_method": "Bayespriors", "time_disc": 0.17074670000874903, "time_cnf": 0.08182030000898521, "time_VE": 0.0016134000034071505, "time_BP": 0.010806999998749234, "RMSE": 25.15235290525294, "WRMSE": 8.702032944602514, "MAE": 17.019461312867424, "PE": 0.1374560458485951, "exact_EV": 345, "disc_EV": 344.52577664182235, "Wass_scaled": 0.051188886844772845, "Wass_multi": 7.354213152145671, "time_wass": 0.5729202999937115}