{"distribution": "lg", "edges": [["A", "D"], ["B", "D"], ["D", "E"], ["C", "E"]], "root_params": "A ~ N(20,20) B ~ N(20,20) C ~ N(15,15)", "experiment": 102, "not_root_params": "D   ~   N ( 2 A + 3 B , 5 . 5 )   E   ~   N ( 3 C + 3 D , 5 . 5 )", "sample_size": 1050, "means": {"A": 20, "B": 20, "C": 15, "D": 100, "E": 345}, "disc_method": "EB", "bins": 20, "target_column": null, "CPT_method": "Bayespriors", "time_disc": 0.16046640000422485, "time_cnf": 0.22373729999526404, "time_VE": 0.0017481000104453415, "time_BP": 0.014775600007851608, "RMSE": 35.83235327843026, "WRMSE": 11.91172799648933, "MAE": 24.438410039070078, "PE": 0.06588146505673714, "exact_EV": 345, "disc_EV": 344.77270894555426, "Wass_scaled": 0.03484458635943253, "Wass_multi": 5.0447063937708725, "time_wass": 0.5248809000040637}