{
	"nodecount" : 3348,
	"peaknodes" : 3383,
	"total_load_time" : 0.237625,
	"build_time" : 0.15522,
	"wmc_time" : 0.00238395
}
