{
	"nodecount" : 10918,
	"peaknodes" : 11047,
	"total_load_time" : 0.610344,
	"build_time" : 0.509401,
	"wmc_time" : 0.00379992
}
