{"distribution": "lg", "edges": [["A", "D"], ["B", "D"], ["D", "E"], ["C", "E"]], "root_params": "A ~ N(20,20) B ~ N(20,20) C ~ N(15,15)", "experiment": 102, "not_root_params": "D   ~   N ( 2 A + 3 B , 5 . 5 )   E   ~   N ( 3 C + 3 D , 5 . 5 )", "sample_size": 1050, "means": {"A": 20, "B": 20, "C": 15, "D": 100, "E": 345}, "disc_method": "EV", "bins": 8, "target_column": null, "CPT_method": "Bayespriors", "time_disc": 0.09556253533810377, "time_cnf": 0.43795668613165617, "time_VE": 0.0011745239607989788, "time_BP": 0.004781624302268028, "RMSE": 3.1907212873355015, "WRMSE": 3.198563310029057, "MAE": 2.256425265822557, "PE": 0.017834899228243255, "exact_EV": 345, "disc_EV": 345.06153040233744, "Wass_scaled": 0.3158534278995102, "Wass_multi": 9.779132457603755, "time_wass": 0.4797551683150232}