{"distribution": "lg", "edges": [["A", "D"], ["B", "D"], ["D", "E"], ["C", "E"]], "root_params": "A ~ N(20,20) B ~ N(20,20) C ~ N(15,15)", "experiment": 102, "not_root_params": "D   ~   N ( 2 A + 3 B , 5 . 5 )   E   ~   N ( 3 C + 3 D , 5 . 5 )", "sample_size": 1050, "means": {"A": 20, "B": 20, "C": 15, "D": 100, "E": 345}, "disc_method": "EB", "bins": 10, "target_column": null, "CPT_method": "Bayespriors", "time_disc": 0.096411710139364, "time_cnf": 0.32754817232489586, "time_VE": 0.001250057015568018, "time_BP": 0.004943479783833027, "RMSE": 12.12281762706402, "WRMSE": 4.481518097896487, "MAE": 8.622368913406302, "PE": 0.279024852260594, "exact_EV": 345, "disc_EV": 344.03736425970095, "Wass_scaled": 0.08298291438701862, "Wass_multi": 10.29441786277913, "time_wass": 0.44447732623666525}