{
	"nodecount" : 5192,
	"peaknodes" : 5192,
	"total_load_time" : 0.269225,
	"build_time" : 0.182197,
	"wmc_time" : 0.0027771
}
