{"distribution": "lg", "edges": [["A", "D"], ["B", "D"], ["D", "E"], ["C", "E"]], "root_params": "A ~ N(20,20) B ~ N(20,20) C ~ N(15,15)", "experiment": 102, "not_root_params": "D   ~   N ( 2 A + 3 B , 5 . 5 )   E   ~   N ( 3 C + 3 D , 5 . 5 )", "sample_size": 1050, "means": {"A": 20, "B": 20, "C": 15, "D": 100, "E": 345}, "disc_method": "EB", "bins": 12, "target_column": null, "CPT_method": "Bayespriors", "time_disc": 0.16092110000317916, "time_cnf": 0.05069839999487158, "time_VE": 0.002017499995417893, "time_BP": 0.011853899995912798, "RMSE": 18.74861615499156, "WRMSE": 7.026236351962316, "MAE": 12.966320555478632, "PE": 0.14371079199575604, "exact_EV": 345, "disc_EV": 344.50419776761464, "Wass_scaled": 0.06302429071986206, "Wass_multi": 8.384922426929988, "time_wass": 0.5896859000058612}