{"distribution": "lg", "edges": [["A", "D"], ["B", "D"], ["D", "E"], ["C", "E"]], "root_params": "A ~ N(20,20) B ~ N(20,20) C ~ N(15,15)", "experiment": 102, "not_root_params": "D   ~   N ( 2 A + 3 B , 5 . 5 )   E   ~   N ( 3 C + 3 D , 5 . 5 )", "sample_size": 1050, "means": {"A": 20, "B": 20, "C": 15, "D": 100, "E": 345}, "disc_method": "EV", "bins": 30, "target_column": null, "CPT_method": "Bayespriors", "time_disc": 0.18148940001265146, "time_cnf": 0.8240762000059476, "time_VE": 0.0017094000068027526, "time_BP": 0.01514629999292083, "RMSE": 16.55222880305118, "WRMSE": 16.55222880305118, "MAE": 13.214691767627105, "PE": 0.3146581271485245, "exact_EV": 345, "disc_EV": 346.0855705386624, "Wass_scaled": 0.15590028826095298, "Wass_multi": 3.2779555233338113, "time_wass": 0.5853321999893524}