{
	"nodecount" : 19669,
	"peaknodes" : 21210,
	"total_load_time" : 1.98331,
	"build_time" : 1.74975,
	"wmc_time" : 0.00520205
}
