{
	"nodecount" : 36283,
	"peaknodes" : 38745,
	"total_load_time" : 3.84652,
	"build_time" : 3.30241,
	"wmc_time" : 0.00799608
}
