{"distribution": "lg", "edges": [["A", "D"], ["B", "D"], ["D", "E"], ["C", "E"]], "root_params": "A ~ N(20,20) B ~ N(20,20) C ~ N(15,15)", "experiment": 102, "not_root_params": "D   ~   N ( 2 A + 3 B , 5 . 5 )   E   ~   N ( 3 C + 3 D , 5 . 5 )", "sample_size": 1050, "means": {"A": 20, "B": 20, "C": 15, "D": 100, "E": 345}, "disc_method": "EB", "bins": 5, "target_column": null, "CPT_method": "Bayespriors", "time_disc": 0.14939087396487594, "time_cnf": 0.9832742111757398, "time_VE": 0.001182330772280693, "time_BP": 0.0047789933159947395, "RMSE": 10.864083434405343, "WRMSE": 5.774319920642679, "MAE": 9.090867294132101, "PE": 0.193709858408939, "exact_EV": 345, "disc_EV": 344.33170098848916, "Wass_scaled": 0.17125285875719523, "Wass_multi": 19.31917651758494, "time_wass": 0.4446701230481267}