{"distribution": "lg", "edges": [["A", "D"], ["B", "D"], ["D", "E"], ["C", "E"]], "root_params": "A ~ N(20,20) B ~ N(20,20) C ~ N(15,15)", "experiment": 102, "not_root_params": "D   ~   N ( 2 A + 3 B , 5 . 5 )   E   ~   N ( 3 C + 3 D , 5 . 5 )", "sample_size": 1050, "means": {"A": 20, "B": 20, "C": 15, "D": 100, "E": 345}, "disc_method": "EV", "bins": 17, "target_column": null, "CPT_method": "Bayespriors", "time_disc": 0.16176569998788182, "time_cnf": 0.1414809999987483, "time_VE": 0.001602799995453097, "time_BP": 0.0074825999909080565, "RMSE": 5.059316315731368, "WRMSE": 5.066147695108169, "MAE": 3.952610607293553, "PE": 0.09681728677648699, "exact_EV": 345, "disc_EV": 344.6659803606211, "Wass_scaled": 0.2093048256133004, "Wass_multi": 5.289148127453366, "time_wass": 0.5965285999991465}