{"distribution": "lg", "edges": [["A", "D"], ["B", "D"], ["D", "E"], ["C", "E"]], "root_params": "A ~ N(20,20) B ~ N(20,20) C ~ N(15,15)", "experiment": 102, "not_root_params": "D   ~   N ( 2 A + 3 B , 5 . 5 )   E   ~   N ( 3 C + 3 D , 5 . 5 )", "sample_size": 1050, "means": {"A": 20, "B": 20, "C": 15, "D": 100, "E": 345}, "disc_method": "MDLP", "bins": 2, "target_column": "E", "CPT_method": "Bayespriors", "time_disc": 0.7971963817253709, "time_cnf": 0.35192333767190576, "time_VE": 0.0014249649830162525, "time_BP": 0.005097158718854189, "RMSE": 24.440481088582757, "WRMSE": 6.258456140524641, "MAE": 18.675164462538955, "PE": 0.2670671796879791, "exact_EV": 345, "disc_EV": 344.0786182300765, "Wass_scaled": 0.4261646249024762, "Wass_multi": 6.235341268137725, "time_wass": 0.4580376879312098}