{"distribution": "lg", "edges": [["A", "D"], ["B", "D"], ["D", "E"], ["C", "E"]], "root_params": "A ~ N(20,20) B ~ N(20,20) C ~ N(15,15)", "experiment": 102, "not_root_params": "D   ~   N ( 2 A + 3 B , 5 . 5 )   E   ~   N ( 3 C + 3 D , 5 . 5 )", "sample_size": 1050, "means": {"A": 20, "B": 20, "C": 15, "D": 100, "E": 345}, "disc_method": "EB", "bins": 25, "target_column": null, "CPT_method": "Bayespriors", "time_disc": 0.11645161220803857, "time_cnf": 3.4808836076408625, "time_VE": 0.00153734115883708, "time_BP": 0.007547810673713684, "RMSE": 40.698440690439135, "WRMSE": 14.641258759394251, "MAE": 29.080141340411206, "PE": 0.048619832972578304, "exact_EV": 345, "disc_EV": 345.1677384237554, "Wass_scaled": 0.029200658134096082, "Wass_multi": 4.164985151672121, "time_wass": 0.41627874271944165}