{
	"nodecount" : 1546,
	"peaknodes" : 1546,
	"total_load_time" : 0.513788,
	"build_time" : 0.458566,
	"wmc_time" : 0.00187802
}
