{"distribution": "lg", "edges": [["A", "D"], ["B", "D"], ["D", "E"], ["C", "E"]], "root_params": "A ~ N(20,20) B ~ N(20,20) C ~ N(15,15)", "experiment": 102, "not_root_params": "D   ~   N ( 2 A + 3 B , 5 . 5 )   E   ~   N ( 3 C + 3 D , 5 . 5 )", "sample_size": 1050, "means": {"A": 20, "B": 20, "C": 15, "D": 100, "E": 345}, "disc_method": "EV", "bins": 20, "target_column": null, "CPT_method": "Bayespriors", "time_disc": 0.10543223330751061, "time_cnf": 1.3216453632339835, "time_VE": 0.001347981858998537, "time_BP": 0.006621037144213915, "RMSE": 5.471070830902835, "WRMSE": 5.480111220669547, "MAE": 4.387410986468842, "PE": 0.050275667658752354, "exact_EV": 345, "disc_EV": 344.8265489465773, "Wass_scaled": 0.19321389545514464, "Wass_multi": 4.553391589889408, "time_wass": 0.46309817489236593}