{"distribution": "lg", "edges": [["A", "D"], ["B", "D"], ["D", "E"], ["C", "E"]], "root_params": "A ~ N(20,20) B ~ N(20,20) C ~ N(15,15)", "experiment": 102, "not_root_params": "D   ~   N ( 2 A + 3 B , 5 . 5 )   E   ~   N ( 3 C + 3 D , 5 . 5 )", "sample_size": 1050, "means": {"A": 20, "B": 20, "C": 15, "D": 100, "E": 345}, "disc_method": "EV", "bins": 14, "target_column": null, "CPT_method": "Bayespriors", "time_disc": 0.09700946183875203, "time_cnf": 0.43010513996705413, "time_VE": 0.001279889140278101, "time_BP": 0.005501138046383858, "RMSE": 3.475558642222941, "WRMSE": 3.4755586422229414, "MAE": 2.723716003897993, "PE": 0.12756041347903405, "exact_EV": 345, "disc_EV": 344.55991657349733, "Wass_scaled": 0.230974212615553, "Wass_multi": 6.1189907487948565, "time_wass": 0.47035873821005225}