{
	"nodecount" : 37953,
	"peaknodes" : 41960,
	"total_load_time" : 5.08108,
	"build_time" : 4.77407,
	"wmc_time" : 0.010385,
	"wmc_value" : 1,
	"bn_to_cnf_time" : 0.179121
}
