{"distribution": "lg", "edges": [["A", "D"], ["B", "D"], ["D", "E"], ["C", "E"]], "root_params": "A ~ N(20,20) B ~ N(20,20) C ~ N(15,15)", "experiment": 102, "not_root_params": "D   ~   N ( 2 A + 3 B , 5 . 5 )   E   ~   N ( 3 C + 3 D , 5 . 5 )", "sample_size": 1050, "means": {"A": 20, "B": 20, "C": 15, "D": 100, "E": 345}, "disc_method": "EB", "bins": 12, "target_column": null, "CPT_method": "Bayespriors", "time_disc": 0.09674896439537406, "time_cnf": 0.31591567816212773, "time_VE": 0.0011978871189057827, "time_BP": 0.005103086121380329, "RMSE": 18.748616154991556, "WRMSE": 7.02623635196231, "MAE": 12.966320555478623, "PE": 0.14371079199575604, "exact_EV": 345, "disc_EV": 344.50419776761464, "Wass_scaled": 0.06302429071986206, "Wass_multi": 8.384922426929988, "time_wass": 0.45013135904446244}