{
	"nodecount" : 16961,
	"peaknodes" : 17022,
	"total_load_time" : 0.876684,
	"build_time" : 0.779674,
	"wmc_time" : 0.00480103
}
