{
	"nodecount" : 35680,
	"peaknodes" : 37117,
	"total_load_time" : 2.22573,
	"build_time" : 1.94027,
	"wmc_time" : 0.00707102
}
