{
	"nodecount" : 16961,
	"peaknodes" : 17022,
	"total_load_time" : 1.55748,
	"build_time" : 1.50196,
	"wmc_time" : 0.00586605,
	"wmc_value" : 1,
	"bn_to_cnf_time" : 0.037761
}
