{"distribution": "lg", "edges": [["A", "D"], ["B", "D"], ["D", "E"], ["C", "E"]], "root_params": "A ~ N(20,20) B ~ N(20,20) C ~ N(15,15)", "experiment": 102, "not_root_params": "D   ~   N ( 2 A + 3 B , 5 . 5 )   E   ~   N ( 3 C + 3 D , 5 . 5 )", "sample_size": 1050, "means": {"A": 20, "B": 20, "C": 15, "D": 100, "E": 345}, "disc_method": "EB", "bins": 14, "target_column": null, "CPT_method": "Bayespriors", "time_disc": 0.09829424880445004, "time_cnf": 0.3448897320777178, "time_VE": 0.0012854752130806446, "time_BP": 0.005454102996736765, "RMSE": 25.15235290525294, "WRMSE": 8.70203294460251, "MAE": 17.019461312867417, "PE": 0.1374560458485951, "exact_EV": 345, "disc_EV": 344.52577664182235, "Wass_scaled": 0.051188886844772845, "Wass_multi": 7.354213152145671, "time_wass": 0.44682083930820227}