{"distribution": "lg", "edges": [["A", "D"], ["B", "D"], ["D", "E"], ["C", "E"]], "root_params": "A ~ N(20,20) B ~ N(20,20) C ~ N(15,15)", "experiment": 102, "not_root_params": "D   ~   N ( 2 A + 3 B , 5 . 5 )   E   ~   N ( 3 C + 3 D , 5 . 5 )", "sample_size": 1050, "means": {"A": 20, "B": 20, "C": 15, "D": 100, "E": 345}, "disc_method": "EB", "bins": 17, "target_column": null, "CPT_method": "Bayespriors", "time_disc": 0.1707654000056209, "time_cnf": 0.14293600000382867, "time_VE": 0.0016896000015549362, "time_BP": 0.007579500001156703, "RMSE": 33.14883490714461, "WRMSE": 10.410679501496459, "MAE": 21.731609930510587, "PE": 0.22027256702826428, "exact_EV": 345, "disc_EV": 344.2400596437525, "Wass_scaled": 0.04067497195215434, "Wass_multi": 5.931070795384807, "time_wass": 0.5501989000040339}