{"distribution": "lg", "edges": [["A", "D"], ["B", "D"], ["D", "E"], ["C", "E"]], "root_params": "A ~ N(20,20) B ~ N(20,20) C ~ N(15,15)", "experiment": 102, "not_root_params": "D   ~   N ( 2 A + 3 B , 5 . 5 )   E   ~   N ( 3 C + 3 D , 5 . 5 )", "sample_size": 1050, "means": {"A": 20, "B": 20, "C": 15, "D": 100, "E": 345}, "disc_method": "EB", "bins": 8, "target_column": null, "CPT_method": "Bayespriors", "time_disc": 0.17182789999060333, "time_cnf": 0.01904610000201501, "time_VE": 0.0015824000001884997, "time_BP": 0.005214100005105138, "RMSE": 8.746836854941812, "WRMSE": 4.121764524031103, "MAE": 5.906982841189553, "PE": 0.11160356175397297, "exact_EV": 345, "disc_EV": 344.6149677119488, "Wass_scaled": 0.09908724537718908, "Wass_multi": 12.235847580858493, "time_wass": 0.5711240999953588}