{"distribution": "lg", "edges": [["A", "D"], ["B", "D"], ["D", "E"], ["C", "E"]], "root_params": "A ~ N(20,20) B ~ N(20,20) C ~ N(15,15)", "experiment": 102, "not_root_params": "D   ~   N ( 2 A + 3 B , 5 . 5 )   E   ~   N ( 3 C + 3 D , 5 . 5 )", "sample_size": 1050, "means": {"A": 20, "B": 20, "C": 15, "D": 100, "E": 345}, "disc_method": "EV", "bins": 10, "target_column": null, "CPT_method": "Bayespriors", "time_disc": 0.09331237385049462, "time_cnf": 0.1907826396636665, "time_VE": 0.001183812040835619, "time_BP": 0.004869353957474232, "RMSE": 3.0879866761953534, "WRMSE": 3.0879866761953534, "MAE": 2.645452570244373, "PE": 0.041435175642575726, "exact_EV": 345, "disc_EV": 344.8570486440331, "Wass_scaled": 0.2778222202151982, "Wass_multi": 8.140237284024131, "time_wass": 0.47136488230898976}