{"distribution": "lg", "edges": [["A", "D"], ["B", "D"], ["D", "E"], ["C", "E"]], "root_params": "A ~ N(20,20) B ~ N(20,20) C ~ N(15,15)", "experiment": 15, "not_root_params": "D   ~   N ( 2 A + 3 B , 2 )   E   ~   N ( 3 C + 3 D , 2 )", "sample_size": 500, "means": {"A": 20, "B": 20, "C": 15, "D": 100, "E": 345}, "disc_method": "MDLP", "bins": 2, "target_column": "E", "CPT_method": "MLE", "time_disc": 0.591643915977329, "time_cnf": 0.15973028494045138, "time_VE": 0.001683671958744526, "time_BP": 0.006110263988375664, "RMSE": 2.1749577286979696, "WRMSE": 1.6562292818147655, "MAE": 1.7824460320647972, "PE": 0.33114363565425226, "exact_EV": 345, "disc_EV": 343.85755445699283, "Wass_scaled": 0.36429562982029945, "Wass_multi": 2.538116109097743, "time_wass": 0.24572138441726565}