{"distribution": "lg", "edges": [["A", "D"], ["B", "D"], ["D", "E"], ["C", "E"]], "root_params": "A ~ N(20,20) B ~ N(20,20) C ~ N(15,15)", "experiment": 15, "not_root_params": "D   ~   N ( 2 A + 3 B , 2 )   E   ~   N ( 3 C + 3 D , 2 )", "sample_size": 500, "means": {"A": 20, "B": 20, "C": 15, "D": 100, "E": 345}, "disc_method": "EV", "bins": 5, "target_column": null, "CPT_method": "MLE", "time_disc": 0.09220919999643229, "time_cnf": 0.009373099994263612, "time_VE": 0.0019137000053888187, "time_BP": 0.008151399990310892, "RMSE": 1.3859016851194925, "WRMSE": 1.3859016851194925, "MAE": 1.0106738205389092, "PE": 0.2984616026663099, "exact_EV": 345, "disc_EV": 343.97030747080123, "Wass_scaled": 0.385516693311319, "Wass_multi": 5.894975031571684, "time_wass": 0.17288329999428242}