{
	"nodecount" : 7467,
	"peaknodes" : 7750,
	"total_load_time" : 0.517294,
	"build_time" : 0.465933,
	"wmc_time" : 0.003227
}
