{
	"nodecount" : 996,
	"peaknodes" : 1060,
	"total_load_time" : 0.1021,
	"build_time" : 0.0913551,
	"wmc_time" : 0.00290394,
	"wmc_value" : 1,
	"bn_to_cnf_time" : 0.00352097
}
