{"distribution": "lg", "edges": [["A", "D"], ["B", "D"], ["D", "E"], ["C", "E"]], "root_params": "A ~ N(20,20) B ~ N(20,20) C ~ N(15,15)", "experiment": 15, "not_root_params": "D   ~   N ( 2 A + 3 B , 2 )   E   ~   N ( 3 C + 3 D , 2 )", "sample_size": 500, "means": {"A": 20, "B": 20, "C": 15, "D": 100, "E": 345}, "disc_method": "EV", "bins": 14, "target_column": null, "CPT_method": "MLE", "time_disc": 0.05390742374584079, "time_cnf": 0.2213992909528315, "time_VE": 0.0019125817343592644, "time_BP": 0.007109633181244135, "RMSE": 2.027870684317398, "WRMSE": 2.032012628118969, "MAE": 1.7534855723317346, "PE": 0.18607581758206124, "exact_EV": 345, "disc_EV": 344.3580384293419, "Wass_scaled": 0.1931858922107887, "Wass_multi": 2.4068517340377023, "time_wass": 0.20292515167966485}