{"distribution": "lg", "edges": [["A", "D"], ["B", "D"], ["D", "E"], ["C", "E"]], "root_params": "A ~ N(20,20) B ~ N(20,20) C ~ N(15,15)", "experiment": 15, "not_root_params": "D   ~   N ( 2 A + 3 B , 2 )   E   ~   N ( 3 C + 3 D , 2 )", "sample_size": 500, "means": {"A": 20, "B": 20, "C": 15, "D": 100, "E": 345}, "disc_method": "EB", "bins": 8, "target_column": null, "CPT_method": "MLE", "time_disc": 0.10072790000413079, "time_cnf": 0.017402199999196455, "time_VE": 0.0017414999892935157, "time_BP": 0.01353450000169687, "RMSE": 6.7836249090789424, "WRMSE": 2.7889281476013075, "MAE": 4.426903927378902, "PE": 0.5065423030150406, "exact_EV": 345, "disc_EV": 343.2524290545981, "Wass_scaled": 0.10336541743671619, "Wass_multi": 4.358935015740489, "time_wass": 0.16274909999629017}