{
	"nodecount" : 8989,
	"peaknodes" : 9803,
	"total_load_time" : 0.76442,
	"build_time" : 0.661652,
	"wmc_time" : 0.003685
}
