{"distribution": "lg", "edges": [["A", "D"], ["B", "D"], ["D", "E"], ["C", "E"]], "root_params": "A ~ N(20,20) B ~ N(20,20) C ~ N(15,15)", "experiment": 15, "not_root_params": "D   ~   N ( 2 A + 3 B , 2 )   E   ~   N ( 3 C + 3 D , 2 )", "sample_size": 500, "means": {"A": 20, "B": 20, "C": 15, "D": 100, "E": 345}, "disc_method": "EB", "bins": 17, "target_column": null, "CPT_method": "MLE", "time_disc": 0.09283100000175182, "time_cnf": 0.13816200000292156, "time_VE": 0.0014835000038146973, "time_BP": 0.01353370001015719, "RMSE": 16.213161011727937, "WRMSE": 6.033345205319843, "MAE": 11.856033382098223, "PE": 0.27170647732018355, "exact_EV": 345, "disc_EV": 344.06261265324537, "Wass_scaled": 0.042794589674019855, "Wass_multi": 2.1012409687649796, "time_wass": 0.14384279999649152}