{
	"nodecount" : 13920,
	"peaknodes" : 15460,
	"total_load_time" : 2.57473,
	"build_time" : 2.30917,
	"wmc_time" : 0.00510693
}
