{
	"nodecount" : 2625,
	"peaknodes" : 2711,
	"total_load_time" : 0.30093,
	"build_time" : 0.280616,
	"wmc_time" : 0.00345182,
	"wmc_value" : 1,
	"bn_to_cnf_time" : 0.0115685
}
