{
	"nodecount" : 12013,
	"peaknodes" : 17141,
	"total_load_time" : 6.06066,
	"build_time" : 5.08386,
	"wmc_time" : 0.00374484
}
