{"distribution": "lg", "edges": [["A", "D"], ["B", "D"], ["D", "E"], ["C", "E"]], "root_params": "A ~ N(20,20) B ~ N(20,20) C ~ N(15,15)", "experiment": 15, "not_root_params": "D   ~   N ( 2 A + 3 B , 2 )   E   ~   N ( 3 C + 3 D , 2 )", "sample_size": 500, "means": {"A": 20, "B": 20, "C": 15, "D": 100, "E": 345}, "disc_method": "EV", "bins": 25, "target_column": null, "CPT_method": "MLE", "time_disc": 0.07887807814404368, "time_cnf": 1.931524658575654, "time_VE": 0.0020041498355567455, "time_BP": 0.009673082269728184, "RMSE": 8.733047055436046, "WRMSE": 8.733047055436046, "MAE": 7.195221400555654, "PE": 0.34124457639904904, "exact_EV": 345, "disc_EV": 343.8227062114233, "Wass_scaled": 0.13231085886281102, "Wass_multi": 1.442696190682215, "time_wass": 0.2286589201539755}