{"distribution": "lg", "edges": [["A", "D"], ["B", "D"], ["D", "E"], ["C", "E"]], "root_params": "A ~ N(20,20) B ~ N(20,20) C ~ N(15,15)", "experiment": 15, "not_root_params": "D   ~   N ( 2 A + 3 B , 2 )   E   ~   N ( 3 C + 3 D , 2 )", "sample_size": 500, "means": {"A": 20, "B": 20, "C": 15, "D": 100, "E": 345}, "disc_method": "EB", "bins": 8, "target_column": null, "CPT_method": "MLE", "time_disc": 0.050080623012036085, "time_cnf": 0.11945009464398026, "time_VE": 0.0015537850558757782, "time_BP": 0.005691904574632645, "RMSE": 6.783624909078942, "WRMSE": 2.7889281476013057, "MAE": 4.426903927378895, "PE": 0.5065423030150406, "exact_EV": 345, "disc_EV": 343.2524290545981, "Wass_scaled": 0.10336541743671619, "Wass_multi": 4.358935015740489, "time_wass": 0.1477234661579132}