{"distribution": "lg", "edges": [["A", "D"], ["B", "D"], ["D", "E"], ["C", "E"]], "root_params": "A ~ N(20,20) B ~ N(20,20) C ~ N(15,15)", "experiment": 15, "not_root_params": "D   ~   N ( 2 A + 3 B , 2 )   E   ~   N ( 3 C + 3 D , 2 )", "sample_size": 500, "means": {"A": 20, "B": 20, "C": 15, "D": 100, "E": 345}, "disc_method": "EV", "bins": 17, "target_column": null, "CPT_method": "MLE", "time_disc": 0.06389890285208821, "time_cnf": 0.21643518097698689, "time_VE": 0.0018701013177633286, "time_BP": 0.007088558282703161, "RMSE": 4.806277326377012, "WRMSE": 4.815712819923712, "MAE": 3.966609006037037, "PE": 0.2965902494137468, "exact_EV": 345, "disc_EV": 343.9767636395226, "Wass_scaled": 0.17137384604530725, "Wass_multi": 2.032199887359294, "time_wass": 0.1964828372001648}