{"distribution": "lg", "edges": [["A", "D"], ["B", "D"], ["D", "E"], ["C", "E"]], "root_params": "A ~ N(20,20) B ~ N(20,20) C ~ N(15,15)", "experiment": 15, "not_root_params": "D   ~   N ( 2 A + 3 B , 2 )   E   ~   N ( 3 C + 3 D , 2 )", "sample_size": 500, "means": {"A": 20, "B": 20, "C": 15, "D": 100, "E": 345}, "disc_method": "EB", "bins": 30, "target_column": null, "CPT_method": "MLE", "time_disc": 0.1062299999903189, "time_cnf": 0.7712330999929691, "time_VE": 0.002780700000585057, "time_BP": 0.022878399991896003, "RMSE": 19.78726887233103, "WRMSE": 9.2809996949471, "MAE": 16.06168995868251, "PE": 0.7484413300160642, "exact_EV": 345, "disc_EV": 342.4178774114446, "Wass_scaled": 0.023365104764067356, "Wass_multi": 1.1649947938073315, "time_wass": 0.1337500999943586}