{"distribution": "lg", "edges": [["A", "D"], ["B", "D"], ["D", "E"], ["C", "E"]], "root_params": "A ~ N(20,20) B ~ N(20,20) C ~ N(15,15)", "experiment": 15, "not_root_params": "D   ~   N ( 2 A + 3 B , 2 )   E   ~   N ( 3 C + 3 D , 2 )", "sample_size": 500, "means": {"A": 20, "B": 20, "C": 15, "D": 100, "E": 345}, "disc_method": "EB", "bins": 20, "target_column": null, "CPT_method": "MLE", "time_disc": 0.06818816578015685, "time_cnf": 0.5577126299031079, "time_VE": 0.0018736422061920166, "time_BP": 0.007343506906181574, "RMSE": 17.847426082483082, "WRMSE": 7.408206682524635, "MAE": 13.77425567671742, "PE": 0.4624545507025838, "exact_EV": 345, "disc_EV": 343.4045318000761, "Wass_scaled": 0.03383093937647951, "Wass_multi": 1.7586623169988453, "time_wass": 0.15793496277183294}