{
	"nodecount" : 17640,
	"peaknodes" : 20592,
	"total_load_time" : 6.8635,
	"build_time" : 5.97662,
	"wmc_time" : 0.00642014
}
