{
	"nodecount" : 13892,
	"peaknodes" : 16366,
	"total_load_time" : 2.24905,
	"build_time" : 2.08532,
	"wmc_time" : 0.00440407
}
