{
	"nodecount" : 12930,
	"peaknodes" : 14156,
	"total_load_time" : 4.31641,
	"build_time" : 4.05185,
	"wmc_time" : 0.00995994,
	"wmc_value" : 1,
	"bn_to_cnf_time" : 0.10456
}
