{
	"nodecount" : 1276,
	"peaknodes" : 1350,
	"total_load_time" : 0.140991,
	"build_time" : 0.0666301,
	"wmc_time" : 0.00214887
}
