{"distribution": "lg", "edges": [["A", "D"], ["B", "D"], ["D", "E"], ["C", "E"]], "root_params": "A ~ N(20,20) B ~ N(20,20) C ~ N(15,15)", "experiment": 15, "not_root_params": "D   ~   N ( 2 A + 3 B , 2 )   E   ~   N ( 3 C + 3 D , 2 )", "sample_size": 500, "means": {"A": 20, "B": 20, "C": 15, "D": 100, "E": 345}, "disc_method": "EB", "bins": 10, "target_column": null, "CPT_method": "MLE", "time_disc": 0.04850283870473504, "time_cnf": 0.1452877465635538, "time_VE": 0.0014425087720155716, "time_BP": 0.005832241848111153, "RMSE": 9.591518180050029, "WRMSE": 3.5968968056846764, "MAE": 6.73134470470427, "PE": 0.2814824769199527, "exact_EV": 345, "disc_EV": 344.02888545462616, "Wass_scaled": 0.0724462565999573, "Wass_multi": 3.527771585634747, "time_wass": 0.1833688160404563}