{
	"nodecount" : 14419,
	"peaknodes" : 17242,
	"total_load_time" : 3.19638,
	"build_time" : 2.9105,
	"wmc_time" : 0.00555396
}
