{"distribution": "lg", "edges": [["A", "D"], ["B", "D"], ["D", "E"], ["C", "E"]], "root_params": "A ~ N(20,20) B ~ N(20,20) C ~ N(15,15)", "experiment": 15, "not_root_params": "D   ~   N ( 2 A + 3 B , 2 )   E   ~   N ( 3 C + 3 D , 2 )", "sample_size": 500, "means": {"A": 20, "B": 20, "C": 15, "D": 100, "E": 345}, "disc_method": "EV", "bins": 12, "target_column": null, "CPT_method": "MLE", "time_disc": 0.12121250000200234, "time_cnf": 0.050310299993725494, "time_VE": 0.001695400002063252, "time_BP": 0.013341700003365986, "RMSE": 1.497495934739468, "WRMSE": 1.4955902358173696, "MAE": 1.1538210994764644, "PE": 0.21858446801398596, "exact_EV": 345, "disc_EV": 344.24588358535175, "Wass_scaled": 0.21398590229497727, "Wass_multi": 2.855032255971838, "time_wass": 0.20243600000685547}