{
	"nodecount" : 7467,
	"peaknodes" : 7750,
	"total_load_time" : 0.918475,
	"build_time" : 0.877495,
	"wmc_time" : 0.0036931,
	"wmc_value" : 1,
	"bn_to_cnf_time" : 0.0219889
}
