{"distribution": "lg", "edges": [["A", "D"], ["B", "D"], ["D", "E"], ["C", "E"]], "root_params": "A ~ N(20,20) B ~ N(20,20) C ~ N(15,15)", "experiment": 15, "not_root_params": "D   ~   N ( 2 A + 3 B , 2 )   E   ~   N ( 3 C + 3 D , 2 )", "sample_size": 500, "means": {"A": 20, "B": 20, "C": 15, "D": 100, "E": 345}, "disc_method": "EB", "bins": 25, "target_column": null, "CPT_method": "MLE", "time_disc": 0.10280290000082459, "time_cnf": 0.4135148999921512, "time_VE": 0.0016388999938499182, "time_BP": 0.013780799999949522, "RMSE": 18.851388876948473, "WRMSE": 8.465954108066873, "MAE": 15.038437123599277, "PE": 0.3614641241262089, "exact_EV": 345, "disc_EV": 343.7529487717646, "Wass_scaled": 0.028085612409850358, "Wass_multi": 1.3660987281894645, "time_wass": 0.1374195999960648}