{"distribution": "lg", "edges": [["A", "D"], ["B", "D"], ["D", "E"], ["C", "E"]], "root_params": "A ~ N(20,20) B ~ N(20,20) C ~ N(15,15)", "experiment": 15, "not_root_params": "D   ~   N ( 2 A + 3 B , 2 )   E   ~   N ( 3 C + 3 D , 2 )", "sample_size": 500, "means": {"A": 20, "B": 20, "C": 15, "D": 100, "E": 345}, "disc_method": "EB", "bins": 5, "target_column": null, "CPT_method": "MLE", "time_disc": 0.11939110000093933, "time_cnf": 0.010916800005361438, "time_VE": 0.002955199990537949, "time_BP": 0.014490600005956367, "RMSE": 6.339230670076299, "WRMSE": 3.1162174510569542, "MAE": 5.044684393070099, "PE": 0.28686169590990673, "exact_EV": 345, "disc_EV": 344.0103271491108, "Wass_scaled": 0.17261593037534678, "Wass_multi": 6.83154182748535, "time_wass": 0.17035949999990407}