{"distribution": "lg", "edges": [["A", "D"], ["B", "D"], ["D", "E"], ["C", "E"]], "root_params": "A ~ N(20,20) B ~ N(20,20) C ~ N(15,15)", "experiment": 15, "not_root_params": "D   ~   N ( 2 A + 3 B , 2 )   E   ~   N ( 3 C + 3 D , 2 )", "sample_size": 500, "means": {"A": 20, "B": 20, "C": 15, "D": 100, "E": 345}, "disc_method": "EV", "bins": 8, "target_column": null, "CPT_method": "MLE", "time_disc": 0.1596313000045484, "time_cnf": 0.025498100003460422, "time_VE": 0.0031761999998707324, "time_BP": 0.018229200009955093, "RMSE": 1.2623264756532366, "WRMSE": 1.261846176271946, "MAE": 1.1449941268834252, "PE": 0.19355949535560799, "exact_EV": 345, "disc_EV": 344.33221974102315, "Wass_scaled": 0.2795612053540445, "Wass_multi": 3.975223306861729, "time_wass": 0.21388910000678152}