{
	"nodecount" : 62193,
	"peaknodes" : 71385,
	"total_load_time" : 9.68919,
	"build_time" : 8.57004,
	"wmc_time" : 0.011826,
	"wmc_value" : 1,
	"bn_to_cnf_time" : 0.646598
}
