{"distribution": "lg", "edges": [["A", "D"], ["B", "D"], ["D", "E"], ["C", "E"]], "root_params": "A ~ N(20,20) B ~ N(20,20) C ~ N(15,15)", "experiment": 123, "not_root_params": "D   ~   N ( 2 A + 3 B , 4 . 0 9 3 7 5 )   E   ~   N ( 3 C + 3 D , 4 . 0 9 3 7 5 )", "sample_size": 1466, "means": {"A": 20, "B": 20, "C": 15, "D": 100, "E": 345}, "disc_method": "EV", "bins": 5, "target_column": null, "CPT_method": "Bayespriors", "time_disc": 0.09407563135027885, "time_cnf": 0.26046327175572515, "time_VE": 0.0012298822402954102, "time_BP": 0.004937727935612202, "RMSE": 2.9047861675675453, "WRMSE": 2.9071463520595984, "MAE": 2.198717284069562, "PE": 0.05753660318769898, "exact_EV": 345, "disc_EV": 344.80149871900244, "Wass_scaled": 0.439550273468163, "Wass_multi": 12.03408203533916, "time_wass": 0.7573577789589763}