{"distribution": "lg", "edges": [["A", "D"], ["B", "D"], ["D", "E"], ["C", "E"]], "root_params": "A ~ N(20,20) B ~ N(20,20) C ~ N(15,15)", "experiment": 123, "not_root_params": "D   ~   N ( 2 A + 3 B , 4 . 0 9 3 7 5 )   E   ~   N ( 3 C + 3 D , 4 . 0 9 3 7 5 )", "sample_size": 1466, "means": {"A": 20, "B": 20, "C": 15, "D": 100, "E": 345}, "disc_method": "EV", "bins": 17, "target_column": null, "CPT_method": "Bayespriors", "time_disc": 0.10207020910456777, "time_cnf": 0.2796333502046764, "time_VE": 0.0012939898297190666, "time_BP": 0.005859444849193096, "RMSE": 1.8075853081902165, "WRMSE": 1.8070605637800883, "MAE": 1.5200270205569182, "PE": 0.06665306460309443, "exact_EV": 345, "disc_EV": 344.7700469271193, "Wass_scaled": 0.23668851045874473, "Wass_multi": 4.140669318015156, "time_wass": 0.7830940438434482}