{
	"nodecount" : 20997,
	"peaknodes" : 22191,
	"total_load_time" : 1.75465,
	"build_time" : 1.48183,
	"wmc_time" : 0.0056901
}
