{
	"nodecount" : 62193,
	"peaknodes" : 71385,
	"total_load_time" : 5.82407,
	"build_time" : 4.91472,
	"wmc_time" : 0.01141
}
