{"distribution": "lg", "edges": [["A", "D"], ["B", "D"], ["D", "E"], ["C", "E"]], "root_params": "A ~ N(20,20) B ~ N(20,20) C ~ N(15,15)", "experiment": 123, "not_root_params": "D   ~   N ( 2 A + 3 B , 4 . 0 9 3 7 5 )   E   ~   N ( 3 C + 3 D , 4 . 0 9 3 7 5 )", "sample_size": 1466, "means": {"A": 20, "B": 20, "C": 15, "D": 100, "E": 345}, "disc_method": "EB", "bins": 14, "target_column": null, "CPT_method": "Bayespriors", "time_disc": 0.10042885597795248, "time_cnf": 0.2814397909678519, "time_VE": 0.001273144967854023, "time_BP": 0.00524776428937912, "RMSE": 14.437289239516774, "WRMSE": 4.9885040172673865, "MAE": 9.519582673076599, "PE": 0.04326250482533752, "exact_EV": 345, "disc_EV": 345.1492556416474, "Wass_scaled": 0.05645273205066364, "Wass_multi": 6.507785637975366, "time_wass": 0.7103324881754816}