{"distribution": "lg", "edges": [["A", "D"], ["B", "D"], ["D", "E"], ["C", "E"]], "root_params": "A ~ N(20,20) B ~ N(20,20) C ~ N(15,15)", "experiment": 123, "not_root_params": "D   ~   N ( 2 A + 3 B , 4 . 0 9 3 7 5 )   E   ~   N ( 3 C + 3 D , 4 . 0 9 3 7 5 )", "sample_size": 1466, "means": {"A": 20, "B": 20, "C": 15, "D": 100, "E": 345}, "disc_method": "EB", "bins": 10, "target_column": null, "CPT_method": "Bayespriors", "time_disc": 0.09712792607024312, "time_cnf": 0.35554812429472804, "time_VE": 0.0012081298045814037, "time_BP": 0.004947544075548649, "RMSE": 11.123533238710786, "WRMSE": 4.2228349559059275, "MAE": 7.771998634810496, "PE": 0.048953366403444255, "exact_EV": 345, "disc_EV": 344.8311108859081, "Wass_scaled": 0.09116494313609817, "Wass_multi": 9.038572441485922, "time_wass": 0.7423271792940795}