{"distribution": "lg", "edges": [["A", "D"], ["B", "D"], ["D", "E"], ["C", "E"]], "root_params": "A ~ N(20,20) B ~ N(20,20) C ~ N(15,15)", "experiment": 123, "not_root_params": "D   ~   N ( 2 A + 3 B , 4 . 0 9 3 7 5 )   E   ~   N ( 3 C + 3 D , 4 . 0 9 3 7 5 )", "sample_size": 1466, "means": {"A": 20, "B": 20, "C": 15, "D": 100, "E": 345}, "disc_method": "EB", "bins": 17, "target_column": null, "CPT_method": "Bayespriors", "time_disc": 0.10366900777444243, "time_cnf": 0.243141352199018, "time_VE": 0.001273829024285078, "time_BP": 0.005761370994150639, "RMSE": 22.123858570071395, "WRMSE": 6.182774627805892, "MAE": 13.696243187115147, "PE": 0.215182851818488, "exact_EV": 345, "disc_EV": 345.7423808387738, "Wass_scaled": 0.044279092815583294, "Wass_multi": 5.406329011677221, "time_wass": 0.6956167980097234}