{
	"nodecount" : 13922,
	"peaknodes" : 14648,
	"total_load_time" : 1.0141,
	"build_time" : 0.88051,
	"wmc_time" : 0.0045929
}
