{"distribution": "lg", "edges": [["A", "D"], ["B", "D"], ["D", "E"], ["C", "E"]], "root_params": "A ~ N(20,20) B ~ N(20,20) C ~ N(15,15)", "experiment": 123, "not_root_params": "D   ~   N ( 2 A + 3 B , 4 . 0 9 3 7 5 )   E   ~   N ( 3 C + 3 D , 4 . 0 9 3 7 5 )", "sample_size": 1466, "means": {"A": 20, "B": 20, "C": 15, "D": 100, "E": 345}, "disc_method": "EV", "bins": 14, "target_column": null, "CPT_method": "Bayespriors", "time_disc": 0.15940020000562072, "time_cnf": 0.07646150000800844, "time_VE": 0.0018628000107128173, "time_BP": 0.013180800000554882, "RMSE": 1.7029108841463036, "WRMSE": 1.703037173270107, "MAE": 1.4338582867887584, "PE": 0.05696959424663755, "exact_EV": 345, "disc_EV": 344.8034548998491, "Wass_scaled": 0.2579771744070619, "Wass_multi": 5.019946191255701, "time_wass": 1.0833183999930043}