{"distribution": "lg", "edges": [["A", "D"], ["B", "D"], ["D", "E"], ["C", "E"]], "root_params": "A ~ N(20,20) B ~ N(20,20) C ~ N(15,15)", "experiment": 123, "not_root_params": "D   ~   N ( 2 A + 3 B , 4 . 0 9 3 7 5 )   E   ~   N ( 3 C + 3 D , 4 . 0 9 3 7 5 )", "sample_size": 1466, "means": {"A": 20, "B": 20, "C": 15, "D": 100, "E": 345}, "disc_method": "EV", "bins": 12, "target_column": null, "CPT_method": "Bayespriors", "time_disc": 0.09954103967174888, "time_cnf": 0.38786261109635234, "time_VE": 0.0012648720294237137, "time_BP": 0.005475801881402731, "RMSE": 1.4615465450488918, "WRMSE": 1.4645448284601263, "MAE": 1.1301038734717725, "PE": 0.0803096410515332, "exact_EV": 345, "disc_EV": 344.7229317383722, "Wass_scaled": 0.27829395726678485, "Wass_multi": 5.72172375057311, "time_wass": 0.7749869641847908}