{"distribution": "lg", "edges": [["A", "D"], ["B", "D"], ["D", "E"], ["C", "E"]], "root_params": "A ~ N(20,20) B ~ N(20,20) C ~ N(15,15)", "experiment": 123, "not_root_params": "D   ~   N ( 2 A + 3 B , 4 . 0 9 3 7 5 )   E   ~   N ( 3 C + 3 D , 4 . 0 9 3 7 5 )", "sample_size": 1466, "means": {"A": 20, "B": 20, "C": 15, "D": 100, "E": 345}, "disc_method": "EV", "bins": 8, "target_column": null, "CPT_method": "Bayespriors", "time_disc": 0.16348099999595433, "time_cnf": 0.017002699998556636, "time_VE": 0.001863400000729598, "time_BP": 0.012355099999695085, "RMSE": 1.855154346794553, "WRMSE": 1.8584470226159646, "MAE": 1.3431093976513182, "PE": 0.02482097746125241, "exact_EV": 345, "disc_EV": 344.9143676277587, "Wass_scaled": 0.3398773414028317, "Wass_multi": 8.183132325112705, "time_wass": 1.0457023000053596}