{
	"nodecount" : 1136,
	"peaknodes" : 1168,
	"total_load_time" : 0.13966,
	"build_time" : 0.055125,
	"wmc_time" : 0.00169683
}
