{
	"nodecount" : 1462,
	"peaknodes" : 1537,
	"total_load_time" : 0.244982,
	"build_time" : 0.0593989,
	"wmc_time" : 0.00185299
}
