{
	"nodecount" : 26944,
	"peaknodes" : 27310,
	"total_load_time" : 2.1862,
	"build_time" : 2.09161,
	"wmc_time" : 0.00718307,
	"wmc_value" : 1,
	"bn_to_cnf_time" : 0.0582817
}
