{"distribution": "lg", "edges": [["A", "D"], ["B", "D"], ["D", "E"], ["C", "E"]], "root_params": "A ~ N(20,20) B ~ N(20,20) C ~ N(15,15)", "experiment": 123, "not_root_params": "D   ~   N ( 2 A + 3 B , 4 . 0 9 3 7 5 )   E   ~   N ( 3 C + 3 D , 4 . 0 9 3 7 5 )", "sample_size": 1466, "means": {"A": 20, "B": 20, "C": 15, "D": 100, "E": 345}, "disc_method": "EB", "bins": 30, "target_column": null, "CPT_method": "Bayespriors", "time_disc": 0.12998569011688232, "time_cnf": 4.623608719091862, "time_VE": 0.0015852763317525387, "time_BP": 0.009527783840894699, "RMSE": 31.10497729205563, "WRMSE": 10.94505627072226, "MAE": 21.80355531099763, "PE": 0.2165307524726161, "exact_EV": 345, "disc_EV": 345.7470310960305, "Wass_scaled": 0.02394402341525465, "Wass_multi": 3.0572696701286426, "time_wass": 0.6243317858316004}