{
	"nodecount" : 6722,
	"peaknodes" : 7009,
	"total_load_time" : 0.552836,
	"build_time" : 0.430458,
	"wmc_time" : 0.00311708
}
