{
	"nodecount" : 62962,
	"peaknodes" : 69261,
	"total_load_time" : 4.08138,
	"build_time" : 3.51982,
	"wmc_time" : 0.015305
}
