{
	"nodecount" : 52688,
	"peaknodes" : 55350,
	"total_load_time" : 5.03358,
	"build_time" : 4.71691,
	"wmc_time" : 0.0119939,
	"wmc_value" : 1,
	"bn_to_cnf_time" : 0.174374
}
