{"distribution": "lg", "edges": [["A", "D"], ["B", "D"], ["D", "E"], ["C", "E"]], "root_params": "A ~ N(20,20) B ~ N(20,20) C ~ N(15,15)", "experiment": 123, "not_root_params": "D   ~   N ( 2 A + 3 B , 4 . 0 9 3 7 5 )   E   ~   N ( 3 C + 3 D , 4 . 0 9 3 7 5 )", "sample_size": 1466, "means": {"A": 20, "B": 20, "C": 15, "D": 100, "E": 345}, "disc_method": "EV", "bins": 20, "target_column": null, "CPT_method": "Bayespriors", "time_disc": 0.16326370000024326, "time_cnf": 0.2245853999920655, "time_VE": 0.002087000000756234, "time_BP": 0.0160559999931138, "RMSE": 2.5229469625184855, "WRMSE": 2.522714902860172, "MAE": 2.184414467352613, "PE": 0.23875289532374272, "exact_EV": 345, "disc_EV": 344.1763025111331, "Wass_scaled": 0.2201178562363125, "Wass_multi": 3.5416581283498227, "time_wass": 1.024050799998804}