{
	"nodecount" : 31215,
	"peaknodes" : 32976,
	"total_load_time" : 4.43037,
	"build_time" : 4.15238,
	"wmc_time" : 0.00841498,
	"wmc_value" : 1,
	"bn_to_cnf_time" : 0.149937
}
