{
	"nodecount" : 26944,
	"peaknodes" : 27310,
	"total_load_time" : 1.19792,
	"build_time" : 1.12612,
	"wmc_time" : 0.00651407
}
