{"distribution": "lg", "edges": [["A", "D"], ["B", "D"], ["D", "E"], ["C", "E"]], "root_params": "A ~ N(20,20) B ~ N(20,20) C ~ N(15,15)", "experiment": 123, "not_root_params": "D   ~   N ( 2 A + 3 B , 4 . 0 9 3 7 5 )   E   ~   N ( 3 C + 3 D , 4 . 0 9 3 7 5 )", "sample_size": 1466, "means": {"A": 20, "B": 20, "C": 15, "D": 100, "E": 345}, "disc_method": "MDLP", "bins": 2, "target_column": "E", "CPT_method": "Bayespriors", "time_disc": 1.021709332242608, "time_cnf": 0.5076188533566892, "time_VE": 0.001460233237594366, "time_BP": 0.005078814923763275, "RMSE": 1.9170887241558048, "WRMSE": 1.765000133600143, "MAE": 1.5387483372970934, "PE": 0.05441804962680325, "exact_EV": 345, "disc_EV": 344.81225772878753, "Wass_scaled": 0.35955130658747514, "Wass_multi": 4.429945112495029, "time_wass": 0.7294472688809037}