{
	"nodecount" : 45229,
	"peaknodes" : 48192,
	"total_load_time" : 6.35013,
	"build_time" : 5.84089,
	"wmc_time" : 0.0109179,
	"wmc_value" : 1,
	"bn_to_cnf_time" : 0.283504
}
