{"distribution": "nm", "edges": [["X", "Y"]], "root_params": ["X ~ B(0.8)"], "experiment": 2, "not_root_params": "P(Y|X) ~ N(21,10) if X = 0.0 and P(Y|X) ~ N(25,1) if X = 1.0", "sample_size": 500, "means": 21.8, "disc_method": "EB", "bins": 10, "target_column": null, "Wass1D": 0.9706810427737977, "Wass_multi": 0.9751752573289248, "RMSE": 0.024988576804248604, "WRMSE": 0.018241913439943788, "MAE": 0.0006244289707018314, "VE_complexity": 49.0}