{"distribution": "nm", "edges": [["X", "Y"]], "root_params": ["X ~ B(0.5)"], "experiment": 1, "not_root_params": "P(Y|X) ~ N(10,100) if X = 0.0 and P(Y|X) ~ N(50,10) if X = 1.0", "sample_size": 500, "means": 30.0, "disc_method": "MDLP", "bins": 5, "target_column": "Y", "Wass1D": 0.023823224854545123, "Wass_multi": 0.025416360035670892, "RMSE": 2.3099657624204073, "WRMSE": 2.3090419608388033}