{"distribution": "nm", "edges": [["X", "Y"]], "root_params": ["X ~ B(0.8)"], "experiment": 2, "not_root_params": "P(Y|X) ~ N(21,10) if X = 0.0 and P(Y|X) ~ N(25,1) if X = 1.0", "sample_size": 500, "means": 21.8, "disc_method": "EB", "bins": 8, "target_column": null, "Wass1D": 0.9347824392576165, "Wass_multi": 0.9361744063050512, "RMSE": 0.0565526882930405, "WRMSE": 0.0412840336094046, "MAE": 0.0031982065531697998}