{
	"nodecount" : 35,
	"peaknodes" : 36,
	"total_load_time" : 1.54465,
	"build_time" : 0.00495911,
	"wmc_time" : 0.00027895
}
