{
	"nodecount" : 30,
	"peaknodes" : 30,
	"total_load_time" : 0.00834608,
	"build_time" : 0.00303817,
	"wmc_time" : 0.000245094
}
