{"distribution": "nm", "edges": [["X", "Y"]], "root_params": ["X ~ B(0.8)"], "experiment": 8, "not_root_params": "P(Y|X) ~ N(6,2) if X = 0.0 and P(Y|X) ~ N(4,2) if X = 1.0", "sample_size": 100, "means": 5.6000000000000005, "disc_method": "EB", "bins": 30, "target_column": null, "CPT_method": "Bayespriors", "time_disc": 0.041297115851193666, "time_cnf": 0.008520630653947592, "time_VE": 0.001033480279147625, "time_BP": 0.0032293996773660183, "RMSE": 0.002442522961416672, "WRMSE": 0.0017129700084191739, "MAE": 0.0021025957006850504, "PE": 19.812470141995224, "exact_EV": 5.6000000000000005, "disc_EV": 4.490501672048268, "Wass_scaled": 0.006640995961839898, "Wass_multi": 0.07173310895069873, "time_wass": 0.012669494841247797}