{
	"nodecount" : 41,
	"peaknodes" : 42,
	"total_load_time" : 0.0172729,
	"build_time" : 0.0056119,
	"wmc_time" : 0.000301123
}
