{"distribution": "nm", "edges": [["X", "Y"]], "root_params": ["X ~ B(0.8)"], "experiment": 8, "not_root_params": "P(Y|X) ~ N(6,2) if X = 0.0 and P(Y|X) ~ N(4,2) if X = 1.0", "sample_size": 100, "means": 5.6000000000000005, "disc_method": "MDLP", "bins": 2, "target_column": "Y", "CPT_method": "Bayespriors", "time_disc": 0.04536642413586378, "time_cnf": 4.507075192872435, "time_VE": 0.0008605290204286575, "time_BP": 0.00238238088786602, "RMSE": 0.03174396697996287, "WRMSE": 0.022370846570134613, "MAE": 0.027461813817440728, "PE": 19.81214520898966, "exact_EV": 5.6000000000000005, "disc_EV": 4.4905198682965795, "Wass_scaled": 0.0581582519220297, "Wass_multi": 0.24735213740545628, "time_wass": 0.008794406428933144}