{"distribution": "nm", "edges": [["X", "Y"]], "root_params": ["X ~ B(0.8)"], "experiment": 8, "not_root_params": "P(Y|X) ~ N(6,2) if X = 0.0 and P(Y|X) ~ N(4,2) if X = 1.0", "sample_size": 100, "means": 5.6000000000000005, "disc_method": "EB", "bins": 20, "target_column": null, "CPT_method": "Bayespriors", "time_disc": 0.0421332698315382, "time_cnf": 1.47334657702595, "time_VE": 0.0008209669031202793, "time_BP": 0.002400978934019804, "RMSE": 0.006885437554560041, "WRMSE": 0.004846709644052043, "MAE": 0.0059496548262436555, "PE": 19.81231639102181, "exact_EV": 5.6000000000000005, "disc_EV": 4.490510282102779, "Wass_scaled": 0.01094797115496667, "Wass_multi": 0.11825515512465738, "time_wass": 0.00950647285208106}