{
	"nodecount" : 55,
	"peaknodes" : 57,
	"total_load_time" : 0.011972,
	"build_time" : 0.0084331,
	"wmc_time" : 0.000381947
}
