{
	"nodecount" : 36,
	"peaknodes" : 36,
	"total_load_time" : 0.0131068,
	"build_time" : 0.00482392,
	"wmc_time" : 0.000295877
}
