{
	"nodecount" : 26,
	"peaknodes" : 26,
	"total_load_time" : 1.57787,
	"build_time" : 0.00257206,
	"wmc_time" : 0.000271082
}
