{"distribution": "nm", "edges": [["X", "Y"]], "root_params": ["X ~ B(0.8)"], "experiment": 8, "not_root_params": "P(Y|X) ~ N(6,2) if X = 0.0 and P(Y|X) ~ N(4,2) if X = 1.0", "sample_size": 100, "means": 5.6000000000000005, "disc_method": "EB", "bins": 5, "target_column": null, "CPT_method": "Bayespriors", "time_disc": 0.04049016209319234, "time_cnf": 0.8876647492870688, "time_VE": 0.0008283061906695366, "time_BP": 0.002284887246787548, "RMSE": 0.04548027959047818, "WRMSE": 0.0320468195480744, "MAE": 0.03933976318883037, "PE": 19.812137160709, "exact_EV": 5.6000000000000005, "disc_EV": 4.4905203190002965, "Wass_scaled": 0.06715385425273647, "Wass_multi": 0.4929049778962743, "time_wass": 0.010320496279746294}