{
	"nodecount" : 51,
	"peaknodes" : 53,
	"total_load_time" : 0.0119879,
	"build_time" : 0.00958395,
	"wmc_time" : 0.000373125
}
