{"distribution": "nm", "edges": [["X", "Y"]], "root_params": ["X ~ B(0.8)"], "experiment": 8, "not_root_params": "P(Y|X) ~ N(6,2) if X = 0.0 and P(Y|X) ~ N(4,2) if X = 1.0", "sample_size": 100, "means": 5.6000000000000005, "disc_method": "EB", "bins": 8, "target_column": null, "CPT_method": "Bayespriors", "time_disc": 0.040141209959983826, "time_cnf": 0.9044849327765405, "time_VE": 0.0008826428093016148, "time_BP": 0.0023596836254000664, "RMSE": 0.02780066526765589, "WRMSE": 0.0195868142699338, "MAE": 0.024044212789003705, "PE": 19.812224868436353, "exact_EV": 5.6000000000000005, "disc_EV": 4.490515407367565, "Wass_scaled": 0.041487527560552996, "Wass_multi": 0.3507706544822278, "time_wass": 0.009723075199872255}