{
	"nodecount" : 45,
	"peaknodes" : 46,
	"total_load_time" : 0.012212,
	"build_time" : 0.00833797,
	"wmc_time" : 0.000363111
}
