{
	"nodecount" : 28,
	"peaknodes" : 29,
	"total_load_time" : 0.00584197,
	"build_time" : 0.00316501,
	"wmc_time" : 0.000225067
}
