{"distribution": "nm", "edges": [["X", "Y"]], "root_params": ["X ~ B(0.8)"], "experiment": 8, "not_root_params": "P(Y|X) ~ N(6,2) if X = 0.0 and P(Y|X) ~ N(4,2) if X = 1.0", "sample_size": 100, "means": 5.6000000000000005, "disc_method": "EB", "bins": 25, "target_column": null, "CPT_method": "Bayespriors", "time_disc": 0.04142254963517189, "time_cnf": 1.7283028452657163, "time_VE": 0.0008577229455113411, "time_BP": 0.0025317473337054253, "RMSE": 0.019718762364377314, "WRMSE": 0.013903926550441559, "MAE": 0.01706803768367049, "PE": 19.812491266386285, "exact_EV": 5.6000000000000005, "disc_EV": 4.490500489082368, "Wass_scaled": 0.008292336981405593, "Wass_multi": 0.08957016621627456, "time_wass": 0.009855679236352444}