{
	"nodecount" : 46,
	"peaknodes" : 49,
	"total_load_time" : 0.0107648,
	"build_time" : 0.008605,
	"wmc_time" : 0.0003438
}
