{
	"nodecount" : 52,
	"peaknodes" : 55,
	"total_load_time" : 0.0171449,
	"build_time" : 0.00960279,
	"wmc_time" : 0.000457048
}
