{"distribution": "nm", "edges": [["X", "Y"]], "root_params": ["X ~ B(0.8)"], "experiment": 8, "not_root_params": "P(Y|X) ~ N(6,2) if X = 0.0 and P(Y|X) ~ N(4,2) if X = 1.0", "sample_size": 100, "means": 5.6000000000000005, "disc_method": "EV", "bins": 30, "target_column": null, "CPT_method": "Bayespriors", "time_disc": 0.039847583044320345, "time_cnf": 1.0879347380250692, "time_VE": 0.0008438052609562874, "time_BP": 0.0023405482061207294, "RMSE": 0.024335708594192113, "WRMSE": 0.017161794949417313, "MAE": 0.021067281518768244, "PE": 19.812715499625313, "exact_EV": 5.6000000000000005, "disc_EV": 4.490487932020983, "Wass_scaled": 0.03218036947251163, "Wass_multi": 0.11069061729126524, "time_wass": 0.009491447824984789}