{
	"nodecount" : 40,
	"peaknodes" : 41,
	"total_load_time" : 0.036293,
	"build_time" : 0.00525904,
	"wmc_time" : 0.000301123
}
