{
	"nodecount" : 37,
	"peaknodes" : 37,
	"total_load_time" : 0.00798702,
	"build_time" : 0.00519705,
	"wmc_time" : 0.00027585
}
