{
	"nodecount" : 1894,
	"peaknodes" : 1971,
	"total_load_time" : 0.259868,
	"build_time" : 0.239744,
	"wmc_time" : 0.002882,
	"wmc_value" : 1,
	"bn_to_cnf_time" : 0.0114713
}
