{"distribution": "lg", "edges": [["A", "D"], ["B", "D"], ["D", "E"], ["C", "E"]], "root_params": "A ~ N(20,20) B ~ N(20,20) C ~ N(15,15)", "experiment": 116, "not_root_params": "D   ~   N ( 2 A + 3 B , 9 . 4 3 7 5 )   E   ~   N ( 3 C + 3 D , 9 . 4 3 7 5 )", "sample_size": 219, "means": {"A": 20, "B": 20, "C": 15, "D": 100, "E": 345}, "disc_method": "EB", "bins": 17, "target_column": null, "CPT_method": "MLE", "time_disc": 0.09441799999331124, "time_cnf": 0.1686385000066366, "time_VE": 0.002272500001708977, "time_BP": 0.008301199995912611, "RMSE": 75.63005647020675, "WRMSE": 37.69458783168616, "MAE": 58.49773993275352, "PE": 1.8652561785568098, "exact_EV": 345, "disc_EV": 338.564866183979, "Wass_scaled": 0.04252030015511294, "Wass_multi": 9.048862893010533, "time_wass": 0.02777580000110902}