{
	"nodecount" : 6270,
	"peaknodes" : 7614,
	"total_load_time" : 4.06273,
	"build_time" : 3.58106,
	"wmc_time" : 0.00444603
}
