{"distribution": "lg", "edges": [["A", "D"], ["B", "D"], ["D", "E"], ["C", "E"]], "root_params": "A ~ N(20,20) B ~ N(20,20) C ~ N(15,15)", "experiment": 116, "not_root_params": "D   ~   N ( 2 A + 3 B , 9 . 4 3 7 5 )   E   ~   N ( 3 C + 3 D , 9 . 4 3 7 5 )", "sample_size": 219, "means": {"A": 20, "B": 20, "C": 15, "D": 100, "E": 345}, "disc_method": "EB", "bins": 5, "target_column": null, "CPT_method": "MLE", "time_disc": 0.1080736000003526, "time_cnf": 0.007569900000817142, "time_VE": 0.0031138000049395487, "time_BP": 0.005983299997751601, "RMSE": 32.715830399405974, "WRMSE": 14.94098008780015, "MAE": 24.280453845580126, "PE": 1.409627016682005, "exact_EV": 345, "disc_EV": 340.1367867924471, "Wass_scaled": 0.17407593897366747, "Wass_multi": 33.504060417206404, "time_wass": 0.04348300000128802}