{
	"nodecount" : 836,
	"peaknodes" : 909,
	"total_load_time" : 0.429704,
	"build_time" : 0.0766718,
	"wmc_time" : 0.0033381
}
