{"distribution": "lg", "edges": [["A", "D"], ["B", "D"], ["D", "E"], ["C", "E"]], "root_params": "A ~ N(20,20) B ~ N(20,20) C ~ N(15,15)", "experiment": 116, "not_root_params": "D   ~   N ( 2 A + 3 B , 9 . 4 3 7 5 )   E   ~   N ( 3 C + 3 D , 9 . 4 3 7 5 )", "sample_size": 219, "means": {"A": 20, "B": 20, "C": 15, "D": 100, "E": 345}, "disc_method": "EV", "bins": 5, "target_column": null, "CPT_method": "MLE", "time_disc": 0.11169587401673198, "time_cnf": 0.13507676124572754, "time_VE": 0.003067213110625744, "time_BP": 0.011110660620033741, "RMSE": 5.809539397638422, "WRMSE": 5.816734224508188, "MAE": 5.060196532344184, "PE": 1.5253893477001443, "exact_EV": 345, "disc_EV": 339.7374067504345, "Wass_scaled": 0.38979767044143415, "Wass_multi": 27.904831641421254, "time_wass": 0.03389590699225664}