{
	"nodecount" : 3454,
	"peaknodes" : 4181,
	"total_load_time" : 0.644331,
	"build_time" : 0.513441,
	"wmc_time" : 0.00331998
}
