{"distribution": "lg", "edges": [["A", "D"], ["B", "D"], ["D", "E"], ["C", "E"]], "root_params": "A ~ N(20,20) B ~ N(20,20) C ~ N(15,15)", "experiment": 116, "not_root_params": "D   ~   N ( 2 A + 3 B , 9 . 4 3 7 5 )   E   ~   N ( 3 C + 3 D , 9 . 4 3 7 5 )", "sample_size": 219, "means": {"A": 20, "B": 20, "C": 15, "D": 100, "E": 345}, "disc_method": "EV", "bins": 30, "target_column": null, "CPT_method": "MLE", "time_disc": 0.10144779999973252, "time_cnf": 0.8189778000087244, "time_VE": 0.0017487999866716564, "time_BP": 0.014464299994870089, "RMSE": 50.35320503537264, "WRMSE": 50.91423852851627, "MAE": 40.219873564321034, "PE": 1.750091731682651, "exact_EV": 345, "disc_EV": 338.96218352569485, "Wass_scaled": 0.1293352079706275, "Wass_multi": 6.6252523787785185, "time_wass": 0.022986999989370815}