{
	"nodecount" : 5329,
	"peaknodes" : 6486,
	"total_load_time" : 2.27478,
	"build_time" : 1.96856,
	"wmc_time" : 0.00254321
}
