{
	"nodecount" : 4189,
	"peaknodes" : 5783,
	"total_load_time" : 2.57587,
	"build_time" : 2.32433,
	"wmc_time" : 0.0035851
}
