{"distribution": "lg", "edges": [["A", "D"], ["B", "D"], ["D", "E"], ["C", "E"]], "root_params": "A ~ N(20,20) B ~ N(20,20) C ~ N(15,15)", "experiment": 116, "not_root_params": "D   ~   N ( 2 A + 3 B , 9 . 4 3 7 5 )   E   ~   N ( 3 C + 3 D , 9 . 4 3 7 5 )", "sample_size": 219, "means": {"A": 20, "B": 20, "C": 15, "D": 100, "E": 345}, "disc_method": "EV", "bins": 25, "target_column": null, "CPT_method": "MLE", "time_disc": 0.09759850001137238, "time_cnf": 0.4748993999965023, "time_VE": 0.00200089999998454, "time_BP": 0.011009599998942576, "RMSE": 48.31424657429344, "WRMSE": 48.60750028677463, "MAE": 38.6323356482538, "PE": 1.8127461508983242, "exact_EV": 345, "disc_EV": 338.7460257794008, "Wass_scaled": 0.13890747381478247, "Wass_multi": 7.613970700134848, "time_wass": 0.026268800007528625}