{"distribution": "lg", "edges": [["A", "D"], ["B", "D"], ["D", "E"], ["C", "E"]], "root_params": "A ~ N(20,20) B ~ N(20,20) C ~ N(15,15)", "experiment": 116, "not_root_params": "D   ~   N ( 2 A + 3 B , 9 . 4 3 7 5 )   E   ~   N ( 3 C + 3 D , 9 . 4 3 7 5 )", "sample_size": 219, "means": {"A": 20, "B": 20, "C": 15, "D": 100, "E": 345}, "disc_method": "EB", "bins": 8, "target_column": null, "CPT_method": "MLE", "time_disc": 0.10070969999651425, "time_cnf": 0.01680290000513196, "time_VE": 0.0018813999922713265, "time_BP": 0.0064248999988194555, "RMSE": 53.265519062880294, "WRMSE": 17.424192947162073, "MAE": 32.11005801532637, "PE": 2.023999930347007, "exact_EV": 345, "disc_EV": 338.0172002403028, "Wass_scaled": 0.08942655403866703, "Wass_multi": 19.880928830430335, "time_wass": 0.026836399993044324}