{"distribution": "lg", "edges": [["A", "D"], ["B", "D"], ["D", "E"], ["C", "E"]], "root_params": "A ~ N(20,20) B ~ N(20,20) C ~ N(15,15)", "experiment": 116, "not_root_params": "D   ~   N ( 2 A + 3 B , 9 . 4 3 7 5 )   E   ~   N ( 3 C + 3 D , 9 . 4 3 7 5 )", "sample_size": 219, "means": {"A": 20, "B": 20, "C": 15, "D": 100, "E": 345}, "disc_method": "EB", "bins": 25, "target_column": null, "CPT_method": "MLE", "time_disc": 0.10296499999822117, "time_cnf": 0.36981699999887496, "time_VE": 0.0034835999977076426, "time_BP": 0.014012300001922995, "RMSE": 75.00791943188057, "WRMSE": 45.90827953438522, "MAE": 60.35846586692566, "PE": 1.4581239663876178, "exact_EV": 345, "disc_EV": 339.9694723159627, "Wass_scaled": 0.02734506891811313, "Wass_multi": 6.260510069013313, "time_wass": 0.027254499989794567}