{
	"nodecount" : 4476,
	"peaknodes" : 5152,
	"total_load_time" : 1.56292,
	"build_time" : 1.32889,
	"wmc_time" : 0.0036068
}
