{"distribution": "lg", "edges": [["A", "D"], ["B", "D"], ["D", "E"], ["C", "E"]], "root_params": "A ~ N(20,20) B ~ N(20,20) C ~ N(15,15)", "experiment": 116, "not_root_params": "D   ~   N ( 2 A + 3 B , 9 . 4 3 7 5 )   E   ~   N ( 3 C + 3 D , 9 . 4 3 7 5 )", "sample_size": 219, "means": {"A": 20, "B": 20, "C": 15, "D": 100, "E": 345}, "disc_method": "EV", "bins": 20, "target_column": null, "CPT_method": "MLE", "time_disc": 0.11916870001005009, "time_cnf": 0.27619119999872055, "time_VE": 0.001911000013933517, "time_BP": 0.00953940000908915, "RMSE": 43.6991872132367, "WRMSE": 43.798810788068465, "MAE": 35.25083030712205, "PE": 1.2346490328912005, "exact_EV": 345, "disc_EV": 340.74046083652536, "Wass_scaled": 0.15647650794796428, "Wass_multi": 8.960836966695128, "time_wass": 0.029819299990776926}