{
	"nodecount" : 2541,
	"peaknodes" : 2618,
	"total_load_time" : 0.527627,
	"build_time" : 0.187687,
	"wmc_time" : 0.00331616
}
