{"distribution": "lg", "edges": [["A", "D"], ["B", "D"], ["D", "E"], ["C", "E"]], "root_params": "A ~ N(20,20) B ~ N(20,20) C ~ N(15,15)", "experiment": 116, "not_root_params": "D   ~   N ( 2 A + 3 B , 9 . 4 3 7 5 )   E   ~   N ( 3 C + 3 D , 9 . 4 3 7 5 )", "sample_size": 219, "means": {"A": 20, "B": 20, "C": 15, "D": 100, "E": 345}, "disc_method": "EV", "bins": 14, "target_column": null, "CPT_method": "MLE", "time_disc": 0.0735739772208035, "time_cnf": 0.361656388733536, "time_VE": 0.0022331043146550655, "time_BP": 0.016665377654135227, "RMSE": 29.78158897451545, "WRMSE": 29.94173970147615, "MAE": 23.821036185779658, "PE": 1.8961676097931894, "exact_EV": 345, "disc_EV": 338.4582217462135, "Wass_scaled": 0.19757814225201026, "Wass_multi": 11.708842053697683, "time_wass": 0.06358217401430011}