{"distribution": "lg", "edges": [["A", "D"], ["B", "D"], ["D", "E"], ["C", "E"]], "root_params": "A ~ N(20,20) B ~ N(20,20) C ~ N(15,15)", "experiment": 116, "not_root_params": "D   ~   N ( 2 A + 3 B , 9 . 4 3 7 5 )   E   ~   N ( 3 C + 3 D , 9 . 4 3 7 5 )", "sample_size": 219, "means": {"A": 20, "B": 20, "C": 15, "D": 100, "E": 345}, "disc_method": "EB", "bins": 20, "target_column": null, "CPT_method": "MLE", "time_disc": 0.09539840000797994, "time_cnf": 0.22190070000942796, "time_VE": 0.002092599999741651, "time_BP": 0.016245799997705035, "RMSE": 76.31037969885985, "WRMSE": 39.01668462497934, "MAE": 59.91437538576424, "PE": 2.059932134540917, "exact_EV": 345, "disc_EV": 337.89323413583384, "Wass_scaled": 0.0359288928271796, "Wass_multi": 8.207497133657748, "time_wass": 0.026301899997633882}