{
	"nodecount" : 3961,
	"peaknodes" : 6538,
	"total_load_time" : 3.30237,
	"build_time" : 2.85598,
	"wmc_time" : 0.00303292
}
