{
	"nodecount" : 1894,
	"peaknodes" : 1971,
	"total_load_time" : 0.320349,
	"build_time" : 0.200552,
	"wmc_time" : 0.0029161
}
