{
	"nodecount" : 5857,
	"peaknodes" : 7287,
	"total_load_time" : 2.89576,
	"build_time" : 2.58867,
	"wmc_time" : 0.00344896
}
