{"distribution": "lg", "edges": [["A", "D"], ["B", "D"], ["D", "E"], ["C", "E"]], "root_params": "A ~ N(20,20) B ~ N(20,20) C ~ N(15,15)", "experiment": 116, "not_root_params": "D   ~   N ( 2 A + 3 B , 9 . 4 3 7 5 )   E   ~   N ( 3 C + 3 D , 9 . 4 3 7 5 )", "sample_size": 219, "means": {"A": 20, "B": 20, "C": 15, "D": 100, "E": 345}, "disc_method": "EV", "bins": 17, "target_column": null, "CPT_method": "MLE", "time_disc": 0.09269620000850409, "time_cnf": 0.14120849999017082, "time_VE": 0.002824800001690164, "time_BP": 0.014070899997022934, "RMSE": 37.66776056880833, "WRMSE": 37.79483952147881, "MAE": 30.58716481412319, "PE": 1.2019888646778103, "exact_EV": 345, "disc_EV": 340.85313841686155, "Wass_scaled": 0.1725856768657417, "Wass_multi": 9.903925754345458, "time_wass": 0.029331499987165444}