{"distribution": "lg", "edges": [["A", "D"], ["B", "D"], ["D", "E"], ["C", "E"]], "root_params": "A ~ N(20,20) B ~ N(20,20) C ~ N(15,15)", "experiment": 116, "not_root_params": "D   ~   N ( 2 A + 3 B , 9 . 4 3 7 5 )   E   ~   N ( 3 C + 3 D , 9 . 4 3 7 5 )", "sample_size": 219, "means": {"A": 20, "B": 20, "C": 15, "D": 100, "E": 345}, "disc_method": "EB", "bins": 12, "target_column": null, "CPT_method": "MLE", "time_disc": 0.09173489999375306, "time_cnf": 0.04766929999459535, "time_VE": 0.0024188999959733337, "time_BP": 0.006049000003258698, "RMSE": 64.88152751454928, "WRMSE": 26.104707008737297, "MAE": 44.61794855625413, "PE": 2.041548696851337, "exact_EV": 345, "disc_EV": 337.9566569958629, "Wass_scaled": 0.06272626522376881, "Wass_multi": 13.331333853536727, "time_wass": 0.023163599995314144}