{"distribution": "lg", "edges": [["A", "D"], ["B", "D"], ["D", "E"], ["C", "E"]], "root_params": "A ~ N(20,20) B ~ N(20,20) C ~ N(15,15)", "experiment": 116, "not_root_params": "D   ~   N ( 2 A + 3 B , 9 . 4 3 7 5 )   E   ~   N ( 3 C + 3 D , 9 . 4 3 7 5 )", "sample_size": 219, "means": {"A": 20, "B": 20, "C": 15, "D": 100, "E": 345}, "disc_method": "EV", "bins": 10, "target_column": null, "CPT_method": "MLE", "time_disc": 0.08899819999351166, "time_cnf": 0.029120600011083297, "time_VE": 0.001622800002223812, "time_BP": 0.006463500001700595, "RMSE": 13.102492150082709, "WRMSE": 13.128205009527363, "MAE": 9.874176654804979, "PE": 1.5062896585405836, "exact_EV": 345, "disc_EV": 339.803300678035, "Wass_scaled": 0.244371911397217, "Wass_multi": 15.570720004517716, "time_wass": 0.03567559999646619}