{
	"nodecount" : 6311,
	"peaknodes" : 8501,
	"total_load_time" : 10.2543,
	"build_time" : 8.72903,
	"wmc_time" : 0.00458598
}
