{"distribution": "lg", "edges": [["A", "D"], ["B", "D"], ["D", "E"], ["C", "E"]], "root_params": "A ~ N(20,20) B ~ N(20,20) C ~ N(15,15)", "experiment": 116, "not_root_params": "D   ~   N ( 2 A + 3 B , 9 . 4 3 7 5 )   E   ~   N ( 3 C + 3 D , 9 . 4 3 7 5 )", "sample_size": 219, "means": {"A": 20, "B": 20, "C": 15, "D": 100, "E": 345}, "disc_method": "EV", "bins": 8, "target_column": null, "CPT_method": "MLE", "time_disc": 0.07941749999008607, "time_cnf": 0.015850700001465157, "time_VE": 0.0027384999993955716, "time_BP": 0.006084099994041026, "RMSE": 9.523058495123937, "WRMSE": 9.519592935237268, "MAE": 8.197432125977265, "PE": 1.2319865580012328, "exact_EV": 345, "disc_EV": 340.74964637489575, "Wass_scaled": 0.2843976087685465, "Wass_multi": 19.383760180533628, "time_wass": 0.03002419999393169}