{
	"nodecount" : 21931,
	"peaknodes" : 22220,
	"total_load_time" : 2.12979,
	"build_time" : 2.04892,
	"wmc_time" : 0.00617194,
	"wmc_value" : 1,
	"bn_to_cnf_time" : 0.0581064
}
