{"distribution": "lg", "edges": [["A", "D"], ["B", "D"], ["D", "E"], ["C", "E"]], "root_params": "A ~ N(20,20) B ~ N(20,20) C ~ N(15,15)", "experiment": 12, "not_root_params": "D   ~   N ( 2 A + 3 B , 2 )   E   ~   N ( 3 C + 3 D , 2 )", "sample_size": 1000, "means": {"A": 20, "B": 20, "C": 15, "D": 100, "E": 345}, "disc_method": "EB", "bins": 25, "target_column": null, "CPT_method": "Bayespriors", "time_disc": 0.18092919999617152, "time_cnf": 0.4232593999913661, "time_VE": 0.002242700007627718, "time_BP": 0.010531799998716451, "RMSE": 15.5557157535702, "WRMSE": 5.646807699036415, "MAE": 11.091591802730836, "PE": 0.16575359290548977, "exact_EV": 345, "disc_EV": 345.57184989552394, "Wass_scaled": 0.027340652054773873, "Wass_multi": 1.6960904694806878, "time_wass": 0.4836289999948349}