{"distribution": "lg", "edges": [["A", "D"], ["B", "D"], ["D", "E"], ["C", "E"]], "root_params": "A ~ N(20,20) B ~ N(20,20) C ~ N(15,15)", "experiment": 12, "not_root_params": "D   ~   N ( 2 A + 3 B , 2 )   E   ~   N ( 3 C + 3 D , 2 )", "sample_size": 1000, "means": {"A": 20, "B": 20, "C": 15, "D": 100, "E": 345}, "disc_method": "EB", "bins": 20, "target_column": null, "CPT_method": "Bayespriors", "time_disc": 0.18657659999735188, "time_cnf": 0.21635210000385996, "time_VE": 0.0018111999961547554, "time_BP": 0.011107199999969453, "RMSE": 13.875054080569864, "WRMSE": 4.688924559393828, "MAE": 9.459892148537886, "PE": 0.05787112554003215, "exact_EV": 345, "disc_EV": 345.1996553831131, "Wass_scaled": 0.03808979029344832, "Wass_multi": 2.0653578242104125, "time_wass": 0.5133137000084389}