{
	"nodecount" : 40512,
	"peaknodes" : 44158,
	"total_load_time" : 5.37288,
	"build_time" : 4.45937,
	"wmc_time" : 0.00930595
}
