{
	"nodecount" : 37230,
	"peaknodes" : 43622,
	"total_load_time" : 5.83864,
	"build_time" : 4.87542,
	"wmc_time" : 0.00787902
}
