{"distribution": "lg", "edges": [["A", "D"], ["B", "D"], ["D", "E"], ["C", "E"]], "root_params": "A ~ N(20,20) B ~ N(20,20) C ~ N(15,15)", "experiment": 12, "not_root_params": "D   ~   N ( 2 A + 3 B , 2 )   E   ~   N ( 3 C + 3 D , 2 )", "sample_size": 1000, "means": {"A": 20, "B": 20, "C": 15, "D": 100, "E": 345}, "disc_method": "EV", "bins": 12, "target_column": null, "CPT_method": "Bayespriors", "time_disc": 0.2030438000074355, "time_cnf": 0.054032800006098114, "time_VE": 0.00173789999098517, "time_BP": 0.006862299997010268, "RMSE": 1.0387861660003503, "WRMSE": 1.038865104403609, "MAE": 0.9017022968838072, "PE": 0.025190291010294855, "exact_EV": 345, "disc_EV": 344.9130934960145, "Wass_scaled": 0.24912004559995377, "Wass_multi": 2.788775853765464, "time_wass": 0.5684962000086671}