{"distribution": "lg", "edges": [["A", "D"], ["B", "D"], ["D", "E"], ["C", "E"]], "root_params": "A ~ N(20,20) B ~ N(20,20) C ~ N(15,15)", "experiment": 12, "not_root_params": "D   ~   N ( 2 A + 3 B , 2 )   E   ~   N ( 3 C + 3 D , 2 )", "sample_size": 1000, "means": {"A": 20, "B": 20, "C": 15, "D": 100, "E": 345}, "disc_method": "EV", "bins": 10, "target_column": null, "CPT_method": "Bayespriors", "time_disc": 0.09496033005416393, "time_cnf": 0.4144970839843154, "time_VE": 0.0013534021563827991, "time_BP": 0.0051465691067278385, "RMSE": 1.1629057189433567, "WRMSE": 1.1629057189433567, "MAE": 0.980588150982129, "PE": 0.03738797670273701, "exact_EV": 345, "disc_EV": 345.12898851962444, "Wass_scaled": 0.2739010534354965, "Wass_multi": 3.292287203882744, "time_wass": 0.4613298028707504}