{"distribution": "lg", "edges": [["A", "D"], ["B", "D"], ["D", "E"], ["C", "E"]], "root_params": "A ~ N(20,20) B ~ N(20,20) C ~ N(15,15)", "experiment": 12, "not_root_params": "D   ~   N ( 2 A + 3 B , 2 )   E   ~   N ( 3 C + 3 D , 2 )", "sample_size": 1000, "means": {"A": 20, "B": 20, "C": 15, "D": 100, "E": 345}, "disc_method": "EB", "bins": 10, "target_column": null, "CPT_method": "Bayespriors", "time_disc": 0.10983311012387276, "time_cnf": 0.44664496229961514, "time_VE": 0.0015425030142068863, "time_BP": 0.005551573354750872, "RMSE": 6.750890516938299, "WRMSE": 2.279495641620286, "MAE": 4.331898507685816, "PE": 0.05587378135336015, "exact_EV": 345, "disc_EV": 345.1927645456691, "Wass_scaled": 0.08790973582289088, "Wass_multi": 4.057256761352956, "time_wass": 0.44732619682326913}