{"distribution": "lg", "edges": [["A", "D"], ["B", "D"], ["D", "E"], ["C", "E"]], "root_params": "A ~ N(20,20) B ~ N(20,20) C ~ N(15,15)", "experiment": 12, "not_root_params": "D   ~   N ( 2 A + 3 B , 2 )   E   ~   N ( 3 C + 3 D , 2 )", "sample_size": 1000, "means": {"A": 20, "B": 20, "C": 15, "D": 100, "E": 345}, "disc_method": "EB", "bins": 30, "target_column": null, "CPT_method": "Bayespriors", "time_disc": 0.15579355601221323, "time_cnf": 4.320818201173097, "time_VE": 0.002888111397624016, "time_BP": 0.012367927003651857, "RMSE": 16.954395099908222, "WRMSE": 6.622169658500315, "MAE": 12.676768553155357, "PE": 0.09997070551092464, "exact_EV": 345, "disc_EV": 345.3448989340127, "Wass_scaled": 0.023277788027438472, "Wass_multi": 1.392056343463253, "time_wass": 0.41465736692771316}