{
	"nodecount" : 1162,
	"peaknodes" : 1213,
	"total_load_time" : 0.13517,
	"build_time" : 0.056411,
	"wmc_time" : 0.00170994
}
