{"distribution": "lg", "edges": [["A", "D"], ["B", "D"], ["D", "E"], ["C", "E"]], "root_params": "A ~ N(20,20) B ~ N(20,20) C ~ N(15,15)", "experiment": 12, "not_root_params": "D   ~   N ( 2 A + 3 B , 2 )   E   ~   N ( 3 C + 3 D , 2 )", "sample_size": 1000, "means": {"A": 20, "B": 20, "C": 15, "D": 100, "E": 345}, "disc_method": "EB", "bins": 17, "target_column": null, "CPT_method": "Bayespriors", "time_disc": 0.1624246999999741, "time_cnf": 0.13642470000195317, "time_VE": 0.0015112999972188845, "time_BP": 0.015468399986275472, "RMSE": 12.599254848895706, "WRMSE": 3.803855753182574, "MAE": 7.995863965793944, "PE": 0.019489186666790018, "exact_EV": 345, "disc_EV": 344.9327623059996, "Wass_scaled": 0.04536413652739826, "Wass_multi": 2.498442813347543, "time_wass": 0.5190460000012536}