{
	"nodecount" : 1418,
	"peaknodes" : 1418,
	"total_load_time" : 0.401001,
	"build_time" : 0.361241,
	"wmc_time" : 0.000987053
}
