{
	"nodecount" : 19751,
	"peaknodes" : 20871,
	"total_load_time" : 2.18592,
	"build_time" : 1.73585,
	"wmc_time" : 0.00535893
}
