{"distribution": "lg", "edges": [["A", "D"], ["B", "D"], ["D", "E"], ["C", "E"]], "root_params": "A ~ N(20,20) B ~ N(20,20) C ~ N(15,15)", "experiment": 12, "not_root_params": "D   ~   N ( 2 A + 3 B , 2 )   E   ~   N ( 3 C + 3 D , 2 )", "sample_size": 1000, "means": {"A": 20, "B": 20, "C": 15, "D": 100, "E": 345}, "disc_method": "EV", "bins": 17, "target_column": null, "CPT_method": "Bayespriors", "time_disc": 0.1605340999958571, "time_cnf": 0.14286039999569766, "time_VE": 0.001505899999756366, "time_BP": 0.01609889999963343, "RMSE": 2.122898436414042, "WRMSE": 2.124157969799089, "MAE": 1.5606494992830817, "PE": 0.003695078359877026, "exact_EV": 345, "disc_EV": 344.9872519796584, "Wass_scaled": 0.20565592624317788, "Wass_multi": 2.056060261829725, "time_wass": 0.5634547000081511}