{
	"nodecount" : 16554,
	"peaknodes" : 16599,
	"total_load_time" : 0.825772,
	"build_time" : 0.779347,
	"wmc_time" : 0.00486898
}
