{"distribution": "lg", "edges": [["A", "D"], ["B", "D"], ["D", "E"], ["C", "E"]], "root_params": "A ~ N(20,20) B ~ N(20,20) C ~ N(15,15)", "experiment": 12, "not_root_params": "D   ~   N ( 2 A + 3 B , 2 )   E   ~   N ( 3 C + 3 D , 2 )", "sample_size": 1000, "means": {"A": 20, "B": 20, "C": 15, "D": 100, "E": 345}, "disc_method": "EB", "bins": 30, "target_column": null, "CPT_method": "Bayespriors", "time_disc": 0.1967614000022877, "time_cnf": 0.7546600000059698, "time_VE": 0.0019189000013284385, "time_BP": 0.012724899992463179, "RMSE": 16.954395099908222, "WRMSE": 6.622169658500315, "MAE": 12.676768553155357, "PE": 0.09997070551094113, "exact_EV": 345, "disc_EV": 345.34489893401275, "Wass_scaled": 0.023277788027438472, "Wass_multi": 1.392056343463253, "time_wass": 0.4878023000055691}