{
	"nodecount" : 3261,
	"peaknodes" : 3344,
	"total_load_time" : 0.304095,
	"build_time" : 0.157871,
	"wmc_time" : 0.00237298
}
