{"distribution": "lg", "edges": [["A", "D"], ["B", "D"], ["D", "E"], ["C", "E"]], "root_params": "A ~ N(20,20) B ~ N(20,20) C ~ N(15,15)", "experiment": 12, "not_root_params": "D   ~   N ( 2 A + 3 B , 2 )   E   ~   N ( 3 C + 3 D , 2 )", "sample_size": 1000, "means": {"A": 20, "B": 20, "C": 15, "D": 100, "E": 345}, "disc_method": "EB", "bins": 20, "target_column": null, "CPT_method": "Bayespriors", "time_disc": 0.10903871478512883, "time_cnf": 1.3165859277360141, "time_VE": 0.0015641632489860058, "time_BP": 0.007061067037284374, "RMSE": 13.875054080569864, "WRMSE": 4.688924559393829, "MAE": 9.45989214853789, "PE": 0.05787112554003215, "exact_EV": 345, "disc_EV": 345.1996553831131, "Wass_scaled": 0.03808979029344832, "Wass_multi": 2.0653578242104125, "time_wass": 0.4313500439748168}