{"distribution": "lg", "edges": [["A", "D"], ["B", "D"], ["D", "E"], ["C", "E"]], "root_params": "A ~ N(20,20) B ~ N(20,20) C ~ N(15,15)", "experiment": 12, "not_root_params": "D   ~   N ( 2 A + 3 B , 2 )   E   ~   N ( 3 C + 3 D , 2 )", "sample_size": 1000, "means": {"A": 20, "B": 20, "C": 15, "D": 100, "E": 345}, "disc_method": "MDLP", "bins": 2, "target_column": "E", "CPT_method": "Bayespriors", "time_disc": 0.8117448999983026, "time_cnf": 0.04289130000688601, "time_VE": 0.0027159000019310042, "time_BP": 0.012726699991617352, "RMSE": 1.800932967896191, "WRMSE": 1.306900065505818, "MAE": 1.4143936572572784, "PE": 0.002111615304237194, "exact_EV": 345, "disc_EV": 345.0072850727996, "Wass_scaled": 0.3405845969266103, "Wass_multi": 2.0766265173204665, "time_wass": 0.5348658000002615}