{"distribution": "lg", "edges": [["A", "D"], ["B", "D"], ["D", "E"], ["C", "E"]], "root_params": "A ~ N(20,20) B ~ N(20,20) C ~ N(15,15)", "experiment": 12, "not_root_params": "D   ~   N ( 2 A + 3 B , 2 )   E   ~   N ( 3 C + 3 D , 2 )", "sample_size": 1000, "means": {"A": 20, "B": 20, "C": 15, "D": 100, "E": 345}, "disc_method": "EB", "bins": 14, "target_column": null, "CPT_method": "Bayespriors", "time_disc": 0.11028568213805556, "time_cnf": 0.428518891800195, "time_VE": 0.0017662770114839077, "time_BP": 0.005999357905238867, "RMSE": 9.841518844825092, "WRMSE": 3.6830936519643176, "MAE": 6.9007378775358825, "PE": 0.023458356407722338, "exact_EV": 345, "disc_EV": 344.91906867039336, "Wass_scaled": 0.05634012202745865, "Wass_multi": 3.03150804179137, "time_wass": 0.44137474428862333}