{"distribution": "lg", "edges": [["A", "D"], ["B", "D"], ["D", "E"], ["C", "E"]], "root_params": "A ~ N(20,20) B ~ N(20,20) C ~ N(15,15)", "experiment": 12, "not_root_params": "D   ~   N ( 2 A + 3 B , 2 )   E   ~   N ( 3 C + 3 D , 2 )", "sample_size": 1000, "means": {"A": 20, "B": 20, "C": 15, "D": 100, "E": 345}, "disc_method": "EV", "bins": 5, "target_column": null, "CPT_method": "Bayespriors", "time_disc": 0.09724952513352036, "time_cnf": 0.3666820670478046, "time_VE": 0.0014423537068068981, "time_BP": 0.005272965878248215, "RMSE": 1.5705971841569046, "WRMSE": 1.5705971841569049, "MAE": 1.239619983083776, "PE": 0.077727397268284, "exact_EV": 345, "disc_EV": 345.2681595205756, "Wass_scaled": 0.41555665039386336, "Wass_multi": 6.042951495485575, "time_wass": 0.45920473895967007}