{"distribution": "lg", "edges": [["A", "D"], ["B", "D"], ["D", "E"], ["C", "E"]], "root_params": "A ~ N(20,20) B ~ N(20,20) C ~ N(15,15)", "experiment": 12, "not_root_params": "D   ~   N ( 2 A + 3 B , 2 )   E   ~   N ( 3 C + 3 D , 2 )", "sample_size": 1000, "means": {"A": 20, "B": 20, "C": 15, "D": 100, "E": 345}, "disc_method": "EV", "bins": 20, "target_column": null, "CPT_method": "Bayespriors", "time_disc": 0.10513169690966606, "time_cnf": 0.7493230230174959, "time_VE": 0.0014411932788789272, "time_BP": 0.006651836913079023, "RMSE": 2.7998818163101586, "WRMSE": 2.799881816310159, "MAE": 2.362862568843204, "PE": 0.016341469436584714, "exact_EV": 345, "disc_EV": 344.9436219304438, "Wass_scaled": 0.18928758134276225, "Wass_multi": 1.8068512848059533, "time_wass": 0.4608859699219465}