{
	"nodecount" : 21931,
	"peaknodes" : 22220,
	"total_load_time" : 1.14668,
	"build_time" : 1.07196,
	"wmc_time" : 0.00565815
}
