{
	"nodecount" : 1440,
	"peaknodes" : 1512,
	"total_load_time" : 0.093677,
	"build_time" : 0.0618079,
	"wmc_time" : 0.00185895
}
