{
	"nodecount" : 35274,
	"peaknodes" : 39529,
	"total_load_time" : 5.03381,
	"build_time" : 4.70612,
	"wmc_time" : 0.00845695,
	"wmc_value" : 1,
	"bn_to_cnf_time" : 0.175751
}
