{
	"nodecount" : 3261,
	"peaknodes" : 3344,
	"total_load_time" : 0.315997,
	"build_time" : 0.295245,
	"wmc_time" : 0.00341916,
	"wmc_value" : 1,
	"bn_to_cnf_time" : 0.0104024
}
