{
	"nodecount" : 34034,
	"peaknodes" : 36658,
	"total_load_time" : 3.83664,
	"build_time" : 3.26864,
	"wmc_time" : 0.00800514
}
