{"distribution": "lg", "edges": [["A", "D"], ["B", "D"], ["D", "E"], ["C", "E"]], "root_params": "A ~ N(20,20) B ~ N(20,20) C ~ N(15,15)", "experiment": 12, "not_root_params": "D   ~   N ( 2 A + 3 B , 2 )   E   ~   N ( 3 C + 3 D , 2 )", "sample_size": 1000, "means": {"A": 20, "B": 20, "C": 15, "D": 100, "E": 345}, "disc_method": "EB", "bins": 10, "target_column": null, "CPT_method": "Bayespriors", "time_disc": 0.1592631999956211, "time_cnf": 0.03507080000417773, "time_VE": 0.0014181000005919486, "time_BP": 0.005296200004522689, "RMSE": 6.750890516938308, "WRMSE": 2.2794956416202914, "MAE": 4.331898507685821, "PE": 0.05587378135336015, "exact_EV": 345, "disc_EV": 345.1927645456691, "Wass_scaled": 0.08790973582289088, "Wass_multi": 4.057256761352956, "time_wass": 0.5348000999947544}