{
	"nodecount" : 37315,
	"peaknodes" : 43185,
	"total_load_time" : 7.16054,
	"build_time" : 6.56367,
	"wmc_time" : 0.00893307,
	"wmc_value" : 1,
	"bn_to_cnf_time" : 0.413903
}
