{"distribution": "lg", "edges": [["A", "D"], ["B", "D"], ["D", "E"], ["C", "E"]], "root_params": "A ~ N(20,20) B ~ N(20,20) C ~ N(15,15)", "experiment": 12, "not_root_params": "D   ~   N ( 2 A + 3 B , 2 )   E   ~   N ( 3 C + 3 D , 2 )", "sample_size": 1000, "means": {"A": 20, "B": 20, "C": 15, "D": 100, "E": 345}, "disc_method": "EV", "bins": 8, "target_column": null, "CPT_method": "Bayespriors", "time_disc": 0.09376858873292804, "time_cnf": 0.30164358066394925, "time_VE": 0.001245622057467699, "time_BP": 0.0049233706668019295, "RMSE": 1.1942468616954725, "WRMSE": 1.1942468616954725, "MAE": 0.9818814932202855, "PE": 0.012274651356567145, "exact_EV": 345, "disc_EV": 344.95765245281984, "Wass_scaled": 0.3098332638278194, "Wass_multi": 4.03337550511571, "time_wass": 0.467912619933486}