{
	"nodecount" : 6454,
	"peaknodes" : 6699,
	"total_load_time" : 0.535797,
	"build_time" : 0.437673,
	"wmc_time" : 0.00302196
}
