{
	"nodecount" : 5088,
	"peaknodes" : 5088,
	"total_load_time" : 0.466912,
	"build_time" : 0.441817,
	"wmc_time" : 0.00604105,
	"wmc_value" : 1,
	"bn_to_cnf_time" : 0.0106947
}
