{
	"nodecount" : 5088,
	"peaknodes" : 5088,
	"total_load_time" : 0.233748,
	"build_time" : 0.186326,
	"wmc_time" : 0.00285411
}
