{
	"nodecount" : 25930,
	"peaknodes" : 27919,
	"total_load_time" : 2.57732,
	"build_time" : 2.31144,
	"wmc_time" : 0.00644803
}
