{"distribution": "lg", "edges": [["A", "D"], ["B", "D"], ["D", "E"], ["C", "E"]], "root_params": "A ~ N(20,20) B ~ N(20,20) C ~ N(15,15)", "experiment": 12, "not_root_params": "D   ~   N ( 2 A + 3 B , 2 )   E   ~   N ( 3 C + 3 D , 2 )", "sample_size": 1000, "means": {"A": 20, "B": 20, "C": 15, "D": 100, "E": 345}, "disc_method": "EB", "bins": 12, "target_column": null, "CPT_method": "Bayespriors", "time_disc": 0.0995368049480021, "time_cnf": 0.3927893000654876, "time_VE": 0.0013035149313509464, "time_BP": 0.0052570924162864685, "RMSE": 8.179709171269689, "WRMSE": 2.9503129286554297, "MAE": 5.497957827301595, "PE": 0.09993401225214242, "exact_EV": 345, "disc_EV": 345.3447723422699, "Wass_scaled": 0.06927496592257013, "Wass_multi": 3.5326606127404925, "time_wass": 0.4469444523565471}