{
	"nodecount" : 56,
	"peaknodes" : 56,
	"total_load_time" : 0.00940299,
	"build_time" : 0.00620914,
	"wmc_time" : 0.000411034
}
