{
	"nodecount" : 46,
	"peaknodes" : 46,
	"total_load_time" : 0.0276251,
	"build_time" : 0.00634193,
	"wmc_time" : 0.000415087
}
