{
	"nodecount" : 86,
	"peaknodes" : 86,
	"total_load_time" : 0.0149992,
	"build_time" : 0.0121131,
	"wmc_time" : 0.00061512
}
