{"distribution": "nm", "edges": [["X", "Y"]], "root_params": ["X ~ B(0.5)"], "experiment": 3, "not_root_params": "P(Y|X) ~ N(6,2) if X = 0.0 and P(Y|X) ~ N(4,2) if X = 1.0", "sample_size": 500, "means": 5.0, "disc_method": "EV", "bins": 5, "target_column": null, "CPT_method": "Bayespriors", "time_disc": 0.04546453710645437, "time_cnf": 0.14070170233026147, "time_VE": 0.0008795559406280518, "time_BP": 0.002427368890494108, "RMSE": 0.0162665799260894, "WRMSE": 0.01626007459492498, "MAE": 0.016263327585773757, "PE": 1.2682039613350327, "exact_EV": 5.0, "disc_EV": 4.936589801933248, "Wass_scaled": 0.14402149760543168, "Wass_multi": 0.5020297283028902, "time_wass": 0.06015149410814047}