{
	"nodecount" : 45,
	"peaknodes" : 46,
	"total_load_time" : 0.009094,
	"build_time" : 0.00658298,
	"wmc_time" : 0.000414133
}
