{"distribution": "nm", "edges": [["X", "Y"]], "root_params": ["X ~ B(0.5)"], "experiment": 3, "not_root_params": "P(Y|X) ~ N(6,2) if X = 0.0 and P(Y|X) ~ N(4,2) if X = 1.0", "sample_size": 500, "means": 5.0, "disc_method": "EV", "bins": 20, "target_column": null, "CPT_method": "Bayespriors", "time_disc": 0.04371427604928613, "time_cnf": 0.006784174125641584, "time_VE": 0.001061638817191124, "time_BP": 0.0033192369155585766, "RMSE": 0.006135939868942678, "WRMSE": 0.006133485983673987, "MAE": 0.006134713049002594, "PE": 1.2682039613350327, "exact_EV": 5.0, "disc_EV": 4.936589801933248, "Wass_scaled": 0.059595437722972724, "Wass_multi": 0.14482558894478428, "time_wass": 0.06655535800382495}