{"distribution": "nm", "edges": [["X", "Y"]], "root_params": ["X ~ B(0.5)"], "experiment": 3, "not_root_params": "P(Y|X) ~ N(6,2) if X = 0.0 and P(Y|X) ~ N(4,2) if X = 1.0", "sample_size": 500, "means": 5.0, "disc_method": "EV", "bins": 8, "target_column": null, "CPT_method": "Bayespriors", "time_disc": 0.04327798495069146, "time_cnf": 0.885045959148556, "time_VE": 0.0009258831851184368, "time_BP": 0.002454981207847595, "RMSE": 0.01991621062019101, "WRMSE": 0.01990824572860264, "MAE": 0.01991222857264141, "PE": 1.268203961335015, "exact_EV": 5.0, "disc_EV": 4.936589801933249, "Wass_scaled": 0.10290588769735234, "Wass_multi": 0.32645389859502677, "time_wass": 0.06412225915119052}