{
	"nodecount" : 26,
	"peaknodes" : 26,
	"total_load_time" : 0.0133271,
	"build_time" : 0.00277114,
	"wmc_time" : 0.000226021
}
