{
	"nodecount" : 94,
	"peaknodes" : 94,
	"total_load_time" : 0.0188968,
	"build_time" : 0.0114539,
	"wmc_time" : 0.000590086
}
