{
	"nodecount" : 34,
	"peaknodes" : 34,
	"total_load_time" : 0.161067,
	"build_time" : 0.00327086,
	"wmc_time" : 0.000283957
}
