{
	"nodecount" : 74,
	"peaknodes" : 75,
	"total_load_time" : 0.0145791,
	"build_time" : 0.011133,
	"wmc_time" : 0.000576019
}
