{
	"nodecount" : 56,
	"peaknodes" : 56,
	"total_load_time" : 0.00987411,
	"build_time" : 0.00726295,
	"wmc_time" : 0.00049305
}
