{"distribution": "nm", "edges": [["X", "Y"]], "root_params": ["X ~ B(0.5)"], "experiment": 3, "not_root_params": "P(Y|X) ~ N(6,2) if X = 0.0 and P(Y|X) ~ N(4,2) if X = 1.0", "sample_size": 500, "means": 5.0, "disc_method": "EV", "bins": 17, "target_column": null, "CPT_method": "Bayespriors", "time_disc": 0.04418549686670303, "time_cnf": 0.006760598160326481, "time_VE": 0.0010894667357206345, "time_BP": 0.00328552583232522, "RMSE": 0.0065355043056056486, "WRMSE": 0.006532890626514674, "MAE": 0.006534197596744118, "PE": 1.2682039613350504, "exact_EV": 5.0, "disc_EV": 4.9365898019332475, "Wass_scaled": 0.06588817218716851, "Wass_multi": 0.17304671270567992, "time_wass": 0.06655670003965497}