{"distribution": "nm", "edges": [["X", "Y"]], "root_params": ["X ~ B(0.5)"], "experiment": 3, "not_root_params": "P(Y|X) ~ N(6,2) if X = 0.0 and P(Y|X) ~ N(4,2) if X = 1.0", "sample_size": 500, "means": 5.0, "disc_method": "EV", "bins": 30, "target_column": null, "CPT_method": "Bayespriors", "time_disc": 0.04773114062845707, "time_cnf": 0.00917494809255004, "time_VE": 0.001100192777812481, "time_BP": 0.003261893056333065, "RMSE": 0.004854130474379787, "WRMSE": 0.004852189210365189, "MAE": 0.004853159939435692, "PE": 1.2682039613350504, "exact_EV": 5.0, "disc_EV": 4.9365898019332475, "Wass_scaled": 0.04803736259058896, "Wass_multi": 0.10173097464309133, "time_wass": 0.06636143894866109}