{"distribution": "nm", "edges": [["X", "Y"]], "root_params": ["X ~ B(0.5)"], "experiment": 3, "not_root_params": "P(Y|X) ~ N(6,2) if X = 0.0 and P(Y|X) ~ N(4,2) if X = 1.0", "sample_size": 500, "means": 5.0, "disc_method": "EB", "bins": 20, "target_column": null, "CPT_method": "Bayespriors", "time_disc": 0.04338989267125726, "time_cnf": 0.007016448769718409, "time_VE": 0.001147664152085781, "time_BP": 0.0033424152061343193, "RMSE": 0.014701327672242647, "WRMSE": 0.014695411459404603, "MAE": 0.014698351308000346, "PE": 1.2681670816712831, "exact_EV": 5.0, "disc_EV": 4.936591645916436, "Wass_scaled": 0.013597011951485749, "Wass_multi": 0.15951596654074954, "time_wass": 0.06284554209560156}