{"distribution": "nm", "edges": [["X", "Y"]], "root_params": ["X ~ B(0.5)"], "experiment": 3, "not_root_params": "P(Y|X) ~ N(6,2) if X = 0.0 and P(Y|X) ~ N(4,2) if X = 1.0", "sample_size": 500, "means": 5.0, "disc_method": "EV", "bins": 10, "target_column": null, "CPT_method": "Bayespriors", "time_disc": 0.04210559884086251, "time_cnf": 0.6685949717648327, "time_VE": 0.0009007737971842289, "time_BP": 0.002425788901746273, "RMSE": 0.0019717327888121253, "WRMSE": 0.001970944253372136, "MAE": 0.0019713385605188982, "PE": 1.268203961335015, "exact_EV": 5.0, "disc_EV": 4.936589801933249, "Wass_scaled": 0.08862942058078896, "Wass_multi": 0.27314975166412286, "time_wass": 0.06075821118429303}