{"distribution": "nm", "edges": [["X", "Y"]], "root_params": ["X ~ B(0.5)"], "experiment": 3, "not_root_params": "P(Y|X) ~ N(6,2) if X = 0.0 and P(Y|X) ~ N(4,2) if X = 1.0", "sample_size": 500, "means": 5.0, "disc_method": "EB", "bins": 10, "target_column": null, "CPT_method": "Bayespriors", "time_disc": 0.0416595502756536, "time_cnf": 0.4838358801789582, "time_VE": 0.0009248796850442886, "time_BP": 0.0024741310626268387, "RMSE": 0.0307291717909935, "WRMSE": 0.03071685296129066, "MAE": 0.03072299813975965, "PE": 1.2681743251798316, "exact_EV": 5.0, "disc_EV": 4.936591283741008, "Wass_scaled": 0.03309142706281544, "Wass_multi": 0.3178155990936424, "time_wass": 0.05937998089939356}