{"distribution": "nm", "edges": [["X", "Y"]], "root_params": ["X ~ B(0.5)"], "experiment": 3, "not_root_params": "P(Y|X) ~ N(6,2) if X = 0.0 and P(Y|X) ~ N(4,2) if X = 1.0", "sample_size": 500, "means": 5.0, "disc_method": "EV", "bins": 25, "target_column": null, "CPT_method": "Bayespriors", "time_disc": 0.04688036208972335, "time_cnf": 0.006801082752645016, "time_VE": 0.0010943361558020115, "time_BP": 0.0032777711749076843, "RMSE": 0.0015938428020040338, "WRMSE": 0.0015932053923396784, "MAE": 0.0015935241290423452, "PE": 1.268203961335015, "exact_EV": 5.0, "disc_EV": 4.936589801933249, "Wass_scaled": 0.05256844609589489, "Wass_multi": 0.121062430880817, "time_wass": 0.0657368628308177}