{"distribution": "nm", "edges": [["X", "Y"]], "root_params": ["X ~ B(0.5)"], "experiment": 3, "not_root_params": "P(Y|X) ~ N(6,2) if X = 0.0 and P(Y|X) ~ N(4,2) if X = 1.0", "sample_size": 500, "means": 5.0, "disc_method": "EB", "bins": 8, "target_column": null, "CPT_method": "Bayespriors", "time_disc": 0.04163510724902153, "time_cnf": 0.17117230175063014, "time_VE": 0.0008569685742259026, "time_BP": 0.002376267220824957, "RMSE": 0.04041233882562106, "WRMSE": 0.04039614962736046, "MAE": 0.04040423125843873, "PE": 1.268176450381766, "exact_EV": 5.0, "disc_EV": 4.936591177480912, "Wass_scaled": 0.03948601410505304, "Wass_multi": 0.3737401382594498, "time_wass": 0.060454947873950005}