{"distribution": "nm", "edges": [["X", "Y"]], "root_params": ["X ~ B(0.5)"], "experiment": 3, "not_root_params": "P(Y|X) ~ N(6,2) if X = 0.0 and P(Y|X) ~ N(4,2) if X = 1.0", "sample_size": 500, "means": 5.0, "disc_method": "EB", "bins": 12, "target_column": null, "CPT_method": "Bayespriors", "time_disc": 0.0470626400783658, "time_cnf": 0.3852856010198593, "time_VE": 0.0010689208284020424, "time_BP": 0.00260181725025177, "RMSE": 0.030074763790687433, "WRMSE": 0.030062682321717344, "MAE": 0.030068696541268647, "PE": 1.2681499603278645, "exact_EV": 5.0, "disc_EV": 4.936592501983607, "Wass_scaled": 0.024772422767467397, "Wass_multi": 0.26441708488357446, "time_wass": 0.06064617168158293}