{"distribution": "nm", "edges": [["X", "Y"]], "root_params": ["X ~ B(0.5)"], "experiment": 3, "not_root_params": "P(Y|X) ~ N(6,2) if X = 0.0 and P(Y|X) ~ N(4,2) if X = 1.0", "sample_size": 500, "means": 5.0, "disc_method": "EB", "bins": 14, "target_column": null, "CPT_method": "Bayespriors", "time_disc": 0.04216858372092247, "time_cnf": 0.29023137921467423, "time_VE": 0.0008776411414146423, "time_BP": 0.0025529367849230766, "RMSE": 0.023218572041339834, "WRMSE": 0.023209229713071034, "MAE": 0.023213872778296896, "PE": 1.2681471708692449, "exact_EV": 5.0, "disc_EV": 4.936592641456538, "Wass_scaled": 0.02464636510149381, "Wass_multi": 0.22629427046150172, "time_wass": 0.06047307886183262}