{"distribution": "nm", "edges": [["X", "Y"]], "root_params": ["X ~ B(0.5)"], "experiment": 3, "not_root_params": "P(Y|X) ~ N(6,2) if X = 0.0 and P(Y|X) ~ N(4,2) if X = 1.0", "sample_size": 500, "means": 5.0, "disc_method": "EB", "bins": 17, "target_column": null, "CPT_method": "Bayespriors", "time_disc": 0.04556146124377847, "time_cnf": 0.006908121984452009, "time_VE": 0.0010241931304335594, "time_BP": 0.0030063348822295666, "RMSE": 0.0011438047876216571, "WRMSE": 0.0011432920474605981, "MAE": 0.0011435174246055002, "PE": 1.268148614246929, "exact_EV": 5.0, "disc_EV": 4.9365925692876536, "Wass_scaled": 0.01810177171663059, "Wass_multi": 0.18795695704259924, "time_wass": 0.06159734819084406}