{"distribution": "nm", "edges": [["X", "Y"]], "root_params": ["X ~ B(0.5)"], "experiment": 3, "not_root_params": "P(Y|X) ~ N(6,2) if X = 0.0 and P(Y|X) ~ N(4,2) if X = 1.0", "sample_size": 500, "means": 5.0, "disc_method": "EV", "bins": 14, "target_column": null, "CPT_method": "Bayespriors", "time_disc": 0.044701606035232544, "time_cnf": 0.2007628777064383, "time_VE": 0.0010019801557064056, "time_BP": 0.0026726918295025826, "RMSE": 0.0035785992058624595, "WRMSE": 0.0035771680523535737, "MAE": 0.003577883700665696, "PE": 1.2682039613349971, "exact_EV": 5.0, "disc_EV": 4.93658980193325, "Wass_scaled": 0.07294308349427556, "Wass_multi": 0.2003797560366429, "time_wass": 0.06525468500331044}