{"distribution": "nm", "edges": [["X", "Y"]], "root_params": ["X ~ B(0.5)"], "experiment": 3, "not_root_params": "P(Y|X) ~ N(6,2) if X = 0.0 and P(Y|X) ~ N(4,2) if X = 1.0", "sample_size": 500, "means": 5.0, "disc_method": "MDLP", "bins": 2, "target_column": "Y", "CPT_method": "Bayespriors", "time_disc": 0.09413085877895355, "time_cnf": 0.19741199119016528, "time_VE": 0.001179585698992014, "time_BP": 0.0033747158013284206, "RMSE": 0.011281620125312891, "WRMSE": 0.0112770515265275, "MAE": 0.011279307254896453, "PE": 1.2681470738790956, "exact_EV": 5.0, "disc_EV": 4.936592646306045, "Wass_scaled": 0.05883376574401841, "Wass_multi": 0.24512481813485343, "time_wass": 0.0758423781953752}