{
	"nodecount" : 49,
	"peaknodes" : 49,
	"total_load_time" : 0.00949192,
	"build_time" : 0.00686908,
	"wmc_time" : 0.000447989
}
