{
	"nodecount" : 66,
	"peaknodes" : 67,
	"total_load_time" : 0.0130701,
	"build_time" : 0.0109031,
	"wmc_time" : 0.000539064
}
