{"distribution": "nm", "edges": [["X", "Y"]], "root_params": ["X ~ B(0.8)"], "experiment": 6, "not_root_params": "P(Y|X) ~ N(21,10) if X = 0.0 and P(Y|X) ~ N(25,1) if X = 1.0", "sample_size": 100, "means": 21.8, "disc_method": "EV", "bins": 12, "target_column": null, "CPT_method": "Bayes", "time_disc": 0.03785638976842165, "time_cnf": 0.661629427690059, "time_VE": 0.0012903991155326366, "time_BP": 0.003471087198704481, "RMSE": 0.9440075891755733, "WRMSE": 0.6219197060435687, "MAE": 0.6989891943881332, "PE": 10.870115120957495, "exact_EV": 21.8, "disc_EV": 24.169685096368735, "Wass_scaled": 0.08518542881424966, "Wass_multi": 0.9529758954418702, "time_wass": 0.01877265702933073}