{"distribution": "nm", "edges": [["X", "Y"]], "root_params": ["X ~ B(0.8)"], "experiment": 6, "not_root_params": "P(Y|X) ~ N(21,10) if X = 0.0 and P(Y|X) ~ N(25,1) if X = 1.0", "sample_size": 100, "means": 21.8, "disc_method": "EV", "bins": 14, "target_column": null, "CPT_method": "Bayes", "time_disc": 0.03590473998337984, "time_cnf": 0.5535669950768352, "time_VE": 0.0017551369965076447, "time_BP": 0.004738770890980959, "RMSE": 1.0464532519568943, "WRMSE": 0.6894567084473735, "MAE": 0.7752058514729967, "PE": 10.985336991822122, "exact_EV": 21.8, "disc_EV": 24.194803464217223, "Wass_scaled": 0.07608801318209732, "Wass_multi": 0.8489253656726297, "time_wass": 0.01679168315604329}