{
	"nodecount" : 27,
	"peaknodes" : 27,
	"total_load_time" : 0.00637603,
	"build_time" : 0.00324702,
	"wmc_time" : 0.000231028
}
