{
	"nodecount" : 34,
	"peaknodes" : 35,
	"total_load_time" : 0.00859308,
	"build_time" : 0.00640202,
	"wmc_time" : 0.000339031
}
