{"distribution": "nm", "edges": [["X", "Y"]], "root_params": ["X ~ B(0.8)"], "experiment": 6, "not_root_params": "P(Y|X) ~ N(21,10) if X = 0.0 and P(Y|X) ~ N(25,1) if X = 1.0", "sample_size": 100, "means": 21.8, "disc_method": "EV", "bins": 10, "target_column": null, "CPT_method": "Bayes", "time_disc": 0.03232513926923275, "time_cnf": 0.7756307958625257, "time_VE": 0.001233203336596489, "time_BP": 0.003291042987257242, "RMSE": 0.7916909782458437, "WRMSE": 0.5210237021618549, "MAE": 0.581295618078423, "PE": 10.732089563879432, "exact_EV": 21.8, "disc_EV": 24.139595524925717, "Wass_scaled": 0.09359410332864614, "Wass_multi": 1.0148582851483803, "time_wass": 0.014559071976691484}