{
	"nodecount" : 36,
	"peaknodes" : 37,
	"total_load_time" : 0.00842309,
	"build_time" : 0.00602794,
	"wmc_time" : 0.000354052
}
