{
	"nodecount" : 36,
	"peaknodes" : 36,
	"total_load_time" : 0.00944591,
	"build_time" : 0.00726604,
	"wmc_time" : 0.000418901
}
