{"distribution": "nm", "edges": [["X", "Y"]], "root_params": ["X ~ B(0.8)"], "experiment": 6, "not_root_params": "P(Y|X) ~ N(21,10) if X = 0.0 and P(Y|X) ~ N(25,1) if X = 1.0", "sample_size": 100, "means": 21.8, "disc_method": "EB", "bins": 25, "target_column": null, "CPT_method": "Bayes", "time_disc": 0.03710089111700654, "time_cnf": 0.28239477099850774, "time_VE": 0.0010241218842566013, "time_BP": 0.0027423016726970673, "RMSE": 0.5206157036782402, "WRMSE": 0.5692370533089881, "MAE": 0.5126194856116513, "PE": 8.02883014438116, "exact_EV": 21.8, "disc_EV": 23.550284971475094, "Wass_scaled": 0.008638279159078622, "Wass_multi": 0.275298506633927, "time_wass": 0.011014210991561413}