{
	"nodecount" : 37,
	"peaknodes" : 38,
	"total_load_time" : 0.010078,
	"build_time" : 0.006603,
	"wmc_time" : 0.000377178
}
