{"distribution": "nm", "edges": [["X", "Y"]], "root_params": ["X ~ B(0.8)"], "experiment": 6, "not_root_params": "P(Y|X) ~ N(21,10) if X = 0.0 and P(Y|X) ~ N(25,1) if X = 1.0", "sample_size": 100, "means": 21.8, "disc_method": "EV", "bins": 8, "target_column": null, "CPT_method": "Bayes", "time_disc": 0.03695807233452797, "time_cnf": 0.7138955960981548, "time_VE": 0.0012505888007581234, "time_BP": 0.0033980500884354115, "RMSE": 0.4729116846239853, "WRMSE": 0.31469072193873693, "MAE": 0.36623551279347133, "PE": 10.682456477086319, "exact_EV": 21.8, "disc_EV": 24.128775512004818, "Wass_scaled": 0.11214570857520142, "Wass_multi": 1.1081239902996032, "time_wass": 0.014388063922524452}