{
	"nodecount" : 34,
	"peaknodes" : 34,
	"total_load_time" : 0.00925493,
	"build_time" : 0.00592303,
	"wmc_time" : 0.000358105
}
