{"distribution": "nm", "edges": [["X", "Y"]], "root_params": ["X ~ B(0.8)"], "experiment": 6, "not_root_params": "P(Y|X) ~ N(21,10) if X = 0.0 and P(Y|X) ~ N(25,1) if X = 1.0", "sample_size": 100, "means": 21.8, "disc_method": "EV", "bins": 25, "target_column": null, "CPT_method": "Bayes", "time_disc": 0.03404096979647875, "time_cnf": 0.009881013073027134, "time_VE": 0.0008851699531078339, "time_BP": 0.0025817472487688065, "RMSE": 1.5562915615181052, "WRMSE": 1.0365537333013297, "MAE": 1.2086835425735742, "PE": 11.127295203774194, "exact_EV": 21.8, "disc_EV": 24.225750354422775, "Wass_scaled": 0.028762827916858254, "Wass_multi": 0.3678905175112903, "time_wass": 0.010959355160593987}