{"distribution": "nm", "edges": [["X", "Y"]], "root_params": ["X ~ B(0.8)"], "experiment": 6, "not_root_params": "P(Y|X) ~ N(21,10) if X = 0.0 and P(Y|X) ~ N(25,1) if X = 1.0", "sample_size": 100, "means": 21.8, "disc_method": "EB", "bins": 20, "target_column": null, "CPT_method": "Bayes", "time_disc": 0.037414786871522665, "time_cnf": 0.07300831703469157, "time_VE": 0.0015042908489704132, "time_BP": 0.0033878101967275143, "RMSE": 0.5023834279531908, "WRMSE": 0.5858323947021655, "MAE": 0.473194747807101, "PE": 7.77454359258903, "exact_EV": 21.8, "disc_EV": 23.49485050318441, "Wass_scaled": 0.011216669905577868, "Wass_multi": 0.36248234398674856, "time_wass": 0.01685444638133049}