{"distribution": "nm", "edges": [["X", "Y"]], "root_params": ["X ~ B(0.8)"], "experiment": 6, "not_root_params": "P(Y|X) ~ N(21,10) if X = 0.0 and P(Y|X) ~ N(25,1) if X = 1.0", "sample_size": 100, "means": 21.8, "disc_method": "EB", "bins": 17, "target_column": null, "CPT_method": "Bayes", "time_disc": 0.03563274955376983, "time_cnf": 0.007504018023610115, "time_VE": 0.001169530674815178, "time_BP": 0.003382260911166668, "RMSE": 0.5168400098259918, "WRMSE": 0.6325208754676094, "MAE": 0.44512857491922375, "PE": 7.417014781753462, "exact_EV": 21.8, "disc_EV": 23.416909222422255, "Wass_scaled": 0.011584798261939767, "Wass_multi": 0.3746978264487191, "time_wass": 0.013235998805612326}