{
	"nodecount" : 20,
	"peaknodes" : 21,
	"total_load_time" : 0.0126162,
	"build_time" : 0.00300407,
	"wmc_time" : 0.000229836
}
