{"distribution": "nm", "edges": [["X", "Y"]], "root_params": ["X ~ B(0.8)"], "experiment": 6, "not_root_params": "P(Y|X) ~ N(21,10) if X = 0.0 and P(Y|X) ~ N(25,1) if X = 1.0", "sample_size": 100, "means": 21.8, "disc_method": "EV", "bins": 17, "target_column": null, "CPT_method": "Bayes", "time_disc": 0.03243186790496111, "time_cnf": 0.0065023829229176044, "time_VE": 0.0010806303471326828, "time_BP": 0.003048683051019907, "RMSE": 1.2334732920888873, "WRMSE": 0.8167084070875189, "MAE": 0.938078735731569, "PE": 11.009942409056082, "exact_EV": 21.8, "disc_EV": 24.200167445174227, "Wass_scaled": 0.055846767614275705, "Wass_multi": 0.6044193568478018, "time_wass": 0.011654524598270655}