{"distribution": "nm", "edges": [["X", "Y"]], "root_params": ["X ~ B(0.8)"], "experiment": 6, "not_root_params": "P(Y|X) ~ N(21,10) if X = 0.0 and P(Y|X) ~ N(25,1) if X = 1.0", "sample_size": 100, "means": 21.8, "disc_method": "EB", "bins": 30, "target_column": null, "CPT_method": "Bayes", "time_disc": 0.04333425499498844, "time_cnf": 0.011369123123586178, "time_VE": 0.0011589378118515015, "time_BP": 0.0033646360971033573, "RMSE": 0.5724093613583541, "WRMSE": 0.6127595172633704, "MAE": 0.5675948532508297, "PE": 7.962546128446816, "exact_EV": 21.8, "disc_EV": 23.535835056001407, "Wass_scaled": 0.007708691308492788, "Wass_multi": 0.23702588040921602, "time_wass": 0.011891175992786884}