{
	"nodecount" : 28,
	"peaknodes" : 30,
	"total_load_time" : 0.0132,
	"build_time" : 0.00551295,
	"wmc_time" : 0.000325918
}
