{
	"nodecount" : 30,
	"peaknodes" : 31,
	"total_load_time" : 0.00936103,
	"build_time" : 0.00560999,
	"wmc_time" : 0.000329018
}
