{
	"nodecount" : 42,
	"peaknodes" : 46,
	"total_load_time" : 0.0121331,
	"build_time" : 0.00990891,
	"wmc_time" : 0.000375032
}
