{
	"nodecount" : 58318,
	"peaknodes" : 58792,
	"total_load_time" : 4.1147,
	"build_time" : 3.93968,
	"wmc_time" : 0.012749,
	"wmc_value" : 1,
	"bn_to_cnf_time" : 0.109953
}
