{
	"nodecount" : 5846,
	"peaknodes" : 5860,
	"total_load_time" : 0.215614,
	"build_time" : 0.201569,
	"wmc_time" : 0.00318503
}
