{"distribution": "lg", "edges": [["A", "D"], ["B", "D"], ["D", "E"], ["C", "E"]], "root_params": "A ~ N(20,20) B ~ N(20,20) C ~ N(15,15)", "experiment": 111, "not_root_params": "D   ~   N ( 2 A + 3 B , 1 . 5 6 2 5 )   E   ~   N ( 3 C + 3 D , 1 . 5 6 2 5 )", "sample_size": 1881, "means": {"A": 20, "B": 20, "C": 15, "D": 100, "E": 345}, "disc_method": "EV", "bins": 14, "target_column": null, "CPT_method": "Bayes", "time_disc": 0.10320529999444261, "time_cnf": 0.07758269998885226, "time_VE": 0.0014226000057533383, "time_BP": 0.0067605999938678, "RMSE": 5.073208547138497, "WRMSE": 5.077825374276452, "MAE": 4.069331408795149, "PE": 0.009692008672154638, "exact_EV": 345, "disc_EV": 345.03343742991893, "Wass_scaled": 0.24419568719926057, "Wass_multi": 1.2798205254360555, "time_wass": 1.5868018999899505}