{"distribution": "lg", "edges": [["A", "D"], ["B", "D"], ["D", "E"], ["C", "E"]], "root_params": "A ~ N(20,20) B ~ N(20,20) C ~ N(15,15)", "experiment": 111, "not_root_params": "D   ~   N ( 2 A + 3 B , 1 . 5 6 2 5 )   E   ~   N ( 3 C + 3 D , 1 . 5 6 2 5 )", "sample_size": 1881, "means": {"A": 20, "B": 20, "C": 15, "D": 100, "E": 345}, "disc_method": "EV", "bins": 12, "target_column": null, "CPT_method": "Bayes", "time_disc": 0.09811520000221208, "time_cnf": 0.05240490000869613, "time_VE": 0.0013951000000815839, "time_BP": 0.006225899996934459, "RMSE": 4.476817293729297, "WRMSE": 4.479304236860827, "MAE": 3.5880527062030674, "PE": 0.015413429559522638, "exact_EV": 345, "disc_EV": 345.05317633198035, "Wass_scaled": 0.2632297256690875, "Wass_multi": 1.4520360412585833, "time_wass": 1.5958534999954281}