{
	"nodecount" : 97671,
	"peaknodes" : 103664,
	"total_load_time" : 4.35439,
	"build_time" : 3.86122,
	"wmc_time" : 0.0192161
}
