{
	"nodecount" : 15651,
	"peaknodes" : 15708,
	"total_load_time" : 0.611108,
	"build_time" : 0.584465,
	"wmc_time" : 0.0052042
}
