{"distribution": "lg", "edges": [["A", "D"], ["B", "D"], ["D", "E"], ["C", "E"]], "root_params": "A ~ N(20,20) B ~ N(20,20) C ~ N(15,15)", "experiment": 111, "not_root_params": "D   ~   N ( 2 A + 3 B , 1 . 5 6 2 5 )   E   ~   N ( 3 C + 3 D , 1 . 5 6 2 5 )", "sample_size": 1881, "means": {"A": 20, "B": 20, "C": 15, "D": 100, "E": 345}, "disc_method": "EB", "bins": 30, "target_column": null, "CPT_method": "Bayes", "time_disc": 0.1066187000105856, "time_cnf": 0.7896242999995593, "time_VE": 0.0029661999869858846, "time_BP": 0.01802499999757856, "RMSE": 11.496090507354833, "WRMSE": 6.827214896271545, "MAE": 9.827477509428807, "PE": 0.9071037894774974, "exact_EV": 345, "disc_EV": 348.12950807369737, "Wass_scaled": 0.027005801955180073, "Wass_multi": 0.7049797377757712, "time_wass": 1.375257399995462}