{"distribution": "lg", "edges": [["A", "D"], ["B", "D"], ["D", "E"], ["C", "E"]], "root_params": "A ~ N(20,20) B ~ N(20,20) C ~ N(15,15)", "experiment": 111, "not_root_params": "D   ~   N ( 2 A + 3 B , 1 . 5 6 2 5 )   E   ~   N ( 3 C + 3 D , 1 . 5 6 2 5 )", "sample_size": 1881, "means": {"A": 20, "B": 20, "C": 15, "D": 100, "E": 345}, "disc_method": "EB", "bins": 5, "target_column": null, "CPT_method": "Bayes", "time_disc": 0.07293707085773349, "time_cnf": 3.1180865271016955, "time_VE": 0.0016026119701564312, "time_BP": 0.005398001056164503, "RMSE": 5.206585334067124, "WRMSE": 2.384260964432078, "MAE": 4.123683405779855, "PE": 0.04236716075658241, "exact_EV": 345, "disc_EV": 345.1461667046102, "Wass_scaled": 0.1696235018060865, "Wass_multi": 3.895733921347304, "time_wass": 1.2206480498425663}