{"distribution": "lg", "edges": [["A", "D"], ["B", "D"], ["D", "E"], ["C", "E"]], "root_params": "A ~ N(20,20) B ~ N(20,20) C ~ N(15,15)", "experiment": 111, "not_root_params": "D   ~   N ( 2 A + 3 B , 1 . 5 6 2 5 )   E   ~   N ( 3 C + 3 D , 1 . 5 6 2 5 )", "sample_size": 1881, "means": {"A": 20, "B": 20, "C": 15, "D": 100, "E": 345}, "disc_method": "EB", "bins": 10, "target_column": null, "CPT_method": "Bayes", "time_disc": 0.09387120000610594, "time_cnf": 0.03499920001195278, "time_VE": 0.001393600003211759, "time_BP": 0.011631100001977757, "RMSE": 9.344138117394168, "WRMSE": 3.8546140263984934, "MAE": 7.343348854505001, "PE": 0.24556400908949585, "exact_EV": 345, "disc_EV": 345.84719583135876, "Wass_scaled": 0.07706402221141777, "Wass_multi": 2.0722352640751525, "time_wass": 1.4657436999987112}