{
	"nodecount" : 1828,
	"peaknodes" : 1892,
	"total_load_time" : 0.070915,
	"build_time" : 0.066035,
	"wmc_time" : 0.00198317
}
