{
	"nodecount" : 23968,
	"peaknodes" : 24893,
	"total_load_time" : 2.09523,
	"build_time" : 2.01097,
	"wmc_time" : 0.00819016,
	"wmc_value" : 1,
	"bn_to_cnf_time" : 0.0753357
}
