{
	"nodecount" : 75619,
	"peaknodes" : 77257,
	"total_load_time" : 5.3418,
	"build_time" : 4.99787,
	"wmc_time" : 0.0168631,
	"wmc_value" : 1,
	"bn_to_cnf_time" : 0.188741
}
