{
	"nodecount" : 33988,
	"peaknodes" : 34045,
	"total_load_time" : 2.36602,
	"build_time" : 2.28304,
	"wmc_time" : 0.00965691,
	"wmc_value" : 1,
	"bn_to_cnf_time" : 0.0582831
}
