{
	"nodecount" : 75619,
	"peaknodes" : 77257,
	"total_load_time" : 2.9693,
	"build_time" : 2.72408,
	"wmc_time" : 0.015054
}
