{"distribution": "lg", "edges": [["A", "D"], ["B", "D"], ["D", "E"], ["C", "E"]], "root_params": "A ~ N(20,20) B ~ N(20,20) C ~ N(15,15)", "experiment": 111, "not_root_params": "D   ~   N ( 2 A + 3 B , 1 . 5 6 2 5 )   E   ~   N ( 3 C + 3 D , 1 . 5 6 2 5 )", "sample_size": 1881, "means": {"A": 20, "B": 20, "C": 15, "D": 100, "E": 345}, "disc_method": "EV", "bins": 25, "target_column": null, "CPT_method": "Bayes", "time_disc": 0.10760329999902751, "time_cnf": 0.43313569999008905, "time_VE": 0.0016179999947780743, "time_BP": 0.013988000006065704, "RMSE": 5.95641649268363, "WRMSE": 5.964109135796373, "MAE": 4.744281678381692, "PE": 0.00775234153985511, "exact_EV": 345, "disc_EV": 345.0267455783125, "Wass_scaled": 0.18633165754157027, "Wass_multi": 0.7882680677720639, "time_wass": 1.550312599996687}