{
	"nodecount" : 17354,
	"peaknodes" : 17924,
	"total_load_time" : 2.54771,
	"build_time" : 0.767165,
	"wmc_time" : 0.005687
}
