{
	"nodecount" : 70965,
	"peaknodes" : 74221,
	"total_load_time" : 7.81269,
	"build_time" : 6.89139,
	"wmc_time" : 0.0188479,
	"wmc_value" : 1,
	"bn_to_cnf_time" : 0.326545
}
