{
	"nodecount" : 70965,
	"peaknodes" : 74221,
	"total_load_time" : 3.97713,
	"build_time" : 3.49421,
	"wmc_time" : 0.0161211
}
