{"distribution": "lg", "edges": [["A", "D"], ["B", "D"], ["D", "E"], ["C", "E"]], "root_params": "A ~ N(20,20) B ~ N(20,20) C ~ N(15,15)", "experiment": 111, "not_root_params": "D   ~   N ( 2 A + 3 B , 1 . 5 6 2 5 )   E   ~   N ( 3 C + 3 D , 1 . 5 6 2 5 )", "sample_size": 1881, "means": {"A": 20, "B": 20, "C": 15, "D": 100, "E": 345}, "disc_method": "EV", "bins": 30, "target_column": null, "CPT_method": "Bayes", "time_disc": 0.1129845999967074, "time_cnf": 0.8270745999907376, "time_VE": 0.0018357000080868602, "time_BP": 0.02973859998746775, "RMSE": 6.006652467417147, "WRMSE": 6.012178647113833, "MAE": 4.782988976825387, "PE": 0.00793231989072463, "exact_EV": 345, "disc_EV": 345.027366503623, "Wass_scaled": 0.17121725454216918, "Wass_multi": 0.6712209771341886, "time_wass": 1.5701058999984525}