{"distribution": "lg", "edges": [["A", "D"], ["B", "D"], ["D", "E"], ["C", "E"]], "root_params": "A ~ N(20,20) B ~ N(20,20) C ~ N(15,15)", "experiment": 111, "not_root_params": "D   ~   N ( 2 A + 3 B , 1 . 5 6 2 5 )   E   ~   N ( 3 C + 3 D , 1 . 5 6 2 5 )", "sample_size": 1881, "means": {"A": 20, "B": 20, "C": 15, "D": 100, "E": 345}, "disc_method": "EB", "bins": 8, "target_column": null, "CPT_method": "Bayes", "time_disc": 0.06967106321826577, "time_cnf": 0.3029441898688674, "time_VE": 0.0012808027677237988, "time_BP": 0.004856323357671499, "RMSE": 7.975727709531392, "WRMSE": 3.1157496438075007, "MAE": 6.148489949691452, "PE": 0.16596217454406728, "exact_EV": 345, "disc_EV": 345.57256950217703, "Wass_scaled": 0.0983368418086436, "Wass_multi": 2.5582939105664555, "time_wass": 1.1048531141132116}