{"distribution": "lg", "edges": [["A", "D"], ["B", "D"], ["D", "E"], ["C", "E"]], "root_params": "A ~ N(20,20) B ~ N(20,20) C ~ N(15,15)", "experiment": 111, "not_root_params": "D   ~   N ( 2 A + 3 B , 1 . 5 6 2 5 )   E   ~   N ( 3 C + 3 D , 1 . 5 6 2 5 )", "sample_size": 1881, "means": {"A": 20, "B": 20, "C": 15, "D": 100, "E": 345}, "disc_method": "EV", "bins": 8, "target_column": null, "CPT_method": "Bayes", "time_disc": 0.09699510000064038, "time_cnf": 0.0180980000004638, "time_VE": 0.0017931000038515776, "time_BP": 0.005432399993878789, "RMSE": 2.519461692667442, "WRMSE": 2.520680418437165, "MAE": 2.0221620737385138, "PE": 0.00945714976126879, "exact_EV": 345, "disc_EV": 345.0326271666764, "Wass_scaled": 0.32665619880026914, "Wass_multi": 2.010049488986274, "time_wass": 1.5857134999969276}