{
	"nodecount" : 7171,
	"peaknodes" : 7171,
	"total_load_time" : 0.222254,
	"build_time" : 0.209367,
	"wmc_time" : 0.00349617
}
