{
	"nodecount" : 23989,
	"peaknodes" : 24094,
	"total_load_time" : 0.930003,
	"build_time" : 0.885345,
	"wmc_time" : 0.00676394
}
