{"distribution": "lg", "edges": [["A", "D"], ["B", "D"], ["D", "E"], ["C", "E"]], "root_params": "A ~ N(20,20) B ~ N(20,20) C ~ N(15,15)", "experiment": 111, "not_root_params": "D   ~   N ( 2 A + 3 B , 1 . 5 6 2 5 )   E   ~   N ( 3 C + 3 D , 1 . 5 6 2 5 )", "sample_size": 1881, "means": {"A": 20, "B": 20, "C": 15, "D": 100, "E": 345}, "disc_method": "EB", "bins": 20, "target_column": null, "CPT_method": "Bayes", "time_disc": 0.11615929999970831, "time_cnf": 0.29311800000141375, "time_VE": 0.002926200002548285, "time_BP": 0.018334299995331094, "RMSE": 11.451321090836085, "WRMSE": 6.1677849587060924, "MAE": 9.705420400146611, "PE": 0.7001666376024919, "exact_EV": 345, "disc_EV": 347.4155748997286, "Wass_scaled": 0.03558863506040288, "Wass_multi": 1.0329779141269098, "time_wass": 1.4652777000010246}