{
	"nodecount" : 49871,
	"peaknodes" : 53016,
	"total_load_time" : 2.75668,
	"build_time" : 2.50573,
	"wmc_time" : 0.0118499
}
