{
	"nodecount" : 23968,
	"peaknodes" : 24893,
	"total_load_time" : 1.16775,
	"build_time" : 1.09155,
	"wmc_time" : 0.00708199
}
