{"distribution": "lg", "edges": [["A", "D"], ["B", "D"], ["D", "E"], ["C", "E"]], "root_params": "A ~ N(20,20) B ~ N(20,20) C ~ N(15,15)", "experiment": 111, "not_root_params": "D   ~   N ( 2 A + 3 B , 1 . 5 6 2 5 )   E   ~   N ( 3 C + 3 D , 1 . 5 6 2 5 )", "sample_size": 1881, "means": {"A": 20, "B": 20, "C": 15, "D": 100, "E": 345}, "disc_method": "EV", "bins": 10, "target_column": null, "CPT_method": "Bayes", "time_disc": 0.09634589999041054, "time_cnf": 0.033129199990071356, "time_VE": 0.0014344000082928687, "time_BP": 0.005434699996840209, "RMSE": 3.584089183059373, "WRMSE": 3.586208058369185, "MAE": 2.877304441595277, "PE": 0.011300877193856439, "exact_EV": 345, "disc_EV": 345.0389880263188, "Wass_scaled": 0.28907686950928557, "Wass_multi": 1.674995874792933, "time_wass": 1.7570935000112513}