{
	"nodecount" : 92858,
	"peaknodes" : 97583,
	"total_load_time" : 5.77571,
	"build_time" : 4.9519,
	"wmc_time" : 0.0197392
}
