{
	"nodecount" : 25287,
	"peaknodes" : 29775,
	"total_load_time" : 9.19023,
	"build_time" : 8.1493,
	"wmc_time" : 0.00674796,
	"wmc_value" : 1,
	"bn_to_cnf_time" : 0.626255
}
