{"distribution": "lg", "edges": [["A", "D"], ["B", "D"], ["D", "E"], ["C", "E"]], "root_params": "A ~ N(20,20) B ~ N(20,20) C ~ N(15,15)", "experiment": 16, "not_root_params": "D   ~   N ( 2 A + 3 B , 2 )   E   ~   N ( 3 C + 3 D , 2 )", "sample_size": 400, "means": {"A": 20, "B": 20, "C": 15, "D": 100, "E": 345}, "disc_method": "EB", "bins": 12, "target_column": null, "CPT_method": "Bayes", "time_disc": 0.09279860000242479, "time_cnf": 0.05121109999890905, "time_VE": 0.0024359999952139333, "time_BP": 0.013238300001830794, "RMSE": 19.900247098000833, "WRMSE": 11.553689712593387, "MAE": 16.645730452730074, "PE": 1.0856526764175307, "exact_EV": 345, "disc_EV": 341.2544982663595, "Wass_scaled": 0.06560999995807357, "Wass_multi": 2.6751811853778142, "time_wass": 0.11426830000709742}