{"distribution": "lg", "edges": [["A", "D"], ["B", "D"], ["D", "E"], ["C", "E"]], "root_params": "A ~ N(20,20) B ~ N(20,20) C ~ N(15,15)", "experiment": 16, "not_root_params": "D   ~   N ( 2 A + 3 B , 2 )   E   ~   N ( 3 C + 3 D , 2 )", "sample_size": 400, "means": {"A": 20, "B": 20, "C": 15, "D": 100, "E": 345}, "disc_method": "EV", "bins": 20, "target_column": null, "CPT_method": "Bayes", "time_disc": 0.09862140000041109, "time_cnf": 0.2234932999999728, "time_VE": 0.001480300008552149, "time_BP": 0.018217699995147996, "RMSE": 11.269564323658601, "WRMSE": 11.269564323658601, "MAE": 9.035475115349158, "PE": 0.2171461596949188, "exact_EV": 345, "disc_EV": 344.25084574905253, "Wass_scaled": 0.13526750229811488, "Wass_multi": 1.6325882533520004, "time_wass": 0.12347439999575727}