{
	"nodecount" : 19521,
	"peaknodes" : 23177,
	"total_load_time" : 7.09486,
	"build_time" : 6.45901,
	"wmc_time" : 0.00525093,
	"wmc_value" : 1,
	"bn_to_cnf_time" : 0.344756
}
