{"distribution": "lg", "edges": [["A", "D"], ["B", "D"], ["D", "E"], ["C", "E"]], "root_params": "A ~ N(20,20) B ~ N(20,20) C ~ N(15,15)", "experiment": 16, "not_root_params": "D   ~   N ( 2 A + 3 B , 2 )   E   ~   N ( 3 C + 3 D , 2 )", "sample_size": 400, "means": {"A": 20, "B": 20, "C": 15, "D": 100, "E": 345}, "disc_method": "EB", "bins": 5, "target_column": null, "CPT_method": "Bayes", "time_disc": 0.10993609999422915, "time_cnf": 0.010119300000951625, "time_VE": 0.00175350000790786, "time_BP": 0.006110100002842955, "RMSE": 13.173722355195073, "WRMSE": 6.718495909712193, "MAE": 10.200282322714736, "PE": 0.4372282029032868, "exact_EV": 345, "disc_EV": 343.49156269998366, "Wass_scaled": 0.176792262294719, "Wass_multi": 6.330921780750724, "time_wass": 0.10984269999607932}