{
	"nodecount" : 19791,
	"peaknodes" : 24696,
	"total_load_time" : 10.7426,
	"build_time" : 8.81628,
	"wmc_time" : 0.0124421
}
