{"distribution": "lg", "edges": [["A", "D"], ["B", "D"], ["D", "E"], ["C", "E"]], "root_params": "A ~ N(20,20) B ~ N(20,20) C ~ N(15,15)", "experiment": 16, "not_root_params": "D   ~   N ( 2 A + 3 B , 2 )   E   ~   N ( 3 C + 3 D , 2 )", "sample_size": 400, "means": {"A": 20, "B": 20, "C": 15, "D": 100, "E": 345}, "disc_method": "EB", "bins": 30, "target_column": null, "CPT_method": "Bayes", "time_disc": 0.10770439999760129, "time_cnf": 0.7692870000028051, "time_VE": 0.0025268000026699156, "time_BP": 0.013923899998189881, "RMSE": 19.572179976280022, "WRMSE": 12.645990700391375, "MAE": 16.683321766735347, "PE": 1.3174729375487004, "exact_EV": 345, "disc_EV": 340.454718365457, "Wass_scaled": 0.023329717035377888, "Wass_multi": 1.0478137319291905, "time_wass": 0.08217199999489821}