{"distribution": "lg", "edges": [["A", "D"], ["B", "D"], ["D", "E"], ["C", "E"]], "root_params": "A ~ N(20,20) B ~ N(20,20) C ~ N(15,15)", "experiment": 16, "not_root_params": "D   ~   N ( 2 A + 3 B , 2 )   E   ~   N ( 3 C + 3 D , 2 )", "sample_size": 400, "means": {"A": 20, "B": 20, "C": 15, "D": 100, "E": 345}, "disc_method": "EV", "bins": 25, "target_column": null, "CPT_method": "Bayes", "time_disc": 0.14131096098572016, "time_cnf": 2.0058720847591758, "time_VE": 0.00270003080368042, "time_BP": 0.012245893012732267, "RMSE": 11.309740194689107, "WRMSE": 11.309740194689107, "MAE": 9.05871742698548, "PE": 0.21683070051750106, "exact_EV": 345, "disc_EV": 344.2519340832146, "Wass_scaled": 0.11574495531606595, "Wass_multi": 1.305627387415479, "time_wass": 0.0616928618401289}