{"distribution": "lg", "edges": [["A", "D"], ["B", "D"], ["D", "E"], ["C", "E"]], "root_params": "A ~ N(20,20) B ~ N(20,20) C ~ N(15,15)", "experiment": 16, "not_root_params": "D   ~   N ( 2 A + 3 B , 2 )   E   ~   N ( 3 C + 3 D , 2 )", "sample_size": 400, "means": {"A": 20, "B": 20, "C": 15, "D": 100, "E": 345}, "disc_method": "EB", "bins": 25, "target_column": null, "CPT_method": "Bayes", "time_disc": 0.10651599999982864, "time_cnf": 0.41972530000202823, "time_VE": 0.0028996999899391085, "time_BP": 0.011551699994015507, "RMSE": 19.45602015861202, "WRMSE": 12.444275613846825, "MAE": 16.576770080563744, "PE": 1.2405834020649678, "exact_EV": 345, "disc_EV": 340.71998726287586, "Wass_scaled": 0.026549302232096693, "Wass_multi": 1.2002356539319823, "time_wass": 0.09202199999708682}