{
	"nodecount" : 4176,
	"peaknodes" : 4261,
	"total_load_time" : 0.518093,
	"build_time" : 0.240734,
	"wmc_time" : 0.00422001
}
