{
	"nodecount" : 9967,
	"peaknodes" : 10667,
	"total_load_time" : 1.37703,
	"build_time" : 0.919161,
	"wmc_time" : 0.00626683
}
