{
	"nodecount" : 17581,
	"peaknodes" : 18983,
	"total_load_time" : 2.77165,
	"build_time" : 2.46431,
	"wmc_time" : 0.0106242
}
