{
	"nodecount" : 7546,
	"peaknodes" : 8067,
	"total_load_time" : 1.2745,
	"build_time" : 0.794285,
	"wmc_time" : 0.00454307
}
