{
	"nodecount" : 1415,
	"peaknodes" : 1415,
	"total_load_time" : 0.591927,
	"build_time" : 0.445087,
	"wmc_time" : 0.00273705
}
