{
	"nodecount" : 19521,
	"peaknodes" : 23177,
	"total_load_time" : 8.74976,
	"build_time" : 7.69907,
	"wmc_time" : 0.00801706
}
