{
	"nodecount" : 11790,
	"peaknodes" : 12609,
	"total_load_time" : 1.26423,
	"build_time" : 1.06176,
	"wmc_time" : 0.00547791
}
