{"distribution": "lg", "edges": [["A", "D"], ["B", "D"], ["D", "E"], ["C", "E"]], "root_params": "A ~ N(20,20) B ~ N(20,20) C ~ N(15,15)", "experiment": 16, "not_root_params": "D   ~   N ( 2 A + 3 B , 2 )   E   ~   N ( 3 C + 3 D , 2 )", "sample_size": 400, "means": {"A": 20, "B": 20, "C": 15, "D": 100, "E": 345}, "disc_method": "EB", "bins": 17, "target_column": null, "CPT_method": "Bayes", "time_disc": 0.12651168275624514, "time_cnf": 0.5583880920894444, "time_VE": 0.0036019091494381428, "time_BP": 0.009450096171349287, "RMSE": 20.15552421918022, "WRMSE": 12.22255869264219, "MAE": 17.14503141574736, "PE": 1.2307765125057608, "exact_EV": 345, "disc_EV": 340.7538210318551, "Wass_scaled": 0.0430405775902546, "Wass_multi": 1.8001106924133383, "time_wass": 0.06649812310934067}