{
	"nodecount" : 15971,
	"peaknodes" : 18894,
	"total_load_time" : 3.32555,
	"build_time" : 2.55592,
	"wmc_time" : 0.00579
}
