{
	"nodecount" : 17349,
	"peaknodes" : 20635,
	"total_load_time" : 5.04848,
	"build_time" : 4.73242,
	"wmc_time" : 0.004776,
	"wmc_value" : 1,
	"bn_to_cnf_time" : 0.172752
}
