{"distribution": "lg", "edges": [["A", "D"], ["B", "D"], ["D", "E"], ["C", "E"]], "root_params": "A ~ N(20,20) B ~ N(20,20) C ~ N(15,15)", "experiment": 16, "not_root_params": "D   ~   N ( 2 A + 3 B , 2 )   E   ~   N ( 3 C + 3 D , 2 )", "sample_size": 400, "means": {"A": 20, "B": 20, "C": 15, "D": 100, "E": 345}, "disc_method": "EV", "bins": 30, "target_column": null, "CPT_method": "Bayes", "time_disc": 0.11472199999843724, "time_cnf": 0.8688694999873405, "time_VE": 0.002608899987535551, "time_BP": 0.015072999987751245, "RMSE": 11.26264973568124, "WRMSE": 11.323684040801755, "MAE": 9.008898867677779, "PE": 0.21467505995973546, "exact_EV": 345, "disc_EV": 344.2593710431389, "Wass_scaled": 0.10490431547662735, "Wass_multi": 1.1461999535436158, "time_wass": 0.09842029999708757}