{"distribution": "lg", "edges": [["A", "D"], ["B", "D"], ["D", "E"], ["C", "E"]], "root_params": "A ~ N(20,20) B ~ N(20,20) C ~ N(15,15)", "experiment": 16, "not_root_params": "D   ~   N ( 2 A + 3 B , 2 )   E   ~   N ( 3 C + 3 D , 2 )", "sample_size": 400, "means": {"A": 20, "B": 20, "C": 15, "D": 100, "E": 345}, "disc_method": "EB", "bins": 10, "target_column": null, "CPT_method": "Bayes", "time_disc": 0.098363099998096, "time_cnf": 0.033436199999414384, "time_VE": 0.0016848000086611137, "time_BP": 0.012023799994494766, "RMSE": 19.398707736262182, "WRMSE": 10.9112731387429, "MAE": 16.113472981936127, "PE": 0.9605845636120695, "exact_EV": 345, "disc_EV": 341.68598325553836, "Wass_scaled": 0.08052327752911459, "Wass_multi": 3.1911477692629964, "time_wass": 0.11305450000509154}