{"distribution": "lg", "edges": [["A", "D"], ["B", "D"], ["D", "E"], ["C", "E"]], "root_params": "A ~ N(20,20) B ~ N(20,20) C ~ N(15,15)", "experiment": 16, "not_root_params": "D   ~   N ( 2 A + 3 B , 2 )   E   ~   N ( 3 C + 3 D , 2 )", "sample_size": 400, "means": {"A": 20, "B": 20, "C": 15, "D": 100, "E": 345}, "disc_method": "EV", "bins": 17, "target_column": null, "CPT_method": "Bayes", "time_disc": 0.09336280000570696, "time_cnf": 0.14182779999100603, "time_VE": 0.0014666999923065305, "time_BP": 0.014409299998078495, "RMSE": 11.179807627569812, "WRMSE": 11.21118009212013, "MAE": 8.991326915586148, "PE": 0.21477844259961323, "exact_EV": 345, "disc_EV": 344.25901437303133, "Wass_scaled": 0.15403865390961394, "Wass_multi": 1.8936397444826114, "time_wass": 0.10155669999949168}