{"distribution": "lg", "edges": [["A", "D"], ["B", "D"], ["D", "E"], ["C", "E"]], "root_params": "A ~ N(20,20) B ~ N(20,20) C ~ N(15,15)", "experiment": 16, "not_root_params": "D   ~   N ( 2 A + 3 B , 2 )   E   ~   N ( 3 C + 3 D , 2 )", "sample_size": 400, "means": {"A": 20, "B": 20, "C": 15, "D": 100, "E": 345}, "disc_method": "EV", "bins": 14, "target_column": null, "CPT_method": "Bayes", "time_disc": 0.08822299999883398, "time_cnf": 0.07882549999339972, "time_VE": 0.003072000006795861, "time_BP": 0.009313700007623993, "RMSE": 11.044090603062575, "WRMSE": 11.08083308645889, "MAE": 8.90594905231809, "PE": 0.2056704412171033, "exact_EV": 345, "disc_EV": 344.290436977801, "Wass_scaled": 0.17652044828883381, "Wass_multi": 2.30973228541142, "time_wass": 0.10519810000550933}