{
	"nodecount" : 22681,
	"peaknodes" : 26203,
	"total_load_time" : 7.82404,
	"build_time" : 6.91767,
	"wmc_time" : 0.00739789
}
