{"distribution": "lg", "edges": [["A", "D"], ["B", "D"], ["D", "E"], ["C", "E"]], "root_params": "A ~ N(20,20) B ~ N(20,20) C ~ N(15,15)", "experiment": 16, "not_root_params": "D   ~   N ( 2 A + 3 B , 2 )   E   ~   N ( 3 C + 3 D , 2 )", "sample_size": 400, "means": {"A": 20, "B": 20, "C": 15, "D": 100, "E": 345}, "disc_method": "MDLP", "bins": 2, "target_column": "E", "CPT_method": "Bayes", "time_disc": 0.5407690582796931, "time_cnf": 0.5885037290863693, "time_VE": 0.0034122010692954063, "time_BP": 0.008006203919649124, "RMSE": 12.005581661665039, "WRMSE": 9.69878149099017, "MAE": 10.180906034277186, "PE": 0.3334393120256051, "exact_EV": 345, "disc_EV": 343.84963437351166, "Wass_scaled": 0.296048696819869, "Wass_multi": 2.0890276831058725, "time_wass": 0.08573199296370149}