{
	"nodecount" : 12355,
	"peaknodes" : 13845,
	"total_load_time" : 1.91466,
	"build_time" : 1.82859,
	"wmc_time" : 0.00432515,
	"wmc_value" : 1,
	"bn_to_cnf_time" : 0.0583706
}
