{"distribution": "lg", "edges": [["A", "D"], ["B", "D"], ["D", "E"], ["C", "E"]], "root_params": "A ~ N(20,20) B ~ N(20,20) C ~ N(15,15)", "experiment": 17, "not_root_params": "D   ~   N ( 2 A + 3 B , 2 )   E   ~   N ( 3 C + 3 D , 2 )", "sample_size": 300, "means": {"A": 20, "B": 20, "C": 15, "D": 100, "E": 345}, "disc_method": "EB", "bins": 12, "target_column": null, "CPT_method": "Bayes", "time_disc": 0.1167866881005466, "time_cnf": 1.0114862038753927, "time_VE": 0.0031565790995955467, "time_BP": 0.013511121273040771, "RMSE": 19.42074323099248, "WRMSE": 11.654480220787828, "MAE": 16.441027152505228, "PE": 0.27857563045243466, "exact_EV": 345, "disc_EV": 344.0389140749391, "Wass_scaled": 0.05993833417886903, "Wass_multi": 2.9628691945792314, "time_wass": 0.06991951586678624}