{
	"nodecount" : 8911,
	"peaknodes" : 9707,
	"total_load_time" : 1.29184,
	"build_time" : 1.11549,
	"wmc_time" : 0.00638509
}
