{"distribution": "lg", "edges": [["A", "D"], ["B", "D"], ["D", "E"], ["C", "E"]], "root_params": "A ~ N(20,20) B ~ N(20,20) C ~ N(15,15)", "experiment": 17, "not_root_params": "D   ~   N ( 2 A + 3 B , 2 )   E   ~   N ( 3 C + 3 D , 2 )", "sample_size": 300, "means": {"A": 20, "B": 20, "C": 15, "D": 100, "E": 345}, "disc_method": "EV", "bins": 14, "target_column": null, "CPT_method": "Bayes", "time_disc": 0.11710667563602328, "time_cnf": 0.4626569077372551, "time_VE": 0.006134216208010912, "time_BP": 0.02303387178108096, "RMSE": 11.438237278318475, "WRMSE": 11.498842571156233, "MAE": 9.216641724497249, "PE": 0.34232556717564666, "exact_EV": 345, "disc_EV": 343.818976793244, "Wass_scaled": 0.19790413120310016, "Wass_multi": 2.416302780936933, "time_wass": 0.10059374198317528}