{"distribution": "lg", "edges": [["A", "D"], ["B", "D"], ["D", "E"], ["C", "E"]], "root_params": "A ~ N(20,20) B ~ N(20,20) C ~ N(15,15)", "experiment": 17, "not_root_params": "D   ~   N ( 2 A + 3 B , 2 )   E   ~   N ( 3 C + 3 D , 2 )", "sample_size": 300, "means": {"A": 20, "B": 20, "C": 15, "D": 100, "E": 345}, "disc_method": "EV", "bins": 17, "target_column": null, "CPT_method": "Bayes", "time_disc": 0.0986823999992339, "time_cnf": 0.14929960000154097, "time_VE": 0.0017465999990236014, "time_BP": 0.011207200004719198, "RMSE": 11.554651732682752, "WRMSE": 11.605811706025408, "MAE": 9.273780132870783, "PE": 0.34266217890760436, "exact_EV": 345, "disc_EV": 343.81781548276876, "Wass_scaled": 0.1718999738338822, "Wass_multi": 2.1113035781157135, "time_wass": 0.06948499999998603}