{
	"nodecount" : 9953,
	"peaknodes" : 11310,
	"total_load_time" : 2.23884,
	"build_time" : 1.93799,
	"wmc_time" : 0.0114009
}
