{
	"nodecount" : 1681,
	"peaknodes" : 1728,
	"total_load_time" : 0.160065,
	"build_time" : 0.086473,
	"wmc_time" : 0.00265408
}
