{"distribution": "lg", "edges": [["A", "D"], ["B", "D"], ["D", "E"], ["C", "E"]], "root_params": "A ~ N(20,20) B ~ N(20,20) C ~ N(15,15)", "experiment": 17, "not_root_params": "D   ~   N ( 2 A + 3 B , 2 )   E   ~   N ( 3 C + 3 D , 2 )", "sample_size": 300, "means": {"A": 20, "B": 20, "C": 15, "D": 100, "E": 345}, "disc_method": "EB", "bins": 10, "target_column": null, "CPT_method": "Bayes", "time_disc": 0.09081141604110599, "time_cnf": 0.27033328590914607, "time_VE": 0.0027732569724321365, "time_BP": 0.011432974133640528, "RMSE": 19.622412742443796, "WRMSE": 11.172003576795943, "MAE": 16.377436284413676, "PE": 0.33629717561635136, "exact_EV": 345, "disc_EV": 343.8397747441236, "Wass_scaled": 0.07677556394707336, "Wass_multi": 3.4516622622222486, "time_wass": 0.07564469333738089}