{
	"nodecount" : 17265,
	"peaknodes" : 19814,
	"total_load_time" : 7.38706,
	"build_time" : 6.39518,
	"wmc_time" : 0.00746202
}
