{"distribution": "lg", "edges": [["A", "D"], ["B", "D"], ["D", "E"], ["C", "E"]], "root_params": "A ~ N(20,20) B ~ N(20,20) C ~ N(15,15)", "experiment": 17, "not_root_params": "D   ~   N ( 2 A + 3 B , 2 )   E   ~   N ( 3 C + 3 D , 2 )", "sample_size": 300, "means": {"A": 20, "B": 20, "C": 15, "D": 100, "E": 345}, "disc_method": "MDLP", "bins": 2, "target_column": "E", "CPT_method": "Bayes", "time_disc": 0.2853644999995595, "time_cnf": 0.3074385999934748, "time_VE": 0.004444200007128529, "time_BP": 0.016131399999721907, "RMSE": 11.050750450847984, "WRMSE": 10.21447083019808, "MAE": 9.358692524445374, "PE": 0.0067231692808827175, "exact_EV": 345, "disc_EV": 345.02319493401905, "Wass_scaled": 0.3355347012817978, "Wass_multi": 2.0364973467971708, "time_wass": 0.0616405000037048}