{"distribution": "lg", "edges": [["A", "D"], ["B", "D"], ["D", "E"], ["C", "E"]], "root_params": "A ~ N(20,20) B ~ N(20,20) C ~ N(15,15)", "experiment": 17, "not_root_params": "D   ~   N ( 2 A + 3 B , 2 )   E   ~   N ( 3 C + 3 D , 2 )", "sample_size": 300, "means": {"A": 20, "B": 20, "C": 15, "D": 100, "E": 345}, "disc_method": "EB", "bins": 14, "target_column": null, "CPT_method": "Bayes", "time_disc": 0.10136299999430776, "time_cnf": 0.07984579999174457, "time_VE": 0.0033045000018319115, "time_BP": 0.007949200007715262, "RMSE": 19.63450427936841, "WRMSE": 11.953138671096996, "MAE": 16.72239436779852, "PE": 0.33111699850090426, "exact_EV": 345, "disc_EV": 343.8576463551719, "Wass_scaled": 0.052267962102042716, "Wass_multi": 2.6385047280777902, "time_wass": 0.0626613000058569}