{
	"nodecount" : 14956,
	"peaknodes" : 18395,
	"total_load_time" : 6.55795,
	"build_time" : 5.77554,
	"wmc_time" : 0.00846291
}
