{"distribution": "lg", "edges": [["A", "D"], ["B", "D"], ["D", "E"], ["C", "E"]], "root_params": "A ~ N(20,20) B ~ N(20,20) C ~ N(15,15)", "experiment": 17, "not_root_params": "D   ~   N ( 2 A + 3 B , 2 )   E   ~   N ( 3 C + 3 D , 2 )", "sample_size": 300, "means": {"A": 20, "B": 20, "C": 15, "D": 100, "E": 345}, "disc_method": "EB", "bins": 5, "target_column": null, "CPT_method": "Bayes", "time_disc": 0.12760734604671597, "time_cnf": 0.19486162811517715, "time_VE": 0.003149476833641529, "time_BP": 0.011792223900556564, "RMSE": 13.682639530007616, "WRMSE": 7.423212081194531, "MAE": 10.938675832935564, "PE": 0.3122721327277278, "exact_EV": 345, "disc_EV": 343.92266114208934, "Wass_scaled": 0.17382646586308373, "Wass_multi": 6.654936035779278, "time_wass": 0.0794052411802113}