{"distribution": "lg", "edges": [["A", "D"], ["B", "D"], ["D", "E"], ["C", "E"]], "root_params": "A ~ N(20,20) B ~ N(20,20) C ~ N(15,15)", "experiment": 17, "not_root_params": "D   ~   N ( 2 A + 3 B , 2 )   E   ~   N ( 3 C + 3 D , 2 )", "sample_size": 300, "means": {"A": 20, "B": 20, "C": 15, "D": 100, "E": 345}, "disc_method": "EB", "bins": 25, "target_column": null, "CPT_method": "Bayes", "time_disc": 0.14779838593676686, "time_cnf": 2.0150627242401242, "time_VE": 0.0027785799466073513, "time_BP": 0.014155743177980185, "RMSE": 18.798577084053786, "WRMSE": 12.384323515092586, "MAE": 16.073031463747615, "PE": 0.24247125860599053, "exact_EV": 345, "disc_EV": 344.16347415780933, "Wass_scaled": 0.026397418658613295, "Wass_multi": 1.3445664358999614, "time_wass": 0.0510880621150136}