{"distribution": "lg", "edges": [["A", "D"], ["B", "D"], ["D", "E"], ["C", "E"]], "root_params": "A ~ N(20,20) B ~ N(20,20) C ~ N(15,15)", "experiment": 17, "not_root_params": "D   ~   N ( 2 A + 3 B , 2 )   E   ~   N ( 3 C + 3 D , 2 )", "sample_size": 300, "means": {"A": 20, "B": 20, "C": 15, "D": 100, "E": 345}, "disc_method": "EV", "bins": 10, "target_column": null, "CPT_method": "Bayes", "time_disc": 0.13436622824519873, "time_cnf": 0.3985252710990608, "time_VE": 0.003104505129158497, "time_BP": 0.012003415264189243, "RMSE": 10.979071084240069, "WRMSE": 10.979071084240069, "MAE": 8.90384239940999, "PE": 0.34837740988513216, "exact_EV": 345, "disc_EV": 343.7980979358963, "Wass_scaled": 0.2444294167369263, "Wass_multi": 3.4084139686095996, "time_wass": 0.07902963133528829}