{"distribution": "lg", "edges": [["A", "D"], ["B", "D"], ["D", "E"], ["C", "E"]], "root_params": "A ~ N(20,20) B ~ N(20,20) C ~ N(15,15)", "experiment": 17, "not_root_params": "D   ~   N ( 2 A + 3 B , 2 )   E   ~   N ( 3 C + 3 D , 2 )", "sample_size": 300, "means": {"A": 20, "B": 20, "C": 15, "D": 100, "E": 345}, "disc_method": "EB", "bins": 30, "target_column": null, "CPT_method": "Bayes", "time_disc": 0.10247600000002421, "time_cnf": 0.6518837000039639, "time_VE": 0.0021707999985665083, "time_BP": 0.013082999998005107, "RMSE": 18.44877273533785, "WRMSE": 12.537878779978113, "MAE": 15.760144237772854, "PE": 0.7923542763588405, "exact_EV": 345, "disc_EV": 342.266377746562, "Wass_scaled": 0.022992159258871613, "Wass_multi": 1.1416467383256532, "time_wass": 0.047986000005039386}