{"distribution": "lg", "edges": [["A", "D"], ["B", "D"], ["D", "E"], ["C", "E"]], "root_params": "A ~ N(20,20) B ~ N(20,20) C ~ N(15,15)", "experiment": 17, "not_root_params": "D   ~   N ( 2 A + 3 B , 2 )   E   ~   N ( 3 C + 3 D , 2 )", "sample_size": 300, "means": {"A": 20, "B": 20, "C": 15, "D": 100, "E": 345}, "disc_method": "EV", "bins": 30, "target_column": null, "CPT_method": "Bayes", "time_disc": 0.09765759999572765, "time_cnf": 0.8364061999891419, "time_VE": 0.0018666000105440617, "time_BP": 0.01543909999600146, "RMSE": 11.71189030680177, "WRMSE": 11.711890306801768, "MAE": 9.357218184547374, "PE": 0.3416243189519719, "exact_EV": 345, "disc_EV": 343.8213960996157, "Wass_scaled": 0.11304409764034097, "Wass_multi": 1.3011264266103941, "time_wass": 0.057688500004587695}