{"distribution": "lg", "edges": [["A", "D"], ["B", "D"], ["D", "E"], ["C", "E"]], "root_params": "A ~ N(20,20) B ~ N(20,20) C ~ N(15,15)", "experiment": 17, "not_root_params": "D   ~   N ( 2 A + 3 B , 2 )   E   ~   N ( 3 C + 3 D , 2 )", "sample_size": 300, "means": {"A": 20, "B": 20, "C": 15, "D": 100, "E": 345}, "disc_method": "EV", "bins": 25, "target_column": null, "CPT_method": "Bayes", "time_disc": 0.15082688722759485, "time_cnf": 2.0796385663561523, "time_VE": 0.004123450256884098, "time_BP": 0.020428646355867386, "RMSE": 11.692574982946525, "WRMSE": 11.692574982946525, "MAE": 9.352519225029848, "PE": 0.34137199220006786, "exact_EV": 345, "disc_EV": 343.82226662690977, "Wass_scaled": 0.12918898252374691, "Wass_multi": 1.4489845533253911, "time_wass": 0.07263856614008546}