{"distribution": "lg", "edges": [["A", "D"], ["B", "D"], ["D", "E"], ["C", "E"]], "root_params": "A ~ N(20,20) B ~ N(20,20) C ~ N(15,15)", "experiment": 17, "not_root_params": "D   ~   N ( 2 A + 3 B , 2 )   E   ~   N ( 3 C + 3 D , 2 )", "sample_size": 300, "means": {"A": 20, "B": 20, "C": 15, "D": 100, "E": 345}, "disc_method": "EB", "bins": 20, "target_column": null, "CPT_method": "Bayes", "time_disc": 0.15680204890668392, "time_cnf": 0.9379867957904935, "time_VE": 0.0022970610298216343, "time_BP": 0.015297094825655222, "RMSE": 18.420549985133658, "WRMSE": 12.18674571196619, "MAE": 15.669644955172341, "PE": 0.4178212572893192, "exact_EV": 345, "disc_EV": 343.55851666235185, "Wass_scaled": 0.03410657211726765, "Wass_multi": 1.7133991211885446, "time_wass": 0.039049391169101}