{
	"nodecount" : 7684,
	"peaknodes" : 8095,
	"total_load_time" : 0.957543,
	"build_time" : 0.9094,
	"wmc_time" : 0.00385785,
	"wmc_value" : 1,
	"bn_to_cnf_time" : 0.0217614
}
