{"distribution": "lg", "edges": [["A", "D"], ["B", "D"], ["D", "E"], ["C", "E"]], "root_params": "A ~ N(20,20) B ~ N(20,20) C ~ N(15,15)", "experiment": 17, "not_root_params": "D   ~   N ( 2 A + 3 B , 2 )   E   ~   N ( 3 C + 3 D , 2 )", "sample_size": 300, "means": {"A": 20, "B": 20, "C": 15, "D": 100, "E": 345}, "disc_method": "EB", "bins": 20, "target_column": null, "CPT_method": "Bayes", "time_disc": 0.09974039999360684, "time_cnf": 0.19253369999933057, "time_VE": 0.0019613999902503565, "time_BP": 0.016745499990065582, "RMSE": 18.420549985133665, "WRMSE": 12.186745711966196, "MAE": 15.669644955172348, "PE": 0.4178212572893192, "exact_EV": 345, "disc_EV": 343.55851666235185, "Wass_scaled": 0.03410657211726765, "Wass_multi": 1.7133991211885446, "time_wass": 0.062331100009032525}