{
	"nodecount" : 4548,
	"peaknodes" : 4548,
	"total_load_time" : 0.419378,
	"build_time" : 0.392252,
	"wmc_time" : 0.00940108,
	"wmc_value" : 1,
	"bn_to_cnf_time" : 0.0117178
}
