{"distribution": "lg", "edges": [["A", "D"], ["B", "D"], ["D", "E"], ["C", "E"]], "root_params": "A ~ N(20,20) B ~ N(20,20) C ~ N(15,15)", "experiment": 17, "not_root_params": "D   ~   N ( 2 A + 3 B , 2 )   E   ~   N ( 3 C + 3 D , 2 )", "sample_size": 300, "means": {"A": 20, "B": 20, "C": 15, "D": 100, "E": 345}, "disc_method": "EV", "bins": 12, "target_column": null, "CPT_method": "Bayes", "time_disc": 0.12705934699624777, "time_cnf": 0.613383271265775, "time_VE": 0.00627333577722311, "time_BP": 0.01847941428422928, "RMSE": 11.350232322308042, "WRMSE": 11.350232322308042, "MAE": 9.173693973453576, "PE": 0.35142083742429997, "exact_EV": 345, "disc_EV": 343.78759811088617, "Wass_scaled": 0.21528140870213539, "Wass_multi": 2.8529817931176287, "time_wass": 0.11499627726152539}