{
	"nodecount" : 7761,
	"peaknodes" : 8473,
	"total_load_time" : 1.38338,
	"build_time" : 1.12003,
	"wmc_time" : 0.0064981
}
