{
	"nodecount" : 14956,
	"peaknodes" : 18395,
	"total_load_time" : 6.97453,
	"build_time" : 6.31691,
	"wmc_time" : 0.00458407,
	"wmc_value" : 1,
	"bn_to_cnf_time" : 0.328131
}
