{"distribution": "lg", "edges": [["A", "D"], ["B", "D"], ["D", "E"], ["C", "E"]], "root_params": "A ~ N(20,20) B ~ N(20,20) C ~ N(15,15)", "experiment": 17, "not_root_params": "D   ~   N ( 2 A + 3 B , 2 )   E   ~   N ( 3 C + 3 D , 2 )", "sample_size": 300, "means": {"A": 20, "B": 20, "C": 15, "D": 100, "E": 345}, "disc_method": "EB", "bins": 17, "target_column": null, "CPT_method": "Bayes", "time_disc": 0.1194887151941657, "time_cnf": 0.49891191022470593, "time_VE": 0.004140850156545639, "time_BP": 0.008725654799491167, "RMSE": 19.021839634343984, "WRMSE": 12.108767302962448, "MAE": 16.21244372131922, "PE": 0.2995886264478235, "exact_EV": 345, "disc_EV": 343.966419238755, "Wass_scaled": 0.041305289735668514, "Wass_multi": 2.0599899138900404, "time_wass": 0.03943278128281236}