{
	"nodecount" : 15113,
	"peaknodes" : 17246,
	"total_load_time" : 5.49866,
	"build_time" : 4.81012,
	"wmc_time" : 0.014554
}
