{
	"nodecount" : 12922,
	"peaknodes" : 15304,
	"total_load_time" : 3.41862,
	"build_time" : 3.24339,
	"wmc_time" : 0.00431204,
	"wmc_value" : 1,
	"bn_to_cnf_time" : 0.115191
}
