{
	"nodecount" : 13090,
	"peaknodes" : 16213,
	"total_load_time" : 4.7057,
	"build_time" : 4.39734,
	"wmc_time" : 0.00428987,
	"wmc_value" : 1,
	"bn_to_cnf_time" : 0.175955
}
