{"distribution": "lg", "edges": [["A", "D"], ["B", "D"], ["D", "E"], ["C", "E"]], "root_params": "A ~ N(20,20) B ~ N(20,20) C ~ N(15,15)", "experiment": 122, "not_root_params": "D   ~   N ( 2 A + 3 B , 6 . 3 4 3 7 5 )   E   ~   N ( 3 C + 3 D , 6 . 3 4 3 7 5 )", "sample_size": 1941, "means": {"A": 20, "B": 20, "C": 15, "D": 100, "E": 345}, "disc_method": "EB", "bins": 14, "target_column": null, "CPT_method": "Bayes", "time_disc": 0.07046160334721208, "time_cnf": 0.626871814019978, "time_VE": 0.0012189168483018875, "time_BP": 0.005086896941065788, "RMSE": 62.8124879914064, "WRMSE": 29.34509137562405, "MAE": 51.634648318025015, "PE": 2.1458364326881205, "exact_EV": 345, "disc_EV": 352.403135692774, "Wass_scaled": 0.0578266450393489, "Wass_multi": 10.148995173645018, "time_wass": 1.1437057279981673}