{"distribution": "lg", "edges": [["A", "D"], ["B", "D"], ["D", "E"], ["C", "E"]], "root_params": "A ~ N(20,20) B ~ N(20,20) C ~ N(15,15)", "experiment": 122, "not_root_params": "D   ~   N ( 2 A + 3 B , 6 . 3 4 3 7 5 )   E   ~   N ( 3 C + 3 D , 6 . 3 4 3 7 5 )", "sample_size": 1941, "means": {"A": 20, "B": 20, "C": 15, "D": 100, "E": 345}, "disc_method": "EV", "bins": 14, "target_column": null, "CPT_method": "Bayes", "time_disc": 0.10295279999263585, "time_cnf": 0.07862339999701362, "time_VE": 0.002087300003040582, "time_BP": 0.008394199991016649, "RMSE": 30.175978727335586, "WRMSE": 30.198308352065943, "MAE": 24.192359411159003, "PE": 0.11990693602014738, "exact_EV": 345, "disc_EV": 345.4136789292695, "Wass_scaled": 0.2511089389247075, "Wass_multi": 7.642134263507385, "time_wass": 1.6916494000033708}