{"distribution": "lg", "edges": [["A", "D"], ["B", "D"], ["D", "E"], ["C", "E"]], "root_params": "A ~ N(20,20) B ~ N(20,20) C ~ N(15,15)", "experiment": 122, "not_root_params": "D   ~   N ( 2 A + 3 B , 6 . 3 4 3 7 5 )   E   ~   N ( 3 C + 3 D , 6 . 3 4 3 7 5 )", "sample_size": 1941, "means": {"A": 20, "B": 20, "C": 15, "D": 100, "E": 345}, "disc_method": "EV", "bins": 30, "target_column": null, "CPT_method": "Bayes", "time_disc": 0.08324369508773088, "time_cnf": 5.940987380221486, "time_VE": 0.0016892272979021072, "time_BP": 0.01073161605745554, "RMSE": 36.02731472294456, "WRMSE": 36.05966748757007, "MAE": 28.66870823217558, "PE": 0.11513550737393982, "exact_EV": 345, "disc_EV": 345.3972175004401, "Wass_scaled": 0.17779576215721904, "Wass_multi": 3.8675884818200323, "time_wass": 1.22990013519302}