{
	"nodecount" : 1856,
	"peaknodes" : 1935,
	"total_load_time" : 0.0700679,
	"build_time" : 0.0650971,
	"wmc_time" : 0.00195909
}
