{"distribution": "lg", "edges": [["A", "D"], ["B", "D"], ["D", "E"], ["C", "E"]], "root_params": "A ~ N(20,20) B ~ N(20,20) C ~ N(15,15)", "experiment": 122, "not_root_params": "D   ~   N ( 2 A + 3 B , 6 . 3 4 3 7 5 )   E   ~   N ( 3 C + 3 D , 6 . 3 4 3 7 5 )", "sample_size": 1941, "means": {"A": 20, "B": 20, "C": 15, "D": 100, "E": 345}, "disc_method": "EB", "bins": 25, "target_column": null, "CPT_method": "Bayes", "time_disc": 0.07625514641404152, "time_cnf": 2.655423351097852, "time_VE": 0.0016002249903976917, "time_BP": 0.00885862298309803, "RMSE": 69.48415280972196, "WRMSE": 35.9726962572071, "MAE": 59.558061271025984, "PE": 1.5233396447228273, "exact_EV": 345, "disc_EV": 350.25552177429375, "Wass_scaled": 0.03030362686315266, "Wass_multi": 5.513336846034568, "time_wass": 1.0597564978525043}