{"distribution": "lg", "edges": [["A", "D"], ["B", "D"], ["D", "E"], ["C", "E"]], "root_params": "A ~ N(20,20) B ~ N(20,20) C ~ N(15,15)", "experiment": 122, "not_root_params": "D   ~   N ( 2 A + 3 B , 6 . 3 4 3 7 5 )   E   ~   N ( 3 C + 3 D , 6 . 3 4 3 7 5 )", "sample_size": 1941, "means": {"A": 20, "B": 20, "C": 15, "D": 100, "E": 345}, "disc_method": "EB", "bins": 17, "target_column": null, "CPT_method": "Bayes", "time_disc": 0.10289389999525156, "time_cnf": 0.1505234000069322, "time_VE": 0.0014958999963710085, "time_BP": 0.007233599986648187, "RMSE": 66.7575352764736, "WRMSE": 33.22346340324328, "MAE": 55.97647292775554, "PE": 2.8029675539076946, "exact_EV": 345, "disc_EV": 354.67023806098155, "Wass_scaled": 0.048542632088876055, "Wass_multi": 8.135853691735832, "time_wass": 1.5594297999923583}