{
	"nodecount" : 112344,
	"peaknodes" : 122979,
	"total_load_time" : 6.02938,
	"build_time" : 5.17439,
	"wmc_time" : 0.0277071
}
