{"distribution": "lg", "edges": [["A", "D"], ["B", "D"], ["D", "E"], ["C", "E"]], "root_params": "A ~ N(20,20) B ~ N(20,20) C ~ N(15,15)", "experiment": 122, "not_root_params": "D   ~   N ( 2 A + 3 B , 6 . 3 4 3 7 5 )   E   ~   N ( 3 C + 3 D , 6 . 3 4 3 7 5 )", "sample_size": 1941, "means": {"A": 20, "B": 20, "C": 15, "D": 100, "E": 345}, "disc_method": "EB", "bins": 5, "target_column": null, "CPT_method": "Bayes", "time_disc": 0.10376410000026226, "time_cnf": 0.012009399986709468, "time_VE": 0.0026052999892272055, "time_BP": 0.009679599999799393, "RMSE": 34.3370133624892, "WRMSE": 14.593270247702252, "MAE": 26.433567944264745, "PE": 0.25788475380433895, "exact_EV": 345, "disc_EV": 345.88970240062497, "Wass_scaled": 0.16826522098641392, "Wass_multi": 24.927906072791632, "time_wass": 1.61739509999461}