{"distribution": "lg", "edges": [["A", "D"], ["B", "D"], ["D", "E"], ["C", "E"]], "root_params": "A ~ N(20,20) B ~ N(20,20) C ~ N(15,15)", "experiment": 122, "not_root_params": "D   ~   N ( 2 A + 3 B , 6 . 3 4 3 7 5 )   E   ~   N ( 3 C + 3 D , 6 . 3 4 3 7 5 )", "sample_size": 1941, "means": {"A": 20, "B": 20, "C": 15, "D": 100, "E": 345}, "disc_method": "EB", "bins": 20, "target_column": null, "CPT_method": "Bayes", "time_disc": 0.0734056937508285, "time_cnf": 1.1905516437254846, "time_VE": 0.0013645421713590622, "time_BP": 0.0063373250886797905, "RMSE": 68.60721225380868, "WRMSE": 35.40048289709671, "MAE": 58.08551374747668, "PE": 3.1488974599279325, "exact_EV": 345, "disc_EV": 355.86369623675137, "Wass_scaled": 0.037407161394704055, "Wass_multi": 6.9110037902717, "time_wass": 1.0960252140648663}