{
	"nodecount" : 38634,
	"peaknodes" : 40281,
	"total_load_time" : 2.06411,
	"build_time" : 1.91718,
	"wmc_time" : 0.00943995
}
