{
	"nodecount" : 1714,
	"peaknodes" : 1742,
	"total_load_time" : 0.0703321,
	"build_time" : 0.06461,
	"wmc_time" : 0.00189495
}
