{"distribution": "lg", "edges": [["A", "D"], ["B", "D"], ["D", "E"], ["C", "E"]], "root_params": "A ~ N(20,20) B ~ N(20,20) C ~ N(15,15)", "experiment": 122, "not_root_params": "D   ~   N ( 2 A + 3 B , 6 . 3 4 3 7 5 )   E   ~   N ( 3 C + 3 D , 6 . 3 4 3 7 5 )", "sample_size": 1941, "means": {"A": 20, "B": 20, "C": 15, "D": 100, "E": 345}, "disc_method": "EV", "bins": 5, "target_column": null, "CPT_method": "Bayes", "time_disc": 0.06561866402626038, "time_cnf": 0.4079968142323196, "time_VE": 0.0011733351275324821, "time_BP": 0.004743613302707672, "RMSE": 7.644525455261443, "WRMSE": 7.646285840153902, "MAE": 6.035648533542712, "PE": 0.039486576963982785, "exact_EV": 345, "disc_EV": 345.13622869052574, "Wass_scaled": 0.43635971588078337, "Wass_multi": 17.795402810455222, "time_wass": 1.1834128238260746}