{"distribution": "lg", "edges": [["A", "D"], ["B", "D"], ["D", "E"], ["C", "E"]], "root_params": "A ~ N(20,20) B ~ N(20,20) C ~ N(15,15)", "experiment": 122, "not_root_params": "D   ~   N ( 2 A + 3 B , 6 . 3 4 3 7 5 )   E   ~   N ( 3 C + 3 D , 6 . 3 4 3 7 5 )", "sample_size": 1941, "means": {"A": 20, "B": 20, "C": 15, "D": 100, "E": 345}, "disc_method": "EV", "bins": 8, "target_column": null, "CPT_method": "Bayes", "time_disc": 0.09762319999572355, "time_cnf": 0.01966260001063347, "time_VE": 0.0016558000061195344, "time_BP": 0.007880299992393702, "RMSE": 14.70912896209453, "WRMSE": 14.71693524547931, "MAE": 11.748415869313597, "PE": 0.0629120267546364, "exact_EV": 345, "disc_EV": 345.2170464923035, "Wass_scaled": 0.33346098013122094, "Wass_multi": 12.239623661557964, "time_wass": 1.6725243000109913}