{
	"nodecount" : 23811,
	"peaknodes" : 24791,
	"total_load_time" : 1.12756,
	"build_time" : 1.05643,
	"wmc_time" : 0.00685501
}
