{
	"nodecount" : 11592,
	"peaknodes" : 12035,
	"total_load_time" : 0.533034,
	"build_time" : 0.506559,
	"wmc_time" : 0.00424099
}
