{"distribution": "lg", "edges": [["A", "D"], ["B", "D"], ["D", "E"], ["C", "E"]], "root_params": "A ~ N(20,20) B ~ N(20,20) C ~ N(15,15)", "experiment": 122, "not_root_params": "D   ~   N ( 2 A + 3 B , 6 . 3 4 3 7 5 )   E   ~   N ( 3 C + 3 D , 6 . 3 4 3 7 5 )", "sample_size": 1941, "means": {"A": 20, "B": 20, "C": 15, "D": 100, "E": 345}, "disc_method": "EV", "bins": 12, "target_column": null, "CPT_method": "Bayes", "time_disc": 0.06978309759870172, "time_cnf": 0.36984015675261617, "time_VE": 0.0011947620660066605, "time_BP": 0.005070507060736418, "RMSE": 26.4438489732772, "WRMSE": 26.457710136674297, "MAE": 21.257611847196046, "PE": 0.12431783855112227, "exact_EV": 345, "disc_EV": 345.4288965430014, "Wass_scaled": 0.2700675094747829, "Wass_multi": 8.586437252335283, "time_wass": 1.2461734511889517}