{
	"nodecount" : 35036,
	"peaknodes" : 35264,
	"total_load_time" : 1.28482,
	"build_time" : 1.21268,
	"wmc_time" : 0.00839686
}
