{
	"nodecount" : 76541,
	"peaknodes" : 78284,
	"total_load_time" : 2.89525,
	"build_time" : 2.65089,
	"wmc_time" : 0.014339
}
