{
	"nodecount" : 7416,
	"peaknodes" : 7416,
	"total_load_time" : 0.221297,
	"build_time" : 0.208552,
	"wmc_time" : 0.00344896
}
