{"distribution": "lg", "edges": [["A", "D"], ["B", "D"], ["D", "E"], ["C", "E"]], "root_params": "A ~ N(20,20) B ~ N(20,20) C ~ N(15,15)", "experiment": 122, "not_root_params": "D   ~   N ( 2 A + 3 B , 6 . 3 4 3 7 5 )   E   ~   N ( 3 C + 3 D , 6 . 3 4 3 7 5 )", "sample_size": 1941, "means": {"A": 20, "B": 20, "C": 15, "D": 100, "E": 345}, "disc_method": "EV", "bins": 20, "target_column": null, "CPT_method": "Bayes", "time_disc": 0.0750819519162178, "time_cnf": 1.0246720099821687, "time_VE": 0.0013496791943907738, "time_BP": 0.006401071324944496, "RMSE": 34.7876635409053, "WRMSE": 34.81725772782986, "MAE": 27.77801955412866, "PE": 0.13129747109174142, "exact_EV": 345, "disc_EV": 345.4529762752665, "Wass_scaled": 0.21311167326453703, "Wass_multi": 5.601131448000188, "time_wass": 1.2640751702710986}