{"distribution": "lg", "edges": [["A", "D"], ["B", "D"], ["D", "E"], ["C", "E"]], "root_params": "A ~ N(20,20) B ~ N(20,20) C ~ N(15,15)", "experiment": 122, "not_root_params": "D   ~   N ( 2 A + 3 B , 6 . 3 4 3 7 5 )   E   ~   N ( 3 C + 3 D , 6 . 3 4 3 7 5 )", "sample_size": 1941, "means": {"A": 20, "B": 20, "C": 15, "D": 100, "E": 345}, "disc_method": "EB", "bins": 10, "target_column": null, "CPT_method": "Bayes", "time_disc": 0.09144050000759307, "time_cnf": 0.03265599999576807, "time_VE": 0.001414500002283603, "time_BP": 0.00545010001224, "RMSE": 56.95161630042696, "WRMSE": 22.550440621929955, "MAE": 44.43738140346708, "PE": 1.1831070589938046, "exact_EV": 345, "disc_EV": 349.0817193535286, "Wass_scaled": 0.0750501895368058, "Wass_multi": 13.649429481575385, "time_wass": 1.526303500009817}