{
	"nodecount" : 1724,
	"peaknodes" : 1724,
	"total_load_time" : 0.681379,
	"build_time" : 0.613171,
	"wmc_time" : 0.00188184
}
