{
	"nodecount" : 7416,
	"peaknodes" : 7416,
	"total_load_time" : 0.50848,
	"build_time" : 0.480618,
	"wmc_time" : 0.0048821,
	"wmc_value" : 1,
	"bn_to_cnf_time" : 0.0111539
}
