{"distribution": "lg", "edges": [["A", "D"], ["B", "D"], ["D", "E"], ["C", "E"]], "root_params": "A ~ N(20,20) B ~ N(20,20) C ~ N(15,15)", "experiment": 122, "not_root_params": "D   ~   N ( 2 A + 3 B , 6 . 3 4 3 7 5 )   E   ~   N ( 3 C + 3 D , 6 . 3 4 3 7 5 )", "sample_size": 1941, "means": {"A": 20, "B": 20, "C": 15, "D": 100, "E": 345}, "disc_method": "EB", "bins": 5, "target_column": null, "CPT_method": "Bayes", "time_disc": 0.06736109033226967, "time_cnf": 0.8504858170635998, "time_VE": 0.0012584268115460873, "time_BP": 0.005030232947319746, "RMSE": 34.33701336248918, "WRMSE": 14.59327024770224, "MAE": 26.433567944264723, "PE": 0.25788475380433895, "exact_EV": 345, "disc_EV": 345.88970240062497, "Wass_scaled": 0.16826522098641392, "Wass_multi": 24.927906072791632, "time_wass": 1.1408025310374796}