{"distribution": "lg", "edges": [["A", "D"], ["B", "D"], ["D", "E"], ["C", "E"]], "root_params": "A ~ N(20,20) B ~ N(20,20) C ~ N(15,15)", "experiment": 122, "not_root_params": "D   ~   N ( 2 A + 3 B , 6 . 3 4 3 7 5 )   E   ~   N ( 3 C + 3 D , 6 . 3 4 3 7 5 )", "sample_size": 1941, "means": {"A": 20, "B": 20, "C": 15, "D": 100, "E": 345}, "disc_method": "EB", "bins": 8, "target_column": null, "CPT_method": "Bayes", "time_disc": 0.06834789691492915, "time_cnf": 0.39218843914568424, "time_VE": 0.001172723714262247, "time_BP": 0.004921108018606901, "RMSE": 49.42586508254825, "WRMSE": 18.486134070340352, "MAE": 37.696444091356106, "PE": 0.6831813038192741, "exact_EV": 345, "disc_EV": 347.3569754981765, "Wass_scaled": 0.096468333374872, "Wass_multi": 16.959775580639597, "time_wass": 1.1362012927420437}