{"distribution": "nm", "edges": [["X", "Y"]], "root_params": ["X ~ B(0.5)"], "experiment": 3, "not_root_params": "P(Y|X) ~ N(6,2) if X = 0.0 and P(Y|X) ~ N(4,2) if X = 1.0", "sample_size": 100, "means": 5.0, "disc_method": "MDLP", "bins": 2, "target_column": "Y", "Wass1D": 0.3119357304727453, "Wass_multi": 0.3781153797198076, "RMSE": 0.007155059383468701, "WRMSE": 0.007109412605675664, "MAE": 5.119487478096351e-05}