{"distribution": "nm", "edges": [["X", "Y"]], "root_params": ["X ~ B(0.5)"], "experiment": 3, "not_root_params": "P(Y|X) ~ N(6,2) if X = 0.0 and P(Y|X) ~ N(4,2) if X = 1.0", "sample_size": 100, "means": 5.0, "disc_method": "EB", "bins": 10, "target_column": null, "Wass1D": 0.4590721368636886, "Wass_multi": 0.4968797730869748, "RMSE": 0.03827615428489855, "WRMSE": 0.03803196580011088, "MAE": 0.0014650639868413573}