{"distribution": "nm", "edges": [["X", "Y"]], "root_params": ["X ~ B(0.5)"], "experiment": 3, "not_root_params": "P(Y|X) ~ N(6,2) if X = 0.0 and P(Y|X) ~ N(4,2) if X = 1.0", "sample_size": 100, "means": 5.0, "disc_method": "EV", "bins": 8, "target_column": null, "Wass1D": 0.3836651702807387, "Wass_multi": 0.405276632414846, "RMSE": 0.08137638433175803, "WRMSE": 0.08085723144509209, "MAE": 0.0066221159269099945}