{"distribution": "nm", "edges": [["X", "Y"]], "root_params": ["X ~ B(0.5)"], "experiment": 3, "not_root_params": "P(Y|X) ~ N(6,2) if X = 0.0 and P(Y|X) ~ N(4,2) if X = 1.0", "sample_size": 100, "means": 5.0, "disc_method": "EB", "bins": 12, "target_column": null, "Wass1D": 0.32985171974602284, "Wass_multi": 0.37284354528577424, "RMSE": 0.022479770182044514, "WRMSE": 0.022336357106157397, "MAE": 0.0005053400674375376, "VE_complexity": 54.0}