{
	"nodecount" : 2055,
	"peaknodes" : 2219,
	"total_load_time" : 0.319166,
	"build_time" : 0.163042,
	"wmc_time" : 0.00234485
}
