{
	"nodecount" : 1811,
	"peaknodes" : 1975,
	"total_load_time" : 0.304099,
	"build_time" : 0.154047,
	"wmc_time" : 0.00246596
}
