{"distribution": "lg", "edges": [["A", "D"], ["B", "D"], ["D", "E"], ["C", "E"]], "root_params": "A ~ N(20,20) B ~ N(20,20) C ~ N(15,15)", "experiment": 18, "not_root_params": "D   ~   N ( 2 A + 3 B , 2 )   E   ~   N ( 3 C + 3 D , 2 )", "sample_size": 200, "means": {"A": 20, "B": 20, "C": 15, "D": 100, "E": 345}, "disc_method": "EB", "bins": 5, "target_column": null, "CPT_method": "MLE", "time_disc": 0.05100018531084061, "time_cnf": 0.1493352558463812, "time_VE": 0.0014798562042415142, "time_BP": 0.005584245081990957, "RMSE": 10.474642071692362, "WRMSE": 3.1387744923700285, "MAE": 5.894994123404342, "PE": 0.19153858917281033, "exact_EV": 345, "disc_EV": 344.3391918673538, "Wass_scaled": 0.16806155713916146, "Wass_multi": 5.734023787616217, "time_wass": 0.024425171315670013}