{
	"nodecount" : 2896,
	"peaknodes" : 3314,
	"total_load_time" : 0.825925,
	"build_time" : 0.782224,
	"wmc_time" : 0.00346088,
	"wmc_value" : 1,
	"bn_to_cnf_time" : 0.0213633
}
