{
	"nodecount" : 2896,
	"peaknodes" : 3314,
	"total_load_time" : 0.599978,
	"build_time" : 0.427627,
	"wmc_time" : 0.00270796
}
