{
	"nodecount" : 4945,
	"peaknodes" : 6155,
	"total_load_time" : 3.17608,
	"build_time" : 2.96498,
	"wmc_time" : 0.00387502,
	"wmc_value" : 1,
	"bn_to_cnf_time" : 0.108128
}
