{
	"nodecount" : 3779,
	"peaknodes" : 7371,
	"total_load_time" : 7.16849,
	"build_time" : 6.1698,
	"wmc_time" : 0.00238395
}
