{"distribution": "lg", "edges": [["A", "D"], ["B", "D"], ["D", "E"], ["C", "E"]], "root_params": "A ~ N(20,20) B ~ N(20,20) C ~ N(15,15)", "experiment": 18, "not_root_params": "D   ~   N ( 2 A + 3 B , 2 )   E   ~   N ( 3 C + 3 D , 2 )", "sample_size": 200, "means": {"A": 20, "B": 20, "C": 15, "D": 100, "E": 345}, "disc_method": "EB", "bins": 30, "target_column": null, "CPT_method": "MLE", "time_disc": 0.09170361142605543, "time_cnf": 2.7486137519590557, "time_VE": 0.004768549930304289, "time_BP": 0.0108244470320642, "RMSE": 16.74016193278654, "WRMSE": 10.491551028622803, "MAE": 13.875881861410127, "PE": 0.733099576894172, "exact_EV": 345, "disc_EV": 342.4708064597151, "Wass_scaled": 0.022815468976140847, "Wass_multi": 0.9947643959863477, "time_wass": 0.020775326061993837}