{"distribution": "lg", "edges": [["A", "D"], ["B", "D"], ["D", "E"], ["C", "E"]], "root_params": "A ~ N(20,20) B ~ N(20,20) C ~ N(15,15)", "experiment": 18, "not_root_params": "D   ~   N ( 2 A + 3 B , 2 )   E   ~   N ( 3 C + 3 D , 2 )", "sample_size": 200, "means": {"A": 20, "B": 20, "C": 15, "D": 100, "E": 345}, "disc_method": "EV", "bins": 5, "target_column": null, "CPT_method": "MLE", "time_disc": 0.08083960000658408, "time_cnf": 0.009148800003458746, "time_VE": 0.0026990000042133033, "time_BP": 0.012301800001296215, "RMSE": 1.9791220746323621, "WRMSE": 1.9791220746323621, "MAE": 1.598186911265941, "PE": 0.07908957318836589, "exact_EV": 345, "disc_EV": 344.72714097250014, "Wass_scaled": 0.3856996491058718, "Wass_multi": 5.887287130612113, "time_wass": 0.044638499995926395}