{
	"nodecount" : 3579,
	"peaknodes" : 4386,
	"total_load_time" : 0.922732,
	"build_time" : 0.637493,
	"wmc_time" : 0.00256109
}
