{"distribution": "lg", "edges": [["A", "D"], ["B", "D"], ["D", "E"], ["C", "E"]], "root_params": "A ~ N(20,20) B ~ N(20,20) C ~ N(15,15)", "experiment": 18, "not_root_params": "D   ~   N ( 2 A + 3 B , 2 )   E   ~   N ( 3 C + 3 D , 2 )", "sample_size": 200, "means": {"A": 20, "B": 20, "C": 15, "D": 100, "E": 345}, "disc_method": "EB", "bins": 14, "target_column": null, "CPT_method": "MLE", "time_disc": 0.1054223999963142, "time_cnf": 0.089200799993705, "time_VE": 0.002693700007512234, "time_BP": 0.006996299998718314, "RMSE": 15.41116553056238, "WRMSE": 7.3275889151554905, "MAE": 11.674506836673999, "PE": 0.6973345632994333, "exact_EV": 345, "disc_EV": 342.59419575661695, "Wass_scaled": 0.05210675195923483, "Wass_multi": 2.2460504945624415, "time_wass": 0.03227320000587497}