{
	"nodecount" : 3579,
	"peaknodes" : 4386,
	"total_load_time" : 1.13876,
	"build_time" : 1.0643,
	"wmc_time" : 0.00379801,
	"wmc_value" : 1,
	"bn_to_cnf_time" : 0.0361912
}
