{"distribution": "lg", "edges": [["A", "D"], ["B", "D"], ["D", "E"], ["C", "E"]], "root_params": "A ~ N(20,20) B ~ N(20,20) C ~ N(15,15)", "experiment": 18, "not_root_params": "D   ~   N ( 2 A + 3 B , 2 )   E   ~   N ( 3 C + 3 D , 2 )", "sample_size": 200, "means": {"A": 20, "B": 20, "C": 15, "D": 100, "E": 345}, "disc_method": "EV", "bins": 25, "target_column": null, "CPT_method": "MLE", "time_disc": 0.08554278500378132, "time_cnf": 1.9384817508980632, "time_VE": 0.0020242109894752502, "time_BP": 0.009233165066689253, "RMSE": 10.278874534604757, "WRMSE": 10.278874534604757, "MAE": 8.160535953759751, "PE": 0.26117219235646294, "exact_EV": 345, "disc_EV": 344.0989559363702, "Wass_scaled": 0.1264852873243354, "Wass_multi": 1.363404180643287, "time_wass": 0.025052659213542938}