{"distribution": "lg", "edges": [["A", "D"], ["B", "D"], ["D", "E"], ["C", "E"]], "root_params": "A ~ N(20,20) B ~ N(20,20) C ~ N(15,15)", "experiment": 18, "not_root_params": "D   ~   N ( 2 A + 3 B , 2 )   E   ~   N ( 3 C + 3 D , 2 )", "sample_size": 200, "means": {"A": 20, "B": 20, "C": 15, "D": 100, "E": 345}, "disc_method": "EV", "bins": 20, "target_column": null, "CPT_method": "MLE", "time_disc": 0.07191129634156823, "time_cnf": 1.2150330152362585, "time_VE": 0.0019249329343438148, "time_BP": 0.007500468287616968, "RMSE": 9.650478166904659, "WRMSE": 9.650478166904657, "MAE": 7.8250469352709615, "PE": 0.2169155848266688, "exact_EV": 345, "disc_EV": 344.251641232348, "Wass_scaled": 0.14801290859620927, "Wass_multi": 1.666294793011794, "time_wass": 0.022072107065469027}