{"distribution": "lg", "edges": [["A", "D"], ["B", "D"], ["D", "E"], ["C", "E"]], "root_params": "A ~ N(20,20) B ~ N(20,20) C ~ N(15,15)", "experiment": 18, "not_root_params": "D   ~   N ( 2 A + 3 B , 2 )   E   ~   N ( 3 C + 3 D , 2 )", "sample_size": 200, "means": {"A": 20, "B": 20, "C": 15, "D": 100, "E": 345}, "disc_method": "EV", "bins": 10, "target_column": null, "CPT_method": "MLE", "time_disc": 0.1351243999961298, "time_cnf": 0.05824650000431575, "time_VE": 0.0017235000123037025, "time_BP": 0.014255800007958896, "RMSE": 4.165438573543339, "WRMSE": 4.165438573543339, "MAE": 3.5181356002872577, "PE": 0.5757861678216943, "exact_EV": 345, "disc_EV": 343.01353772101515, "Wass_scaled": 0.24077400366445112, "Wass_multi": 3.361897479108705, "time_wass": 0.0539893000095617}