{
	"nodecount" : 5990,
	"peaknodes" : 7469,
	"total_load_time" : 7.20238,
	"build_time" : 6.45354,
	"wmc_time" : 0.00445819,
	"wmc_value" : 1,
	"bn_to_cnf_time" : 0.273046
}
