{
	"nodecount" : 3454,
	"peaknodes" : 4008,
	"total_load_time" : 1.18887,
	"build_time" : 1.11068,
	"wmc_time" : 0.00431204,
	"wmc_value" : 1,
	"bn_to_cnf_time" : 0.0396144
}
