{"distribution": "lg", "edges": [["A", "D"], ["B", "D"], ["D", "E"], ["C", "E"]], "root_params": "A ~ N(20,20) B ~ N(20,20) C ~ N(15,15)", "experiment": 18, "not_root_params": "D   ~   N ( 2 A + 3 B , 2 )   E   ~   N ( 3 C + 3 D , 2 )", "sample_size": 200, "means": {"A": 20, "B": 20, "C": 15, "D": 100, "E": 345}, "disc_method": "EV", "bins": 17, "target_column": null, "CPT_method": "MLE", "time_disc": 0.10143339999194723, "time_cnf": 0.14487360000202898, "time_VE": 0.0025095000019064173, "time_BP": 0.00715989999298472, "RMSE": 8.996534523475162, "WRMSE": 9.058964857309974, "MAE": 7.24490919639627, "PE": 0.1546662070021561, "exact_EV": 345, "disc_EV": 344.46640158584256, "Wass_scaled": 0.16890707732600402, "Wass_multi": 2.0026928089394973, "time_wass": 0.030688099999679253}