{
	"nodecount" : 1811,
	"peaknodes" : 1975,
	"total_load_time" : 0.268461,
	"build_time" : 0.248495,
	"wmc_time" : 0.00302887,
	"wmc_value" : 1,
	"bn_to_cnf_time" : 0.0105276
}
