{
	"nodecount" : 3817,
	"peaknodes" : 7315,
	"total_load_time" : 4.89002,
	"build_time" : 4.31518,
	"wmc_time" : 0.00254917
}
