{"distribution": "lg", "edges": [["A", "D"], ["B", "D"], ["D", "E"], ["C", "E"]], "root_params": "A ~ N(20,20) B ~ N(20,20) C ~ N(15,15)", "experiment": 18, "not_root_params": "D   ~   N ( 2 A + 3 B , 2 )   E   ~   N ( 3 C + 3 D , 2 )", "sample_size": 200, "means": {"A": 20, "B": 20, "C": 15, "D": 100, "E": 345}, "disc_method": "EB", "bins": 12, "target_column": null, "CPT_method": "MLE", "time_disc": 0.10154730000067502, "time_cnf": 0.053950300003634766, "time_VE": 0.00309140000899788, "time_BP": 0.012597599998116493, "RMSE": 15.039767922728277, "WRMSE": 6.345471048702782, "MAE": 10.60330272830791, "PE": 0.43261715375083637, "exact_EV": 345, "disc_EV": 343.5074708195596, "Wass_scaled": 0.06114903486653186, "Wass_multi": 2.643265454057687, "time_wass": 0.02585789999284316}