{"distribution": "lg", "edges": [["A", "D"], ["B", "D"], ["D", "E"], ["C", "E"]], "root_params": "A ~ N(20,20) B ~ N(20,20) C ~ N(15,15)", "experiment": 18, "not_root_params": "D   ~   N ( 2 A + 3 B , 2 )   E   ~   N ( 3 C + 3 D , 2 )", "sample_size": 200, "means": {"A": 20, "B": 20, "C": 15, "D": 100, "E": 345}, "disc_method": "MDLP", "bins": 2, "target_column": "E", "CPT_method": "MLE", "time_disc": 0.23277529515326023, "time_cnf": 0.3134427713230252, "time_VE": 0.001729138195514679, "time_BP": 0.007165968883782625, "RMSE": 7.398974016588885, "WRMSE": 3.819671283659895, "MAE": 5.7215105902764885, "PE": 0.13927140259369666, "exact_EV": 345, "disc_EV": 344.51951366105175, "Wass_scaled": 0.38784979929755686, "Wass_multi": 2.092587224533704, "time_wass": 0.020563578698784113}