{"distribution": "lg", "edges": [["A", "D"], ["B", "D"], ["D", "E"], ["C", "E"]], "root_params": "A ~ N(20,20) B ~ N(20,20) C ~ N(15,15)", "experiment": 18, "not_root_params": "D   ~   N ( 2 A + 3 B , 2 )   E   ~   N ( 3 C + 3 D , 2 )", "sample_size": 200, "means": {"A": 20, "B": 20, "C": 15, "D": 100, "E": 345}, "disc_method": "EV", "bins": 30, "target_column": null, "CPT_method": "MLE", "time_disc": 0.09191050380468369, "time_cnf": 5.466491796076298, "time_VE": 0.002108474262058735, "time_BP": 0.01162000559270382, "RMSE": 10.548375032256054, "WRMSE": 10.633613893936877, "MAE": 8.43160249775757, "PE": 0.2503847642214023, "exact_EV": 345, "disc_EV": 344.13617256343616, "Wass_scaled": 0.1155196466297773, "Wass_multi": 1.2496384374138765, "time_wass": 0.021797457244247198}