{
	"nodecount" : 3779,
	"peaknodes" : 7371,
	"total_load_time" : 10.6041,
	"build_time" : 9.3332,
	"wmc_time" : 0.00357008,
	"wmc_value" : 1,
	"bn_to_cnf_time" : 0.670042
}
