{
	"nodecount" : 961,
	"peaknodes" : 1012,
	"total_load_time" : 0.16328,
	"build_time" : 0.14444,
	"wmc_time" : 0.00410485,
	"wmc_value" : 1,
	"bn_to_cnf_time" : 0.00441241
}
