{"distribution": "lg", "edges": [["A", "D"], ["B", "D"], ["D", "E"], ["C", "E"]], "root_params": "A ~ N(20,20) B ~ N(20,20) C ~ N(15,15)", "experiment": 18, "not_root_params": "D   ~   N ( 2 A + 3 B , 2 )   E   ~   N ( 3 C + 3 D , 2 )", "sample_size": 200, "means": {"A": 20, "B": 20, "C": 15, "D": 100, "E": 345}, "disc_method": "EB", "bins": 25, "target_column": null, "CPT_method": "MLE", "time_disc": 0.08669518493115902, "time_cnf": 2.239818693138659, "time_VE": 0.004407920874655247, "time_BP": 0.00950193079188466, "RMSE": 16.24553065959658, "WRMSE": 9.75865568697013, "MAE": 13.047017716197237, "PE": 0.5903783618286551, "exact_EV": 345, "disc_EV": 342.96319465169114, "Wass_scaled": 0.02942104519432975, "Wass_multi": 1.1780368946056703, "time_wass": 0.023486546240746975}