{"distribution": "lg", "edges": [["A", "D"], ["B", "D"], ["D", "E"], ["C", "E"]], "root_params": "A ~ N(20,20) B ~ N(20,20) C ~ N(15,15)", "experiment": 18, "not_root_params": "D   ~   N ( 2 A + 3 B , 2 )   E   ~   N ( 3 C + 3 D , 2 )", "sample_size": 200, "means": {"A": 20, "B": 20, "C": 15, "D": 100, "E": 345}, "disc_method": "EB", "bins": 17, "target_column": null, "CPT_method": "MLE", "time_disc": 0.07515595201402903, "time_cnf": 0.22116567892953753, "time_VE": 0.0022085136733949184, "time_BP": 0.007540754973888397, "RMSE": 16.313375265609817, "WRMSE": 8.341530575819752, "MAE": 12.816596998490915, "PE": 0.445889170594643, "exact_EV": 345, "disc_EV": 343.4616823614485, "Wass_scaled": 0.04013392725422228, "Wass_multi": 1.8434684818243445, "time_wass": 0.022567444946616888}