{"distribution": "lg", "edges": [["A", "D"], ["B", "D"], ["D", "E"], ["C", "E"]], "root_params": "A ~ N(20,20) B ~ N(20,20) C ~ N(15,15)", "experiment": 18, "not_root_params": "D   ~   N ( 2 A + 3 B , 2 )   E   ~   N ( 3 C + 3 D , 2 )", "sample_size": 200, "means": {"A": 20, "B": 20, "C": 15, "D": 100, "E": 345}, "disc_method": "EV", "bins": 14, "target_column": null, "CPT_method": "MLE", "time_disc": 0.09627029999683145, "time_cnf": 0.07446010000421666, "time_VE": 0.0021114999981364235, "time_BP": 0.0067229999986011535, "RMSE": 6.756952325279526, "WRMSE": 6.790825826157932, "MAE": 5.615846849800444, "PE": 0.3342619752648729, "exact_EV": 345, "disc_EV": 343.8467961853362, "Wass_scaled": 0.1972978290202819, "Wass_multi": 2.4082683618360714, "time_wass": 0.042617500002961606}