{
	"nodecount" : 5553,
	"peaknodes" : 6884,
	"total_load_time" : 4.75647,
	"build_time" : 4.3744,
	"wmc_time" : 0.00396395,
	"wmc_value" : 1,
	"bn_to_cnf_time" : 0.148197
}
