{"distribution": "lg", "edges": [["A", "D"], ["B", "D"], ["D", "E"], ["C", "E"]], "root_params": "A ~ N(20,20) B ~ N(20,20) C ~ N(15,15)", "experiment": 107, "not_root_params": "D   ~   N ( 2 A + 3 B , 2 . 1 2 5 )   E   ~   N ( 3 C + 3 D , 2 . 1 2 5 )", "sample_size": 1288, "means": {"A": 20, "B": 20, "C": 15, "D": 100, "E": 345}, "disc_method": "EV", "bins": 14, "target_column": null, "CPT_method": "MLE", "time_disc": 0.060323622077703476, "time_cnf": 0.2916849493049085, "time_VE": 0.0025119329802691936, "time_BP": 0.008014032151550055, "RMSE": 0.9619705929065886, "WRMSE": 0.9619705929065887, "MAE": 0.7768009207443924, "PE": 0.01550170247083849, "exact_EV": 345, "disc_EV": 344.9465191264756, "Wass_scaled": 0.23463234666506846, "Wass_multi": 2.6830846584059542, "time_wass": 0.6595530528575182}