{
	"nodecount" : 49589,
	"peaknodes" : 55159,
	"total_load_time" : 6.05802,
	"build_time" : 5.23708,
	"wmc_time" : 0.0144839
}
