{
	"nodecount" : 22177,
	"peaknodes" : 22464,
	"total_load_time" : 2.30884,
	"build_time" : 2.22534,
	"wmc_time" : 0.00642896,
	"wmc_value" : 1,
	"bn_to_cnf_time" : 0.0519011
}
