{"distribution": "lg", "edges": [["A", "D"], ["B", "D"], ["D", "E"], ["C", "E"]], "root_params": "A ~ N(20,20) B ~ N(20,20) C ~ N(15,15)", "experiment": 107, "not_root_params": "D   ~   N ( 2 A + 3 B , 2 . 1 2 5 )   E   ~   N ( 3 C + 3 D , 2 . 1 2 5 )", "sample_size": 1288, "means": {"A": 20, "B": 20, "C": 15, "D": 100, "E": 345}, "disc_method": "EV", "bins": 10, "target_column": null, "CPT_method": "MLE", "time_disc": 0.06210582284256816, "time_cnf": 0.21576419612392783, "time_VE": 0.0016518901102244854, "time_BP": 0.007624683901667595, "RMSE": 0.981327658537458, "WRMSE": 0.9815212737072213, "MAE": 0.8311971335074417, "PE": 0.00388504957741595, "exact_EV": 345, "disc_EV": 344.9865965789579, "Wass_scaled": 0.28188412925259254, "Wass_multi": 3.521266979849502, "time_wass": 0.7293260302394629}