{"distribution": "lg", "edges": [["A", "D"], ["B", "D"], ["D", "E"], ["C", "E"]], "root_params": "A ~ N(20,20) B ~ N(20,20) C ~ N(15,15)", "experiment": 107, "not_root_params": "D   ~   N ( 2 A + 3 B , 2 . 1 2 5 )   E   ~   N ( 3 C + 3 D , 2 . 1 2 5 )", "sample_size": 1288, "means": {"A": 20, "B": 20, "C": 15, "D": 100, "E": 345}, "disc_method": "EB", "bins": 14, "target_column": null, "CPT_method": "MLE", "time_disc": 0.09923259999777656, "time_cnf": 0.07181989999662619, "time_VE": 0.0014433000033022836, "time_BP": 0.0060646000056294724, "RMSE": 9.117380888257888, "WRMSE": 2.6955432418097804, "MAE": 5.368024275395503, "PE": 0.041773410819873985, "exact_EV": 345, "disc_EV": 344.85588173267143, "Wass_scaled": 0.057958370089340655, "Wass_multi": 3.3853861775903122, "time_wass": 0.7916534999967553}