{
	"nodecount" : 37329,
	"peaknodes" : 40141,
	"total_load_time" : 4.72645,
	"build_time" : 4.08235,
	"wmc_time" : 0.012239
}
