{
	"nodecount" : 6319,
	"peaknodes" : 6752,
	"total_load_time" : 0.61958,
	"build_time" : 0.526798,
	"wmc_time" : 0.00393391
}
