{
	"nodecount" : 49589,
	"peaknodes" : 55159,
	"total_load_time" : 7.8028,
	"build_time" : 7.01351,
	"wmc_time" : 0.00962996,
	"wmc_value" : 1,
	"bn_to_cnf_time" : 0.309794
}
