{"distribution": "lg", "edges": [["A", "D"], ["B", "D"], ["D", "E"], ["C", "E"]], "root_params": "A ~ N(20,20) B ~ N(20,20) C ~ N(15,15)", "experiment": 107, "not_root_params": "D   ~   N ( 2 A + 3 B , 2 . 1 2 5 )   E   ~   N ( 3 C + 3 D , 2 . 1 2 5 )", "sample_size": 1288, "means": {"A": 20, "B": 20, "C": 15, "D": 100, "E": 345}, "disc_method": "EV", "bins": 12, "target_column": null, "CPT_method": "MLE", "time_disc": 0.06375669268891215, "time_cnf": 0.368382572196424, "time_VE": 0.001634843647480011, "time_BP": 0.006005723960697651, "RMSE": 0.7989968704217192, "WRMSE": 0.7992854958499054, "MAE": 0.6093202558258449, "PE": 0.0009531226824630879, "exact_EV": 345, "disc_EV": 345.0032882732545, "Wass_scaled": 0.2550904871492393, "Wass_multi": 2.9745705819304673, "time_wass": 0.6849659942090511}