{
	"nodecount" : 6319,
	"peaknodes" : 6752,
	"total_load_time" : 0.958481,
	"build_time" : 0.92546,
	"wmc_time" : 0.00424504,
	"wmc_value" : 1,
	"bn_to_cnf_time" : 0.0230687
}
