{"distribution": "lg", "edges": [["A", "D"], ["B", "D"], ["D", "E"], ["C", "E"]], "root_params": "A ~ N(20,20) B ~ N(20,20) C ~ N(15,15)", "experiment": 107, "not_root_params": "D   ~   N ( 2 A + 3 B , 2 . 1 2 5 )   E   ~   N ( 3 C + 3 D , 2 . 1 2 5 )", "sample_size": 1288, "means": {"A": 20, "B": 20, "C": 15, "D": 100, "E": 345}, "disc_method": "EB", "bins": 8, "target_column": null, "CPT_method": "MLE", "time_disc": 0.09155769999779295, "time_cnf": 0.01722729999164585, "time_VE": 0.001406800001859665, "time_BP": 0.005587500010733493, "RMSE": 3.2884423273631684, "WRMSE": 1.548316951457361, "MAE": 2.6183997276189004, "PE": 0.0489038379609373, "exact_EV": 345, "disc_EV": 344.83128175903477, "Wass_scaled": 0.10248514025813638, "Wass_multi": 5.741540842638427, "time_wass": 0.7823465999972541}