{"distribution": "lg", "edges": [["A", "D"], ["B", "D"], ["D", "E"], ["C", "E"]], "root_params": "A ~ N(20,20) B ~ N(20,20) C ~ N(15,15)", "experiment": 107, "not_root_params": "D   ~   N ( 2 A + 3 B , 2 . 1 2 5 )   E   ~   N ( 3 C + 3 D , 2 . 1 2 5 )", "sample_size": 1288, "means": {"A": 20, "B": 20, "C": 15, "D": 100, "E": 345}, "disc_method": "EB", "bins": 12, "target_column": null, "CPT_method": "MLE", "time_disc": 0.09512270000413992, "time_cnf": 0.052856800000881776, "time_VE": 0.00168090000806842, "time_BP": 0.011773299993365072, "RMSE": 7.341070754549306, "WRMSE": 2.2589724228278034, "MAE": 4.2065711450536964, "PE": 0.11357503634745839, "exact_EV": 345, "disc_EV": 344.60816612460127, "Wass_scaled": 0.06581512401569818, "Wass_multi": 3.818938458053837, "time_wass": 0.7908530999993673}