{"distribution": "lg", "edges": [["A", "D"], ["B", "D"], ["D", "E"], ["C", "E"]], "root_params": "A ~ N(20,20) B ~ N(20,20) C ~ N(15,15)", "experiment": 107, "not_root_params": "D   ~   N ( 2 A + 3 B , 2 . 1 2 5 )   E   ~   N ( 3 C + 3 D , 2 . 1 2 5 )", "sample_size": 1288, "means": {"A": 20, "B": 20, "C": 15, "D": 100, "E": 345}, "disc_method": "EB", "bins": 5, "target_column": null, "CPT_method": "MLE", "time_disc": 0.054725213907659054, "time_cnf": 0.17651550006121397, "time_VE": 0.0017973198555409908, "time_BP": 0.00645327428355813, "RMSE": 3.582211354364926, "WRMSE": 2.7180068628415612, "MAE": 3.2755027046639613, "PE": 0.0174339592424234, "exact_EV": 345, "disc_EV": 344.93985284061364, "Wass_scaled": 0.16769870494083122, "Wass_multi": 8.475581295191217, "time_wass": 0.6577691347338259}