{"distribution": "lg", "edges": [["A", "D"], ["B", "D"], ["D", "E"], ["C", "E"]], "root_params": "A ~ N(20,20) B ~ N(20,20) C ~ N(15,15)", "experiment": 107, "not_root_params": "D   ~   N ( 2 A + 3 B , 2 . 1 2 5 )   E   ~   N ( 3 C + 3 D , 2 . 1 2 5 )", "sample_size": 1288, "means": {"A": 20, "B": 20, "C": 15, "D": 100, "E": 345}, "disc_method": "EV", "bins": 25, "target_column": null, "CPT_method": "MLE", "time_disc": 0.07805450819432735, "time_cnf": 1.4772386043332517, "time_VE": 0.0025674779899418354, "time_BP": 0.009554198011755943, "RMSE": 2.7469553034530785, "WRMSE": 2.74748072223987, "MAE": 2.207014421420429, "PE": 0.060996760314587256, "exact_EV": 345, "disc_EV": 344.7895611769147, "Wass_scaled": 0.17550477908427378, "Wass_multi": 1.6679505511018824, "time_wass": 0.6706073069944978}