{
	"nodecount" : 36926,
	"peaknodes" : 38640,
	"total_load_time" : 5.75734,
	"build_time" : 5.50972,
	"wmc_time" : 0.010325,
	"wmc_value" : 1,
	"bn_to_cnf_time" : 0.124011
}
