{
	"nodecount" : 26927,
	"peaknodes" : 28549,
	"total_load_time" : 3.05676,
	"build_time" : 2.78846,
	"wmc_time" : 0.01051
}
