{
	"nodecount" : 42869,
	"peaknodes" : 46419,
	"total_load_time" : 3.75735,
	"build_time" : 3.36071,
	"wmc_time" : 0.013258
}
