{
	"nodecount" : 2836,
	"peaknodes" : 2895,
	"total_load_time" : 0.242642,
	"build_time" : 0.150974,
	"wmc_time" : 0.00230718
}
