{
	"nodecount" : 10989,
	"peaknodes" : 11076,
	"total_load_time" : 0.764696,
	"build_time" : 0.667377,
	"wmc_time" : 0.00567603
}
