{
	"nodecount" : 11866,
	"peaknodes" : 12612,
	"total_load_time" : 1.21088,
	"build_time" : 1.10985,
	"wmc_time" : 0.00658703
}
