{"distribution": "lg", "edges": [["A", "D"], ["B", "D"], ["D", "E"], ["C", "E"]], "root_params": "A ~ N(20,20) B ~ N(20,20) C ~ N(15,15)", "experiment": 107, "not_root_params": "D   ~   N ( 2 A + 3 B , 2 . 1 2 5 )   E   ~   N ( 3 C + 3 D , 2 . 1 2 5 )", "sample_size": 1288, "means": {"A": 20, "B": 20, "C": 15, "D": 100, "E": 345}, "disc_method": "EB", "bins": 20, "target_column": null, "CPT_method": "MLE", "time_disc": 0.09870780000346713, "time_cnf": 0.20499030000064522, "time_VE": 0.0018757999932859093, "time_BP": 0.00963640000554733, "RMSE": 12.635897280251175, "WRMSE": 3.862922839721024, "MAE": 8.185760117255587, "PE": 0.012768598071356857, "exact_EV": 345, "disc_EV": 344.9559483366538, "Wass_scaled": 0.036404298328567994, "Wass_multi": 2.347788010390799, "time_wass": 0.7249395000108052}