{
	"nodecount" : 37329,
	"peaknodes" : 40141,
	"total_load_time" : 7.22606,
	"build_time" : 6.56237,
	"wmc_time" : 0.00910401,
	"wmc_value" : 1,
	"bn_to_cnf_time" : 0.309208
}
