{"distribution": "lg", "edges": [["A", "D"], ["B", "D"], ["D", "E"], ["C", "E"]], "root_params": "A ~ N(20,20) B ~ N(20,20) C ~ N(15,15)", "experiment": 107, "not_root_params": "D   ~   N ( 2 A + 3 B , 2 . 1 2 5 )   E   ~   N ( 3 C + 3 D , 2 . 1 2 5 )", "sample_size": 1288, "means": {"A": 20, "B": 20, "C": 15, "D": 100, "E": 345}, "disc_method": "EB", "bins": 30, "target_column": null, "CPT_method": "MLE", "time_disc": 0.0945413219742477, "time_cnf": 3.281617709901184, "time_VE": 0.002151492051780224, "time_BP": 0.012016891967505217, "RMSE": 16.600820817171513, "WRMSE": 6.320359283760949, "MAE": 12.186400701552506, "PE": 0.1524584440774864, "exact_EV": 345, "disc_EV": 345.5259816320673, "Wass_scaled": 0.024021777825887523, "Wass_multi": 1.5315728910278303, "time_wass": 0.5769148073159158}