{"distribution": "lg", "edges": [["A", "D"], ["B", "D"], ["D", "E"], ["C", "E"]], "root_params": "A ~ N(20,20) B ~ N(20,20) C ~ N(15,15)", "experiment": 107, "not_root_params": "D   ~   N ( 2 A + 3 B , 2 . 1 2 5 )   E   ~   N ( 3 C + 3 D , 2 . 1 2 5 )", "sample_size": 1288, "means": {"A": 20, "B": 20, "C": 15, "D": 100, "E": 345}, "disc_method": "EV", "bins": 8, "target_column": null, "CPT_method": "MLE", "time_disc": 0.09339560000807978, "time_cnf": 0.01555920000828337, "time_VE": 0.001375499996356666, "time_BP": 0.010993599993526004, "RMSE": 1.1010062450163738, "WRMSE": 1.1010062450163738, "MAE": 0.8049248728884137, "PE": 0.012379997673785207, "exact_EV": 345, "disc_EV": 344.95728900802544, "Wass_scaled": 0.3201380759978966, "Wass_multi": 4.294629127250073, "time_wass": 0.8230780999874696}