{"distribution": "lg", "edges": [["A", "D"], ["B", "D"], ["D", "E"], ["C", "E"]], "root_params": "A ~ N(20,20) B ~ N(20,20) C ~ N(15,15)", "experiment": 107, "not_root_params": "D   ~   N ( 2 A + 3 B , 2 . 1 2 5 )   E   ~   N ( 3 C + 3 D , 2 . 1 2 5 )", "sample_size": 1288, "means": {"A": 20, "B": 20, "C": 15, "D": 100, "E": 345}, "disc_method": "EV", "bins": 30, "target_column": null, "CPT_method": "MLE", "time_disc": 0.10710639999888372, "time_cnf": 0.7586955000006128, "time_VE": 0.0025215000059688464, "time_BP": 0.014779500008444302, "RMSE": 4.81418452885587, "WRMSE": 4.817504015554933, "MAE": 3.717240681293337, "PE": 0.09277843905788424, "exact_EV": 345, "disc_EV": 345.3200856147497, "Wass_scaled": 0.15964469721126803, "Wass_multi": 1.4380847186168007, "time_wass": 0.7998818999913055}