{"distribution": "lg", "edges": [["A", "D"], ["B", "D"], ["D", "E"], ["C", "E"]], "root_params": "A ~ N(20,20) B ~ N(20,20) C ~ N(15,15)", "experiment": 107, "not_root_params": "D   ~   N ( 2 A + 3 B , 2 . 1 2 5 )   E   ~   N ( 3 C + 3 D , 2 . 1 2 5 )", "sample_size": 1288, "means": {"A": 20, "B": 20, "C": 15, "D": 100, "E": 345}, "disc_method": "EB", "bins": 10, "target_column": null, "CPT_method": "MLE", "time_disc": 0.09834219999902416, "time_cnf": 0.03346330000204034, "time_VE": 0.0025001000030897558, "time_BP": 0.007860499987145886, "RMSE": 7.003774981164416, "WRMSE": 2.0954210490206724, "MAE": 3.9125561189152678, "PE": 0.019576270362508894, "exact_EV": 345, "disc_EV": 344.93246186724934, "Wass_scaled": 0.07873828017736348, "Wass_multi": 4.699367817135257, "time_wass": 0.8048290000006091}