{"distribution": "lg", "edges": [["A", "D"], ["B", "D"], ["D", "E"], ["C", "E"]], "root_params": "A ~ N(20,20) B ~ N(20,20) C ~ N(15,15)", "experiment": 106, "not_root_params": "D   ~   N ( 2 A + 3 B , 8 . 8 7 5 )   E   ~   N ( 3 C + 3 D , 8 . 8 7 5 )", "sample_size": 1762, "means": {"A": 20, "B": 20, "C": 15, "D": 100, "E": 345}, "disc_method": "MDLP", "bins": 2, "target_column": "E", "CPT_method": "Bayespriors", "time_disc": 1.481795463245362, "time_cnf": 0.39441861119121313, "time_VE": 0.001630169339478016, "time_BP": 0.005423259921371937, "RMSE": 6.313862334132946, "WRMSE": 6.641879376163309, "MAE": 5.4539872714258735, "PE": 0.32098226799134405, "exact_EV": 345, "disc_EV": 343.89261117542986, "Wass_scaled": 0.4313881580283276, "Wass_multi": 9.717920359647902, "time_wass": 1.0126958191394806}