{
	"nodecount" : 1175,
	"peaknodes" : 1238,
	"total_load_time" : 0.105105,
	"build_time" : 0.0931602,
	"wmc_time" : 0.00378394,
	"wmc_value" : 1,
	"bn_to_cnf_time" : 0.0027647
}
