{
	"nodecount" : 28792,
	"peaknodes" : 28868,
	"total_load_time" : 1.28778,
	"build_time" : 1.14027,
	"wmc_time" : 0.00686216
}
