{"distribution": "lg", "edges": [["A", "D"], ["B", "D"], ["D", "E"], ["C", "E"]], "root_params": "A ~ N(20,20) B ~ N(20,20) C ~ N(15,15)", "experiment": 106, "not_root_params": "D   ~   N ( 2 A + 3 B , 8 . 8 7 5 )   E   ~   N ( 3 C + 3 D , 8 . 8 7 5 )", "sample_size": 1762, "means": {"A": 20, "B": 20, "C": 15, "D": 100, "E": 345}, "disc_method": "EV", "bins": 17, "target_column": null, "CPT_method": "Bayespriors", "time_disc": 0.15861719999520574, "time_cnf": 0.14087010000366718, "time_VE": 0.0022815999982412905, "time_BP": 0.010535199995501898, "RMSE": 3.2514051741402077, "WRMSE": 3.2528263776096424, "MAE": 2.531218448888427, "PE": 0.29572303597482774, "exact_EV": 345, "disc_EV": 343.97975552588684, "Wass_scaled": 0.21854285830327788, "Wass_multi": 8.061022484410381, "time_wass": 1.3666721000045072}