{
	"nodecount" : 32947,
	"peaknodes" : 34436,
	"total_load_time" : 2.64039,
	"build_time" : 2.32852,
	"wmc_time" : 0.00787401
}
