{
	"nodecount" : 15000,
	"peaknodes" : 15519,
	"total_load_time" : 1.08229,
	"build_time" : 0.951068,
	"wmc_time" : 0.00479603
}
