{
	"nodecount" : 1715,
	"peaknodes" : 1715,
	"total_load_time" : 0.801861,
	"build_time" : 0.717499,
	"wmc_time" : 0.00181413
}
