{"distribution": "lg", "edges": [["A", "D"], ["B", "D"], ["D", "E"], ["C", "E"]], "root_params": "A ~ N(20,20) B ~ N(20,20) C ~ N(15,15)", "experiment": 106, "not_root_params": "D   ~   N ( 2 A + 3 B , 8 . 8 7 5 )   E   ~   N ( 3 C + 3 D , 8 . 8 7 5 )", "sample_size": 1762, "means": {"A": 20, "B": 20, "C": 15, "D": 100, "E": 345}, "disc_method": "EB", "bins": 5, "target_column": null, "CPT_method": "Bayespriors", "time_disc": 0.15121429999999236, "time_cnf": 0.012780799996107817, "time_VE": 0.0022570000000996515, "time_BP": 0.005880600001546554, "RMSE": 17.783038970521954, "WRMSE": 10.140901634574645, "MAE": 15.304112143282225, "PE": 0.29662752791872715, "exact_EV": 345, "disc_EV": 343.9766350286804, "Wass_scaled": 0.16921007292754175, "Wass_multi": 29.57571303353465, "time_wass": 1.2986690999969142}