{
	"nodecount" : 62587,
	"peaknodes" : 65044,
	"total_load_time" : 5.29782,
	"build_time" : 4.93396,
	"wmc_time" : 0.0118449,
	"wmc_value" : 1,
	"bn_to_cnf_time" : 0.175612
}
