{"distribution": "lg", "edges": [["A", "D"], ["B", "D"], ["D", "E"], ["C", "E"]], "root_params": "A ~ N(20,20) B ~ N(20,20) C ~ N(15,15)", "experiment": 106, "not_root_params": "D   ~   N ( 2 A + 3 B , 8 . 8 7 5 )   E   ~   N ( 3 C + 3 D , 8 . 8 7 5 )", "sample_size": 1762, "means": {"A": 20, "B": 20, "C": 15, "D": 100, "E": 345}, "disc_method": "EV", "bins": 12, "target_column": null, "CPT_method": "Bayespriors", "time_disc": 0.15798350000113714, "time_cnf": 0.05107800000405405, "time_VE": 0.0014359000051626936, "time_BP": 0.00767700000142213, "RMSE": 3.477874402947898, "WRMSE": 3.47899129484512, "MAE": 2.925345318905457, "PE": 0.3736039138288686, "exact_EV": 345, "disc_EV": 343.7110664972904, "Wass_scaled": 0.25952688358938564, "Wass_multi": 10.642875369711751, "time_wass": 1.3977942000055918}