{
	"nodecount" : 5720,
	"peaknodes" : 5720,
	"total_load_time" : 0.275304,
	"build_time" : 0.186495,
	"wmc_time" : 0.00306702
}
