{"distribution": "lg", "edges": [["A", "D"], ["B", "D"], ["D", "E"], ["C", "E"]], "root_params": "A ~ N(20,20) B ~ N(20,20) C ~ N(15,15)", "experiment": 106, "not_root_params": "D   ~   N ( 2 A + 3 B , 8 . 8 7 5 )   E   ~   N ( 3 C + 3 D , 8 . 8 7 5 )", "sample_size": 1762, "means": {"A": 20, "B": 20, "C": 15, "D": 100, "E": 345}, "disc_method": "EV", "bins": 5, "target_column": null, "CPT_method": "Bayespriors", "time_disc": 0.0952246361412108, "time_cnf": 0.40517687471583486, "time_VE": 0.0011543561704456806, "time_BP": 0.005065682344138622, "RMSE": 6.603190881590745, "WRMSE": 6.608614992163058, "MAE": 4.736525400453866, "PE": 0.40665482503715356, "exact_EV": 345, "disc_EV": 343.5970408536218, "Wass_scaled": 0.4266683906525711, "Wass_multi": 23.220755690674068, "time_wass": 1.02660510269925}