{
	"nodecount" : 77943,
	"peaknodes" : 83216,
	"total_load_time" : 4.11773,
	"build_time" : 3.58922,
	"wmc_time" : 0.0141859
}
