{
	"nodecount" : 3591,
	"peaknodes" : 3652,
	"total_load_time" : 0.241751,
	"build_time" : 0.165962,
	"wmc_time" : 0.00257277
}
