{
	"nodecount" : 1496,
	"peaknodes" : 1576,
	"total_load_time" : 0.135059,
	"build_time" : 0.0597339,
	"wmc_time" : 0.00183797
}
