{
	"nodecount" : 65689,
	"peaknodes" : 68798,
	"total_load_time" : 5.37411,
	"build_time" : 4.5505,
	"wmc_time" : 0.013974
}
