{"distribution": "lg", "edges": [["A", "D"], ["B", "D"], ["D", "E"], ["C", "E"]], "root_params": "A ~ N(20,20) B ~ N(20,20) C ~ N(15,15)", "experiment": 106, "not_root_params": "D   ~   N ( 2 A + 3 B , 8 . 8 7 5 )   E   ~   N ( 3 C + 3 D , 8 . 8 7 5 )", "sample_size": 1762, "means": {"A": 20, "B": 20, "C": 15, "D": 100, "E": 345}, "disc_method": "EV", "bins": 25, "target_column": null, "CPT_method": "Bayespriors", "time_disc": 0.18002689999411814, "time_cnf": 0.4988608999992721, "time_VE": 0.001968299999134615, "time_BP": 0.00945769999816548, "RMSE": 8.494800204574513, "WRMSE": 8.501601841241804, "MAE": 7.023337570890241, "PE": 0.11357986261035533, "exact_EV": 345, "disc_EV": 345.3918505260057, "Wass_scaled": 0.1826017488317497, "Wass_multi": 5.98732471334181, "time_wass": 1.341354100004537}