{"distribution": "lg", "edges": [["A", "D"], ["B", "D"], ["D", "E"], ["C", "E"]], "root_params": "A ~ N(20,20) B ~ N(20,20) C ~ N(15,15)", "experiment": 106, "not_root_params": "D   ~   N ( 2 A + 3 B , 8 . 8 7 5 )   E   ~   N ( 3 C + 3 D , 8 . 8 7 5 )", "sample_size": 1762, "means": {"A": 20, "B": 20, "C": 15, "D": 100, "E": 345}, "disc_method": "EV", "bins": 20, "target_column": null, "CPT_method": "Bayespriors", "time_disc": 0.1696356000029482, "time_cnf": 0.22706010000547394, "time_VE": 0.0026578999968478456, "time_BP": 0.0107844999874942, "RMSE": 4.52567924878955, "WRMSE": 4.525016617059404, "MAE": 3.6523482467229327, "PE": 0.12889191864391633, "exact_EV": 345, "disc_EV": 344.5553228806785, "Wass_scaled": 0.20270036745690975, "Wass_multi": 7.034944450262525, "time_wass": 1.362915099991369}