{
	"nodecount" : 62587,
	"peaknodes" : 65044,
	"total_load_time" : 2.87711,
	"build_time" : 2.55676,
	"wmc_time" : 0.0116551
}
