{"distribution": "lg", "edges": [["A", "D"], ["B", "D"], ["D", "E"], ["C", "E"]], "root_params": "A ~ N(20,20) B ~ N(20,20) C ~ N(15,15)", "experiment": 106, "not_root_params": "D   ~   N ( 2 A + 3 B , 8 . 8 7 5 )   E   ~   N ( 3 C + 3 D , 8 . 8 7 5 )", "sample_size": 1762, "means": {"A": 20, "B": 20, "C": 15, "D": 100, "E": 345}, "disc_method": "EB", "bins": 8, "target_column": null, "CPT_method": "Bayespriors", "time_disc": 0.1512836000038078, "time_cnf": 0.0184097000019392, "time_VE": 0.001407700008712709, "time_BP": 0.012394600009429269, "RMSE": 18.935141446613308, "WRMSE": 6.668145507582082, "MAE": 14.085415246345775, "PE": 0.2623241471999863, "exact_EV": 345, "disc_EV": 344.09498169216005, "Wass_scaled": 0.09755056809102133, "Wass_multi": 19.429569181877245, "time_wass": 1.3146531000093091}