{"distribution": "lg", "edges": [["A", "D"], ["B", "D"], ["D", "E"], ["C", "E"]], "root_params": "A ~ N(20,20) B ~ N(20,20) C ~ N(15,15)", "experiment": 106, "not_root_params": "D   ~   N ( 2 A + 3 B , 8 . 8 7 5 )   E   ~   N ( 3 C + 3 D , 8 . 8 7 5 )", "sample_size": 1762, "means": {"A": 20, "B": 20, "C": 15, "D": 100, "E": 345}, "disc_method": "EB", "bins": 12, "target_column": null, "CPT_method": "Bayespriors", "time_disc": 0.10016312170773745, "time_cnf": 0.6004612538963556, "time_VE": 0.001241880003362894, "time_BP": 0.005183760076761246, "RMSE": 45.31708751630059, "WRMSE": 9.036218219343258, "MAE": 24.82393760267667, "PE": 0.47024866443950775, "exact_EV": 345, "disc_EV": 343.3776421076837, "Wass_scaled": 0.06710488387963932, "Wass_multi": 12.875747539410897, "time_wass": 0.9415557072497904}