{
	"nodecount" : 19562,
	"peaknodes" : 19618,
	"total_load_time" : 0.921391,
	"build_time" : 0.80743,
	"wmc_time" : 0.00558805
}
