{
	"nodecount" : 79631,
	"peaknodes" : 88605,
	"total_load_time" : 5.87952,
	"build_time" : 4.97775,
	"wmc_time" : 0.0146401
}
