{"distribution": "lg", "edges": [["A", "D"], ["B", "D"], ["D", "E"], ["C", "E"]], "root_params": "A ~ N(20,20) B ~ N(20,20) C ~ N(15,15)", "experiment": 106, "not_root_params": "D   ~   N ( 2 A + 3 B , 8 . 8 7 5 )   E   ~   N ( 3 C + 3 D , 8 . 8 7 5 )", "sample_size": 1762, "means": {"A": 20, "B": 20, "C": 15, "D": 100, "E": 345}, "disc_method": "EB", "bins": 20, "target_column": null, "CPT_method": "Bayespriors", "time_disc": 0.10670191515237093, "time_cnf": 1.04831030825153, "time_VE": 0.001471497118473053, "time_BP": 0.00662902882322669, "RMSE": 61.86382225046322, "WRMSE": 15.003677832335311, "MAE": 39.62535931814797, "PE": 0.3292142868683707, "exact_EV": 345, "disc_EV": 343.8642107103041, "Wass_scaled": 0.034435305098718456, "Wass_multi": 7.823578384818553, "time_wass": 0.8812294900417328}