{"distribution": "lg", "edges": [["A", "D"], ["B", "D"], ["D", "E"], ["C", "E"]], "root_params": "A ~ N(20,20) B ~ N(20,20) C ~ N(15,15)", "experiment": 106, "not_root_params": "D   ~   N ( 2 A + 3 B , 8 . 8 7 5 )   E   ~   N ( 3 C + 3 D , 8 . 8 7 5 )", "sample_size": 1762, "means": {"A": 20, "B": 20, "C": 15, "D": 100, "E": 345}, "disc_method": "EB", "bins": 10, "target_column": null, "CPT_method": "Bayespriors", "time_disc": 0.16766829999687616, "time_cnf": 0.03418330001295544, "time_VE": 0.0022555000032298267, "time_BP": 0.0053017000027466565, "RMSE": 36.38475458092254, "WRMSE": 8.022499957532888, "MAE": 20.733501858522832, "PE": 0.3941022991164349, "exact_EV": 345, "disc_EV": 343.6403470680483, "Wass_scaled": 0.07624498992086069, "Wass_multi": 15.624772580456295, "time_wass": 1.29873320000479}