{"distribution": "lg", "edges": [["A", "D"], ["B", "D"], ["D", "E"], ["C", "E"]], "root_params": "A ~ N(20,20) B ~ N(20,20) C ~ N(15,15)", "experiment": 106, "not_root_params": "D   ~   N ( 2 A + 3 B , 8 . 8 7 5 )   E   ~   N ( 3 C + 3 D , 8 . 8 7 5 )", "sample_size": 1762, "means": {"A": 20, "B": 20, "C": 15, "D": 100, "E": 345}, "disc_method": "EB", "bins": 14, "target_column": null, "CPT_method": "Bayespriors", "time_disc": 0.1722831000079168, "time_cnf": 0.079241200000979, "time_VE": 0.002236200001789257, "time_BP": 0.007837899989681318, "RMSE": 48.247197634785394, "WRMSE": 10.876204082212514, "MAE": 27.704458937051545, "PE": 0.5212556708424828, "exact_EV": 345, "disc_EV": 343.20166793559343, "Wass_scaled": 0.052838347469584684, "Wass_multi": 11.299128166342678, "time_wass": 1.2991548999998486}