{
	"nodecount" : 12684,
	"peaknodes" : 12684,
	"total_load_time" : 0.613837,
	"build_time" : 0.528386,
	"wmc_time" : 0.00425816
}
