{"distribution": "lg", "edges": [["A", "D"], ["B", "D"], ["D", "E"], ["C", "E"]], "root_params": "A ~ N(20,20) B ~ N(20,20) C ~ N(15,15)", "experiment": 106, "not_root_params": "D   ~   N ( 2 A + 3 B , 8 . 8 7 5 )   E   ~   N ( 3 C + 3 D , 8 . 8 7 5 )", "sample_size": 1762, "means": {"A": 20, "B": 20, "C": 15, "D": 100, "E": 345}, "disc_method": "EB", "bins": 17, "target_column": null, "CPT_method": "Bayespriors", "time_disc": 0.1719790000061039, "time_cnf": 0.1836792000103742, "time_VE": 0.0015581000043312088, "time_BP": 0.00697980000404641, "RMSE": 53.743268184288794, "WRMSE": 12.537068603177575, "MAE": 33.34026196452457, "PE": 0.5481871938836183, "exact_EV": 345, "disc_EV": 343.1087541811015, "Wass_scaled": 0.04674194711599331, "Wass_multi": 9.307367679172394, "time_wass": 1.2779138999903807}