{
	"nodecount" : 1175,
	"peaknodes" : 1238,
	"total_load_time" : 0.118564,
	"build_time" : 0.0548561,
	"wmc_time" : 0.001683
}
