{"distribution": "lg", "edges": [["A", "D"], ["B", "D"], ["D", "E"], ["C", "E"]], "root_params": "A ~ N(20,20) B ~ N(20,20) C ~ N(15,15)", "experiment": 104, "not_root_params": "D   ~   N ( 2 A + 3 B , 7 . 7 5 )   E   ~   N ( 3 C + 3 D , 7 . 7 5 )", "sample_size": 575, "means": {"A": 20, "B": 20, "C": 15, "D": 100, "E": 345}, "disc_method": "EV", "bins": 25, "target_column": null, "CPT_method": "MLE", "time_disc": 0.07740583177655935, "time_cnf": 1.6313209808431566, "time_VE": 0.0020752218551933765, "time_BP": 0.01052244333550334, "RMSE": 25.030539354097407, "WRMSE": 25.030539354097407, "MAE": 19.84058581043627, "PE": 0.5052786836071773, "exact_EV": 345, "disc_EV": 343.25678854155524, "Wass_scaled": 0.16564705955559655, "Wass_multi": 5.915310952727745, "time_wass": 0.27399768866598606}