{
	"nodecount" : 2436,
	"peaknodes" : 2574,
	"total_load_time" : 0.239196,
	"build_time" : 0.164999,
	"wmc_time" : 0.00255799
}
