{"distribution": "lg", "edges": [["A", "D"], ["B", "D"], ["D", "E"], ["C", "E"]], "root_params": "A ~ N(20,20) B ~ N(20,20) C ~ N(15,15)", "experiment": 104, "not_root_params": "D   ~   N ( 2 A + 3 B , 7 . 7 5 )   E   ~   N ( 3 C + 3 D , 7 . 7 5 )", "sample_size": 575, "means": {"A": 20, "B": 20, "C": 15, "D": 100, "E": 345}, "disc_method": "EB", "bins": 12, "target_column": null, "CPT_method": "MLE", "time_disc": 0.06307563604786992, "time_cnf": 0.2727397778071463, "time_VE": 0.0022196792997419834, "time_BP": 0.007722268812358379, "RMSE": 36.831143899987616, "WRMSE": 12.391813808050824, "MAE": 24.971112889410488, "PE": 0.5619372899853268, "exact_EV": 345, "disc_EV": 343.0613163495506, "Wass_scaled": 0.06338422188285052, "Wass_multi": 12.56019271855909, "time_wass": 0.2735464288853109}