{"distribution": "lg", "edges": [["A", "D"], ["B", "D"], ["D", "E"], ["C", "E"]], "root_params": "A ~ N(20,20) B ~ N(20,20) C ~ N(15,15)", "experiment": 104, "not_root_params": "D   ~   N ( 2 A + 3 B , 7 . 7 5 )   E   ~   N ( 3 C + 3 D , 7 . 7 5 )", "sample_size": 575, "means": {"A": 20, "B": 20, "C": 15, "D": 100, "E": 345}, "disc_method": "EV", "bins": 8, "target_column": null, "CPT_method": "MLE", "time_disc": 0.054917747154831886, "time_cnf": 0.2640230939723551, "time_VE": 0.0016674739308655262, "time_BP": 0.007391054183244705, "RMSE": 4.180235400385936, "WRMSE": 4.182784481718339, "MAE": 3.3894969492737346, "PE": 0.7037208752925328, "exact_EV": 345, "disc_EV": 342.57216298024076, "Wass_scaled": 0.309459978809069, "Wass_multi": 14.764725054839632, "time_wass": 0.19774085516110063}