{
	"nodecount" : 6391,
	"peaknodes" : 6875,
	"total_load_time" : 0.795034,
	"build_time" : 0.684707,
	"wmc_time" : 0.00403595
}
