{"distribution": "lg", "edges": [["A", "D"], ["B", "D"], ["D", "E"], ["C", "E"]], "root_params": "A ~ N(20,20) B ~ N(20,20) C ~ N(15,15)", "experiment": 104, "not_root_params": "D   ~   N ( 2 A + 3 B , 7 . 7 5 )   E   ~   N ( 3 C + 3 D , 7 . 7 5 )", "sample_size": 575, "means": {"A": 20, "B": 20, "C": 15, "D": 100, "E": 345}, "disc_method": "EB", "bins": 10, "target_column": null, "CPT_method": "MLE", "time_disc": 0.0588943618349731, "time_cnf": 0.31190172070637345, "time_VE": 0.001561787910759449, "time_BP": 0.005922650918364525, "RMSE": 34.66703276197012, "WRMSE": 12.000169109322421, "MAE": 23.87906685386557, "PE": 0.3276114848382758, "exact_EV": 345, "disc_EV": 343.86974037730795, "Wass_scaled": 0.0747002897603397, "Wass_multi": 15.269600020690497, "time_wass": 0.27165415370836854}