{
	"nodecount" : 8185,
	"peaknodes" : 8268,
	"total_load_time" : 0.568152,
	"build_time" : 0.50303,
	"wmc_time" : 0.00321198
}
