{
	"nodecount" : 1553,
	"peaknodes" : 1553,
	"total_load_time" : 0.70684,
	"build_time" : 0.619923,
	"wmc_time" : 0.00197983
}
