{
	"nodecount" : 12367,
	"peaknodes" : 13428,
	"total_load_time" : 1.02614,
	"build_time" : 0.949035,
	"wmc_time" : 0.00480413
}
