{"distribution": "lg", "edges": [["A", "D"], ["B", "D"], ["D", "E"], ["C", "E"]], "root_params": "A ~ N(20,20) B ~ N(20,20) C ~ N(15,15)", "experiment": 104, "not_root_params": "D   ~   N ( 2 A + 3 B , 7 . 7 5 )   E   ~   N ( 3 C + 3 D , 7 . 7 5 )", "sample_size": 575, "means": {"A": 20, "B": 20, "C": 15, "D": 100, "E": 345}, "disc_method": "EB", "bins": 30, "target_column": null, "CPT_method": "MLE", "time_disc": 0.09220618801191449, "time_cnf": 2.839076468721032, "time_VE": 0.002088800072669983, "time_BP": 0.012066475115716457, "RMSE": 66.12245139514097, "WRMSE": 27.683299878266123, "MAE": 51.531351529633255, "PE": 1.7145733035465418, "exact_EV": 345, "disc_EV": 339.08472210276443, "Wass_scaled": 0.023010269734523216, "Wass_multi": 5.262621711115571, "time_wass": 0.27297133672982454}