{
	"nodecount" : 10601,
	"peaknodes" : 11118,
	"total_load_time" : 0.764393,
	"build_time" : 0.679512,
	"wmc_time" : 0.004179
}
