{"distribution": "lg", "edges": [["A", "D"], ["B", "D"], ["D", "E"], ["C", "E"]], "root_params": "A ~ N(20,20) B ~ N(20,20) C ~ N(15,15)", "experiment": 104, "not_root_params": "D   ~   N ( 2 A + 3 B , 7 . 7 5 )   E   ~   N ( 3 C + 3 D , 7 . 7 5 )", "sample_size": 575, "means": {"A": 20, "B": 20, "C": 15, "D": 100, "E": 345}, "disc_method": "EB", "bins": 17, "target_column": null, "CPT_method": "MLE", "time_disc": 0.09493710000242572, "time_cnf": 0.13529259999631904, "time_VE": 0.0015622999926563352, "time_BP": 0.010160799996810965, "RMSE": 55.46349284251956, "WRMSE": 18.360767710960037, "MAE": 37.799127460271784, "PE": 1.0590448021060552, "exact_EV": 345, "disc_EV": 341.3462954327341, "Wass_scaled": 0.042496403424459095, "Wass_multi": 9.063072061875937, "time_wass": 0.20963800000026822}