{
	"nodecount" : 15488,
	"peaknodes" : 19327,
	"total_load_time" : 4.02924,
	"build_time" : 3.47068,
	"wmc_time" : 0.00474286
}
