{
	"nodecount" : 8623,
	"peaknodes" : 9427,
	"total_load_time" : 1.18344,
	"build_time" : 1.02127,
	"wmc_time" : 0.00392103
}
