{
	"nodecount" : 4080,
	"peaknodes" : 4080,
	"total_load_time" : 0.380884,
	"build_time" : 0.337448,
	"wmc_time" : 0.0094409,
	"wmc_value" : 1,
	"bn_to_cnf_time" : 0.00923705
}
