{
	"nodecount" : 4559,
	"peaknodes" : 4950,
	"total_load_time" : 0.939541,
	"build_time" : 0.894847,
	"wmc_time" : 0.00400686,
	"wmc_value" : 1,
	"bn_to_cnf_time" : 0.0196998
}
