{"distribution": "lg", "edges": [["A", "D"], ["B", "D"], ["D", "E"], ["C", "E"]], "root_params": "A ~ N(20,20) B ~ N(20,20) C ~ N(15,15)", "experiment": 104, "not_root_params": "D   ~   N ( 2 A + 3 B , 7 . 7 5 )   E   ~   N ( 3 C + 3 D , 7 . 7 5 )", "sample_size": 575, "means": {"A": 20, "B": 20, "C": 15, "D": 100, "E": 345}, "disc_method": "EB", "bins": 8, "target_column": null, "CPT_method": "MLE", "time_disc": 0.08685579999291804, "time_cnf": 0.01766079998924397, "time_VE": 0.00254470000800211, "time_BP": 0.005531399991014041, "RMSE": 30.660042520418592, "WRMSE": 10.27176685197542, "MAE": 19.647696420104477, "PE": 0.5689709628548015, "exact_EV": 345, "disc_EV": 343.03705017815093, "Wass_scaled": 0.10329895885749164, "Wass_multi": 18.298699302665604, "time_wass": 0.22779450000962242}