{
	"nodecount" : 1240,
	"peaknodes" : 1311,
	"total_load_time" : 0.152268,
	"build_time" : 0.114444,
	"wmc_time" : 0.00436306,
	"wmc_value" : 1,
	"bn_to_cnf_time" : 0.0025475
}
