{"distribution": "lg", "edges": [["A", "D"], ["B", "D"], ["D", "E"], ["C", "E"]], "root_params": "A ~ N(20,20) B ~ N(20,20) C ~ N(15,15)", "experiment": 104, "not_root_params": "D   ~   N ( 2 A + 3 B , 7 . 7 5 )   E   ~   N ( 3 C + 3 D , 7 . 7 5 )", "sample_size": 575, "means": {"A": 20, "B": 20, "C": 15, "D": 100, "E": 345}, "disc_method": "EB", "bins": 20, "target_column": null, "CPT_method": "MLE", "time_disc": 0.06733367498964071, "time_cnf": 0.6693882080726326, "time_VE": 0.0019276668317615986, "time_BP": 0.007632883731275797, "RMSE": 57.62075015286873, "WRMSE": 20.367744809782558, "MAE": 41.08440787242745, "PE": 0.963483635228046, "exact_EV": 345, "disc_EV": 341.67598145846324, "Wass_scaled": 0.034298336954389295, "Wass_multi": 7.74557395413255, "time_wass": 0.24041394097730517}