{"distribution": "lg", "edges": [["A", "D"], ["B", "D"], ["D", "E"], ["C", "E"]], "root_params": "A ~ N(20,20) B ~ N(20,20) C ~ N(15,15)", "experiment": 104, "not_root_params": "D   ~   N ( 2 A + 3 B , 7 . 7 5 )   E   ~   N ( 3 C + 3 D , 7 . 7 5 )", "sample_size": 575, "means": {"A": 20, "B": 20, "C": 15, "D": 100, "E": 345}, "disc_method": "EV", "bins": 14, "target_column": null, "CPT_method": "MLE", "time_disc": 0.06697146594524384, "time_cnf": 0.34180413326248527, "time_VE": 0.001850740984082222, "time_BP": 0.007130825892090797, "RMSE": 6.805631897180235, "WRMSE": 6.799659212905552, "MAE": 4.949944163704044, "PE": 0.9141447088155223, "exact_EV": 345, "disc_EV": 341.84620075458645, "Wass_scaled": 0.227624553773378, "Wass_multi": 9.472346530331212, "time_wass": 0.29169904766604304}