{"distribution": "lg", "edges": [["A", "D"], ["B", "D"], ["D", "E"], ["C", "E"]], "root_params": "A ~ N(20,20) B ~ N(20,20) C ~ N(15,15)", "experiment": 104, "not_root_params": "D   ~   N ( 2 A + 3 B , 7 . 7 5 )   E   ~   N ( 3 C + 3 D , 7 . 7 5 )", "sample_size": 575, "means": {"A": 20, "B": 20, "C": 15, "D": 100, "E": 345}, "disc_method": "EV", "bins": 25, "target_column": null, "CPT_method": "MLE", "time_disc": 0.08973049999622162, "time_cnf": 0.40499239999917336, "time_VE": 0.0019429999956628308, "time_BP": 0.010097799997311085, "RMSE": 25.0305393540974, "WRMSE": 25.0305393540974, "MAE": 19.840585810436266, "PE": 0.5052786836071773, "exact_EV": 345, "disc_EV": 343.25678854155524, "Wass_scaled": 0.16564705955559655, "Wass_multi": 5.915310952727745, "time_wass": 0.21262009999190923}