{
	"nodecount" : 17083,
	"peaknodes" : 21013,
	"total_load_time" : 4.69292,
	"build_time" : 4.35458,
	"wmc_time" : 0.00474787,
	"wmc_value" : 1,
	"bn_to_cnf_time" : 0.164883
}
