{"distribution": "lg", "edges": [["A", "D"], ["B", "D"], ["D", "E"], ["C", "E"]], "root_params": "A ~ N(20,20) B ~ N(20,20) C ~ N(15,15)", "experiment": 104, "not_root_params": "D   ~   N ( 2 A + 3 B , 7 . 7 5 )   E   ~   N ( 3 C + 3 D , 7 . 7 5 )", "sample_size": 575, "means": {"A": 20, "B": 20, "C": 15, "D": 100, "E": 345}, "disc_method": "EV", "bins": 17, "target_column": null, "CPT_method": "MLE", "time_disc": 0.06907449988648295, "time_cnf": 0.25560802686959505, "time_VE": 0.0019033998250961304, "time_BP": 0.007728011813014746, "RMSE": 9.781430390070996, "WRMSE": 9.805736774144789, "MAE": 6.738620089513554, "PE": 0.4418714281286176, "exact_EV": 345, "disc_EV": 343.47554357295627, "Wass_scaled": 0.2052040465887639, "Wass_multi": 8.216335534706717, "time_wass": 0.2871031020767987}