{"distribution": "lg", "edges": [["A", "D"], ["B", "D"], ["D", "E"], ["C", "E"]], "root_params": "A ~ N(20,20) B ~ N(20,20) C ~ N(15,15)", "experiment": 104, "not_root_params": "D   ~   N ( 2 A + 3 B , 7 . 7 5 )   E   ~   N ( 3 C + 3 D , 7 . 7 5 )", "sample_size": 575, "means": {"A": 20, "B": 20, "C": 15, "D": 100, "E": 345}, "disc_method": "EV", "bins": 10, "target_column": null, "CPT_method": "MLE", "time_disc": 0.05844171065837145, "time_cnf": 0.2902048001997173, "time_VE": 0.0016259183175861835, "time_BP": 0.006369780283421278, "RMSE": 4.44165424836809, "WRMSE": 4.444204899606787, "MAE": 3.652781250502238, "PE": 0.8471990370954714, "exact_EV": 345, "disc_EV": 342.0771633220206, "Wass_scaled": 0.27329038613047923, "Wass_multi": 12.49465303083849, "time_wass": 0.27700527757406235}