{"distribution": "lg", "edges": [["A", "D"], ["B", "D"], ["D", "E"], ["C", "E"]], "root_params": "A ~ N(20,20) B ~ N(20,20) C ~ N(15,15)", "experiment": 104, "not_root_params": "D   ~   N ( 2 A + 3 B , 7 . 7 5 )   E   ~   N ( 3 C + 3 D , 7 . 7 5 )", "sample_size": 575, "means": {"A": 20, "B": 20, "C": 15, "D": 100, "E": 345}, "disc_method": "EB", "bins": 5, "target_column": null, "CPT_method": "MLE", "time_disc": 0.082108500006143, "time_cnf": 0.008278799999970943, "time_VE": 0.002253500002552755, "time_BP": 0.012623000002349727, "RMSE": 22.206353230464384, "WRMSE": 9.926540235210561, "MAE": 17.43122946577727, "PE": 0.6290716019745487, "exact_EV": 345, "disc_EV": 342.8297029731878, "Wass_scaled": 0.167362425711281, "Wass_multi": 28.505849024924085, "time_wass": 0.21583359999931417}