{
	"nodecount" : 17083,
	"peaknodes" : 21013,
	"total_load_time" : 2.67691,
	"build_time" : 2.3593,
	"wmc_time" : 0.00584507
}
