{
	"nodecount" : 16535,
	"peaknodes" : 18993,
	"total_load_time" : 3.66242,
	"build_time" : 3.47959,
	"wmc_time" : 0.00475693,
	"wmc_value" : 1,
	"bn_to_cnf_time" : 0.100418
}
