{"distribution": "lg", "edges": [["A", "D"], ["B", "D"], ["D", "E"], ["C", "E"]], "root_params": "A ~ N(20,20) B ~ N(20,20) C ~ N(15,15)", "experiment": 104, "not_root_params": "D   ~   N ( 2 A + 3 B , 7 . 7 5 )   E   ~   N ( 3 C + 3 D , 7 . 7 5 )", "sample_size": 575, "means": {"A": 20, "B": 20, "C": 15, "D": 100, "E": 345}, "disc_method": "EV", "bins": 8, "target_column": null, "CPT_method": "MLE", "time_disc": 0.09343040001112968, "time_cnf": 0.016235200004302897, "time_VE": 0.002474599998095073, "time_BP": 0.005984100003843196, "RMSE": 4.180235400385948, "WRMSE": 4.182784481718352, "MAE": 3.3894969492737417, "PE": 0.7037208752925328, "exact_EV": 345, "disc_EV": 342.57216298024076, "Wass_scaled": 0.309459978809069, "Wass_multi": 14.764725054839632, "time_wass": 0.2264337000087835}