{
	"nodecount" : 1063,
	"peaknodes" : 1128,
	"total_load_time" : 0.130361,
	"build_time" : 0.115362,
	"wmc_time" : 0.00312805,
	"wmc_value" : 1,
	"bn_to_cnf_time" : 0.00261235
}
