{"distribution": "lg", "edges": [["A", "D"], ["B", "D"], ["D", "E"], ["C", "E"]], "root_params": "A ~ N(20,20) B ~ N(20,20) C ~ N(15,15)", "experiment": 118, "not_root_params": "D   ~   N ( 2 A + 3 B , 9 . 7 1 8 7 5 )   E   ~   N ( 3 C + 3 D , 9 . 7 1 8 7 5 )", "sample_size": 1228, "means": {"A": 20, "B": 20, "C": 15, "D": 100, "E": 345}, "disc_method": "EV", "bins": 14, "target_column": null, "CPT_method": "MLE", "time_disc": 0.07363117393106222, "time_cnf": 0.41762768803164363, "time_VE": 0.004212455824017525, "time_BP": 0.01402236009016633, "RMSE": 4.0243495395423174, "WRMSE": 4.029685622511164, "MAE": 3.1357288075554073, "PE": 0.04828109970711249, "exact_EV": 345, "disc_EV": 345.16656979398954, "Wass_scaled": 0.21595342467214823, "Wass_multi": 10.793689869312884, "time_wass": 0.7451507886871696}