{
	"nodecount" : 1063,
	"peaknodes" : 1128,
	"total_load_time" : 0.0825212,
	"build_time" : 0.0693159,
	"wmc_time" : 0.002455
}
