{"distribution": "lg", "edges": [["A", "D"], ["B", "D"], ["D", "E"], ["C", "E"]], "root_params": "A ~ N(20,20) B ~ N(20,20) C ~ N(15,15)", "experiment": 118, "not_root_params": "D   ~   N ( 2 A + 3 B , 9 . 7 1 8 7 5 )   E   ~   N ( 3 C + 3 D , 9 . 7 1 8 7 5 )", "sample_size": 1228, "means": {"A": 20, "B": 20, "C": 15, "D": 100, "E": 345}, "disc_method": "EB", "bins": 14, "target_column": null, "CPT_method": "MLE", "time_disc": 0.1043062000098871, "time_cnf": 0.0769365000014659, "time_VE": 0.0014989000046625733, "time_BP": 0.00895180000225082, "RMSE": 36.075469853299396, "WRMSE": 12.091333616156037, "MAE": 23.520591121694515, "PE": 0.18825642366483158, "exact_EV": 345, "disc_EV": 345.64948466164367, "Wass_scaled": 0.05681076056653016, "Wass_multi": 12.105881641373696, "time_wass": 0.7403743000031682}