{
	"nodecount" : 6509,
	"peaknodes" : 6815,
	"total_load_time" : 0.775387,
	"build_time" : 0.608474,
	"wmc_time" : 0.00537705
}
