{
	"nodecount" : 10380,
	"peaknodes" : 10470,
	"total_load_time" : 0.878294,
	"build_time" : 0.616716,
	"wmc_time" : 0.004565
}
