{"distribution": "lg", "edges": [["A", "D"], ["B", "D"], ["D", "E"], ["C", "E"]], "root_params": "A ~ N(20,20) B ~ N(20,20) C ~ N(15,15)", "experiment": 118, "not_root_params": "D   ~   N ( 2 A + 3 B , 9 . 7 1 8 7 5 )   E   ~   N ( 3 C + 3 D , 9 . 7 1 8 7 5 )", "sample_size": 1228, "means": {"A": 20, "B": 20, "C": 15, "D": 100, "E": 345}, "disc_method": "EV", "bins": 10, "target_column": null, "CPT_method": "MLE", "time_disc": 0.07314101280644536, "time_cnf": 1.443490331992507, "time_VE": 0.003294571302831173, "time_BP": 0.013449938967823982, "RMSE": 3.6680571134894104, "WRMSE": 3.6705144522982267, "MAE": 2.964302581169426, "PE": 0.09500936634019812, "exact_EV": 345, "disc_EV": 344.6722176861263, "Wass_scaled": 0.2617659734623325, "Wass_multi": 14.493317361813508, "time_wass": 1.0986246070824564}