{"distribution": "lg", "edges": [["A", "D"], ["B", "D"], ["D", "E"], ["C", "E"]], "root_params": "A ~ N(20,20) B ~ N(20,20) C ~ N(15,15)", "experiment": 118, "not_root_params": "D   ~   N ( 2 A + 3 B , 9 . 7 1 8 7 5 )   E   ~   N ( 3 C + 3 D , 9 . 7 1 8 7 5 )", "sample_size": 1228, "means": {"A": 20, "B": 20, "C": 15, "D": 100, "E": 345}, "disc_method": "EV", "bins": 12, "target_column": null, "CPT_method": "MLE", "time_disc": 0.07443679729476571, "time_cnf": 0.6716623650863767, "time_VE": 0.003361644223332405, "time_BP": 0.013641247060149908, "RMSE": 4.2799117267255795, "WRMSE": 4.2840684223302326, "MAE": 3.560707829089362, "PE": 0.0436714174287627, "exact_EV": 345, "disc_EV": 345.15066639012923, "Wass_scaled": 0.23597902737639403, "Wass_multi": 12.152084251816943, "time_wass": 0.8878218336030841}