{
	"nodecount" : 22129,
	"peaknodes" : 22229,
	"total_load_time" : 1.76982,
	"build_time" : 1.56029,
	"wmc_time" : 0.0144219
}
