{"distribution": "lg", "edges": [["A", "D"], ["B", "D"], ["D", "E"], ["C", "E"]], "root_params": "A ~ N(20,20) B ~ N(20,20) C ~ N(15,15)", "experiment": 118, "not_root_params": "D   ~   N ( 2 A + 3 B , 9 . 7 1 8 7 5 )   E   ~   N ( 3 C + 3 D , 9 . 7 1 8 7 5 )", "sample_size": 1228, "means": {"A": 20, "B": 20, "C": 15, "D": 100, "E": 345}, "disc_method": "EV", "bins": 12, "target_column": null, "CPT_method": "MLE", "time_disc": 0.12485500000184402, "time_cnf": 0.05993999999191146, "time_VE": 0.0025258999958168715, "time_BP": 0.011731200007488951, "RMSE": 4.279911726725587, "WRMSE": 4.2840684223302405, "MAE": 3.5607078290893717, "PE": 0.0436714174287627, "exact_EV": 345, "disc_EV": 345.15066639012923, "Wass_scaled": 0.23597902737639403, "Wass_multi": 12.152084251816943, "time_wass": 0.8352699999959441}