{"distribution": "lg", "edges": [["A", "D"], ["B", "D"], ["D", "E"], ["C", "E"]], "root_params": "A ~ N(20,20) B ~ N(20,20) C ~ N(15,15)", "experiment": 118, "not_root_params": "D   ~   N ( 2 A + 3 B , 9 . 7 1 8 7 5 )   E   ~   N ( 3 C + 3 D , 9 . 7 1 8 7 5 )", "sample_size": 1228, "means": {"A": 20, "B": 20, "C": 15, "D": 100, "E": 345}, "disc_method": "EB", "bins": 12, "target_column": null, "CPT_method": "MLE", "time_disc": 0.11193699999421369, "time_cnf": 0.06302709999727085, "time_VE": 0.0017946000007214025, "time_BP": 0.013721299997996539, "RMSE": 32.7328320346393, "WRMSE": 11.1162120991585, "MAE": 21.657262561338957, "PE": 0.11398537423675419, "exact_EV": 345, "disc_EV": 345.3932495411168, "Wass_scaled": 0.06521617052145869, "Wass_multi": 13.479839134578611, "time_wass": 0.7812285999971209}