{"distribution": "lg", "edges": [["A", "D"], ["B", "D"], ["D", "E"], ["C", "E"]], "root_params": "A ~ N(20,20) B ~ N(20,20) C ~ N(15,15)", "experiment": 118, "not_root_params": "D   ~   N ( 2 A + 3 B , 9 . 7 1 8 7 5 )   E   ~   N ( 3 C + 3 D , 9 . 7 1 8 7 5 )", "sample_size": 1228, "means": {"A": 20, "B": 20, "C": 15, "D": 100, "E": 345}, "disc_method": "EB", "bins": 10, "target_column": null, "CPT_method": "MLE", "time_disc": 0.07196069788187742, "time_cnf": 0.22841490292921662, "time_VE": 0.002959972247481346, "time_BP": 0.012918584048748016, "RMSE": 22.70301818233249, "WRMSE": 8.312112475656665, "MAE": 14.041535502104148, "PE": 0.1865347562212442, "exact_EV": 345, "disc_EV": 345.6435449089633, "Wass_scaled": 0.07975394911097225, "Wass_multi": 16.43579178052085, "time_wass": 0.8136527417227626}