{
	"nodecount" : 22134,
	"peaknodes" : 23502,
	"total_load_time" : 3.21618,
	"build_time" : 2.64056,
	"wmc_time" : 0.00965714
}
