{
	"nodecount" : 34684,
	"peaknodes" : 35945,
	"total_load_time" : 4.26256,
	"build_time" : 4.07526,
	"wmc_time" : 0.00844693,
	"wmc_value" : 1,
	"bn_to_cnf_time" : 0.126692
}
