{
	"nodecount" : 46345,
	"peaknodes" : 50623,
	"total_load_time" : 9.91657,
	"build_time" : 8.57347,
	"wmc_time" : 0.0206299
}
