{
	"nodecount" : 27137,
	"peaknodes" : 29150,
	"total_load_time" : 5.65263,
	"build_time" : 5.17423,
	"wmc_time" : 0.0145268,
	"wmc_value" : 1,
	"bn_to_cnf_time" : 0.162623
}
