{
	"nodecount" : 3346,
	"peaknodes" : 3346,
	"total_load_time" : 0.344919,
	"build_time" : 0.246233,
	"wmc_time" : 0.00429082
}
