{"distribution": "lg", "edges": [["A", "D"], ["B", "D"], ["D", "E"], ["C", "E"]], "root_params": "A ~ N(20,20) B ~ N(20,20) C ~ N(15,15)", "experiment": 118, "not_root_params": "D   ~   N ( 2 A + 3 B , 9 . 7 1 8 7 5 )   E   ~   N ( 3 C + 3 D , 9 . 7 1 8 7 5 )", "sample_size": 1228, "means": {"A": 20, "B": 20, "C": 15, "D": 100, "E": 345}, "disc_method": "EB", "bins": 25, "target_column": null, "CPT_method": "MLE", "time_disc": 0.09584241826087236, "time_cnf": 1.650761699769646, "time_VE": 0.0024593789130449295, "time_BP": 0.010913325008004904, "RMSE": 65.95584833072193, "WRMSE": 22.400460643586595, "MAE": 45.61730278496862, "PE": 0.5928377354727534, "exact_EV": 345, "disc_EV": 342.954709812619, "Wass_scaled": 0.029330300140596108, "Wass_multi": 6.436407973868636, "time_wass": 0.6975871850736439}