{
	"nodecount" : 40506,
	"peaknodes" : 44161,
	"total_load_time" : 4.15347,
	"build_time" : 3.58671,
	"wmc_time" : 0.0149319
}
