{"distribution": "lg", "edges": [["A", "D"], ["B", "D"], ["D", "E"], ["C", "E"]], "root_params": "A ~ N(20,20) B ~ N(20,20) C ~ N(15,15)", "experiment": 118, "not_root_params": "D   ~   N ( 2 A + 3 B , 9 . 7 1 8 7 5 )   E   ~   N ( 3 C + 3 D , 9 . 7 1 8 7 5 )", "sample_size": 1228, "means": {"A": 20, "B": 20, "C": 15, "D": 100, "E": 345}, "disc_method": "EV", "bins": 8, "target_column": null, "CPT_method": "MLE", "time_disc": 0.08009190000302624, "time_cnf": 0.016321399991284125, "time_VE": 0.0014385999966179952, "time_BP": 0.005986999996821396, "RMSE": 4.978416086298154, "WRMSE": 4.983933707946879, "MAE": 4.062868717252854, "PE": 0.01084359854346168, "exact_EV": 345, "disc_EV": 344.96258958502506, "Wass_scaled": 0.298213354110698, "Wass_multi": 17.598568637970015, "time_wass": 0.755204600005527}