{"distribution": "lg", "edges": [["A", "D"], ["B", "D"], ["D", "E"], ["C", "E"]], "root_params": "A ~ N(20,20) B ~ N(20,20) C ~ N(15,15)", "experiment": 118, "not_root_params": "D   ~   N ( 2 A + 3 B , 9 . 7 1 8 7 5 )   E   ~   N ( 3 C + 3 D , 9 . 7 1 8 7 5 )", "sample_size": 1228, "means": {"A": 20, "B": 20, "C": 15, "D": 100, "E": 345}, "disc_method": "EV", "bins": 17, "target_column": null, "CPT_method": "MLE", "time_disc": 0.1355708000046434, "time_cnf": 0.16792279999936, "time_VE": 0.0017407999985152856, "time_BP": 0.010148400004254654, "RMSE": 5.793194397350108, "WRMSE": 5.811651135184658, "MAE": 3.79143276566914, "PE": 0.41058711015946003, "exact_EV": 345, "disc_EV": 343.58347446994986, "Wass_scaled": 0.19486622720704028, "Wass_multi": 8.986081677547281, "time_wass": 0.8026880000106758}