{"distribution": "lg", "edges": [["A", "D"], ["B", "D"], ["D", "E"], ["C", "E"]], "root_params": "A ~ N(20,20) B ~ N(20,20) C ~ N(15,15)", "experiment": 118, "not_root_params": "D   ~   N ( 2 A + 3 B , 9 . 7 1 8 7 5 )   E   ~   N ( 3 C + 3 D , 9 . 7 1 8 7 5 )", "sample_size": 1228, "means": {"A": 20, "B": 20, "C": 15, "D": 100, "E": 345}, "disc_method": "EV", "bins": 20, "target_column": null, "CPT_method": "MLE", "time_disc": 0.10618433216586709, "time_cnf": 0.6701542031951249, "time_VE": 0.002456135582178831, "time_BP": 0.011796227656304836, "RMSE": 7.4209742926254645, "WRMSE": 7.426370700634441, "MAE": 5.766931680640728, "PE": 0.04392851358179014, "exact_EV": 345, "disc_EV": 344.8484466281428, "Wass_scaled": 0.17847319156577082, "Wass_multi": 7.666042483392048, "time_wass": 0.9090977581217885}