{"distribution": "lg", "edges": [["A", "D"], ["B", "D"], ["D", "E"], ["C", "E"]], "root_params": "A ~ N(20,20) B ~ N(20,20) C ~ N(15,15)", "experiment": 118, "not_root_params": "D   ~   N ( 2 A + 3 B , 9 . 7 1 8 7 5 )   E   ~   N ( 3 C + 3 D , 9 . 7 1 8 7 5 )", "sample_size": 1228, "means": {"A": 20, "B": 20, "C": 15, "D": 100, "E": 345}, "disc_method": "EB", "bins": 8, "target_column": null, "CPT_method": "MLE", "time_disc": 0.09319559999858029, "time_cnf": 0.015836499995202757, "time_VE": 0.0014610000071115792, "time_BP": 0.0059268000040901825, "RMSE": 11.019162975548051, "WRMSE": 6.40421784574411, "MAE": 8.4352541751487, "PE": 0.18960409643987208, "exact_EV": 345, "disc_EV": 345.65413413271756, "Wass_scaled": 0.1062110165577174, "Wass_multi": 20.351472716321314, "time_wass": 0.7310181999928318}