{"distribution": "lg", "edges": [["A", "D"], ["B", "D"], ["D", "E"], ["C", "E"]], "root_params": "A ~ N(20,20) B ~ N(20,20) C ~ N(15,15)", "experiment": 118, "not_root_params": "D   ~   N ( 2 A + 3 B , 9 . 7 1 8 7 5 )   E   ~   N ( 3 C + 3 D , 9 . 7 1 8 7 5 )", "sample_size": 1228, "means": {"A": 20, "B": 20, "C": 15, "D": 100, "E": 345}, "disc_method": "EV", "bins": 25, "target_column": null, "CPT_method": "MLE", "time_disc": 0.11933290000888519, "time_cnf": 0.48623279998719227, "time_VE": 0.0018130999960703775, "time_BP": 0.011698400005116127, "RMSE": 13.426516956551897, "WRMSE": 13.440611215423234, "MAE": 10.310906597337375, "PE": 0.03497708120232965, "exact_EV": 345, "disc_EV": 344.87932906985196, "Wass_scaled": 0.15879883898514516, "Wass_multi": 6.347236451898771, "time_wass": 0.7461359999870183}