{"distribution": "lg", "edges": [["A", "D"], ["B", "D"], ["D", "E"], ["C", "E"]], "root_params": "A ~ N(20,20) B ~ N(20,20) C ~ N(15,15)", "experiment": 118, "not_root_params": "D   ~   N ( 2 A + 3 B , 9 . 7 1 8 7 5 )   E   ~   N ( 3 C + 3 D , 9 . 7 1 8 7 5 )", "sample_size": 1228, "means": {"A": 20, "B": 20, "C": 15, "D": 100, "E": 345}, "disc_method": "EB", "bins": 30, "target_column": null, "CPT_method": "MLE", "time_disc": 0.1333018000004813, "time_cnf": 1.0058673000021372, "time_VE": 0.002077800003462471, "time_BP": 0.015077699994435534, "RMSE": 73.43124603551348, "WRMSE": 27.336269690811108, "MAE": 53.78377897101941, "PE": 0.46444707232979826, "exact_EV": 345, "disc_EV": 346.6023423995378, "Wass_scaled": 0.025603901612434508, "Wass_multi": 5.45284844712455, "time_wass": 0.678270500007784}