{"distribution": "lg", "edges": [["A", "D"], ["B", "D"], ["D", "E"], ["C", "E"]], "root_params": "A ~ N(20,20) B ~ N(20,20) C ~ N(15,15)", "experiment": 118, "not_root_params": "D   ~   N ( 2 A + 3 B , 9 . 7 1 8 7 5 )   E   ~   N ( 3 C + 3 D , 9 . 7 1 8 7 5 )", "sample_size": 1228, "means": {"A": 20, "B": 20, "C": 15, "D": 100, "E": 345}, "disc_method": "EV", "bins": 17, "target_column": null, "CPT_method": "MLE", "time_disc": 0.08148609707131982, "time_cnf": 0.2952428376302123, "time_VE": 0.002423288766294718, "time_BP": 0.00991480890661478, "RMSE": 5.793194397350103, "WRMSE": 5.811651135184651, "MAE": 3.7914327656691333, "PE": 0.41058711015946003, "exact_EV": 345, "disc_EV": 343.58347446994986, "Wass_scaled": 0.19486622720704028, "Wass_multi": 8.986081677547281, "time_wass": 0.7910324870608747}