{"distribution": "lg", "edges": [["A", "D"], ["B", "D"], ["D", "E"], ["C", "E"]], "root_params": "A ~ N(20,20) B ~ N(20,20) C ~ N(15,15)", "experiment": 118, "not_root_params": "D   ~   N ( 2 A + 3 B , 9 . 7 1 8 7 5 )   E   ~   N ( 3 C + 3 D , 9 . 7 1 8 7 5 )", "sample_size": 1228, "means": {"A": 20, "B": 20, "C": 15, "D": 100, "E": 345}, "disc_method": "EB", "bins": 10, "target_column": null, "CPT_method": "MLE", "time_disc": 0.09009680000599474, "time_cnf": 0.028601500001968816, "time_VE": 0.0016220999968936667, "time_BP": 0.005600999997113831, "RMSE": 22.70301818233249, "WRMSE": 8.31211247565666, "MAE": 14.041535502104134, "PE": 0.1865347562212442, "exact_EV": 345, "disc_EV": 345.6435449089633, "Wass_scaled": 0.07975394911097225, "Wass_multi": 16.43579178052085, "time_wass": 0.7224101000028895}