{
	"nodecount" : 9619,
	"peaknodes" : 10107,
	"total_load_time" : 1.39135,
	"build_time" : 1.32046,
	"wmc_time" : 0.00502086,
	"wmc_value" : 1,
	"bn_to_cnf_time" : 0.0486512
}
