{"distribution": "lg", "edges": [["A", "D"], ["B", "D"], ["D", "E"], ["C", "E"]], "root_params": "A ~ N(20,20) B ~ N(20,20) C ~ N(15,15)", "experiment": 118, "not_root_params": "D   ~   N ( 2 A + 3 B , 9 . 7 1 8 7 5 )   E   ~   N ( 3 C + 3 D , 9 . 7 1 8 7 5 )", "sample_size": 1228, "means": {"A": 20, "B": 20, "C": 15, "D": 100, "E": 345}, "disc_method": "EV", "bins": 14, "target_column": null, "CPT_method": "MLE", "time_disc": 0.09502829999837559, "time_cnf": 0.07014939999498893, "time_VE": 0.0016142999957082793, "time_BP": 0.00753919999988284, "RMSE": 4.024349539542318, "WRMSE": 4.029685622511166, "MAE": 3.1357288075553953, "PE": 0.04828109970711249, "exact_EV": 345, "disc_EV": 345.16656979398954, "Wass_scaled": 0.21595342467214823, "Wass_multi": 10.793689869312884, "time_wass": 0.8370779999968363}