{
	"nodecount" : 46501,
	"peaknodes" : 54239,
	"total_load_time" : 9.33158,
	"build_time" : 8.06069,
	"wmc_time" : 0.0125852
}
