{
	"nodecount" : 1993,
	"peaknodes" : 1993,
	"total_load_time" : 3.09485,
	"build_time" : 2.38952,
	"wmc_time" : 0.0022881
}
