{
	"nodecount" : 13140,
	"peaknodes" : 15559,
	"total_load_time" : 2.20063,
	"build_time" : 1.99232,
	"wmc_time" : 0.00276303
}
