{"distribution": "lg", "edges": [["A", "D"], ["B", "D"], ["D", "E"], ["C", "E"]], "root_params": "A ~ N(20,20) B ~ N(20,20) C ~ N(15,15)", "experiment": 117, "not_root_params": "D   ~   N ( 2 A + 3 B , 5 . 2 1 8 7 5 )   E   ~   N ( 3 C + 3 D , 5 . 2 1 8 7 5 )", "sample_size": 278, "means": {"A": 20, "B": 20, "C": 15, "D": 100, "E": 345}, "disc_method": "EB", "bins": 14, "target_column": null, "CPT_method": "Bayes", "time_disc": 0.08997129999625031, "time_cnf": 0.0789606000034837, "time_VE": 0.0023757000017212704, "time_BP": 0.0062034000002313405, "RMSE": 53.99532502300283, "WRMSE": 34.40792658665128, "MAE": 44.898788208720994, "PE": 5.5015685782573165, "exact_EV": 345, "disc_EV": 326.01958840501226, "Wass_scaled": 0.054828373613488544, "Wass_multi": 6.5543023197967605, "time_wass": 0.05119669999112375}