{"distribution": "lg", "edges": [["A", "D"], ["B", "D"], ["D", "E"], ["C", "E"]], "root_params": "A ~ N(20,20) B ~ N(20,20) C ~ N(15,15)", "experiment": 117, "not_root_params": "D   ~   N ( 2 A + 3 B , 5 . 2 1 8 7 5 )   E   ~   N ( 3 C + 3 D , 5 . 2 1 8 7 5 )", "sample_size": 278, "means": {"A": 20, "B": 20, "C": 15, "D": 100, "E": 345}, "disc_method": "EB", "bins": 5, "target_column": null, "CPT_method": "Bayes", "time_disc": 0.10571899999922607, "time_cnf": 0.009686999997938983, "time_VE": 0.0015336999931605533, "time_BP": 0.010929199997917749, "RMSE": 37.17211923450937, "WRMSE": 20.096346461794283, "MAE": 29.418357507576456, "PE": 2.2810280892387573, "exact_EV": 345, "disc_EV": 337.1304530921263, "Wass_scaled": 0.18023405700414155, "Wass_multi": 17.176190425396822, "time_wass": 0.0527423000021372}