{
	"nodecount" : 11081,
	"peaknodes" : 13532,
	"total_load_time" : 1.76945,
	"build_time" : 1.62025,
	"wmc_time" : 0.00314784
}
