{"distribution": "lg", "edges": [["A", "D"], ["B", "D"], ["D", "E"], ["C", "E"]], "root_params": "A ~ N(20,20) B ~ N(20,20) C ~ N(15,15)", "experiment": 117, "not_root_params": "D   ~   N ( 2 A + 3 B , 5 . 2 1 8 7 5 )   E   ~   N ( 3 C + 3 D , 5 . 2 1 8 7 5 )", "sample_size": 278, "means": {"A": 20, "B": 20, "C": 15, "D": 100, "E": 345}, "disc_method": "EB", "bins": 25, "target_column": null, "CPT_method": "Bayes", "time_disc": 0.09659509999619331, "time_cnf": 0.39842729999509174, "time_VE": 0.0029064999980619177, "time_BP": 0.010968099988531321, "RMSE": 49.70721291933806, "WRMSE": 33.452017485833274, "MAE": 41.81684402274018, "PE": 4.210669348616766, "exact_EV": 345, "disc_EV": 330.47319074727216, "Wass_scaled": 0.027872194475701283, "Wass_multi": 3.364202430665651, "time_wass": 0.05109930000617169}