{
	"nodecount" : 12127,
	"peaknodes" : 14564,
	"total_load_time" : 2.39266,
	"build_time" : 2.14745,
	"wmc_time" : 0.00315404
}
