{
	"nodecount" : 8874,
	"peaknodes" : 9873,
	"total_load_time" : 0.899152,
	"build_time" : 0.829333,
	"wmc_time" : 0.00334883
}
