{
	"nodecount" : 11081,
	"peaknodes" : 13532,
	"total_load_time" : 3.50291,
	"build_time" : 3.32231,
	"wmc_time" : 0.00430894,
	"wmc_value" : 1,
	"bn_to_cnf_time" : 0.114599
}
