{
	"nodecount" : 7578,
	"peaknodes" : 8131,
	"total_load_time" : 1.23981,
	"build_time" : 1.18578,
	"wmc_time" : 0.00411391,
	"wmc_value" : 1,
	"bn_to_cnf_time" : 0.0385308
}
