{
	"nodecount" : 8977,
	"peaknodes" : 10196,
	"total_load_time" : 0.917079,
	"build_time" : 0.847503,
	"wmc_time" : 0.00295997
}
