{"distribution": "lg", "edges": [["A", "D"], ["B", "D"], ["D", "E"], ["C", "E"]], "root_params": "A ~ N(20,20) B ~ N(20,20) C ~ N(15,15)", "experiment": 117, "not_root_params": "D   ~   N ( 2 A + 3 B , 5 . 2 1 8 7 5 )   E   ~   N ( 3 C + 3 D , 5 . 2 1 8 7 5 )", "sample_size": 278, "means": {"A": 20, "B": 20, "C": 15, "D": 100, "E": 345}, "disc_method": "EV", "bins": 30, "target_column": null, "CPT_method": "Bayes", "time_disc": 0.08375694276764989, "time_cnf": 5.111962235998362, "time_VE": 0.0016587558202445507, "time_BP": 0.010664756875485182, "RMSE": 29.10509797763022, "WRMSE": 29.318751826836714, "MAE": 23.364203292080976, "PE": 0.772663828643617, "exact_EV": 345, "disc_EV": 342.3343097911795, "Wass_scaled": 0.1325335556749967, "Wass_multi": 3.263153284230244, "time_wass": 0.02584237791597843}