{
	"nodecount" : 6210,
	"peaknodes" : 6618,
	"total_load_time" : 0.857474,
	"build_time" : 0.822202,
	"wmc_time" : 0.00384998,
	"wmc_value" : 1,
	"bn_to_cnf_time" : 0.0223134
}
