{"distribution": "lg", "edges": [["A", "D"], ["B", "D"], ["D", "E"], ["C", "E"]], "root_params": "A ~ N(20,20) B ~ N(20,20) C ~ N(15,15)", "experiment": 117, "not_root_params": "D   ~   N ( 2 A + 3 B , 5 . 2 1 8 7 5 )   E   ~   N ( 3 C + 3 D , 5 . 2 1 8 7 5 )", "sample_size": 278, "means": {"A": 20, "B": 20, "C": 15, "D": 100, "E": 345}, "disc_method": "EV", "bins": 20, "target_column": null, "CPT_method": "Bayes", "time_disc": 0.07123489771038294, "time_cnf": 1.30386494519189, "time_VE": 0.0014196420088410378, "time_BP": 0.00697373878210783, "RMSE": 29.14469854976765, "WRMSE": 29.22303423153468, "MAE": 23.43729352086951, "PE": 0.7861587144878555, "exact_EV": 345, "disc_EV": 342.2877524350169, "Wass_scaled": 0.16222529287181645, "Wass_multi": 4.552808206292185, "time_wass": 0.028426615055650473}