{"distribution": "lg", "edges": [["A", "D"], ["B", "D"], ["D", "E"], ["C", "E"]], "root_params": "A ~ N(20,20) B ~ N(20,20) C ~ N(15,15)", "experiment": 117, "not_root_params": "D   ~   N ( 2 A + 3 B , 5 . 2 1 8 7 5 )   E   ~   N ( 3 C + 3 D , 5 . 2 1 8 7 5 )", "sample_size": 278, "means": {"A": 20, "B": 20, "C": 15, "D": 100, "E": 345}, "disc_method": "EV", "bins": 14, "target_column": null, "CPT_method": "Bayes", "time_disc": 0.06759627070277929, "time_cnf": 0.4608165882527828, "time_VE": 0.0012702560052275658, "time_BP": 0.005381465889513493, "RMSE": 28.834366576260717, "WRMSE": 28.912701942364595, "MAE": 23.286134901712217, "PE": 0.7917517992710152, "exact_EV": 345, "disc_EV": 342.268456292515, "Wass_scaled": 0.20133800477517272, "Wass_multi": 5.654989060402207, "time_wass": 0.02790884766727686}