{"distribution": "lg", "edges": [["A", "D"], ["B", "D"], ["D", "E"], ["C", "E"]], "root_params": "A ~ N(20,20) B ~ N(20,20) C ~ N(15,15)", "experiment": 117, "not_root_params": "D   ~   N ( 2 A + 3 B , 5 . 2 1 8 7 5 )   E   ~   N ( 3 C + 3 D , 5 . 2 1 8 7 5 )", "sample_size": 278, "means": {"A": 20, "B": 20, "C": 15, "D": 100, "E": 345}, "disc_method": "EV", "bins": 5, "target_column": null, "CPT_method": "Bayes", "time_disc": 0.06692904466763139, "time_cnf": 0.4107174491509795, "time_VE": 0.0012199757620692253, "time_BP": 0.004966970067471266, "RMSE": 16.50627013915284, "WRMSE": 16.548806535131643, "MAE": 13.352595271266647, "PE": 0.8795955302743543, "exact_EV": 345, "disc_EV": 341.9653954205535, "Wass_scaled": 0.3907759660115733, "Wass_multi": 14.833690042119372, "time_wass": 0.029962242115288973}