{
	"nodecount" : 6210,
	"peaknodes" : 6618,
	"total_load_time" : 0.450626,
	"build_time" : 0.423624,
	"wmc_time" : 0.00281405
}
