{"distribution": "lg", "edges": [["A", "D"], ["B", "D"], ["D", "E"], ["C", "E"]], "root_params": "A ~ N(20,20) B ~ N(20,20) C ~ N(15,15)", "experiment": 117, "not_root_params": "D   ~   N ( 2 A + 3 B , 5 . 2 1 8 7 5 )   E   ~   N ( 3 C + 3 D , 5 . 2 1 8 7 5 )", "sample_size": 278, "means": {"A": 20, "B": 20, "C": 15, "D": 100, "E": 345}, "disc_method": "EV", "bins": 10, "target_column": null, "CPT_method": "Bayes", "time_disc": 0.09037140000145882, "time_cnf": 0.033001399991917424, "time_VE": 0.0018560999887995422, "time_BP": 0.005219600003329106, "RMSE": 27.624786928815254, "WRMSE": 27.70746528885897, "MAE": 22.483502876888185, "PE": 0.7561726349738002, "exact_EV": 345, "disc_EV": 342.3912044093404, "Wass_scaled": 0.25218864797097257, "Wass_multi": 8.141916329453629, "time_wass": 0.05622860000585206}