{
	"nodecount" : 1545,
	"peaknodes" : 1618,
	"total_load_time" : 0.128352,
	"build_time" : 0.117693,
	"wmc_time" : 0.00302196,
	"wmc_value" : 1,
	"bn_to_cnf_time" : 0.00278306
}
