{
	"nodecount" : 1545,
	"peaknodes" : 1618,
	"total_load_time" : 0.067482,
	"build_time" : 0.0624321,
	"wmc_time" : 0.00184917
}
