{"distribution": "lg", "edges": [["A", "D"], ["B", "D"], ["D", "E"], ["C", "E"]], "root_params": "A ~ N(20,20) B ~ N(20,20) C ~ N(15,15)", "experiment": 117, "not_root_params": "D   ~   N ( 2 A + 3 B , 5 . 2 1 8 7 5 )   E   ~   N ( 3 C + 3 D , 5 . 2 1 8 7 5 )", "sample_size": 278, "means": {"A": 20, "B": 20, "C": 15, "D": 100, "E": 345}, "disc_method": "MDLP", "bins": 2, "target_column": "E", "CPT_method": "Bayes", "time_disc": 0.32902699999976903, "time_cnf": 0.41830119999940507, "time_VE": 0.0023587999894516543, "time_BP": 0.016743700005463324, "RMSE": 26.730602190795192, "WRMSE": 27.071061651787534, "MAE": 22.74547798295734, "PE": 1.7118725924818636, "exact_EV": 345, "disc_EV": 339.09403955593757, "Wass_scaled": 0.34357416102805877, "Wass_multi": 4.4966289998421, "time_wass": 0.054535700008273125}