{"distribution": "lg", "edges": [["A", "D"], ["B", "D"], ["D", "E"], ["C", "E"]], "root_params": "A ~ N(20,20) B ~ N(20,20) C ~ N(15,15)", "experiment": 117, "not_root_params": "D   ~   N ( 2 A + 3 B , 5 . 2 1 8 7 5 )   E   ~   N ( 3 C + 3 D , 5 . 2 1 8 7 5 )", "sample_size": 278, "means": {"A": 20, "B": 20, "C": 15, "D": 100, "E": 345}, "disc_method": "EB", "bins": 17, "target_column": null, "CPT_method": "Bayes", "time_disc": 0.0712295938283205, "time_cnf": 0.3227935740724206, "time_VE": 0.0020311609841883183, "time_BP": 0.008009639102965593, "RMSE": 53.718411015523955, "WRMSE": 35.032975269239444, "MAE": 44.471835527967606, "PE": 5.630762159008106, "exact_EV": 345, "disc_EV": 325.57387055142203, "Wass_scaled": 0.043009718429906675, "Wass_multi": 4.98083831914056, "time_wass": 0.029819465707987547}