{
	"nodecount" : 7744,
	"peaknodes" : 8856,
	"total_load_time" : 0.772658,
	"build_time" : 0.727494,
	"wmc_time" : 0.00335908
}
