{
	"nodecount" : 10974,
	"peaknodes" : 12322,
	"total_load_time" : 2.82636,
	"build_time" : 2.67818,
	"wmc_time" : 0.00435591,
	"wmc_value" : 1,
	"bn_to_cnf_time" : 0.0991154
}
