{"distribution": "lg", "edges": [["A", "D"], ["B", "D"], ["D", "E"], ["C", "E"]], "root_params": "A ~ N(20,20) B ~ N(20,20) C ~ N(15,15)", "experiment": 117, "not_root_params": "D   ~   N ( 2 A + 3 B , 5 . 2 1 8 7 5 )   E   ~   N ( 3 C + 3 D , 5 . 2 1 8 7 5 )", "sample_size": 278, "means": {"A": 20, "B": 20, "C": 15, "D": 100, "E": 345}, "disc_method": "EV", "bins": 25, "target_column": null, "CPT_method": "Bayes", "time_disc": 0.074199337977916, "time_cnf": 2.3615450668148696, "time_VE": 0.0014898930676281452, "time_BP": 0.008311774116009474, "RMSE": 28.986958710592038, "WRMSE": 29.27099890596848, "MAE": 23.334929343861255, "PE": 0.7771797242414151, "exact_EV": 345, "disc_EV": 342.3187299513671, "Wass_scaled": 0.14799650517400187, "Wass_multi": 3.836282180237121, "time_wass": 0.02683365484699607}