{
	"nodecount" : 1608,
	"peaknodes" : 1646,
	"total_load_time" : 0.066992,
	"build_time" : 0.0622411,
	"wmc_time" : 0.00186801
}
