{"distribution": "lg", "edges": [["A", "D"], ["B", "D"], ["D", "E"], ["C", "E"]], "root_params": "A ~ N(20,20) B ~ N(20,20) C ~ N(15,15)", "experiment": 117, "not_root_params": "D   ~   N ( 2 A + 3 B , 5 . 2 1 8 7 5 )   E   ~   N ( 3 C + 3 D , 5 . 2 1 8 7 5 )", "sample_size": 278, "means": {"A": 20, "B": 20, "C": 15, "D": 100, "E": 345}, "disc_method": "EB", "bins": 30, "target_column": null, "CPT_method": "Bayes", "time_disc": 0.07658074097707868, "time_cnf": 4.0390469478443265, "time_VE": 0.001548910979181528, "time_BP": 0.008649613242596388, "RMSE": 46.81745292792403, "WRMSE": 32.348437762954944, "MAE": 39.680564430410534, "PE": 3.134149556725544, "exact_EV": 345, "disc_EV": 334.1871840292969, "Wass_scaled": 0.023525335855710323, "Wass_multi": 2.776057401960852, "time_wass": 0.02410578401759267}