{
	"nodecount" : 4581,
	"peaknodes" : 4590,
	"total_load_time" : 0.187729,
	"build_time" : 0.175429,
	"wmc_time" : 0.0024941
}
