{"distribution": "lg", "edges": [["A", "D"], ["B", "D"], ["D", "E"], ["C", "E"]], "root_params": "A ~ N(20,20) B ~ N(20,20) C ~ N(15,15)", "experiment": 117, "not_root_params": "D   ~   N ( 2 A + 3 B , 5 . 2 1 8 7 5 )   E   ~   N ( 3 C + 3 D , 5 . 2 1 8 7 5 )", "sample_size": 278, "means": {"A": 20, "B": 20, "C": 15, "D": 100, "E": 345}, "disc_method": "EV", "bins": 20, "target_column": null, "CPT_method": "Bayes", "time_disc": 0.0944069999968633, "time_cnf": 0.23153829999500886, "time_VE": 0.0015324999985750765, "time_BP": 0.015899999998509884, "RMSE": 29.14469854976764, "WRMSE": 29.223034231534673, "MAE": 23.437293520869503, "PE": 0.7861587144878555, "exact_EV": 345, "disc_EV": 342.2877524350169, "Wass_scaled": 0.16222529287181645, "Wass_multi": 4.552808206292185, "time_wass": 0.0611332999978913}