{"distribution": "lg", "edges": [["A", "D"], ["B", "D"], ["D", "E"], ["C", "E"]], "root_params": "A ~ N(20,20) B ~ N(20,20) C ~ N(15,15)", "experiment": 117, "not_root_params": "D   ~   N ( 2 A + 3 B , 5 . 2 1 8 7 5 )   E   ~   N ( 3 C + 3 D , 5 . 2 1 8 7 5 )", "sample_size": 278, "means": {"A": 20, "B": 20, "C": 15, "D": 100, "E": 345}, "disc_method": "EB", "bins": 20, "target_column": null, "CPT_method": "Bayes", "time_disc": 0.07218828098848462, "time_cnf": 0.9789189966395497, "time_VE": 0.0014484836719930172, "time_BP": 0.006389920134097338, "RMSE": 48.55201969329134, "WRMSE": 32.645413858698895, "MAE": 40.563379329871495, "PE": 3.9612529406660566, "exact_EV": 345, "disc_EV": 331.3336773547021, "Wass_scaled": 0.03665675527845546, "Wass_multi": 4.307198040123892, "time_wass": 0.025226444005966187}