{
	"nodecount" : 17280,
	"peaknodes" : 20657,
	"total_load_time" : 4.54554,
	"build_time" : 3.87442,
	"wmc_time" : 0.00473118
}
