{
	"nodecount" : 1608,
	"peaknodes" : 1646,
	"total_load_time" : 0.14593,
	"build_time" : 0.131623,
	"wmc_time" : 0.00748682,
	"wmc_value" : 1,
	"bn_to_cnf_time" : 0.00276756
}
