{"distribution": "lg", "edges": [["A", "D"], ["B", "D"], ["D", "E"], ["C", "E"]], "root_params": "A ~ N(20,20) B ~ N(20,20) C ~ N(15,15)", "experiment": 117, "not_root_params": "D   ~   N ( 2 A + 3 B , 5 . 2 1 8 7 5 )   E   ~   N ( 3 C + 3 D , 5 . 2 1 8 7 5 )", "sample_size": 278, "means": {"A": 20, "B": 20, "C": 15, "D": 100, "E": 345}, "disc_method": "EB", "bins": 10, "target_column": null, "CPT_method": "Bayes", "time_disc": 0.06661608023568988, "time_cnf": 0.5802376521751285, "time_VE": 0.0012507820501923561, "time_BP": 0.005122591275721788, "RMSE": 52.787005840671235, "WRMSE": 31.604989810079275, "MAE": 43.09306734245306, "PE": 4.853443682614981, "exact_EV": 345, "disc_EV": 328.2556192949783, "Wass_scaled": 0.07621519215464716, "Wass_multi": 8.626979908519905, "time_wass": 0.027367155998945236}