{"distribution": "lg", "edges": [["A", "D"], ["B", "D"], ["D", "E"], ["C", "E"]], "root_params": "A ~ N(20,20) B ~ N(20,20) C ~ N(15,15)", "experiment": 117, "not_root_params": "D   ~   N ( 2 A + 3 B , 5 . 2 1 8 7 5 )   E   ~   N ( 3 C + 3 D , 5 . 2 1 8 7 5 )", "sample_size": 278, "means": {"A": 20, "B": 20, "C": 15, "D": 100, "E": 345}, "disc_method": "EB", "bins": 12, "target_column": null, "CPT_method": "Bayes", "time_disc": 0.06691312696784735, "time_cnf": 0.3687904323451221, "time_VE": 0.0012309341691434383, "time_BP": 0.005127832293510437, "RMSE": 52.955266638468316, "WRMSE": 33.5079874230131, "MAE": 43.82482764265912, "PE": 5.351139344493309, "exact_EV": 345, "disc_EV": 326.5385692614981, "Wass_scaled": 0.06406873330409107, "Wass_multi": 6.979168568236919, "time_wass": 0.027033488266170025}