{"distribution": "lg", "edges": [["A", "D"], ["B", "D"], ["D", "E"], ["C", "E"]], "root_params": "A ~ N(20,20) B ~ N(20,20) C ~ N(15,15)", "experiment": 117, "not_root_params": "D   ~   N ( 2 A + 3 B , 5 . 2 1 8 7 5 )   E   ~   N ( 3 C + 3 D , 5 . 2 1 8 7 5 )", "sample_size": 278, "means": {"A": 20, "B": 20, "C": 15, "D": 100, "E": 345}, "disc_method": "EB", "bins": 8, "target_column": null, "CPT_method": "Bayes", "time_disc": 0.09415289999742527, "time_cnf": 0.021431100001791492, "time_VE": 0.001500999991549179, "time_BP": 0.00844649999635294, "RMSE": 49.301581015285905, "WRMSE": 27.999814243990347, "MAE": 40.32674372253764, "PE": 3.8120439029971482, "exact_EV": 345, "disc_EV": 331.84844853465984, "Wass_scaled": 0.10057341315612411, "Wass_multi": 10.980889452114278, "time_wass": 0.0506801000010455}