{
	"nodecount" : 15095,
	"peaknodes" : 17984,
	"total_load_time" : 3.33371,
	"build_time" : 2.92009,
	"wmc_time" : 0.00400591
}
