{
	"nodecount" : 6970,
	"peaknodes" : 7476,
	"total_load_time" : 0.468181,
	"build_time" : 0.442042,
	"wmc_time" : 0.00278115
}
