{"distribution": "lg", "edges": [["A", "D"], ["B", "D"], ["D", "E"], ["C", "E"]], "root_params": "A ~ N(20,20) B ~ N(20,20) C ~ N(15,15)", "experiment": 122, "not_root_params": "D   ~   N ( 2 A + 3 B , 6 . 3 4 3 7 5 )   E   ~   N ( 3 C + 3 D , 6 . 3 4 3 7 5 )", "sample_size": 1941, "means": {"A": 20, "B": 20, "C": 15, "D": 100, "E": 345}, "disc_method": "MDLP", "bins": 2, "target_column": "E", "CPT_method": "Bayespriors", "time_disc": 1.5875131000066176, "time_cnf": 0.07516619999660179, "time_VE": 0.0021967000066069886, "time_BP": 0.00795780000044033, "RMSE": 4.253470400651538, "WRMSE": 3.6497700212026367, "MAE": 3.2650420374916393, "PE": 0.06418587356201765, "exact_EV": 345, "disc_EV": 345.22144126378896, "Wass_scaled": 0.42219414990738874, "Wass_multi": 7.534347615100636, "time_wass": 1.6909980999917025}