{
	"nodecount" : 66505,
	"peaknodes" : 68377,
	"total_load_time" : 5.24007,
	"build_time" : 4.91541,
	"wmc_time" : 0.014436,
	"wmc_value" : 1,
	"bn_to_cnf_time" : 0.172342
}
