{
	"nodecount" : 10790,
	"peaknodes" : 11156,
	"total_load_time" : 0.78285,
	"build_time" : 0.666629,
	"wmc_time" : 0.00393105
}
