{"distribution": "lg", "edges": [["A", "D"], ["B", "D"], ["D", "E"], ["C", "E"]], "root_params": "A ~ N(20,20) B ~ N(20,20) C ~ N(15,15)", "experiment": 122, "not_root_params": "D   ~   N ( 2 A + 3 B , 6 . 3 4 3 7 5 )   E   ~   N ( 3 C + 3 D , 6 . 3 4 3 7 5 )", "sample_size": 1941, "means": {"A": 20, "B": 20, "C": 15, "D": 100, "E": 345}, "disc_method": "EB", "bins": 25, "target_column": null, "CPT_method": "Bayespriors", "time_disc": 0.1746327000000747, "time_cnf": 0.42137389999697916, "time_VE": 0.0015439999988302588, "time_BP": 0.016525700004422106, "RMSE": 48.73013904693424, "WRMSE": 11.544538446354313, "MAE": 30.820111393476026, "PE": 0.0761575847593082, "exact_EV": 345, "disc_EV": 345.2627436674196, "Wass_scaled": 0.03030362686315266, "Wass_multi": 5.513336846034568, "time_wass": 1.4535102000081679}