{"distribution": "lg", "edges": [["A", "D"], ["B", "D"], ["D", "E"], ["C", "E"]], "root_params": "A ~ N(20,20) B ~ N(20,20) C ~ N(15,15)", "experiment": 122, "not_root_params": "D   ~   N ( 2 A + 3 B , 6 . 3 4 3 7 5 )   E   ~   N ( 3 C + 3 D , 6 . 3 4 3 7 5 )", "sample_size": 1941, "means": {"A": 20, "B": 20, "C": 15, "D": 100, "E": 345}, "disc_method": "EB", "bins": 5, "target_column": null, "CPT_method": "Bayespriors", "time_disc": 0.14779239999188576, "time_cnf": 0.009853700001258403, "time_VE": 0.0014855000044917688, "time_BP": 0.005349499988369644, "RMSE": 18.72508486716593, "WRMSE": 9.106611418928724, "MAE": 15.260076416945708, "PE": 0.11337629488359882, "exact_EV": 345, "disc_EV": 345.3911482173484, "Wass_scaled": 0.16826522098641392, "Wass_multi": 24.927906072791632, "time_wass": 1.5319087999960175}