{
	"nodecount" : 1649,
	"peaknodes" : 1649,
	"total_load_time" : 0.688991,
	"build_time" : 0.618826,
	"wmc_time" : 0.00178504
}
