{
	"nodecount" : 66505,
	"peaknodes" : 68377,
	"total_load_time" : 3.15819,
	"build_time" : 2.57985,
	"wmc_time" : 0.012212
}
