{"distribution": "lg", "edges": [["A", "D"], ["B", "D"], ["D", "E"], ["C", "E"]], "root_params": "A ~ N(20,20) B ~ N(20,20) C ~ N(15,15)", "experiment": 122, "not_root_params": "D   ~   N ( 2 A + 3 B , 6 . 3 4 3 7 5 )   E   ~   N ( 3 C + 3 D , 6 . 3 4 3 7 5 )", "sample_size": 1941, "means": {"A": 20, "B": 20, "C": 15, "D": 100, "E": 345}, "disc_method": "EB", "bins": 10, "target_column": null, "CPT_method": "Bayespriors", "time_disc": 0.09937907010316849, "time_cnf": 0.21589682390913367, "time_VE": 0.001197134144604206, "time_BP": 0.004937028978019953, "RMSE": 28.433957810451023, "WRMSE": 5.43162938001034, "MAE": 15.472027130096773, "PE": 0.06034927425275782, "exact_EV": 345, "disc_EV": 345.208204996172, "Wass_scaled": 0.0750501895368058, "Wass_multi": 13.649429481575385, "time_wass": 1.1161688310094178}