{
	"nodecount" : 5759,
	"peaknodes" : 5759,
	"total_load_time" : 0.558638,
	"build_time" : 0.520952,
	"wmc_time" : 0.00569296,
	"wmc_value" : 1,
	"bn_to_cnf_time" : 0.0109279
}
