{"distribution": "lg", "edges": [["A", "D"], ["B", "D"], ["D", "E"], ["C", "E"]], "root_params": "A ~ N(20,20) B ~ N(20,20) C ~ N(15,15)", "experiment": 122, "not_root_params": "D   ~   N ( 2 A + 3 B , 6 . 3 4 3 7 5 )   E   ~   N ( 3 C + 3 D , 6 . 3 4 3 7 5 )", "sample_size": 1941, "means": {"A": 20, "B": 20, "C": 15, "D": 100, "E": 345}, "disc_method": "EV", "bins": 5, "target_column": null, "CPT_method": "Bayespriors", "time_disc": 0.15623649999906775, "time_cnf": 0.009701599992695265, "time_VE": 0.0020231999951647595, "time_BP": 0.012315700005274266, "RMSE": 4.1692840930105035, "WRMSE": 4.169923775397636, "MAE": 3.0301122379683876, "PE": 0.02771395505618969, "exact_EV": 345, "disc_EV": 345.09561314494385, "Wass_scaled": 0.43635971588078337, "Wass_multi": 17.795402810455222, "time_wass": 1.6141334999992978}