{"distribution": "lg", "edges": [["A", "D"], ["B", "D"], ["D", "E"], ["C", "E"]], "root_params": "A ~ N(20,20) B ~ N(20,20) C ~ N(15,15)", "experiment": 122, "not_root_params": "D   ~   N ( 2 A + 3 B , 6 . 3 4 3 7 5 )   E   ~   N ( 3 C + 3 D , 6 . 3 4 3 7 5 )", "sample_size": 1941, "means": {"A": 20, "B": 20, "C": 15, "D": 100, "E": 345}, "disc_method": "EV", "bins": 17, "target_column": null, "CPT_method": "Bayespriors", "time_disc": 0.10211561899632215, "time_cnf": 0.2798015703447163, "time_VE": 0.0012738467194139957, "time_BP": 0.005833994131535292, "RMSE": 2.408812588075066, "WRMSE": 2.413853686316448, "MAE": 1.7552915911737192, "PE": 0.10963631746763906, "exact_EV": 345, "disc_EV": 345.37824529526335, "Wass_scaled": 0.23003383038177694, "Wass_multi": 6.44328581384056, "time_wass": 1.272767344955355}