{
	"nodecount" : 51185,
	"peaknodes" : 51527,
	"total_load_time" : 2.29336,
	"build_time" : 2.03395,
	"wmc_time" : 0.00988507
}
