{
	"nodecount" : 29923,
	"peaknodes" : 29943,
	"total_load_time" : 1.31264,
	"build_time" : 1.15407,
	"wmc_time" : 0.00727987
}
