{
	"nodecount" : 85282,
	"peaknodes" : 91369,
	"total_load_time" : 4.1604,
	"build_time" : 3.59829,
	"wmc_time" : 0.015439
}
