{"distribution": "lg", "edges": [["A", "D"], ["B", "D"], ["D", "E"], ["C", "E"]], "root_params": "A ~ N(20,20) B ~ N(20,20) C ~ N(15,15)", "experiment": 122, "not_root_params": "D   ~   N ( 2 A + 3 B , 6 . 3 4 3 7 5 )   E   ~   N ( 3 C + 3 D , 6 . 3 4 3 7 5 )", "sample_size": 1941, "means": {"A": 20, "B": 20, "C": 15, "D": 100, "E": 345}, "disc_method": "EB", "bins": 30, "target_column": null, "CPT_method": "Bayespriors", "time_disc": 0.1311012376099825, "time_cnf": 4.902638245839626, "time_VE": 0.005632076878100634, "time_BP": 0.010493622161448002, "RMSE": 49.10276215786166, "WRMSE": 14.006396640801785, "MAE": 31.931959849339368, "PE": 0.15490677330768593, "exact_EV": 345, "disc_EV": 345.5344283679115, "Wass_scaled": 0.026339339628885898, "Wass_multi": 4.592551712024488, "time_wass": 1.0405108043923974}