{
	"nodecount" : 20708,
	"peaknodes" : 20708,
	"total_load_time" : 1.65872,
	"build_time" : 1.59824,
	"wmc_time" : 0.0065558,
	"wmc_value" : 1,
	"bn_to_cnf_time" : 0.0400791
}
