{
	"nodecount" : 6994,
	"peaknodes" : 7361,
	"total_load_time" : 0.526947,
	"build_time" : 0.43318,
	"wmc_time" : 0.00305319
}
