{
	"nodecount" : 26107,
	"peaknodes" : 27248,
	"total_load_time" : 2.06747,
	"build_time" : 1.83997,
	"wmc_time" : 0.00669098
}
