{"distribution": "lg", "edges": [["A", "D"], ["B", "D"], ["D", "E"], ["C", "E"]], "root_params": "A ~ N(20,20) B ~ N(20,20) C ~ N(15,15)", "experiment": 122, "not_root_params": "D   ~   N ( 2 A + 3 B , 6 . 3 4 3 7 5 )   E   ~   N ( 3 C + 3 D , 6 . 3 4 3 7 5 )", "sample_size": 1941, "means": {"A": 20, "B": 20, "C": 15, "D": 100, "E": 345}, "disc_method": "EV", "bins": 30, "target_column": null, "CPT_method": "Bayespriors", "time_disc": 0.18142039999656845, "time_cnf": 0.7996178000030341, "time_VE": 0.0023726999934297055, "time_BP": 0.013530199998058379, "RMSE": 7.213408347461844, "WRMSE": 7.223256606837861, "MAE": 5.193593740098842, "PE": 0.2746283972783698, "exact_EV": 345, "disc_EV": 345.9474679706104, "Wass_scaled": 0.17779576215721904, "Wass_multi": 3.8675884818200323, "time_wass": 1.6366421999991871}