{
	"nodecount" : 85282,
	"peaknodes" : 91369,
	"total_load_time" : 7.33282,
	"build_time" : 6.67181,
	"wmc_time" : 0.016022,
	"wmc_value" : 1,
	"bn_to_cnf_time" : 0.413325
}
