{
	"nodecount" : 51185,
	"peaknodes" : 51527,
	"total_load_time" : 3.97929,
	"build_time" : 3.79773,
	"wmc_time" : 0.0100272,
	"wmc_value" : 1,
	"bn_to_cnf_time" : 0.176916
}
