{
	"nodecount" : 65667,
	"peaknodes" : 69248,
	"total_load_time" : 5.43895,
	"build_time" : 4.5342,
	"wmc_time" : 0.014143
}
