{"distribution": "lg", "edges": [["A", "D"], ["B", "D"], ["D", "E"], ["C", "E"]], "root_params": "A ~ N(20,20) B ~ N(20,20) C ~ N(15,15)", "experiment": 122, "not_root_params": "D   ~   N ( 2 A + 3 B , 6 . 3 4 3 7 5 )   E   ~   N ( 3 C + 3 D , 6 . 3 4 3 7 5 )", "sample_size": 1941, "means": {"A": 20, "B": 20, "C": 15, "D": 100, "E": 345}, "disc_method": "EB", "bins": 20, "target_column": null, "CPT_method": "Bayespriors", "time_disc": 0.1678612000105204, "time_cnf": 0.22417469999345485, "time_VE": 0.0015429000050062314, "time_BP": 0.009495299993432127, "RMSE": 44.72894948753413, "WRMSE": 9.570667694576743, "MAE": 26.82833586425503, "PE": 0.017504275793788875, "exact_EV": 345, "disc_EV": 345.0603897514886, "Wass_scaled": 0.037407161394704055, "Wass_multi": 6.9110037902717, "time_wass": 1.507783199995174}