{"distribution": "lg", "edges": [["A", "D"], ["B", "D"], ["D", "E"], ["C", "E"]], "root_params": "A ~ N(20,20) B ~ N(20,20) C ~ N(15,15)", "experiment": 122, "not_root_params": "D   ~   N ( 2 A + 3 B , 6 . 3 4 3 7 5 )   E   ~   N ( 3 C + 3 D , 6 . 3 4 3 7 5 )", "sample_size": 1941, "means": {"A": 20, "B": 20, "C": 15, "D": 100, "E": 345}, "disc_method": "EV", "bins": 12, "target_column": null, "CPT_method": "Bayespriors", "time_disc": 0.16706870000052731, "time_cnf": 0.053331899995100684, "time_VE": 0.0021926000044913962, "time_BP": 0.006164399994304404, "RMSE": 2.4249965285586526, "WRMSE": 2.426529971583347, "MAE": 1.5253049113054733, "PE": 0.04561131223281138, "exact_EV": 345, "disc_EV": 345.1573590272032, "Wass_scaled": 0.2700675094747829, "Wass_multi": 8.586437252335283, "time_wass": 1.7715205999993486}