{
	"nodecount" : 12567,
	"peaknodes" : 12640,
	"total_load_time" : 0.635312,
	"build_time" : 0.533878,
	"wmc_time" : 0.00426006
}
