{"distribution": "lg", "edges": [["A", "D"], ["B", "D"], ["D", "E"], ["C", "E"]], "root_params": "A ~ N(20,20) B ~ N(20,20) C ~ N(15,15)", "experiment": 122, "not_root_params": "D   ~   N ( 2 A + 3 B , 6 . 3 4 3 7 5 )   E   ~   N ( 3 C + 3 D , 6 . 3 4 3 7 5 )", "sample_size": 1941, "means": {"A": 20, "B": 20, "C": 15, "D": 100, "E": 345}, "disc_method": "EV", "bins": 30, "target_column": null, "CPT_method": "Bayespriors", "time_disc": 0.12798965396359563, "time_cnf": 5.4763300330378115, "time_VE": 0.0019234460778534412, "time_BP": 0.009670175146311522, "RMSE": 7.213408347461837, "WRMSE": 7.2232566068378565, "MAE": 5.193593740098839, "PE": 0.2746283972783698, "exact_EV": 345, "disc_EV": 345.9474679706104, "Wass_scaled": 0.17779576215721904, "Wass_multi": 3.8675884818200323, "time_wass": 1.2246373649686575}