{"distribution": "lg", "edges": [["A", "D"], ["B", "D"], ["D", "E"], ["C", "E"]], "root_params": "A ~ N(20,20) B ~ N(20,20) C ~ N(15,15)", "experiment": 122, "not_root_params": "D   ~   N ( 2 A + 3 B , 6 . 3 4 3 7 5 )   E   ~   N ( 3 C + 3 D , 6 . 3 4 3 7 5 )", "sample_size": 1941, "means": {"A": 20, "B": 20, "C": 15, "D": 100, "E": 345}, "disc_method": "EV", "bins": 8, "target_column": null, "CPT_method": "Bayespriors", "time_disc": 0.09613150078803301, "time_cnf": 0.29563577100634575, "time_VE": 0.0011496711522340775, "time_BP": 0.004797021858394146, "RMSE": 2.4913236231385065, "WRMSE": 2.4930880558307247, "MAE": 1.5643641097373262, "PE": 0.032949285851676294, "exact_EV": 345, "disc_EV": 345.1136750361883, "Wass_scaled": 0.33346098013122094, "Wass_multi": 12.239623661557964, "time_wass": 1.2545424392446876}