{
	"nodecount" : 5759,
	"peaknodes" : 5759,
	"total_load_time" : 0.277667,
	"build_time" : 0.188193,
	"wmc_time" : 0.003016
}
