{
	"nodecount" : 1220,
	"peaknodes" : 1266,
	"total_load_time" : 0.138168,
	"build_time" : 0.0553191,
	"wmc_time" : 0.00169015
}
