{
	"nodecount" : 20708,
	"peaknodes" : 20708,
	"total_load_time" : 0.937364,
	"build_time" : 0.822926,
	"wmc_time" : 0.00585794
}
