{
	"nodecount" : 1649,
	"peaknodes" : 1649,
	"total_load_time" : 1.59977,
	"build_time" : 1.50342,
	"wmc_time" : 0.00316691,
	"wmc_value" : 1,
	"bn_to_cnf_time" : 0.0561819
}
