{
	"nodecount" : 34255,
	"peaknodes" : 35981,
	"total_load_time" : 2.69043,
	"build_time" : 2.36901,
	"wmc_time" : 0.00877309
}
