{"distribution": "lg", "edges": [["A", "D"], ["B", "D"], ["D", "E"], ["C", "E"]], "root_params": "A ~ N(20,20) B ~ N(20,20) C ~ N(15,15)", "experiment": 122, "not_root_params": "D   ~   N ( 2 A + 3 B , 6 . 3 4 3 7 5 )   E   ~   N ( 3 C + 3 D , 6 . 3 4 3 7 5 )", "sample_size": 1941, "means": {"A": 20, "B": 20, "C": 15, "D": 100, "E": 345}, "disc_method": "EV", "bins": 14, "target_column": null, "CPT_method": "Bayespriors", "time_disc": 0.09969270369037986, "time_cnf": 0.3182226582430303, "time_VE": 0.0012756590731441975, "time_BP": 0.005520391743630171, "RMSE": 2.5934112882485576, "WRMSE": 2.596129123539032, "MAE": 1.9549856069488993, "PE": 0.10989393786095879, "exact_EV": 345, "disc_EV": 345.3791340856203, "Wass_scaled": 0.2511089389247075, "Wass_multi": 7.642134263507385, "time_wass": 1.224916942883283}