{"distribution": "lg", "edges": [["A", "D"], ["B", "D"], ["D", "E"], ["C", "E"]], "root_params": "A ~ N(20,20) B ~ N(20,20) C ~ N(15,15)", "experiment": 2, "not_root_params": "D   ~   N ( 2 A + 3 B , 5 )   E   ~   N ( 3 C + 3 D , 5 )", "sample_size": 5000, "means": {"A": 20, "B": 20, "C": 15, "D": 100, "E": 345}, "disc_method": "EB", "bins": 5, "target_column": null, "Wass1D": 16.9107741196203, "Wass_multi": 18.881351147401638, "RMSE": 12.445900211457518, "WRMSE": 7.0050690813032075, "MAE": 154.9004320735583, "VE_complexity": 7129.0}