{"distribution": "lg", "edges": [["A", "D"], ["B", "D"], ["D", "E"], ["C", "E"]], "root_params": "A ~ N(20,20) B ~ N(20,20) C ~ N(15,15)", "experiment": 2, "not_root_params": "D   ~   N ( 2 A + 3 B , 5 )   E   ~   N ( 3 C + 3 D , 5 )", "sample_size": 5000, "means": {"A": 20, "B": 20, "C": 15, "D": 100, "E": 345}, "disc_method": "EV", "bins": 10, "target_column": null, "Wass1D": 7.224950860528811, "Wass_multi": 8.326352393791593, "RMSE": 1.6658543868187485, "WRMSE": 1.6658543868187485, "MAE": 2.7750708380832685, "VE_complexity": 212009.0}