{"distribution": "lg", "edges": [["A", "D"], ["B", "D"], ["D", "E"], ["C", "E"]], "root_params": "A ~ N(5,5) B ~ N(10,10) C ~ N(-5,-5)", "experiment": 1, "not_root_params": "D   ~   N ( 2 A + 3 B , 2 )   E   ~   N ( 3 C + 3 D , 2 )", "sample_size": 5000, "means": {"A": 5, "B": 10, "C": -5, "D": 40, "E": 105}, "disc_method": "EB", "bins": 12, "target_column": null, "Wass1D": 0.024818425918488794, "Wass_multi": 0.07496014666435084, "RMSE": 6.210692108592932, "WRMSE": 1.0733693964789903, "MAE": 38.57269646773852}