{"distribution": "lg", "edges": [["A", "D"], ["B", "D"], ["D", "E"], ["C", "E"]], "root_params": "A ~ N(20,20) B ~ N(20,20) C ~ N(15,15)", "experiment": 2, "not_root_params": "D   ~   N ( 2 A + 3 B , 5 )   E   ~   N ( 3 C + 3 D , 5 )", "sample_size": 5000, "means": {"A": 20, "B": 20, "C": 15, "D": 100, "E": 345}, "disc_method": "EV", "bins": 5, "target_column": null, "Wass1D": 13.144194721317557, "Wass_multi": 14.669264814214563, "RMSE": 3.5204178360356204, "WRMSE": 3.5204178360356204, "MAE": 12.39334174027772, "VE_complexity": 7129.0}