{"distribution": "lg", "edges": [["A", "D"], ["B", "D"], ["D", "E"], ["C", "E"]], "root_params": "A ~ N(20,20) B ~ N(20,20) C ~ N(15,15)", "experiment": 2, "not_root_params": "D   ~   N ( 2 A + 3 B , 5 )   E   ~   N ( 3 C + 3 D , 5 )", "sample_size": 5000, "means": {"A": 20, "B": 20, "C": 15, "D": 100, "E": 345}, "disc_method": "EV", "bins": 14, "target_column": null, "Wass1D": 5.44020042026789, "Wass_multi": 6.55125518927165, "RMSE": 1.482698648749653, "WRMSE": 1.4838052142542464, "MAE": 2.1983952830040465, "VE_complexity": 1119565.0}