{
	"nodecount" : 29152,
	"peaknodes" : 29435,
	"total_load_time" : 1.25086,
	"build_time" : 1.17906,
	"wmc_time" : 0.00693703
}
