{
	"nodecount" : 42832,
	"peaknodes" : 45468,
	"total_load_time" : 2.67413,
	"build_time" : 2.43504,
	"wmc_time" : 0.00979018
}
