{
	"nodecount" : 69394,
	"peaknodes" : 78436,
	"total_load_time" : 5.89842,
	"build_time" : 5.02866,
	"wmc_time" : 0.0126441
}
