{"distribution": "lg", "edges": [["A", "D"], ["B", "D"], ["D", "E"], ["C", "E"]], "root_params": "A ~ N(20,20) B ~ N(20,20) C ~ N(15,15)", "experiment": 118, "not_root_params": "D   ~   N ( 2 A + 3 B , 9 . 7 1 8 7 5 )   E   ~   N ( 3 C + 3 D , 9 . 7 1 8 7 5 )", "sample_size": 1228, "means": {"A": 20, "B": 20, "C": 15, "D": 100, "E": 345}, "disc_method": "EV", "bins": 30, "target_column": null, "CPT_method": "Bayes", "time_disc": 0.0811994019895792, "time_cnf": 5.341328350361437, "time_VE": 0.0016576568596065044, "time_BP": 0.010465491097420454, "RMSE": 52.3121432247016, "WRMSE": 52.34662911178731, "MAE": 41.65083749401334, "PE": 0.060882036651851136, "exact_EV": 345, "disc_EV": 345.2100430264489, "Wass_scaled": 0.14318019426456358, "Wass_multi": 5.449813913831468, "time_wass": 0.5727346860803664}