{"distribution": "lg", "edges": [["A", "D"], ["B", "D"], ["D", "E"], ["C", "E"]], "root_params": "A ~ N(20,20) B ~ N(20,20) C ~ N(15,15)", "experiment": 118, "not_root_params": "D   ~   N ( 2 A + 3 B , 9 . 7 1 8 7 5 )   E   ~   N ( 3 C + 3 D , 9 . 7 1 8 7 5 )", "sample_size": 1228, "means": {"A": 20, "B": 20, "C": 15, "D": 100, "E": 345}, "disc_method": "EV", "bins": 12, "target_column": null, "CPT_method": "Bayes", "time_disc": 0.07129825605079532, "time_cnf": 0.6178270126692951, "time_VE": 0.0012069148942828178, "time_BP": 0.0053314450196921825, "RMSE": 43.785407752609174, "WRMSE": 43.84558240944895, "MAE": 35.303772729963654, "PE": 0.03742058762455876, "exact_EV": 345, "disc_EV": 345.1291010273047, "Wass_scaled": 0.23597902737639403, "Wass_multi": 12.152084251816943, "time_wass": 0.588607866782695}