{"distribution": "lg", "edges": [["A", "D"], ["B", "D"], ["D", "E"], ["C", "E"]], "root_params": "A ~ N(20,20) B ~ N(20,20) C ~ N(15,15)", "experiment": 118, "not_root_params": "D   ~   N ( 2 A + 3 B , 9 . 7 1 8 7 5 )   E   ~   N ( 3 C + 3 D , 9 . 7 1 8 7 5 )", "sample_size": 1228, "means": {"A": 20, "B": 20, "C": 15, "D": 100, "E": 345}, "disc_method": "EB", "bins": 17, "target_column": null, "CPT_method": "Bayes", "time_disc": 0.06966093135997653, "time_cnf": 0.2806499479338527, "time_VE": 0.0012982808984816074, "time_BP": 0.005906534846872091, "RMSE": 93.12302561380596, "WRMSE": 51.05615502821624, "MAE": 78.93959948940343, "PE": 3.3953631096496664, "exact_EV": 345, "disc_EV": 356.71400272829135, "Wass_scaled": 0.04550363387224827, "Wass_multi": 9.584440902937331, "time_wass": 0.5377707011066377}