{
	"nodecount" : 59714,
	"peaknodes" : 62760,
	"total_load_time" : 7.27955,
	"build_time" : 6.62108,
	"wmc_time" : 0.015821,
	"wmc_value" : 1,
	"bn_to_cnf_time" : 0.316163
}
