{
	"nodecount" : 21389,
	"peaknodes" : 21681,
	"total_load_time" : 1.64861,
	"build_time" : 1.58752,
	"wmc_time" : 0.00691009,
	"wmc_value" : 1,
	"bn_to_cnf_time" : 0.0370135
}
