{
	"nodecount" : 1855,
	"peaknodes" : 1881,
	"total_load_time" : 0.0782359,
	"build_time" : 0.0698481,
	"wmc_time" : 0.00222206
}
