{
	"nodecount" : 42832,
	"peaknodes" : 45468,
	"total_load_time" : 4.95187,
	"build_time" : 4.63294,
	"wmc_time" : 0.0109169,
	"wmc_value" : 1,
	"bn_to_cnf_time" : 0.169613
}
