{"distribution": "lg", "edges": [["A", "D"], ["B", "D"], ["D", "E"], ["C", "E"]], "root_params": "A ~ N(20,20) B ~ N(20,20) C ~ N(15,15)", "experiment": 118, "not_root_params": "D   ~   N ( 2 A + 3 B , 9 . 7 1 8 7 5 )   E   ~   N ( 3 C + 3 D , 9 . 7 1 8 7 5 )", "sample_size": 1228, "means": {"A": 20, "B": 20, "C": 15, "D": 100, "E": 345}, "disc_method": "EV", "bins": 20, "target_column": null, "CPT_method": "Bayes", "time_disc": 0.09375489999365527, "time_cnf": 0.22679029998835176, "time_VE": 0.0018186000088462606, "time_BP": 0.01687829999718815, "RMSE": 51.35113637320982, "WRMSE": 51.43837533573737, "MAE": 41.037607616822655, "PE": 0.0568972857958828, "exact_EV": 345, "disc_EV": 345.1962956359958, "Wass_scaled": 0.17847319156577082, "Wass_multi": 7.666042483392048, "time_wass": 0.7437411999999313}