{
	"nodecount" : 54213,
	"peaknodes" : 58098,
	"total_load_time" : 2.77576,
	"build_time" : 2.52914,
	"wmc_time" : 0.0103481
}
