{
	"nodecount" : 46476,
	"peaknodes" : 47368,
	"total_load_time" : 2.19996,
	"build_time" : 2.05104,
	"wmc_time" : 0.00924087
}
