{
	"nodecount" : 13320,
	"peaknodes" : 13447,
	"total_load_time" : 0.579668,
	"build_time" : 0.552499,
	"wmc_time" : 0.00437784
}
