{"distribution": "lg", "edges": [["A", "D"], ["B", "D"], ["D", "E"], ["C", "E"]], "root_params": "A ~ N(20,20) B ~ N(20,20) C ~ N(15,15)", "experiment": 118, "not_root_params": "D   ~   N ( 2 A + 3 B , 9 . 7 1 8 7 5 )   E   ~   N ( 3 C + 3 D , 9 . 7 1 8 7 5 )", "sample_size": 1228, "means": {"A": 20, "B": 20, "C": 15, "D": 100, "E": 345}, "disc_method": "EB", "bins": 5, "target_column": null, "CPT_method": "Bayes", "time_disc": 0.0811732000001939, "time_cnf": 0.012690200004726648, "time_VE": 0.0015252000011969358, "time_BP": 0.005408199998782948, "RMSE": 41.28739469753765, "WRMSE": 20.846042003048325, "MAE": 32.87188695676486, "PE": 0.4223904657382316, "exact_EV": 345, "disc_EV": 346.4572471067969, "Wass_scaled": 0.1727185718469599, "Wass_multi": 30.79372763479385, "time_wass": 0.7166274000046542}