{"distribution": "lg", "edges": [["A", "D"], ["B", "D"], ["D", "E"], ["C", "E"]], "root_params": "A ~ N(20,20) B ~ N(20,20) C ~ N(15,15)", "experiment": 118, "not_root_params": "D   ~   N ( 2 A + 3 B , 9 . 7 1 8 7 5 )   E   ~   N ( 3 C + 3 D , 9 . 7 1 8 7 5 )", "sample_size": 1228, "means": {"A": 20, "B": 20, "C": 15, "D": 100, "E": 345}, "disc_method": "EB", "bins": 20, "target_column": null, "CPT_method": "Bayes", "time_disc": 0.10136549999879207, "time_cnf": 0.21929559999261983, "time_VE": 0.002111399997374974, "time_BP": 0.013916299998527393, "RMSE": 94.50118096867602, "WRMSE": 53.08412185423668, "MAE": 80.86675656863444, "PE": 3.698251765297004, "exact_EV": 345, "disc_EV": 357.75896859027466, "Wass_scaled": 0.03858372391157904, "Wass_multi": 8.124447124590505, "time_wass": 0.6932143999874825}