{"distribution": "lg", "edges": [["A", "D"], ["B", "D"], ["D", "E"], ["C", "E"]], "root_params": "A ~ N(20,20) B ~ N(20,20) C ~ N(15,15)", "experiment": 118, "not_root_params": "D   ~   N ( 2 A + 3 B , 9 . 7 1 8 7 5 )   E   ~   N ( 3 C + 3 D , 9 . 7 1 8 7 5 )", "sample_size": 1228, "means": {"A": 20, "B": 20, "C": 15, "D": 100, "E": 345}, "disc_method": "EB", "bins": 12, "target_column": null, "CPT_method": "Bayes", "time_disc": 0.06897459970787168, "time_cnf": 0.3860837440006435, "time_VE": 0.0011994251981377602, "time_BP": 0.005074446089565754, "RMSE": 85.28834752115638, "WRMSE": 43.45255050756668, "MAE": 70.55015031080858, "PE": 2.1327576807995348, "exact_EV": 345, "disc_EV": 352.3580139987584, "Wass_scaled": 0.06521617052145869, "Wass_multi": 13.479839134578611, "time_wass": 0.5481195049360394}