{"distribution": "lg", "edges": [["A", "D"], ["B", "D"], ["D", "E"], ["C", "E"]], "root_params": "A ~ N(20,20) B ~ N(20,20) C ~ N(15,15)", "experiment": 118, "not_root_params": "D   ~   N ( 2 A + 3 B , 9 . 7 1 8 7 5 )   E   ~   N ( 3 C + 3 D , 9 . 7 1 8 7 5 )", "sample_size": 1228, "means": {"A": 20, "B": 20, "C": 15, "D": 100, "E": 345}, "disc_method": "EV", "bins": 5, "target_column": null, "CPT_method": "Bayes", "time_disc": 0.0903284999949392, "time_cnf": 0.009691500003100373, "time_VE": 0.0013737999979639426, "time_BP": 0.005418700005975552, "RMSE": 15.266098442577066, "WRMSE": 15.27610619174523, "MAE": 11.909372092826459, "PE": 0.08286852547356553, "exact_EV": 345, "disc_EV": 345.2858964128838, "Wass_scaled": 0.4025856656005772, "Wass_multi": 26.307608755397677, "time_wass": 0.7491526999947382}