{"distribution": "lg", "edges": [["A", "D"], ["B", "D"], ["D", "E"], ["C", "E"]], "root_params": "A ~ N(20,20) B ~ N(20,20) C ~ N(15,15)", "experiment": 118, "not_root_params": "D   ~   N ( 2 A + 3 B , 9 . 7 1 8 7 5 )   E   ~   N ( 3 C + 3 D , 9 . 7 1 8 7 5 )", "sample_size": 1228, "means": {"A": 20, "B": 20, "C": 15, "D": 100, "E": 345}, "disc_method": "EB", "bins": 8, "target_column": null, "CPT_method": "Bayes", "time_disc": 0.06830952689051628, "time_cnf": 0.24320912593975663, "time_VE": 0.001173707190901041, "time_BP": 0.004811485297977924, "RMSE": 69.65551328547551, "WRMSE": 32.14443626164796, "MAE": 55.300037949290065, "PE": 1.0480722393465154, "exact_EV": 345, "disc_EV": 348.6158492257455, "Wass_scaled": 0.1062110165577174, "Wass_multi": 20.351472716321314, "time_wass": 0.5628675976768136}