{
	"nodecount" : 13320,
	"peaknodes" : 13447,
	"total_load_time" : 1.11073,
	"build_time" : 1.07056,
	"wmc_time" : 0.00533509,
	"wmc_value" : 1,
	"bn_to_cnf_time" : 0.0229897
}
