{"distribution": "lg", "edges": [["A", "D"], ["B", "D"], ["D", "E"], ["C", "E"]], "root_params": "A ~ N(20,20) B ~ N(20,20) C ~ N(15,15)", "experiment": 118, "not_root_params": "D   ~   N ( 2 A + 3 B , 9 . 7 1 8 7 5 )   E   ~   N ( 3 C + 3 D , 9 . 7 1 8 7 5 )", "sample_size": 1228, "means": {"A": 20, "B": 20, "C": 15, "D": 100, "E": 345}, "disc_method": "EV", "bins": 25, "target_column": null, "CPT_method": "Bayes", "time_disc": 0.07815292477607727, "time_cnf": 2.768213734962046, "time_VE": 0.0015070559456944466, "time_BP": 0.0083147999830544, "RMSE": 51.97693050622483, "WRMSE": 52.11090483440278, "MAE": 41.46470976906967, "PE": 0.05561940580452321, "exact_EV": 345, "disc_EV": 345.1918869500256, "Wass_scaled": 0.15879883898514516, "Wass_multi": 6.347236451898771, "time_wass": 0.5709854778833687}