{"distribution": "lg", "edges": [["A", "D"], ["B", "D"], ["D", "E"], ["C", "E"]], "root_params": "A ~ N(20,20) B ~ N(20,20) C ~ N(15,15)", "experiment": 118, "not_root_params": "D   ~   N ( 2 A + 3 B , 9 . 7 1 8 7 5 )   E   ~   N ( 3 C + 3 D , 9 . 7 1 8 7 5 )", "sample_size": 1228, "means": {"A": 20, "B": 20, "C": 15, "D": 100, "E": 345}, "disc_method": "EB", "bins": 30, "target_column": null, "CPT_method": "Bayes", "time_disc": 0.07984449481591582, "time_cnf": 5.341797334142029, "time_VE": 0.0017273742705583572, "time_BP": 0.010539335198700428, "RMSE": 95.83604198957106, "WRMSE": 55.76421823077234, "MAE": 82.60571544289688, "PE": 4.41261568533661, "exact_EV": 345, "disc_EV": 360.2235241144113, "Wass_scaled": 0.025603901612434508, "Wass_multi": 5.45284844712455, "time_wass": 0.49037096416577697}