{
	"nodecount" : 73074,
	"peaknodes" : 78963,
	"total_load_time" : 8.44114,
	"build_time" : 7.60028,
	"wmc_time" : 0.0213189
}
