{"distribution": "lg", "edges": [["A", "D"], ["B", "D"], ["D", "E"], ["C", "E"]], "root_params": "A ~ N(20,20) B ~ N(20,20) C ~ N(15,15)", "experiment": 118, "not_root_params": "D   ~   N ( 2 A + 3 B , 9 . 7 1 8 7 5 )   E   ~   N ( 3 C + 3 D , 9 . 7 1 8 7 5 )", "sample_size": 1228, "means": {"A": 20, "B": 20, "C": 15, "D": 100, "E": 345}, "disc_method": "EV", "bins": 10, "target_column": null, "CPT_method": "Bayes", "time_disc": 0.06832717964425683, "time_cnf": 0.44539549900218844, "time_VE": 0.001200036145746708, "time_BP": 0.004930979106575251, "RMSE": 37.40731337037782, "WRMSE": 37.433089765157995, "MAE": 30.197325198570248, "PE": 0.00229059581877901, "exact_EV": 345, "disc_EV": 344.9920974444252, "Wass_scaled": 0.2617659734623325, "Wass_multi": 14.493317361813508, "time_wass": 0.5845386236906052}