{
	"nodecount" : 62635,
	"peaknodes" : 69682,
	"total_load_time" : 4.08984,
	"build_time" : 3.58438,
	"wmc_time" : 0.0115359
}
