{"distribution": "lg", "edges": [["A", "D"], ["B", "D"], ["D", "E"], ["C", "E"]], "root_params": "A ~ N(20,20) B ~ N(20,20) C ~ N(15,15)", "experiment": 118, "not_root_params": "D   ~   N ( 2 A + 3 B , 9 . 7 1 8 7 5 )   E   ~   N ( 3 C + 3 D , 9 . 7 1 8 7 5 )", "sample_size": 1228, "means": {"A": 20, "B": 20, "C": 15, "D": 100, "E": 345}, "disc_method": "MDLP", "bins": 2, "target_column": "E", "CPT_method": "Bayes", "time_disc": 1.0231048208661377, "time_cnf": 1.7041637520305812, "time_VE": 0.001821642741560936, "time_BP": 0.007355967070907354, "RMSE": 43.00732747295838, "WRMSE": 44.575657904212555, "MAE": 36.44450554725191, "PE": 0.571498332324467, "exact_EV": 345, "disc_EV": 343.0283307534806, "Wass_scaled": 0.4013502326802849, "Wass_multi": 9.59253836995884, "time_wass": 0.5663747051730752}