{
	"nodecount" : 6710,
	"peaknodes" : 6710,
	"total_load_time" : 0.487097,
	"build_time" : 0.461738,
	"wmc_time" : 0.011101,
	"wmc_value" : 1,
	"bn_to_cnf_time" : 0.011374
}
