{
	"nodecount" : 62635,
	"peaknodes" : 69682,
	"total_load_time" : 7.39004,
	"build_time" : 6.71842,
	"wmc_time" : 0.0121009,
	"wmc_value" : 1,
	"bn_to_cnf_time" : 0.340229
}
