{"distribution": "lg", "edges": [["A", "D"], ["B", "D"], ["D", "E"], ["C", "E"]], "root_params": "A ~ N(20,20) B ~ N(20,20) C ~ N(15,15)", "experiment": 118, "not_root_params": "D   ~   N ( 2 A + 3 B , 9 . 7 1 8 7 5 )   E   ~   N ( 3 C + 3 D , 9 . 7 1 8 7 5 )", "sample_size": 1228, "means": {"A": 20, "B": 20, "C": 15, "D": 100, "E": 345}, "disc_method": "EV", "bins": 14, "target_column": null, "CPT_method": "Bayes", "time_disc": 0.07027459284290671, "time_cnf": 0.41260283486917615, "time_VE": 0.0013144761323928833, "time_BP": 0.005551612004637718, "RMSE": 47.5522970452516, "WRMSE": 47.59262999114372, "MAE": 38.20814019090427, "PE": 0.05443687931609059, "exact_EV": 345, "disc_EV": 345.1878072336405, "Wass_scaled": 0.21595342467214823, "Wass_multi": 10.793689869312884, "time_wass": 0.5889980387873948}