{"distribution": "lg", "edges": [["A", "D"], ["B", "D"], ["D", "E"], ["C", "E"]], "root_params": "A ~ N(20,20) B ~ N(20,20) C ~ N(15,15)", "experiment": 118, "not_root_params": "D   ~   N ( 2 A + 3 B , 9 . 7 1 8 7 5 )   E   ~   N ( 3 C + 3 D , 9 . 7 1 8 7 5 )", "sample_size": 1228, "means": {"A": 20, "B": 20, "C": 15, "D": 100, "E": 345}, "disc_method": "EB", "bins": 14, "target_column": null, "CPT_method": "Bayes", "time_disc": 0.10041670000646263, "time_cnf": 0.07852160000766162, "time_VE": 0.001593599998159334, "time_BP": 0.005605900005321018, "RMSE": 89.19074361311029, "WRMSE": 47.25635113351428, "MAE": 74.82495349915328, "PE": 2.6501317059842058, "exact_EV": 345, "disc_EV": 354.1429543856455, "Wass_scaled": 0.05681076056653016, "Wass_multi": 12.105881641373696, "time_wass": 0.6888009999966016}