{"distribution": "lg", "edges": [["A", "D"], ["B", "D"], ["D", "E"], ["C", "E"]], "root_params": "A ~ N(20,20) B ~ N(20,20) C ~ N(15,15)", "experiment": 118, "not_root_params": "D   ~   N ( 2 A + 3 B , 9 . 7 1 8 7 5 )   E   ~   N ( 3 C + 3 D , 9 . 7 1 8 7 5 )", "sample_size": 1228, "means": {"A": 20, "B": 20, "C": 15, "D": 100, "E": 345}, "disc_method": "EV", "bins": 8, "target_column": null, "CPT_method": "Bayes", "time_disc": 0.09164230000169482, "time_cnf": 0.02058339999348391, "time_VE": 0.006656199999270029, "time_BP": 0.01084820000687614, "RMSE": 28.336773342073947, "WRMSE": 28.363676832915356, "MAE": 23.105586898616338, "PE": 0.04149843604768583, "exact_EV": 345, "disc_EV": 344.8568303956355, "Wass_scaled": 0.298213354110698, "Wass_multi": 17.598568637970015, "time_wass": 0.7844116000051145}