{"distribution": "lg", "edges": [["A", "D"], ["B", "D"], ["D", "E"], ["C", "E"]], "root_params": "A ~ N(20,20) B ~ N(20,20) C ~ N(15,15)", "experiment": 119, "not_root_params": "D   ~   N ( 2 A + 3 B , 2 . 9 6 8 7 5 )   E   ~   N ( 3 C + 3 D , 2 . 9 6 8 7 5 )", "sample_size": 1703, "means": {"A": 20, "B": 20, "C": 15, "D": 100, "E": 345}, "disc_method": "EV", "bins": 25, "target_column": null, "CPT_method": "Bayes", "time_disc": 0.07713849795982242, "time_cnf": 3.1378903430886567, "time_VE": 0.0015378911048173904, "time_BP": 0.0076700481586158276, "RMSE": 11.81001608112841, "WRMSE": 11.831502476760647, "MAE": 9.428267680946727, "PE": 0.029780733967935954, "exact_EV": 345, "disc_EV": 344.8972564678106, "Wass_scaled": 0.17862567332855472, "Wass_multi": 1.4245116767296133, "time_wass": 0.9544464303180575}