{
	"nodecount" : 23425,
	"peaknodes" : 23521,
	"total_load_time" : 1.08448,
	"build_time" : 1.0367,
	"wmc_time" : 0.00801897
}
