{
	"nodecount" : 5435,
	"peaknodes" : 5487,
	"total_load_time" : 0.406415,
	"build_time" : 0.364483,
	"wmc_time" : 0.00422001,
	"wmc_value" : 1,
	"bn_to_cnf_time" : 0.0103414
}
