{
	"nodecount" : 55658,
	"peaknodes" : 56141,
	"total_load_time" : 2.22212,
	"build_time" : 2.07579,
	"wmc_time" : 0.0114229
}
