{"distribution": "lg", "edges": [["A", "D"], ["B", "D"], ["D", "E"], ["C", "E"]], "root_params": "A ~ N(20,20) B ~ N(20,20) C ~ N(15,15)", "experiment": 119, "not_root_params": "D   ~   N ( 2 A + 3 B , 2 . 9 6 8 7 5 )   E   ~   N ( 3 C + 3 D , 2 . 9 6 8 7 5 )", "sample_size": 1703, "means": {"A": 20, "B": 20, "C": 15, "D": 100, "E": 345}, "disc_method": "EB", "bins": 5, "target_column": null, "CPT_method": "Bayes", "time_disc": 0.11452250000729691, "time_cnf": 0.011256600002525374, "time_VE": 0.001985800001421012, "time_BP": 0.01152249998995103, "RMSE": 9.756498314075934, "WRMSE": 3.989287228426618, "MAE": 7.399836791328392, "PE": 0.01885965219752757, "exact_EV": 345, "disc_EV": 344.93493419991853, "Wass_scaled": 0.1700000330792481, "Wass_multi": 7.32445804797111, "time_wass": 1.168450800003484}