{
	"nodecount" : 22820,
	"peaknodes" : 24009,
	"total_load_time" : 2.31473,
	"build_time" : 2.17239,
	"wmc_time" : 0.00941896,
	"wmc_value" : 1,
	"bn_to_cnf_time" : 0.0576992
}
