{"distribution": "lg", "edges": [["A", "D"], ["B", "D"], ["D", "E"], ["C", "E"]], "root_params": "A ~ N(20,20) B ~ N(20,20) C ~ N(15,15)", "experiment": 119, "not_root_params": "D   ~   N ( 2 A + 3 B , 2 . 9 6 8 7 5 )   E   ~   N ( 3 C + 3 D , 2 . 9 6 8 7 5 )", "sample_size": 1703, "means": {"A": 20, "B": 20, "C": 15, "D": 100, "E": 345}, "disc_method": "MDLP", "bins": 2, "target_column": "E", "CPT_method": "Bayes", "time_disc": 1.251400499997544, "time_cnf": 0.04971990000922233, "time_VE": 0.0032654999959049746, "time_BP": 0.012022900002193637, "RMSE": 8.38302578904741, "WRMSE": 7.640851936671242, "MAE": 6.984669871106803, "PE": 0.10798965323815998, "exact_EV": 345, "disc_EV": 345.37256430367165, "Wass_scaled": 0.34454441123988067, "Wass_multi": 1.9446706458019227, "time_wass": 1.2588507999898866}