{
	"nodecount" : 16219,
	"peaknodes" : 16863,
	"total_load_time" : 0.786748,
	"build_time" : 0.742743,
	"wmc_time" : 0.0052402
}
