{"distribution": "lg", "edges": [["A", "D"], ["B", "D"], ["D", "E"], ["C", "E"]], "root_params": "A ~ N(20,20) B ~ N(20,20) C ~ N(15,15)", "experiment": 119, "not_root_params": "D   ~   N ( 2 A + 3 B , 2 . 9 6 8 7 5 )   E   ~   N ( 3 C + 3 D , 2 . 9 6 8 7 5 )", "sample_size": 1703, "means": {"A": 20, "B": 20, "C": 15, "D": 100, "E": 345}, "disc_method": "EV", "bins": 12, "target_column": null, "CPT_method": "Bayes", "time_disc": 0.1419158999924548, "time_cnf": 0.08046019999892451, "time_VE": 0.002542399990488775, "time_BP": 0.0153952999971807, "RMSE": 9.155632045410444, "WRMSE": 9.158264610552633, "MAE": 7.391474061464706, "PE": 0.042151691062303064, "exact_EV": 345, "disc_EV": 344.85457666583505, "Wass_scaled": 0.2553159215895827, "Wass_multi": 2.8255978215923525, "time_wass": 1.6441460999922128}