{
	"nodecount" : 33367,
	"peaknodes" : 33572,
	"total_load_time" : 1.26311,
	"build_time" : 1.19161,
	"wmc_time" : 0.00788999
}
