{
	"nodecount" : 98791,
	"peaknodes" : 109579,
	"total_load_time" : 10.4244,
	"build_time" : 9.24305,
	"wmc_time" : 0.019155,
	"wmc_value" : 1,
	"bn_to_cnf_time" : 0.661807
}
