{"distribution": "lg", "edges": [["A", "D"], ["B", "D"], ["D", "E"], ["C", "E"]], "root_params": "A ~ N(20,20) B ~ N(20,20) C ~ N(15,15)", "experiment": 119, "not_root_params": "D   ~   N ( 2 A + 3 B , 2 . 9 6 8 7 5 )   E   ~   N ( 3 C + 3 D , 2 . 9 6 8 7 5 )", "sample_size": 1703, "means": {"A": 20, "B": 20, "C": 15, "D": 100, "E": 345}, "disc_method": "EB", "bins": 25, "target_column": null, "CPT_method": "Bayes", "time_disc": 0.07782002910971642, "time_cnf": 2.6216963888145983, "time_VE": 0.0016305861063301563, "time_BP": 0.008350260090082884, "RMSE": 23.16221375984147, "WRMSE": 11.899061543310044, "MAE": 19.85464053545335, "PE": 0.037368719491987445, "exact_EV": 345, "disc_EV": 345.12892208224736, "Wass_scaled": 0.03012535908918197, "Wass_multi": 1.6351417296128214, "time_wass": 0.7904605460353196}