{"distribution": "lg", "edges": [["A", "D"], ["B", "D"], ["D", "E"], ["C", "E"]], "root_params": "A ~ N(20,20) B ~ N(20,20) C ~ N(15,15)", "experiment": 119, "not_root_params": "D   ~   N ( 2 A + 3 B , 2 . 9 6 8 7 5 )   E   ~   N ( 3 C + 3 D , 2 . 9 6 8 7 5 )", "sample_size": 1703, "means": {"A": 20, "B": 20, "C": 15, "D": 100, "E": 345}, "disc_method": "EB", "bins": 8, "target_column": null, "CPT_method": "Bayes", "time_disc": 0.06986287515610456, "time_cnf": 0.4406509669497609, "time_VE": 0.0011743451468646526, "time_BP": 0.004791022278368473, "RMSE": 16.65449117112337, "WRMSE": 6.268776022744794, "MAE": 12.762867077758095, "PE": 0.10916865246339302, "exact_EV": 345, "disc_EV": 345.3766318509987, "Wass_scaled": 0.1008161574809016, "Wass_multi": 4.815692926704772, "time_wass": 0.9027501908130944}