{
	"nodecount" : 47237,
	"peaknodes" : 50175,
	"total_load_time" : 2.67525,
	"build_time" : 2.43264,
	"wmc_time" : 0.0110872
}
