{
	"nodecount" : 5435,
	"peaknodes" : 5487,
	"total_load_time" : 0.197981,
	"build_time" : 0.185051,
	"wmc_time" : 0.00288081
}
