{"distribution": "lg", "edges": [["A", "D"], ["B", "D"], ["D", "E"], ["C", "E"]], "root_params": "A ~ N(20,20) B ~ N(20,20) C ~ N(15,15)", "experiment": 119, "not_root_params": "D   ~   N ( 2 A + 3 B , 2 . 9 6 8 7 5 )   E   ~   N ( 3 C + 3 D , 2 . 9 6 8 7 5 )", "sample_size": 1703, "means": {"A": 20, "B": 20, "C": 15, "D": 100, "E": 345}, "disc_method": "EV", "bins": 8, "target_column": null, "CPT_method": "Bayes", "time_disc": 0.06835628300905228, "time_cnf": 0.5117728700861335, "time_VE": 0.0011900709941983223, "time_BP": 0.004839056171476841, "RMSE": 5.363240554025581, "WRMSE": 5.364736301521851, "MAE": 4.319270264304436, "PE": 0.041435053546141375, "exact_EV": 345, "disc_EV": 344.8570490652658, "Wass_scaled": 0.31836636568353527, "Wass_multi": 4.008649478826237, "time_wass": 0.9871579669415951}