{"distribution": "lg", "edges": [["A", "D"], ["B", "D"], ["D", "E"], ["C", "E"]], "root_params": "A ~ N(20,20) B ~ N(20,20) C ~ N(15,15)", "experiment": 119, "not_root_params": "D   ~   N ( 2 A + 3 B , 2 . 9 6 8 7 5 )   E   ~   N ( 3 C + 3 D , 2 . 9 6 8 7 5 )", "sample_size": 1703, "means": {"A": 20, "B": 20, "C": 15, "D": 100, "E": 345}, "disc_method": "EV", "bins": 20, "target_column": null, "CPT_method": "Bayes", "time_disc": 0.0748517788015306, "time_cnf": 1.0266666770912707, "time_VE": 0.0013435175642371178, "time_BP": 0.006624903995543718, "RMSE": 11.557534612184405, "WRMSE": 11.576298360576137, "MAE": 9.25947677599352, "PE": 0.02988849362934517, "exact_EV": 345, "disc_EV": 344.89688469697876, "Wass_scaled": 0.1981982088374191, "Wass_multi": 1.7680481106303003, "time_wass": 0.970451682806015}