{"distribution": "lg", "edges": [["A", "D"], ["B", "D"], ["D", "E"], ["C", "E"]], "root_params": "A ~ N(20,20) B ~ N(20,20) C ~ N(15,15)", "experiment": 119, "not_root_params": "D   ~   N ( 2 A + 3 B , 2 . 9 6 8 7 5 )   E   ~   N ( 3 C + 3 D , 2 . 9 6 8 7 5 )", "sample_size": 1703, "means": {"A": 20, "B": 20, "C": 15, "D": 100, "E": 345}, "disc_method": "EB", "bins": 20, "target_column": null, "CPT_method": "Bayes", "time_disc": 0.07325993711128831, "time_cnf": 1.7473330511711538, "time_VE": 0.0014456240460276604, "time_BP": 0.007042367942631245, "RMSE": 22.844036588362307, "WRMSE": 11.547838206531118, "MAE": 19.423274067196814, "PE": 0.5274285448879616, "exact_EV": 345, "disc_EV": 346.81962847986347, "Wass_scaled": 0.034344740320427385, "Wass_multi": 2.0190733149122617, "time_wass": 0.824987739790231}