{
	"nodecount" : 7229,
	"peaknodes" : 7229,
	"total_load_time" : 0.711087,
	"build_time" : 0.627473,
	"wmc_time" : 0.005862,
	"wmc_value" : 1,
	"bn_to_cnf_time" : 0.0119085
}
