{"distribution": "lg", "edges": [["A", "D"], ["B", "D"], ["D", "E"], ["C", "E"]], "root_params": "A ~ N(20,20) B ~ N(20,20) C ~ N(15,15)", "experiment": 119, "not_root_params": "D   ~   N ( 2 A + 3 B , 2 . 9 6 8 7 5 )   E   ~   N ( 3 C + 3 D , 2 . 9 6 8 7 5 )", "sample_size": 1703, "means": {"A": 20, "B": 20, "C": 15, "D": 100, "E": 345}, "disc_method": "EV", "bins": 14, "target_column": null, "CPT_method": "Bayes", "time_disc": 0.06985683040693402, "time_cnf": 1.0481247599236667, "time_VE": 0.0012571951374411583, "time_BP": 0.005546533036977053, "RMSE": 10.255975657015362, "WRMSE": 10.264363863150843, "MAE": 8.256431521100252, "PE": 0.034768155353751114, "exact_EV": 345, "disc_EV": 344.88004986402956, "Wass_scaled": 0.23555745004678386, "Wass_multi": 2.4406349871678703, "time_wass": 0.9688365631736815}