{
	"nodecount" : 84762,
	"peaknodes" : 89793,
	"total_load_time" : 5.63246,
	"build_time" : 4.81852,
	"wmc_time" : 0.018559
}
