{
	"nodecount" : 70039,
	"peaknodes" : 72614,
	"total_load_time" : 2.82059,
	"build_time" : 2.58037,
	"wmc_time" : 0.013623
}
