{
	"nodecount" : 11129,
	"peaknodes" : 11393,
	"total_load_time" : 0.527501,
	"build_time" : 0.500373,
	"wmc_time" : 0.00408602
}
