{
	"nodecount" : 36831,
	"peaknodes" : 38667,
	"total_load_time" : 2.03093,
	"build_time" : 1.88291,
	"wmc_time" : 0.00906396
}
