{"distribution": "lg", "edges": [["A", "D"], ["B", "D"], ["D", "E"], ["C", "E"]], "root_params": "A ~ N(20,20) B ~ N(20,20) C ~ N(15,15)", "experiment": 119, "not_root_params": "D   ~   N ( 2 A + 3 B , 2 . 9 6 8 7 5 )   E   ~   N ( 3 C + 3 D , 2 . 9 6 8 7 5 )", "sample_size": 1703, "means": {"A": 20, "B": 20, "C": 15, "D": 100, "E": 345}, "disc_method": "EB", "bins": 30, "target_column": null, "CPT_method": "Bayes", "time_disc": 0.08447561087086797, "time_cnf": 5.783000689931214, "time_VE": 0.006196556147187948, "time_BP": 0.010904247872531414, "RMSE": 22.547033146876064, "WRMSE": 12.346316697016457, "MAE": 19.39245032109237, "PE": 0.6726604210538808, "exact_EV": 345, "disc_EV": 347.3206784526359, "Wass_scaled": 0.02647241666570457, "Wass_multi": 1.3380939617150935, "time_wass": 0.7895462629385293}