{
	"nodecount" : 1727,
	"peaknodes" : 1787,
	"total_load_time" : 0.0679569,
	"build_time" : 0.0634811,
	"wmc_time" : 0.00191879
}
