{"distribution": "lg", "edges": [["A", "D"], ["B", "D"], ["D", "E"], ["C", "E"]], "root_params": "A ~ N(20,20) B ~ N(20,20) C ~ N(15,15)", "experiment": 119, "not_root_params": "D   ~   N ( 2 A + 3 B , 2 . 9 6 8 7 5 )   E   ~   N ( 3 C + 3 D , 2 . 9 6 8 7 5 )", "sample_size": 1703, "means": {"A": 20, "B": 20, "C": 15, "D": 100, "E": 345}, "disc_method": "EV", "bins": 5, "target_column": null, "CPT_method": "Bayes", "time_disc": 0.12080449999484699, "time_cnf": 0.015868899994529784, "time_VE": 0.0017565000016475096, "time_BP": 0.015248399999109097, "RMSE": 2.8578823014414256, "WRMSE": 2.8593073057979717, "MAE": 2.184493332401496, "PE": 0.04046980002878323, "exact_EV": 345, "disc_EV": 344.8603791899007, "Wass_scaled": 0.42356355949049596, "Wass_multi": 6.009781623331511, "time_wass": 1.5079644999932498}