{
	"nodecount" : 1914,
	"peaknodes" : 1914,
	"total_load_time" : 1.10389,
	"build_time" : 1.02562,
	"wmc_time" : 0.00350094,
	"wmc_value" : 1,
	"bn_to_cnf_time" : 0.0365355
}
