{"distribution": "lg", "edges": [["A", "D"], ["B", "D"], ["D", "E"], ["C", "E"]], "root_params": "A ~ N(20,20) B ~ N(20,20) C ~ N(15,15)", "experiment": 119, "not_root_params": "D   ~   N ( 2 A + 3 B , 2 . 9 6 8 7 5 )   E   ~   N ( 3 C + 3 D , 2 . 9 6 8 7 5 )", "sample_size": 1703, "means": {"A": 20, "B": 20, "C": 15, "D": 100, "E": 345}, "disc_method": "EB", "bins": 10, "target_column": null, "CPT_method": "Bayes", "time_disc": 0.07092559104785323, "time_cnf": 0.20121387112885714, "time_VE": 0.0011810921132564545, "time_BP": 0.004882102832198143, "RMSE": 19.01842822917869, "WRMSE": 7.620667296133209, "MAE": 14.917506835504236, "PE": 0.1531334892934944, "exact_EV": 345, "disc_EV": 345.52831053806256, "Wass_scaled": 0.07731383530306922, "Wass_multi": 3.9099015087508078, "time_wass": 0.8908631983213127}