{"distribution": "lg", "edges": [["A", "D"], ["B", "D"], ["D", "E"], ["C", "E"]], "root_params": "A ~ N(20,20) B ~ N(20,20) C ~ N(15,15)", "experiment": 119, "not_root_params": "D   ~   N ( 2 A + 3 B , 2 . 9 6 8 7 5 )   E   ~   N ( 3 C + 3 D , 2 . 9 6 8 7 5 )", "sample_size": 1703, "means": {"A": 20, "B": 20, "C": 15, "D": 100, "E": 345}, "disc_method": "EV", "bins": 30, "target_column": null, "CPT_method": "Bayes", "time_disc": 0.11678679999022279, "time_cnf": 0.819844199999352, "time_VE": 0.0016908999969018623, "time_BP": 0.02336279999872204, "RMSE": 11.903840010053136, "WRMSE": 11.914168253948167, "MAE": 9.493678760275367, "PE": 0.030127118332371618, "exact_EV": 345, "disc_EV": 344.8960614417533, "Wass_scaled": 0.16386705505637442, "Wass_multi": 1.2370648903890664, "time_wass": 1.314998799993191}