{"distribution": "lg", "edges": [["A", "D"], ["B", "D"], ["D", "E"], ["C", "E"]], "root_params": "A ~ N(20,20) B ~ N(20,20) C ~ N(15,15)", "experiment": 119, "not_root_params": "D   ~   N ( 2 A + 3 B , 2 . 9 6 8 7 5 )   E   ~   N ( 3 C + 3 D , 2 . 9 6 8 7 5 )", "sample_size": 1703, "means": {"A": 20, "B": 20, "C": 15, "D": 100, "E": 345}, "disc_method": "EB", "bins": 25, "target_column": null, "CPT_method": "Bayes", "time_disc": 0.1014963999914471, "time_cnf": 0.4106714999943506, "time_VE": 0.0021167000086279586, "time_BP": 0.009869900008197874, "RMSE": 23.162213759841464, "WRMSE": 11.899061543310031, "MAE": 19.854640535453335, "PE": 0.037368719491987445, "exact_EV": 345, "disc_EV": 345.12892208224736, "Wass_scaled": 0.03012535908918197, "Wass_multi": 1.6351417296128214, "time_wass": 1.0909706999955233}