{"distribution": "lg", "edges": [["A", "D"], ["B", "D"], ["D", "E"], ["C", "E"]], "root_params": "A ~ N(20,20) B ~ N(20,20) C ~ N(15,15)", "experiment": 119, "not_root_params": "D   ~   N ( 2 A + 3 B , 2 . 9 6 8 7 5 )   E   ~   N ( 3 C + 3 D , 2 . 9 6 8 7 5 )", "sample_size": 1703, "means": {"A": 20, "B": 20, "C": 15, "D": 100, "E": 345}, "disc_method": "EB", "bins": 12, "target_column": null, "CPT_method": "Bayes", "time_disc": 0.10050139999657404, "time_cnf": 0.05321650000405498, "time_VE": 0.001403400005074218, "time_BP": 0.005770399991888553, "RMSE": 20.446226904506887, "WRMSE": 8.888595468116177, "MAE": 16.53730362951693, "PE": 0.23910971979450116, "exact_EV": 345, "disc_EV": 345.82492853329103, "Wass_scaled": 0.06721424075962158, "Wass_multi": 3.3477592774652427, "time_wass": 1.2270682999951532}