{
	"nodecount" : 43009,
	"peaknodes" : 44181,
	"total_load_time" : 4.01798,
	"build_time" : 3.84738,
	"wmc_time" : 0.0104649,
	"wmc_value" : 1,
	"bn_to_cnf_time" : 0.108932
}
