{"distribution": "lg", "edges": [["A", "D"], ["B", "D"], ["D", "E"], ["C", "E"]], "root_params": "A ~ N(20,20) B ~ N(20,20) C ~ N(15,15)", "experiment": 102, "not_root_params": "D   ~   N ( 2 A + 3 B , 5 . 5 )   E   ~   N ( 3 C + 3 D , 5 . 5 )", "sample_size": 1050, "means": {"A": 20, "B": 20, "C": 15, "D": 100, "E": 345}, "disc_method": "EB", "bins": 30, "target_column": null, "CPT_method": "Bayes", "time_disc": 0.11689720000140369, "time_cnf": 0.735777900001267, "time_VE": 0.0016306999896187335, "time_BP": 0.012797799994586967, "RMSE": 54.43713685124586, "WRMSE": 30.856436380041632, "MAE": 47.118985258103265, "PE": 0.1575451055157373, "exact_EV": 345, "disc_EV": 345.5435306140293, "Wass_scaled": 0.025388775229029582, "Wass_multi": 3.349387771684671, "time_wass": 0.5269377000076929}