{"distribution": "lg", "edges": [["A", "D"], ["B", "D"], ["D", "E"], ["C", "E"]], "root_params": "A ~ N(20,20) B ~ N(20,20) C ~ N(15,15)", "experiment": 102, "not_root_params": "D   ~   N ( 2 A + 3 B , 5 . 5 )   E   ~   N ( 3 C + 3 D , 5 . 5 )", "sample_size": 1050, "means": {"A": 20, "B": 20, "C": 15, "D": 100, "E": 345}, "disc_method": "EV", "bins": 10, "target_column": null, "CPT_method": "Bayes", "time_disc": 0.08617150000645779, "time_cnf": 0.030975400004535913, "time_VE": 0.0015638000040780753, "time_BP": 0.005369700011215173, "RMSE": 22.92838438199346, "WRMSE": 22.92838438199346, "MAE": 18.365537327753845, "PE": 0.10874227963985623, "exact_EV": 345, "disc_EV": 344.6248391352425, "Wass_scaled": 0.2778222202151982, "Wass_multi": 8.140237284024131, "time_wass": 0.5789507000008598}