{"distribution": "lg", "edges": [["A", "D"], ["B", "D"], ["D", "E"], ["C", "E"]], "root_params": "A ~ N(20,20) B ~ N(20,20) C ~ N(15,15)", "experiment": 102, "not_root_params": "D   ~   N ( 2 A + 3 B , 5 . 5 )   E   ~   N ( 3 C + 3 D , 5 . 5 )", "sample_size": 1050, "means": {"A": 20, "B": 20, "C": 15, "D": 100, "E": 345}, "disc_method": "EB", "bins": 25, "target_column": null, "CPT_method": "Bayes", "time_disc": 0.142937617842108, "time_cnf": 2.633136101067066, "time_VE": 0.0029337918385863304, "time_BP": 0.013019452337175608, "RMSE": 54.43529682827192, "WRMSE": 30.722442654493232, "MAE": 46.91226331102241, "PE": 1.3023608923131211, "exact_EV": 345, "disc_EV": 340.50685492151973, "Wass_scaled": 0.029200658134096082, "Wass_multi": 4.164985151672121, "time_wass": 0.48852888587862253}