{"distribution": "lg", "edges": [["A", "D"], ["B", "D"], ["D", "E"], ["C", "E"]], "root_params": "A ~ N(20,20) B ~ N(20,20) C ~ N(15,15)", "experiment": 102, "not_root_params": "D   ~   N ( 2 A + 3 B , 5 . 5 )   E   ~   N ( 3 C + 3 D , 5 . 5 )", "sample_size": 1050, "means": {"A": 20, "B": 20, "C": 15, "D": 100, "E": 345}, "disc_method": "EV", "bins": 20, "target_column": null, "CPT_method": "Bayes", "time_disc": 0.11960556916892529, "time_cnf": 0.8289800900965929, "time_VE": 0.002364408690482378, "time_BP": 0.009538158308714628, "RMSE": 29.44152240339965, "WRMSE": 29.483256811204956, "MAE": 23.526791970530404, "PE": 0.18446124418419194, "exact_EV": 345, "disc_EV": 344.36360870756454, "Wass_scaled": 0.19321389545514464, "Wass_multi": 4.553391589889408, "time_wass": 0.6433587060309947}