{
	"nodecount" : 28019,
	"peaknodes" : 29971,
	"total_load_time" : 2.92761,
	"build_time" : 2.59867,
	"wmc_time" : 0.010108
}
