{"distribution": "lg", "edges": [["A", "D"], ["B", "D"], ["D", "E"], ["C", "E"]], "root_params": "A ~ N(20,20) B ~ N(20,20) C ~ N(15,15)", "experiment": 102, "not_root_params": "D   ~   N ( 2 A + 3 B , 5 . 5 )   E   ~   N ( 3 C + 3 D , 5 . 5 )", "sample_size": 1050, "means": {"A": 20, "B": 20, "C": 15, "D": 100, "E": 345}, "disc_method": "MDLP", "bins": 2, "target_column": "E", "CPT_method": "Bayes", "time_disc": 0.8544748999993317, "time_cnf": 0.056941799994092435, "time_VE": 0.0031477000011364, "time_BP": 0.011578999998164363, "RMSE": 49.16975056063087, "WRMSE": 24.624270866565286, "MAE": 45.79056718349304, "PE": 0.7334129783280958, "exact_EV": 345, "disc_EV": 342.46972522476807, "Wass_scaled": 0.4261646249024762, "Wass_multi": 6.235341268137725, "time_wass": 0.5764209999906598}