{
	"nodecount" : 28019,
	"peaknodes" : 29971,
	"total_load_time" : 3.73405,
	"build_time" : 3.54588,
	"wmc_time" : 0.00842404,
	"wmc_value" : 1,
	"bn_to_cnf_time" : 0.110638
}
