{"distribution": "lg", "edges": [["A", "D"], ["B", "D"], ["D", "E"], ["C", "E"]], "root_params": "A ~ N(20,20) B ~ N(20,20) C ~ N(15,15)", "experiment": 102, "not_root_params": "D   ~   N ( 2 A + 3 B , 5 . 5 )   E   ~   N ( 3 C + 3 D , 5 . 5 )", "sample_size": 1050, "means": {"A": 20, "B": 20, "C": 15, "D": 100, "E": 345}, "disc_method": "EV", "bins": 14, "target_column": null, "CPT_method": "Bayes", "time_disc": 0.12964813690632582, "time_cnf": 5.5387260457500815, "time_VE": 0.002217999193817377, "time_BP": 0.00958810793235898, "RMSE": 27.74149148475742, "WRMSE": 27.741491484757425, "MAE": 22.24534905099245, "PE": 0.17038466377542044, "exact_EV": 345, "disc_EV": 344.4121729099748, "Wass_scaled": 0.230974212615553, "Wass_multi": 6.1189907487948565, "time_wass": 0.6793549871072173}