{
	"nodecount" : 14420,
	"peaknodes" : 15342,
	"total_load_time" : 1.34875,
	"build_time" : 1.20818,
	"wmc_time" : 0.00812197
}
