{"distribution": "lg", "edges": [["A", "D"], ["B", "D"], ["D", "E"], ["C", "E"]], "root_params": "A ~ N(20,20) B ~ N(20,20) C ~ N(15,15)", "experiment": 102, "not_root_params": "D   ~   N ( 2 A + 3 B , 5 . 5 )   E   ~   N ( 3 C + 3 D , 5 . 5 )", "sample_size": 1050, "means": {"A": 20, "B": 20, "C": 15, "D": 100, "E": 345}, "disc_method": "EB", "bins": 5, "target_column": null, "CPT_method": "Bayes", "time_disc": 0.09834608715027571, "time_cnf": 5.290664278902113, "time_VE": 0.0038239331915974617, "time_BP": 0.015853425953537226, "RMSE": 28.671102459603894, "WRMSE": 13.458171248410084, "MAE": 22.537766801244572, "PE": 0.3521850309425645, "exact_EV": 345, "disc_EV": 343.78496164324815, "Wass_scaled": 0.17125285875719523, "Wass_multi": 19.31917651758494, "time_wass": 0.7335812812671065}