{
	"nodecount" : 13509,
	"peaknodes" : 13617,
	"total_load_time" : 0.849154,
	"build_time" : 0.723799,
	"wmc_time" : 0.00580978
}
