{"distribution": "lg", "edges": [["A", "D"], ["B", "D"], ["D", "E"], ["C", "E"]], "root_params": "A ~ N(20,20) B ~ N(20,20) C ~ N(15,15)", "experiment": 102, "not_root_params": "D   ~   N ( 2 A + 3 B , 5 . 5 )   E   ~   N ( 3 C + 3 D , 5 . 5 )", "sample_size": 1050, "means": {"A": 20, "B": 20, "C": 15, "D": 100, "E": 345}, "disc_method": "EV", "bins": 30, "target_column": null, "CPT_method": "Bayes", "time_disc": 0.14441380416974425, "time_cnf": 4.375952973030508, "time_VE": 0.002949262037873268, "time_BP": 0.019133527763187885, "RMSE": 29.899900143617835, "WRMSE": 29.899900143617835, "MAE": 23.813024640859, "PE": 0.18901184674011373, "exact_EV": 345, "disc_EV": 344.3479091287466, "Wass_scaled": 0.15590028826095298, "Wass_multi": 3.2779555233338113, "time_wass": 0.651760634034872}