{"distribution": "lg", "edges": [["A", "D"], ["B", "D"], ["D", "E"], ["C", "E"]], "root_params": "A ~ N(20,20) B ~ N(20,20) C ~ N(15,15)", "experiment": 102, "not_root_params": "D   ~   N ( 2 A + 3 B , 5 . 5 )   E   ~   N ( 3 C + 3 D , 5 . 5 )", "sample_size": 1050, "means": {"A": 20, "B": 20, "C": 15, "D": 100, "E": 345}, "disc_method": "EV", "bins": 8, "target_column": null, "CPT_method": "Bayes", "time_disc": 0.09394340000289958, "time_cnf": 0.01763990000472404, "time_VE": 0.002068000001600012, "time_BP": 0.01154089999909047, "RMSE": 17.569623439894215, "WRMSE": 17.603447495393304, "MAE": 14.085650788874624, "PE": 0.08747936057609192, "exact_EV": 345, "disc_EV": 344.6981962060125, "Wass_scaled": 0.3158534278995102, "Wass_multi": 9.779132457603755, "time_wass": 0.5799710999999661}