{"distribution": "lg", "edges": [["A", "D"], ["B", "D"], ["D", "E"], ["C", "E"]], "root_params": "A ~ N(20,20) B ~ N(20,20) C ~ N(15,15)", "experiment": 102, "not_root_params": "D   ~   N ( 2 A + 3 B , 5 . 5 )   E   ~   N ( 3 C + 3 D , 5 . 5 )", "sample_size": 1050, "means": {"A": 20, "B": 20, "C": 15, "D": 100, "E": 345}, "disc_method": "EB", "bins": 8, "target_column": null, "CPT_method": "Bayes", "time_disc": 0.13589703012257814, "time_cnf": 0.27973373606801033, "time_VE": 0.004156686365604401, "time_BP": 0.014984694309532642, "RMSE": 41.777322600426096, "WRMSE": 19.41390615244036, "MAE": 33.22670158966267, "PE": 0.5198935186813682, "exact_EV": 345, "disc_EV": 343.2063673605493, "Wass_scaled": 0.09908724537718908, "Wass_multi": 12.235847580858493, "time_wass": 0.7746574860066175}