{
	"nodecount" : 50899,
	"peaknodes" : 54177,
	"total_load_time" : 7.16962,
	"build_time" : 6.50017,
	"wmc_time" : 0.01267,
	"wmc_value" : 1,
	"bn_to_cnf_time" : 0.339403
}
