{
	"nodecount" : 35784,
	"peaknodes" : 38591,
	"total_load_time" : 4.08505,
	"build_time" : 3.52606,
	"wmc_time" : 0.017292
}
