{
	"nodecount" : 6665,
	"peaknodes" : 6665,
	"total_load_time" : 0.473711,
	"build_time" : 0.447279,
	"wmc_time" : 0.0106831,
	"wmc_value" : 1,
	"bn_to_cnf_time" : 0.0112514
}
