{"distribution": "lg", "edges": [["A", "D"], ["B", "D"], ["D", "E"], ["C", "E"]], "root_params": "A ~ N(20,20) B ~ N(20,20) C ~ N(15,15)", "experiment": 102, "not_root_params": "D   ~   N ( 2 A + 3 B , 5 . 5 )   E   ~   N ( 3 C + 3 D , 5 . 5 )", "sample_size": 1050, "means": {"A": 20, "B": 20, "C": 15, "D": 100, "E": 345}, "disc_method": "EB", "bins": 14, "target_column": null, "CPT_method": "Bayes", "time_disc": 0.09130359999835491, "time_cnf": 0.07818129999213852, "time_VE": 0.0023908000002847984, "time_BP": 0.011734600004274398, "RMSE": 51.764170587424346, "WRMSE": 27.32839760238241, "MAE": 43.619804046156254, "PE": 1.0918040907556323, "exact_EV": 345, "disc_EV": 341.23327588689307, "Wass_scaled": 0.051188886844772845, "Wass_multi": 7.354213152145671, "time_wass": 0.5493102000036743}