{"distribution": "lg", "edges": [["A", "D"], ["B", "D"], ["D", "E"], ["C", "E"]], "root_params": "A ~ N(20,20) B ~ N(20,20) C ~ N(15,15)", "experiment": 102, "not_root_params": "D   ~   N ( 2 A + 3 B , 5 . 5 )   E   ~   N ( 3 C + 3 D , 5 . 5 )", "sample_size": 1050, "means": {"A": 20, "B": 20, "C": 15, "D": 100, "E": 345}, "disc_method": "EV", "bins": 12, "target_column": null, "CPT_method": "Bayes", "time_disc": 0.1287313117645681, "time_cnf": 2.8388467766344547, "time_VE": 0.0034869727678596973, "time_BP": 0.014525371138006449, "RMSE": 25.91516969154303, "WRMSE": 25.94583152547209, "MAE": 20.876096154204976, "PE": 0.16526053231105847, "exact_EV": 345, "disc_EV": 344.42985116352685, "Wass_scaled": 0.2520804925310652, "Wass_multi": 7.023203210279265, "time_wass": 0.662423892877996}