{
	"nodecount" : 18709,
	"peaknodes" : 19687,
	"total_load_time" : 2.07192,
	"build_time" : 1.68449,
	"wmc_time" : 0.016818
}
