{"distribution": "lg", "edges": [["A", "D"], ["B", "D"], ["D", "E"], ["C", "E"]], "root_params": "A ~ N(20,20) B ~ N(20,20) C ~ N(15,15)", "experiment": 102, "not_root_params": "D   ~   N ( 2 A + 3 B , 5 . 5 )   E   ~   N ( 3 C + 3 D , 5 . 5 )", "sample_size": 1050, "means": {"A": 20, "B": 20, "C": 15, "D": 100, "E": 345}, "disc_method": "EV", "bins": 25, "target_column": null, "CPT_method": "Bayes", "time_disc": 0.17952638771384954, "time_cnf": 2.3308331673033535, "time_VE": 0.00343637028709054, "time_BP": 0.020602845586836338, "RMSE": 29.792823124804855, "WRMSE": 29.79282312480486, "MAE": 23.75570936641291, "PE": 0.18882599321194032, "exact_EV": 345, "disc_EV": 344.3485503234188, "Wass_scaled": 0.17121195587537089, "Wass_multi": 3.642436311776688, "time_wass": 0.6682420559227467}