{
	"nodecount" : 46,
	"peaknodes" : 49,
	"total_load_time" : 0.0119772,
	"build_time" : 0.00971699,
	"wmc_time" : 0.000439882
}
