{
	"nodecount" : 37,
	"peaknodes" : 37,
	"total_load_time" : 0.0104661,
	"build_time" : 0.00539017,
	"wmc_time" : 0.000289917
}
