{
	"nodecount" : 26,
	"peaknodes" : 26,
	"total_load_time" : 0.027508,
	"build_time" : 0.0026741,
	"wmc_time" : 0.00027585
}
