{
	"nodecount" : 35,
	"peaknodes" : 36,
	"total_load_time" : 0.502437,
	"build_time" : 0.00538111,
	"wmc_time" : 0.000347137
}
