{
	"nodecount" : 27,
	"peaknodes" : 28,
	"total_load_time" : 0.00641513,
	"build_time" : 0.00315785,
	"wmc_time" : 0.000245094
}
