{
	"nodecount" : 51,
	"peaknodes" : 53,
	"total_load_time" : 0.01386,
	"build_time" : 0.0112951,
	"wmc_time" : 0.00047183
}
