{
	"nodecount" : 40,
	"peaknodes" : 41,
	"total_load_time" : 0.127428,
	"build_time" : 0.00539899,
	"wmc_time" : 0.000392914
}
