{"distribution": "nm", "edges": [["X", "Y"]], "root_params": ["X ~ B(0.8)"], "experiment": 8, "not_root_params": "P(Y|X) ~ N(6,2) if X = 0.0 and P(Y|X) ~ N(4,2) if X = 1.0", "sample_size": 100, "means": 5.6000000000000005, "disc_method": "EB", "bins": 25, "target_column": null, "CPT_method": "Bayes", "time_disc": 0.03667189413681626, "time_cnf": 0.01707622781395912, "time_VE": 0.0009255721233785152, "time_BP": 0.002510874066501856, "RMSE": 0.4718392770892069, "WRMSE": 0.3125595470486512, "MAE": 0.3595306651389376, "PE": 21.455468320124503, "exact_EV": 5.6000000000000005, "disc_EV": 4.398493774073028, "Wass_scaled": 0.008292336981405593, "Wass_multi": 0.08957016621627456, "time_wass": 0.010215463116765022}