{"distribution": "nm", "edges": [["X", "Y"]], "root_params": ["X ~ B(0.8)"], "experiment": 8, "not_root_params": "P(Y|X) ~ N(6,2) if X = 0.0 and P(Y|X) ~ N(4,2) if X = 1.0", "sample_size": 100, "means": 5.6000000000000005, "disc_method": "EB", "bins": 12, "target_column": null, "CPT_method": "Bayes", "time_disc": 0.03775657992810011, "time_cnf": 0.09354519192129374, "time_VE": 0.0009755194187164307, "time_BP": 0.002523559145629406, "RMSE": 0.2881682440059566, "WRMSE": 0.19194966810439673, "MAE": 0.22386766963911864, "PE": 20.616663390289684, "exact_EV": 5.6000000000000005, "disc_EV": 4.445466850143778, "Wass_scaled": 0.020014356869009063, "Wass_multi": 0.21618625430805002, "time_wass": 0.010491208173334599}