{
	"nodecount" : 28,
	"peaknodes" : 28,
	"total_load_time" : 0.00705409,
	"build_time" : 0.00341105,
	"wmc_time" : 0.000298977
}
