{"distribution": "nm", "edges": [["X", "Y"]], "root_params": ["X ~ B(0.8)"], "experiment": 8, "not_root_params": "P(Y|X) ~ N(6,2) if X = 0.0 and P(Y|X) ~ N(4,2) if X = 1.0", "sample_size": 100, "means": 5.6000000000000005, "disc_method": "EV", "bins": 10, "target_column": null, "CPT_method": "Bayes", "time_disc": 0.035146265756338835, "time_cnf": 0.11216932628303766, "time_VE": 0.0011667259968817234, "time_BP": 0.003796054981648922, "RMSE": 0.27490968367161794, "WRMSE": 0.18204184038607285, "MAE": 0.20916223305331938, "PE": 20.711510770565464, "exact_EV": 5.6000000000000005, "disc_EV": 4.4401553968483345, "Wass_scaled": 0.07398457429108513, "Wass_multi": 0.2744571729457953, "time_wass": 0.015853701159358025}