{
	"nodecount" : 55,
	"peaknodes" : 57,
	"total_load_time" : 0.021235,
	"build_time" : 0.0084281,
	"wmc_time" : 0.000400066
}
