{
	"nodecount" : 36,
	"peaknodes" : 36,
	"total_load_time" : 0.00846601,
	"build_time" : 0.00504708,
	"wmc_time" : 0.000273943
}
