{
	"nodecount" : 48,
	"peaknodes" : 50,
	"total_load_time" : 0.013216,
	"build_time" : 0.0108199,
	"wmc_time" : 0.000470877
}
