{"distribution": "nm", "edges": [["X", "Y"]], "root_params": ["X ~ B(0.8)"], "experiment": 8, "not_root_params": "P(Y|X) ~ N(6,2) if X = 0.0 and P(Y|X) ~ N(4,2) if X = 1.0", "sample_size": 100, "means": 5.6000000000000005, "disc_method": "EB", "bins": 30, "target_column": null, "CPT_method": "Bayes", "time_disc": 0.033889350946992636, "time_cnf": 0.008354783058166504, "time_VE": 0.0012611597776412964, "time_BP": 0.003590394277125597, "RMSE": 0.4559583365496135, "WRMSE": 0.3079824650801268, "MAE": 0.36654958216954725, "PE": 20.770205793390204, "exact_EV": 5.6000000000000005, "disc_EV": 4.436868475570149, "Wass_scaled": 0.006640995961839898, "Wass_multi": 0.07173310895069873, "time_wass": 0.014083432964980602}