{
	"nodecount" : 26,
	"peaknodes" : 26,
	"total_load_time" : 0.147005,
	"build_time" : 0.00282502,
	"wmc_time" : 0.000292063
}
