{"distribution": "nm", "edges": [["X", "Y"]], "root_params": ["X ~ B(0.8)"], "experiment": 8, "not_root_params": "P(Y|X) ~ N(6,2) if X = 0.0 and P(Y|X) ~ N(4,2) if X = 1.0", "sample_size": 100, "means": 5.6000000000000005, "disc_method": "EB", "bins": 20, "target_column": null, "CPT_method": "Bayes", "time_disc": 0.03781729191541672, "time_cnf": 0.009032810106873512, "time_VE": 0.0011228588409721851, "time_BP": 0.003237491939216852, "RMSE": 0.378068547191926, "WRMSE": 0.25719241838455376, "MAE": 0.3080445046778353, "PE": 20.435856478375104, "exact_EV": 5.6000000000000005, "disc_EV": 4.4555920372109945, "Wass_scaled": 0.01094797115496667, "Wass_multi": 0.11825515512465738, "time_wass": 0.010724402964115143}