{
	"nodecount" : 41,
	"peaknodes" : 42,
	"total_load_time" : 0.013905,
	"build_time" : 0.00572419,
	"wmc_time" : 0.000309944
}
