{"distribution": "nm", "edges": [["X", "Y"]], "root_params": ["X ~ B(0.8)"], "experiment": 8, "not_root_params": "P(Y|X) ~ N(6,2) if X = 0.0 and P(Y|X) ~ N(4,2) if X = 1.0", "sample_size": 100, "means": 5.6000000000000005, "disc_method": "EB", "bins": 17, "target_column": null, "CPT_method": "Bayes", "time_disc": 0.035208437126129866, "time_cnf": 0.006634017918258905, "time_VE": 0.0009697191417217255, "time_BP": 0.0025306139141321182, "RMSE": 0.38633434349547735, "WRMSE": 0.2605390316245358, "MAE": 0.3095587712791201, "PE": 20.63394023309801, "exact_EV": 5.6000000000000005, "disc_EV": 4.444499346946512, "Wass_scaled": 0.01270622233751096, "Wass_multi": 0.13724700881111865, "time_wass": 0.010660321917384863}