{
	"nodecount" : 10776,
	"peaknodes" : 11588,
	"total_load_time" : 1.20632,
	"build_time" : 1.12092,
	"wmc_time" : 0.00522089
}
