{"distribution": "lg", "edges": [["A", "D"], ["B", "D"], ["D", "E"], ["C", "E"]], "root_params": "A ~ N(20,20) B ~ N(20,20) C ~ N(15,15)", "experiment": 108, "not_root_params": "D   ~   N ( 2 A + 3 B , 6 . 6 2 5 )   E   ~   N ( 3 C + 3 D , 6 . 6 2 5 )", "sample_size": 338, "means": {"A": 20, "B": 20, "C": 15, "D": 100, "E": 345}, "disc_method": "EV", "bins": 12, "target_column": null, "CPT_method": "Bayes", "time_disc": 0.09072959999321029, "time_cnf": 0.05414689998724498, "time_VE": 0.0016281000134767964, "time_BP": 0.008816399989882484, "RMSE": 33.34639584456166, "WRMSE": 33.582157383219965, "MAE": 27.036052386800336, "PE": 1.352453219615562, "exact_EV": 345, "disc_EV": 340.3340363923263, "Wass_scaled": 0.2114974284424256, "Wass_multi": 8.537909119817261, "time_wass": 0.07520719998865388}