{
	"nodecount" : 19330,
	"peaknodes" : 22242,
	"total_load_time" : 6.96474,
	"build_time" : 6.30061,
	"wmc_time" : 0.00649381,
	"wmc_value" : 1,
	"bn_to_cnf_time" : 0.314575
}
