{
	"nodecount" : 15529,
	"peaknodes" : 16853,
	"total_load_time" : 3.56204,
	"build_time" : 3.39529,
	"wmc_time" : 0.00505018,
	"wmc_value" : 1,
	"bn_to_cnf_time" : 0.110046
}
