{
	"nodecount" : 8842,
	"peaknodes" : 9718,
	"total_load_time" : 1.32676,
	"build_time" : 1.27091,
	"wmc_time" : 0.00445008,
	"wmc_value" : 1,
	"bn_to_cnf_time" : 0.0382445
}
