{
	"nodecount" : 14795,
	"peaknodes" : 18170,
	"total_load_time" : 6.99524,
	"build_time" : 6.28855,
	"wmc_time" : 0.00452709,
	"wmc_value" : 1,
	"bn_to_cnf_time" : 0.361655
}
