{"distribution": "lg", "edges": [["A", "D"], ["B", "D"], ["D", "E"], ["C", "E"]], "root_params": "A ~ N(20,20) B ~ N(20,20) C ~ N(15,15)", "experiment": 108, "not_root_params": "D   ~   N ( 2 A + 3 B , 6 . 6 2 5 )   E   ~   N ( 3 C + 3 D , 6 . 6 2 5 )", "sample_size": 338, "means": {"A": 20, "B": 20, "C": 15, "D": 100, "E": 345}, "disc_method": "EB", "bins": 17, "target_column": null, "CPT_method": "Bayes", "time_disc": 0.07930942624807358, "time_cnf": 0.47730645118281245, "time_VE": 0.002495876979082823, "time_BP": 0.00779988756403327, "RMSE": 60.01574615707551, "WRMSE": 37.22840735051738, "MAE": 51.048412238507915, "PE": 3.928892696652495, "exact_EV": 345, "disc_EV": 331.4453201965489, "Wass_scaled": 0.04187914301493978, "Wass_multi": 5.796141608460313, "time_wass": 0.039730658289045095}