{"distribution": "lg", "edges": [["A", "D"], ["B", "D"], ["D", "E"], ["C", "E"]], "root_params": "A ~ N(20,20) B ~ N(20,20) C ~ N(15,15)", "experiment": 108, "not_root_params": "D   ~   N ( 2 A + 3 B , 6 . 6 2 5 )   E   ~   N ( 3 C + 3 D , 6 . 6 2 5 )", "sample_size": 338, "means": {"A": 20, "B": 20, "C": 15, "D": 100, "E": 345}, "disc_method": "EV", "bins": 20, "target_column": null, "CPT_method": "Bayes", "time_disc": 0.10084389999974519, "time_cnf": 0.22275990000343882, "time_VE": 0.0018361999973421916, "time_BP": 0.017304699998931028, "RMSE": 34.55191833338191, "WRMSE": 34.63011631036636, "MAE": 27.75796495881166, "PE": 1.3531299275406206, "exact_EV": 345, "disc_EV": 340.33170174998486, "Wass_scaled": 0.14305578201321417, "Wass_multi": 5.444532337747853, "time_wass": 0.07677219998731744}