{
	"nodecount" : 16898,
	"peaknodes" : 21343,
	"total_load_time" : 7.00905,
	"build_time" : 6.02692,
	"wmc_time" : 0.00581098
}
