{"distribution": "lg", "edges": [["A", "D"], ["B", "D"], ["D", "E"], ["C", "E"]], "root_params": "A ~ N(20,20) B ~ N(20,20) C ~ N(15,15)", "experiment": 108, "not_root_params": "D   ~   N ( 2 A + 3 B , 6 . 6 2 5 )   E   ~   N ( 3 C + 3 D , 6 . 6 2 5 )", "sample_size": 338, "means": {"A": 20, "B": 20, "C": 15, "D": 100, "E": 345}, "disc_method": "EB", "bins": 12, "target_column": null, "CPT_method": "Bayes", "time_disc": 0.09317440001177602, "time_cnf": 0.054412000012234785, "time_VE": 0.0032839000050444156, "time_BP": 0.012766600004397333, "RMSE": 59.39486224514957, "WRMSE": 35.310747090740655, "MAE": 49.98851102094873, "PE": 3.4442737199886295, "exact_EV": 345, "disc_EV": 333.1172556660392, "Wass_scaled": 0.06127568911608685, "Wass_multi": 8.405873104241268, "time_wass": 0.0797216000064509}