{"distribution": "lg", "edges": [["A", "D"], ["B", "D"], ["D", "E"], ["C", "E"]], "root_params": "A ~ N(20,20) B ~ N(20,20) C ~ N(15,15)", "experiment": 108, "not_root_params": "D   ~   N ( 2 A + 3 B , 6 . 6 2 5 )   E   ~   N ( 3 C + 3 D , 6 . 6 2 5 )", "sample_size": 338, "means": {"A": 20, "B": 20, "C": 15, "D": 100, "E": 345}, "disc_method": "EV", "bins": 10, "target_column": null, "CPT_method": "Bayes", "time_disc": 0.09561930000199936, "time_cnf": 0.03401289999601431, "time_VE": 0.002284899994265288, "time_BP": 0.007995499996468425, "RMSE": 32.36990682774404, "WRMSE": 32.4494661840288, "MAE": 26.360650578789564, "PE": 1.3772273446810839, "exact_EV": 345, "disc_EV": 340.24856566085026, "Wass_scaled": 0.23641313379674306, "Wass_multi": 10.156721271710355, "time_wass": 0.07629789999919012}