{
	"nodecount" : 20202,
	"peaknodes" : 23739,
	"total_load_time" : 9.3082,
	"build_time" : 8.08576,
	"wmc_time" : 0.00613189,
	"wmc_value" : 1,
	"bn_to_cnf_time" : 0.606695
}
