{"distribution": "lg", "edges": [["A", "D"], ["B", "D"], ["D", "E"], ["C", "E"]], "root_params": "A ~ N(20,20) B ~ N(20,20) C ~ N(15,15)", "experiment": 108, "not_root_params": "D   ~   N ( 2 A + 3 B , 6 . 6 2 5 )   E   ~   N ( 3 C + 3 D , 6 . 6 2 5 )", "sample_size": 338, "means": {"A": 20, "B": 20, "C": 15, "D": 100, "E": 345}, "disc_method": "EV", "bins": 25, "target_column": null, "CPT_method": "Bayes", "time_disc": 0.1070593999902485, "time_cnf": 0.4643978999956744, "time_VE": 0.0017097999952966347, "time_BP": 0.010891599988099188, "RMSE": 34.60212727923554, "WRMSE": 34.728769047125276, "MAE": 27.787064620450266, "PE": 1.3465258234211361, "exact_EV": 345, "disc_EV": 340.3544859091971, "Wass_scaled": 0.12413541303851601, "Wass_multi": 4.49370294658415, "time_wass": 0.07178670000575949}