{"distribution": "lg", "edges": [["A", "D"], ["B", "D"], ["D", "E"], ["C", "E"]], "root_params": "A ~ N(20,20) B ~ N(20,20) C ~ N(15,15)", "experiment": 108, "not_root_params": "D   ~   N ( 2 A + 3 B , 6 . 6 2 5 )   E   ~   N ( 3 C + 3 D , 6 . 6 2 5 )", "sample_size": 338, "means": {"A": 20, "B": 20, "C": 15, "D": 100, "E": 345}, "disc_method": "EV", "bins": 14, "target_column": null, "CPT_method": "Bayes", "time_disc": 0.10752717219293118, "time_cnf": 0.32304644072428346, "time_VE": 0.0019572670571506023, "time_BP": 0.007514129858464003, "RMSE": 33.87008997214305, "WRMSE": 34.130602627890156, "MAE": 27.364161021183346, "PE": 1.3441906742095393, "exact_EV": 345, "disc_EV": 340.3625421739771, "Wass_scaled": 0.19035761699168807, "Wass_multi": 7.483809204857606, "time_wass": 0.049060646910220385}