{"distribution": "lg", "edges": [["A", "D"], ["B", "D"], ["D", "E"], ["C", "E"]], "root_params": "A ~ N(20,20) B ~ N(20,20) C ~ N(15,15)", "experiment": 108, "not_root_params": "D   ~   N ( 2 A + 3 B , 6 . 6 2 5 )   E   ~   N ( 3 C + 3 D , 6 . 6 2 5 )", "sample_size": 338, "means": {"A": 20, "B": 20, "C": 15, "D": 100, "E": 345}, "disc_method": "EV", "bins": 12, "target_column": null, "CPT_method": "Bayes", "time_disc": 0.08973654499277472, "time_cnf": 1.3362507158890367, "time_VE": 0.001902709249407053, "time_BP": 0.008054325822740793, "RMSE": 33.34639584456164, "WRMSE": 33.58215738321994, "MAE": 27.03605238680032, "PE": 1.352453219615562, "exact_EV": 345, "disc_EV": 340.3340363923263, "Wass_scaled": 0.2114974284424256, "Wass_multi": 8.537909119817261, "time_wass": 0.05821080366149545}