{"distribution": "lg", "edges": [["A", "D"], ["B", "D"], ["D", "E"], ["C", "E"]], "root_params": "A ~ N(20,20) B ~ N(20,20) C ~ N(15,15)", "experiment": 108, "not_root_params": "D   ~   N ( 2 A + 3 B , 6 . 6 2 5 )   E   ~   N ( 3 C + 3 D , 6 . 6 2 5 )", "sample_size": 338, "means": {"A": 20, "B": 20, "C": 15, "D": 100, "E": 345}, "disc_method": "EV", "bins": 5, "target_column": null, "CPT_method": "Bayes", "time_disc": 0.0867976000008639, "time_cnf": 0.009050499997101724, "time_VE": 0.002805099997203797, "time_BP": 0.011130099999718368, "RMSE": 18.27039157820174, "WRMSE": 18.30676446790672, "MAE": 14.98717319767717, "PE": 1.3969111859459835, "exact_EV": 345, "disc_EV": 340.18065640848636, "Wass_scaled": 0.3854524524801975, "Wass_multi": 17.458250480939473, "time_wass": 0.08164469999610446}