{"distribution": "lg", "edges": [["A", "D"], ["B", "D"], ["D", "E"], ["C", "E"]], "root_params": "A ~ N(20,20) B ~ N(20,20) C ~ N(15,15)", "experiment": 108, "not_root_params": "D   ~   N ( 2 A + 3 B , 6 . 6 2 5 )   E   ~   N ( 3 C + 3 D , 6 . 6 2 5 )", "sample_size": 338, "means": {"A": 20, "B": 20, "C": 15, "D": 100, "E": 345}, "disc_method": "EB", "bins": 30, "target_column": null, "CPT_method": "Bayes", "time_disc": 0.09269312582910061, "time_cnf": 3.82446271693334, "time_VE": 0.0032480419613420963, "time_BP": 0.015888867899775505, "RMSE": 57.08340023262236, "WRMSE": 37.39445069047142, "MAE": 49.114929721921506, "PE": 2.5948228993668443, "exact_EV": 345, "disc_EV": 336.0478609971844, "Wass_scaled": 0.025762843776091584, "Wass_multi": 3.209566865130894, "time_wass": 0.046140884049236774}