{
	"nodecount" : 13639,
	"peaknodes" : 15751,
	"total_load_time" : 2.076,
	"build_time" : 1.89558,
	"wmc_time" : 0.00405908
}
