{
	"nodecount" : 8842,
	"peaknodes" : 9718,
	"total_load_time" : 0.773052,
	"build_time" : 0.719465,
	"wmc_time" : 0.00468683
}
