{
	"nodecount" : 6971,
	"peaknodes" : 7562,
	"total_load_time" : 0.912712,
	"build_time" : 0.876158,
	"wmc_time" : 0.00416088,
	"wmc_value" : 1,
	"bn_to_cnf_time" : 0.0230658
}
