{
	"nodecount" : 14795,
	"peaknodes" : 18170,
	"total_load_time" : 5.96274,
	"build_time" : 5.40348,
	"wmc_time" : 0.00569201
}
