{"distribution": "lg", "edges": [["A", "D"], ["B", "D"], ["D", "E"], ["C", "E"]], "root_params": "A ~ N(20,20) B ~ N(20,20) C ~ N(15,15)", "experiment": 108, "not_root_params": "D   ~   N ( 2 A + 3 B , 6 . 6 2 5 )   E   ~   N ( 3 C + 3 D , 6 . 6 2 5 )", "sample_size": 338, "means": {"A": 20, "B": 20, "C": 15, "D": 100, "E": 345}, "disc_method": "EB", "bins": 20, "target_column": null, "CPT_method": "Bayes", "time_disc": 0.09275130000605714, "time_cnf": 0.21662140000262298, "time_VE": 0.0019361000013304874, "time_BP": 0.008554500003810972, "RMSE": 60.31776079790298, "WRMSE": 38.04181866542623, "MAE": 51.29507291524938, "PE": 4.364608811228278, "exact_EV": 345, "disc_EV": 329.94209960126244, "Wass_scaled": 0.036884682312280245, "Wass_multi": 4.910721931310256, "time_wass": 0.0723576000018511}