{
	"nodecount" : 1829,
	"peaknodes" : 1829,
	"total_load_time" : 1.48433,
	"build_time" : 1.18581,
	"wmc_time" : 0.00243711
}
