{"distribution": "lg", "edges": [["A", "D"], ["B", "D"], ["D", "E"], ["C", "E"]], "root_params": "A ~ N(20,20) B ~ N(20,20) C ~ N(15,15)", "experiment": 108, "not_root_params": "D   ~   N ( 2 A + 3 B , 6 . 6 2 5 )   E   ~   N ( 3 C + 3 D , 6 . 6 2 5 )", "sample_size": 338, "means": {"A": 20, "B": 20, "C": 15, "D": 100, "E": 345}, "disc_method": "EB", "bins": 8, "target_column": null, "CPT_method": "Bayes", "time_disc": 0.09499490000598598, "time_cnf": 0.020084700008737855, "time_VE": 0.0018438999977661297, "time_BP": 0.012085099995601922, "RMSE": 55.26698303565385, "WRMSE": 30.667232510995603, "MAE": 45.192909315208695, "PE": 2.589990872162916, "exact_EV": 345, "disc_EV": 336.06453149103794, "Wass_scaled": 0.09542257540605838, "Wass_multi": 12.94212827718511, "time_wass": 0.07121530000586063}