{"distribution": "lg", "edges": [["A", "D"], ["B", "D"], ["D", "E"], ["C", "E"]], "root_params": "A ~ N(20,20) B ~ N(20,20) C ~ N(15,15)", "experiment": 108, "not_root_params": "D   ~   N ( 2 A + 3 B , 6 . 6 2 5 )   E   ~   N ( 3 C + 3 D , 6 . 6 2 5 )", "sample_size": 338, "means": {"A": 20, "B": 20, "C": 15, "D": 100, "E": 345}, "disc_method": "EB", "bins": 25, "target_column": null, "CPT_method": "Bayes", "time_disc": 0.10936989999026991, "time_cnf": 0.40466559999913443, "time_VE": 0.003641200004494749, "time_BP": 0.016389199998229742, "RMSE": 58.34579279128856, "WRMSE": 38.050022631242435, "MAE": 49.74522047227239, "PE": 4.1254249145301225, "exact_EV": 345, "disc_EV": 330.7672840448711, "Wass_scaled": 0.030687347306080623, "Wass_multi": 3.905558193105521, "time_wass": 0.06726090000302065}