{"distribution": "lg", "edges": [["A", "D"], ["B", "D"], ["D", "E"], ["C", "E"]], "root_params": "A ~ N(20,20) B ~ N(20,20) C ~ N(15,15)", "experiment": 108, "not_root_params": "D   ~   N ( 2 A + 3 B , 6 . 6 2 5 )   E   ~   N ( 3 C + 3 D , 6 . 6 2 5 )", "sample_size": 338, "means": {"A": 20, "B": 20, "C": 15, "D": 100, "E": 345}, "disc_method": "EV", "bins": 30, "target_column": null, "CPT_method": "Bayes", "time_disc": 0.09500092826783657, "time_cnf": 5.1637512859888375, "time_VE": 0.0026785037480294704, "time_BP": 0.012116977944970131, "RMSE": 34.54663520315763, "WRMSE": 34.7739430592457, "MAE": 27.692180384862883, "PE": 1.3466617439426176, "exact_EV": 345, "disc_EV": 340.35401698339797, "Wass_scaled": 0.11134956981884352, "Wass_multi": 3.6986370229460945, "time_wass": 0.04354878095909953}