{
	"nodecount" : 16781,
	"peaknodes" : 18629,
	"total_load_time" : 2.9442,
	"build_time" : 2.46021,
	"wmc_time" : 0.00934505
}
