{"distribution": "lg", "edges": [["A", "D"], ["B", "D"], ["D", "E"], ["C", "E"]], "root_params": "A ~ N(20,20) B ~ N(20,20) C ~ N(15,15)", "experiment": 108, "not_root_params": "D   ~   N ( 2 A + 3 B , 6 . 6 2 5 )   E   ~   N ( 3 C + 3 D , 6 . 6 2 5 )", "sample_size": 338, "means": {"A": 20, "B": 20, "C": 15, "D": 100, "E": 345}, "disc_method": "EB", "bins": 14, "target_column": null, "CPT_method": "Bayes", "time_disc": 0.09661389999382664, "time_cnf": 0.07944909999787342, "time_VE": 0.001457899998058565, "time_BP": 0.0059680000122170895, "RMSE": 60.225970575306995, "WRMSE": 36.366173515857845, "MAE": 50.92914483971712, "PE": 3.666595181649638, "exact_EV": 345, "disc_EV": 332.35024662330875, "Wass_scaled": 0.05095343975391794, "Wass_multi": 6.9789965705914705, "time_wass": 0.07948869999381714}