{
	"nodecount" : 6971,
	"peaknodes" : 7562,
	"total_load_time" : 0.844125,
	"build_time" : 0.668444,
	"wmc_time" : 0.00394106
}
