{"distribution": "lg", "edges": [["A", "D"], ["B", "D"], ["D", "E"], ["C", "E"]], "root_params": "A ~ N(20,20) B ~ N(20,20) C ~ N(15,15)", "experiment": 108, "not_root_params": "D   ~   N ( 2 A + 3 B , 6 . 6 2 5 )   E   ~   N ( 3 C + 3 D , 6 . 6 2 5 )", "sample_size": 338, "means": {"A": 20, "B": 20, "C": 15, "D": 100, "E": 345}, "disc_method": "EV", "bins": 8, "target_column": null, "CPT_method": "Bayes", "time_disc": 0.08703579999564681, "time_cnf": 0.01666129998920951, "time_VE": 0.0016493000002810732, "time_BP": 0.005427000010968186, "RMSE": 29.372693799313573, "WRMSE": 29.533641788230874, "MAE": 24.007589508564095, "PE": 1.290528056281148, "exact_EV": 345, "disc_EV": 340.54767820583004, "Wass_scaled": 0.2788498364435783, "Wass_multi": 11.900803440510675, "time_wass": 0.08554230000299867}