{
	"nodecount" : 11966,
	"peaknodes" : 14148,
	"total_load_time" : 3.48082,
	"build_time" : 3.29375,
	"wmc_time" : 0.00417209,
	"wmc_value" : 1,
	"bn_to_cnf_time" : 0.111433
}
