{"distribution": "lg", "edges": [["A", "D"], ["B", "D"], ["D", "E"], ["C", "E"]], "root_params": "A ~ N(20,20) B ~ N(20,20) C ~ N(15,15)", "experiment": 125, "not_root_params": "D   ~   N ( 2 A + 3 B , 2 . 4 0 6 2 5 )   E   ~   N ( 3 C + 3 D , 2 . 4 0 6 2 5 )", "sample_size": 397, "means": {"A": 20, "B": 20, "C": 15, "D": 100, "E": 345}, "disc_method": "EB", "bins": 14, "target_column": null, "CPT_method": "Bayespriors", "time_disc": 0.1619116999936523, "time_cnf": 0.0792922999971779, "time_VE": 0.0021951000089757144, "time_BP": 0.012662199995247647, "RMSE": 12.83973410963315, "WRMSE": 4.851608716182024, "MAE": 8.740466847827921, "PE": 0.35129227082579484, "exact_EV": 345, "disc_EV": 343.788041665651, "Wass_scaled": 0.059281054682626184, "Wass_multi": 2.580272022010186, "time_wass": 0.10484239998913836}