{
	"nodecount" : 8335,
	"peaknodes" : 8964,
	"total_load_time" : 1.65543,
	"build_time" : 1.34696,
	"wmc_time" : 0.00492287
}
