{
	"nodecount" : 4909,
	"peaknodes" : 5315,
	"total_load_time" : 0.837136,
	"build_time" : 0.796974,
	"wmc_time" : 0.00360608,
	"wmc_value" : 1,
	"bn_to_cnf_time" : 0.0216238
}
