{
	"nodecount" : 7042,
	"peaknodes" : 7373,
	"total_load_time" : 0.932426,
	"build_time" : 0.765704,
	"wmc_time" : 0.0120859
}
