{
	"nodecount" : 1319,
	"peaknodes" : 1359,
	"total_load_time" : 0.238314,
	"build_time" : 0.111395,
	"wmc_time" : 0.00378084
}
