{"distribution": "lg", "edges": [["A", "D"], ["B", "D"], ["D", "E"], ["C", "E"]], "root_params": "A ~ N(20,20) B ~ N(20,20) C ~ N(15,15)", "experiment": 125, "not_root_params": "D   ~   N ( 2 A + 3 B , 2 . 4 0 6 2 5 )   E   ~   N ( 3 C + 3 D , 2 . 4 0 6 2 5 )", "sample_size": 397, "means": {"A": 20, "B": 20, "C": 15, "D": 100, "E": 345}, "disc_method": "EV", "bins": 14, "target_column": null, "CPT_method": "Bayespriors", "time_disc": 0.21354081202298403, "time_cnf": 0.5291805691085756, "time_VE": 0.0034697353839874268, "time_BP": 0.013083023950457573, "RMSE": 2.9611976644507534, "WRMSE": 2.9713674361179154, "MAE": 2.275911456122543, "PE": 0.25179117623435454, "exact_EV": 345, "disc_EV": 344.1313204419915, "Wass_scaled": 0.19587559902344318, "Wass_multi": 2.4903299418336964, "time_wass": 0.08535433886572719}