{
	"nodecount" : 7042,
	"peaknodes" : 7373,
	"total_load_time" : 0.924393,
	"build_time" : 0.878626,
	"wmc_time" : 0.00383806,
	"wmc_value" : 1,
	"bn_to_cnf_time" : 0.0217717
}
