{
	"nodecount" : 14134,
	"peaknodes" : 16073,
	"total_load_time" : 8.66541,
	"build_time" : 7.64379,
	"wmc_time" : 0.0103211
}
