{"distribution": "lg", "edges": [["A", "D"], ["B", "D"], ["D", "E"], ["C", "E"]], "root_params": "A ~ N(20,20) B ~ N(20,20) C ~ N(15,15)", "experiment": 125, "not_root_params": "D   ~   N ( 2 A + 3 B , 2 . 4 0 6 2 5 )   E   ~   N ( 3 C + 3 D , 2 . 4 0 6 2 5 )", "sample_size": 397, "means": {"A": 20, "B": 20, "C": 15, "D": 100, "E": 345}, "disc_method": "EV", "bins": 20, "target_column": null, "CPT_method": "Bayespriors", "time_disc": 0.17109357193112373, "time_cnf": 0.6131547191180289, "time_VE": 0.003917512949556112, "time_BP": 0.01661270298063755, "RMSE": 6.723385083704975, "WRMSE": 6.741795312085751, "MAE": 5.122371367384639, "PE": 0.10943441121384423, "exact_EV": 345, "disc_EV": 344.62245128131224, "Wass_scaled": 0.15066659323334816, "Wass_multi": 1.78958055120412, "time_wass": 0.11696812277659774}