{
	"nodecount" : 1108,
	"peaknodes" : 1189,
	"total_load_time" : 0.244962,
	"build_time" : 0.104306,
	"wmc_time" : 0.00332117
}
