{"distribution": "lg", "edges": [["A", "D"], ["B", "D"], ["D", "E"], ["C", "E"]], "root_params": "A ~ N(20,20) B ~ N(20,20) C ~ N(15,15)", "experiment": 125, "not_root_params": "D   ~   N ( 2 A + 3 B , 2 . 4 0 6 2 5 )   E   ~   N ( 3 C + 3 D , 2 . 4 0 6 2 5 )", "sample_size": 397, "means": {"A": 20, "B": 20, "C": 15, "D": 100, "E": 345}, "disc_method": "EB", "bins": 5, "target_column": null, "CPT_method": "Bayespriors", "time_disc": 0.09075279487296939, "time_cnf": 0.15506639843806624, "time_VE": 0.0011497768573462963, "time_BP": 0.004789839964359999, "RMSE": 6.512403014714713, "WRMSE": 2.939453083146311, "MAE": 4.563561788354173, "PE": 0.24712212025813154, "exact_EV": 345, "disc_EV": 344.14742868510945, "Wass_scaled": 0.17644477961266478, "Wass_multi": 7.064336139724281, "time_wass": 0.0476399939507246}