{
	"nodecount" : 1319,
	"peaknodes" : 1359,
	"total_load_time" : 0.150943,
	"build_time" : 0.134535,
	"wmc_time" : 0.00346684,
	"wmc_value" : 1,
	"bn_to_cnf_time" : 0.00279117
}
