{
	"nodecount" : 11970,
	"peaknodes" : 13309,
	"total_load_time" : 3.42809,
	"build_time" : 3.09132,
	"wmc_time" : 0.00832009
}
