{"distribution": "lg", "edges": [["A", "D"], ["B", "D"], ["D", "E"], ["C", "E"]], "root_params": "A ~ N(20,20) B ~ N(20,20) C ~ N(15,15)", "experiment": 125, "not_root_params": "D   ~   N ( 2 A + 3 B , 2 . 4 0 6 2 5 )   E   ~   N ( 3 C + 3 D , 2 . 4 0 6 2 5 )", "sample_size": 397, "means": {"A": 20, "B": 20, "C": 15, "D": 100, "E": 345}, "disc_method": "EV", "bins": 17, "target_column": null, "CPT_method": "Bayespriors", "time_disc": 0.2077482519671321, "time_cnf": 0.6480243639089167, "time_VE": 0.0034707789309322834, "time_BP": 0.012563150376081467, "RMSE": 4.828397829481688, "WRMSE": 4.864262288228444, "MAE": 3.387440482171244, "PE": 0.12176215456482471, "exact_EV": 345, "disc_EV": 344.57992056675135, "Wass_scaled": 0.17144360471224065, "Wass_multi": 2.1764818545169855, "time_wass": 0.09754662681370974}