{
	"nodecount" : 12540,
	"peaknodes" : 14172,
	"total_load_time" : 5.33566,
	"build_time" : 5.02876,
	"wmc_time" : 0.00478506,
	"wmc_value" : 1,
	"bn_to_cnf_time" : 0.174529
}
