{"distribution": "lg", "edges": [["A", "D"], ["B", "D"], ["D", "E"], ["C", "E"]], "root_params": "A ~ N(20,20) B ~ N(20,20) C ~ N(15,15)", "experiment": 125, "not_root_params": "D   ~   N ( 2 A + 3 B , 2 . 4 0 6 2 5 )   E   ~   N ( 3 C + 3 D , 2 . 4 0 6 2 5 )", "sample_size": 397, "means": {"A": 20, "B": 20, "C": 15, "D": 100, "E": 345}, "disc_method": "EV", "bins": 12, "target_column": null, "CPT_method": "Bayespriors", "time_disc": 0.15613280000980012, "time_cnf": 0.04982620000373572, "time_VE": 0.0021784999989904463, "time_BP": 0.008279500005301088, "RMSE": 1.8651671093220423, "WRMSE": 1.8662745467644521, "MAE": 1.6162682904607901, "PE": 0.39051049547482225, "exact_EV": 345, "disc_EV": 343.65273879061186, "Wass_scaled": 0.21807703146915988, "Wass_multi": 2.949430518165095, "time_wass": 0.1149437999993097}