{
	"nodecount" : 2513,
	"peaknodes" : 2633,
	"total_load_time" : 0.396833,
	"build_time" : 0.250112,
	"wmc_time" : 0.00424099
}
