{
	"nodecount" : 9086,
	"peaknodes" : 10662,
	"total_load_time" : 1.88382,
	"build_time" : 1.62818,
	"wmc_time" : 0.00675297
}
