{"distribution": "lg", "edges": [["A", "D"], ["B", "D"], ["D", "E"], ["C", "E"]], "root_params": "A ~ N(20,20) B ~ N(20,20) C ~ N(15,15)", "experiment": 125, "not_root_params": "D   ~   N ( 2 A + 3 B , 2 . 4 0 6 2 5 )   E   ~   N ( 3 C + 3 D , 2 . 4 0 6 2 5 )", "sample_size": 397, "means": {"A": 20, "B": 20, "C": 15, "D": 100, "E": 345}, "disc_method": "EB", "bins": 12, "target_column": null, "CPT_method": "Bayespriors", "time_disc": 0.09496025741100311, "time_cnf": 0.32187708420678973, "time_VE": 0.0011973199434578419, "time_BP": 0.005083381198346615, "RMSE": 11.912145936155776, "WRMSE": 4.475841749281013, "MAE": 7.9134989756324545, "PE": 0.2418282772331939, "exact_EV": 345, "disc_EV": 344.1656924435455, "Wass_scaled": 0.06664379817452752, "Wass_multi": 2.902792406425142, "time_wass": 0.0446884180419147}