{"distribution": "lg", "edges": [["A", "D"], ["B", "D"], ["D", "E"], ["C", "E"]], "root_params": "A ~ N(20,20) B ~ N(20,20) C ~ N(15,15)", "experiment": 125, "not_root_params": "D   ~   N ( 2 A + 3 B , 2 . 4 0 6 2 5 )   E   ~   N ( 3 C + 3 D , 2 . 4 0 6 2 5 )", "sample_size": 397, "means": {"A": 20, "B": 20, "C": 15, "D": 100, "E": 345}, "disc_method": "MDLP", "bins": 2, "target_column": "E", "CPT_method": "Bayespriors", "time_disc": 0.36256460000004154, "time_cnf": 0.028942200005985796, "time_VE": 0.00461820000782609, "time_BP": 0.011908899992704391, "RMSE": 1.7027318133350224, "WRMSE": 1.2574068066492659, "MAE": 1.0803501913052713, "PE": 0.20826025798400868, "exact_EV": 345, "disc_EV": 344.28150210995517, "Wass_scaled": 0.33462890188248895, "Wass_multi": 2.2727530537622376, "time_wass": 0.10049440000148024}