{"distribution": "lg", "edges": [["A", "D"], ["B", "D"], ["D", "E"], ["C", "E"]], "root_params": "A ~ N(20,20) B ~ N(20,20) C ~ N(15,15)", "experiment": 125, "not_root_params": "D   ~   N ( 2 A + 3 B , 2 . 4 0 6 2 5 )   E   ~   N ( 3 C + 3 D , 2 . 4 0 6 2 5 )", "sample_size": 397, "means": {"A": 20, "B": 20, "C": 15, "D": 100, "E": 345}, "disc_method": "EB", "bins": 25, "target_column": null, "CPT_method": "Bayespriors", "time_disc": 0.16197359999932814, "time_cnf": 0.4006590000062715, "time_VE": 0.0029350999975576997, "time_BP": 0.011191900004632771, "RMSE": 16.467965157240194, "WRMSE": 8.37681898165477, "MAE": 12.873224798317333, "PE": 0.6814885971461694, "exact_EV": 345, "disc_EV": 342.6488643398457, "Wass_scaled": 0.02981615236987129, "Wass_multi": 1.3329988195452738, "time_wass": 0.09081740000692662}