{"distribution": "lg", "edges": [["A", "D"], ["B", "D"], ["D", "E"], ["C", "E"]], "root_params": "A ~ N(20,20) B ~ N(20,20) C ~ N(15,15)", "experiment": 125, "not_root_params": "D   ~   N ( 2 A + 3 B , 2 . 4 0 6 2 5 )   E   ~   N ( 3 C + 3 D , 2 . 4 0 6 2 5 )", "sample_size": 397, "means": {"A": 20, "B": 20, "C": 15, "D": 100, "E": 345}, "disc_method": "EB", "bins": 20, "target_column": null, "CPT_method": "Bayespriors", "time_disc": 0.17599116498604417, "time_cnf": 0.8905372498556972, "time_VE": 0.003942711744457483, "time_BP": 0.016429955139756203, "RMSE": 16.190158597313978, "WRMSE": 7.113190611440322, "MAE": 12.107579181872932, "PE": 0.400255808574259, "exact_EV": 345, "disc_EV": 343.6191174604188, "Wass_scaled": 0.03583993752831941, "Wass_multi": 1.719957910520814, "time_wass": 0.10165428416803479}