{
	"nodecount" : 10982,
	"peaknodes" : 14532,
	"total_load_time" : 7.88178,
	"build_time" : 6.74111,
	"wmc_time" : 0.00700879
}
