{"distribution": "lg", "edges": [["A", "D"], ["B", "D"], ["D", "E"], ["C", "E"]], "root_params": "A ~ N(20,20) B ~ N(20,20) C ~ N(15,15)", "experiment": 125, "not_root_params": "D   ~   N ( 2 A + 3 B , 2 . 4 0 6 2 5 )   E   ~   N ( 3 C + 3 D , 2 . 4 0 6 2 5 )", "sample_size": 397, "means": {"A": 20, "B": 20, "C": 15, "D": 100, "E": 345}, "disc_method": "EV", "bins": 25, "target_column": null, "CPT_method": "Bayespriors", "time_disc": 0.3115044329315424, "time_cnf": 2.6950238761492074, "time_VE": 0.0032886690460145473, "time_BP": 0.02503797085955739, "RMSE": 8.553316405300606, "WRMSE": 8.578088059665205, "MAE": 6.648230964070028, "PE": 0.2021642794935472, "exact_EV": 345, "disc_EV": 344.30253323574726, "Wass_scaled": 0.12786244259554572, "Wass_multi": 1.4791518251166358, "time_wass": 0.10988530004397035}