{
	"nodecount" : 11966,
	"peaknodes" : 14148,
	"total_load_time" : 3.41295,
	"build_time" : 3.0601,
	"wmc_time" : 0.00731111
}
