{"distribution": "lg", "edges": [["A", "D"], ["B", "D"], ["D", "E"], ["C", "E"]], "root_params": "A ~ N(20,20) B ~ N(20,20) C ~ N(15,15)", "experiment": 125, "not_root_params": "D   ~   N ( 2 A + 3 B , 2 . 4 0 6 2 5 )   E   ~   N ( 3 C + 3 D , 2 . 4 0 6 2 5 )", "sample_size": 397, "means": {"A": 20, "B": 20, "C": 15, "D": 100, "E": 345}, "disc_method": "EV", "bins": 8, "target_column": null, "CPT_method": "Bayespriors", "time_disc": 0.154900199995609, "time_cnf": 0.018435000005410984, "time_VE": 0.0032272999960696325, "time_BP": 0.009822599997278303, "RMSE": 1.0138192780815083, "WRMSE": 1.0154648540238391, "MAE": 0.845240455083264, "PE": 0.2507620334514464, "exact_EV": 345, "disc_EV": 344.1348709845925, "Wass_scaled": 0.28414465716798587, "Wass_multi": 4.131605523179245, "time_wass": 0.11642039999424014}