{
	"nodecount" : 50,
	"peaknodes" : 51,
	"total_load_time" : 0.0083909,
	"build_time" : 0.00612998,
	"wmc_time" : 0.000353813
}
