{"distribution": "nm", "edges": [["X", "Y"]], "root_params": ["X ~ B(0.8)"], "experiment": 4, "not_root_params": "P(Y|X) ~ N(6,2) if X = 0.0 and P(Y|X) ~ N(4,2) if X = 1.0", "sample_size": 500, "means": 5.6000000000000005, "disc_method": "EB", "bins": 10, "target_column": null, "CPT_method": "Bayes", "time_disc": 0.03501220420002937, "time_cnf": 0.17439006362110376, "time_VE": 0.001202520914375782, "time_BP": 0.0033259247429668903, "RMSE": 0.12973728738033402, "WRMSE": 0.08916969342229898, "MAE": 0.10384110643206279, "PE": 22.39293296948465, "exact_EV": 5.6000000000000005, "disc_EV": 4.34599575370886, "Wass_scaled": 0.030466947206588286, "Wass_multi": 0.31009813185315244, "time_wass": 0.07855321979150176}