{"distribution": "nm", "edges": [["X", "Y"]], "root_params": ["X ~ B(0.8)"], "experiment": 4, "not_root_params": "P(Y|X) ~ N(6,2) if X = 0.0 and P(Y|X) ~ N(4,2) if X = 1.0", "sample_size": 500, "means": 5.6000000000000005, "disc_method": "EB", "bins": 17, "target_column": null, "CPT_method": "Bayes", "time_disc": 0.03260170901194215, "time_cnf": 0.006223199889063835, "time_VE": 0.0009490149095654488, "time_BP": 0.002707012929022312, "RMSE": 0.15257954234022106, "WRMSE": 0.10327279411275228, "MAE": 0.11665762689512338, "PE": 22.634421723233945, "exact_EV": 5.6000000000000005, "disc_EV": 4.332472383498899, "Wass_scaled": 0.015519823653053528, "Wass_multi": 0.18534296814779355, "time_wass": 0.06768508581444621}