{
	"nodecount" : 68,
	"peaknodes" : 72,
	"total_load_time" : 0.0135031,
	"build_time" : 0.0109971,
	"wmc_time" : 0.00051403
}
