{"distribution": "nm", "edges": [["X", "Y"]], "root_params": ["X ~ B(0.8)"], "experiment": 4, "not_root_params": "P(Y|X) ~ N(6,2) if X = 0.0 and P(Y|X) ~ N(4,2) if X = 1.0", "sample_size": 500, "means": 5.6000000000000005, "disc_method": "EV", "bins": 8, "target_column": null, "CPT_method": "Bayes", "time_disc": 0.03438077820464969, "time_cnf": 0.6463831746950746, "time_VE": 0.0012881387956440449, "time_BP": 0.0033983788453042507, "RMSE": 0.12025865209435675, "WRMSE": 0.08361983086391743, "MAE": 0.09853429795003832, "PE": 22.287338653448828, "exact_EV": 5.6000000000000005, "disc_EV": 4.351909035406866, "Wass_scaled": 0.10920153716084378, "Wass_multi": 0.3369094283101148, "time_wass": 0.08100775582715869}