{
	"nodecount" : 46,
	"peaknodes" : 47,
	"total_load_time" : 0.00922203,
	"build_time" : 0.00682092,
	"wmc_time" : 0.000510931
}
