{
	"nodecount" : 31,
	"peaknodes" : 32,
	"total_load_time" : 0.010283,
	"build_time" : 0.00339603,
	"wmc_time" : 0.000262976
}
