{"distribution": "nm", "edges": [["X", "Y"]], "root_params": ["X ~ B(0.8)"], "experiment": 4, "not_root_params": "P(Y|X) ~ N(6,2) if X = 0.0 and P(Y|X) ~ N(4,2) if X = 1.0", "sample_size": 500, "means": 5.6000000000000005, "disc_method": "EB", "bins": 14, "target_column": null, "CPT_method": "Bayes", "time_disc": 0.036146461963653564, "time_cnf": 0.2778250630944967, "time_VE": 0.0010089641436934471, "time_BP": 0.0027957079000771046, "RMSE": 0.13327058009423087, "WRMSE": 0.0905630890954368, "MAE": 0.10340947069587769, "PE": 22.509574991482822, "exact_EV": 5.6000000000000005, "disc_EV": 4.339463800476962, "Wass_scaled": 0.020612742825021638, "Wass_multi": 0.2292220308738182, "time_wass": 0.06184246717020869}