{
	"nodecount" : 47,
	"peaknodes" : 47,
	"total_load_time" : 0.00919104,
	"build_time" : 0.00662804,
	"wmc_time" : 0.000443935
}
