{
	"nodecount" : 71,
	"peaknodes" : 73,
	"total_load_time" : 0.0132201,
	"build_time" : 0.00960803,
	"wmc_time" : 0.000617981
}
