{"distribution": "nm", "edges": [["X", "Y"]], "root_params": ["X ~ B(0.8)"], "experiment": 4, "not_root_params": "P(Y|X) ~ N(6,2) if X = 0.0 and P(Y|X) ~ N(4,2) if X = 1.0", "sample_size": 500, "means": 5.6000000000000005, "disc_method": "EB", "bins": 12, "target_column": null, "CPT_method": "Bayes", "time_disc": 0.035654773004353046, "time_cnf": 0.3824429861269891, "time_VE": 0.0012225331738591194, "time_BP": 0.0034448043443262577, "RMSE": 0.13129550381193697, "WRMSE": 0.08967379530125245, "MAE": 0.10344633412625415, "PE": 22.451809119143444, "exact_EV": 5.6000000000000005, "disc_EV": 4.3426986893279675, "Wass_scaled": 0.023956696280317463, "Wass_multi": 0.2691427656293923, "time_wass": 0.073615747038275}