{"distribution": "nm", "edges": [["X", "Y"]], "root_params": ["X ~ B(0.8)"], "experiment": 4, "not_root_params": "P(Y|X) ~ N(6,2) if X = 0.0 and P(Y|X) ~ N(4,2) if X = 1.0", "sample_size": 500, "means": 5.6000000000000005, "disc_method": "EB", "bins": 8, "target_column": null, "CPT_method": "Bayes", "time_disc": 0.03511794423684478, "time_cnf": 0.5678377151489258, "time_VE": 0.0012054606340825558, "time_BP": 0.0032847109250724316, "RMSE": 0.17655281742001344, "WRMSE": 0.12387407365558341, "MAE": 0.1468515807861821, "PE": 22.33197862647624, "exact_EV": 5.6000000000000005, "disc_EV": 4.349409196917331, "Wass_scaled": 0.03800443335343187, "Wass_multi": 0.401169325135384, "time_wass": 0.07495748903602362}