{"distribution": "nm", "edges": [["X", "Y"]], "root_params": ["X ~ B(0.8)"], "experiment": 4, "not_root_params": "P(Y|X) ~ N(6,2) if X = 0.0 and P(Y|X) ~ N(4,2) if X = 1.0", "sample_size": 500, "means": 5.6000000000000005, "disc_method": "EB", "bins": 30, "target_column": null, "CPT_method": "Bayes", "time_disc": 0.036661631893366575, "time_cnf": 0.007724089082330465, "time_VE": 0.001195607241243124, "time_BP": 0.003446413204073906, "RMSE": 0.24841881591676723, "WRMSE": 0.1668978999291136, "MAE": 0.18129710229540574, "PE": 23.276392550759574, "exact_EV": 5.6000000000000005, "disc_EV": 4.296522017157464, "Wass_scaled": 0.009938580814020312, "Wass_multi": 0.10047037954858115, "time_wass": 0.07482547592371702}