{"distribution": "lg", "edges": [["A", "D"], ["B", "D"], ["D", "E"], ["C", "E"]], "root_params": "A ~ N(20,20) B ~ N(20,20) C ~ N(15,15)", "experiment": 17, "not_root_params": "D   ~   N ( 2 A + 3 B , 2 )   E   ~   N ( 3 C + 3 D , 2 )", "sample_size": 300, "means": {"A": 20, "B": 20, "C": 15, "D": 100, "E": 345}, "disc_method": "EV", "bins": 17, "target_column": null, "CPT_method": "MLE", "time_disc": 0.11235919999307953, "time_cnf": 0.14989860000787303, "time_VE": 0.0018989999953191727, "time_BP": 0.017108900006860495, "RMSE": 6.340802285079626, "WRMSE": 6.3845034021843645, "MAE": 5.116651039222942, "PE": 0.6097927749797764, "exact_EV": 345, "disc_EV": 342.8962149263198, "Wass_scaled": 0.1718999738338822, "Wass_multi": 2.1113035781157135, "time_wass": 0.06952269999601413}