{
	"nodecount" : 3017,
	"peaknodes" : 3042,
	"total_load_time" : 0.206101,
	"build_time" : 0.182303,
	"wmc_time" : 0.00264287
}
