{
	"nodecount" : 9952,
	"peaknodes" : 11852,
	"total_load_time" : 7.17808,
	"build_time" : 6.46834,
	"wmc_time" : 0.005759,
	"wmc_value" : 1,
	"bn_to_cnf_time" : 0.289589
}
