{"distribution": "lg", "edges": [["A", "D"], ["B", "D"], ["D", "E"], ["C", "E"]], "root_params": "A ~ N(20,20) B ~ N(20,20) C ~ N(15,15)", "experiment": 17, "not_root_params": "D   ~   N ( 2 A + 3 B , 2 )   E   ~   N ( 3 C + 3 D , 2 )", "sample_size": 300, "means": {"A": 20, "B": 20, "C": 15, "D": 100, "E": 345}, "disc_method": "EB", "bins": 30, "target_column": null, "CPT_method": "MLE", "time_disc": 0.1213792999915313, "time_cnf": 0.7801338999997824, "time_VE": 0.0020253999973647296, "time_BP": 0.01169579999987036, "RMSE": 16.85006639381252, "WRMSE": 9.900979897842097, "MAE": 13.760550014905935, "PE": 0.4985934200192497, "exact_EV": 345, "disc_EV": 343.2798527009336, "Wass_scaled": 0.022992159258871613, "Wass_multi": 1.1416467383256532, "time_wass": 0.051133299988578074}