{"distribution": "lg", "edges": [["A", "D"], ["B", "D"], ["D", "E"], ["C", "E"]], "root_params": "A ~ N(20,20) B ~ N(20,20) C ~ N(15,15)", "experiment": 17, "not_root_params": "D   ~   N ( 2 A + 3 B , 2 )   E   ~   N ( 3 C + 3 D , 2 )", "sample_size": 300, "means": {"A": 20, "B": 20, "C": 15, "D": 100, "E": 345}, "disc_method": "EB", "bins": 5, "target_column": null, "CPT_method": "MLE", "time_disc": 0.05737968999892473, "time_cnf": 0.06522700982168317, "time_VE": 0.0017143087461590767, "time_BP": 0.005925769917666912, "RMSE": 2.9027918685294862, "WRMSE": 2.0183095500078596, "MAE": 2.633186085390116, "PE": 0.3258737470788298, "exact_EV": 345, "disc_EV": 343.87573557257804, "Wass_scaled": 0.17382646586308373, "Wass_multi": 6.654936035779278, "time_wass": 0.0345334243029356}