{
	"nodecount" : 1285,
	"peaknodes" : 1352,
	"total_load_time" : 0.147293,
	"build_time" : 0.127878,
	"wmc_time" : 0.00339794,
	"wmc_value" : 1,
	"bn_to_cnf_time" : 0.00314832
}
