{
	"nodecount" : 10387,
	"peaknodes" : 12963,
	"total_load_time" : 9.77386,
	"build_time" : 8.84415,
	"wmc_time" : 0.00476313,
	"wmc_value" : 1,
	"bn_to_cnf_time" : 0.655549
}
