{"distribution": "lg", "edges": [["A", "D"], ["B", "D"], ["D", "E"], ["C", "E"]], "root_params": "A ~ N(20,20) B ~ N(20,20) C ~ N(15,15)", "experiment": 17, "not_root_params": "D   ~   N ( 2 A + 3 B , 2 )   E   ~   N ( 3 C + 3 D , 2 )", "sample_size": 300, "means": {"A": 20, "B": 20, "C": 15, "D": 100, "E": 345}, "disc_method": "EB", "bins": 17, "target_column": null, "CPT_method": "MLE", "time_disc": 0.09192050001001917, "time_cnf": 0.1350940999982413, "time_VE": 0.0020634999964386225, "time_BP": 0.011372899985872209, "RMSE": 14.707902531198764, "WRMSE": 6.820019141150282, "MAE": 10.542073893154779, "PE": 0.4848178990850583, "exact_EV": 345, "disc_EV": 343.32737824815655, "Wass_scaled": 0.041305289735668514, "Wass_multi": 2.0599899138900404, "time_wass": 0.07090409999364056}