{"distribution": "lg", "edges": [["A", "D"], ["B", "D"], ["D", "E"], ["C", "E"]], "root_params": "A ~ N(20,20) B ~ N(20,20) C ~ N(15,15)", "experiment": 17, "not_root_params": "D   ~   N ( 2 A + 3 B , 2 )   E   ~   N ( 3 C + 3 D , 2 )", "sample_size": 300, "means": {"A": 20, "B": 20, "C": 15, "D": 100, "E": 345}, "disc_method": "EV", "bins": 8, "target_column": null, "CPT_method": "MLE", "time_disc": 0.13365309999790043, "time_cnf": 0.027255099994363263, "time_VE": 0.006073000011383556, "time_BP": 0.017046199995093048, "RMSE": 1.5329781516859158, "WRMSE": 1.537693798806341, "MAE": 1.2593506425021843, "PE": 0.38814411619412476, "exact_EV": 345, "disc_EV": 343.66090279913027, "Wass_scaled": 0.28550502256327853, "Wass_multi": 4.054280325375346, "time_wass": 0.1268216000025859}