{"distribution": "lg", "edges": [["A", "D"], ["B", "D"], ["D", "E"], ["C", "E"]], "root_params": "A ~ N(20,20) B ~ N(20,20) C ~ N(15,15)", "experiment": 17, "not_root_params": "D   ~   N ( 2 A + 3 B , 2 )   E   ~   N ( 3 C + 3 D , 2 )", "sample_size": 300, "means": {"A": 20, "B": 20, "C": 15, "D": 100, "E": 345}, "disc_method": "EB", "bins": 12, "target_column": null, "CPT_method": "MLE", "time_disc": 0.098188999996637, "time_cnf": 0.048415299999760464, "time_VE": 0.0021997000003466383, "time_BP": 0.006427600004826672, "RMSE": 13.199984234318766, "WRMSE": 5.36685320513198, "MAE": 8.945774819157615, "PE": 0.5086320254152243, "exact_EV": 345, "disc_EV": 343.2452195123175, "Wass_scaled": 0.05993833417886903, "Wass_multi": 2.9628691945792314, "time_wass": 0.056774399999994785}