{"distribution": "lg", "edges": [["A", "D"], ["B", "D"], ["D", "E"], ["C", "E"]], "root_params": "A ~ N(20,20) B ~ N(20,20) C ~ N(15,15)", "experiment": 17, "not_root_params": "D   ~   N ( 2 A + 3 B , 2 )   E   ~   N ( 3 C + 3 D , 2 )", "sample_size": 300, "means": {"A": 20, "B": 20, "C": 15, "D": 100, "E": 345}, "disc_method": "EV", "bins": 20, "target_column": null, "CPT_method": "MLE", "time_disc": 0.06849916093051434, "time_cnf": 0.7199577782303095, "time_VE": 0.002479739021509886, "time_BP": 0.008358790073543787, "RMSE": 7.984643411881343, "WRMSE": 7.9846434118813425, "MAE": 6.450145636187969, "PE": 0.3452354202670943, "exact_EV": 345, "disc_EV": 343.8089378000785, "Wass_scaled": 0.15144581471046356, "Wass_multi": 1.8271302934995448, "time_wass": 0.037801606114953756}