{
	"nodecount" : 2122,
	"peaknodes" : 2239,
	"total_load_time" : 0.405842,
	"build_time" : 0.155327,
	"wmc_time" : 0.0025351
}
