{
	"nodecount" : 3820,
	"peaknodes" : 4239,
	"total_load_time" : 0.674943,
	"build_time" : 0.4372,
	"wmc_time" : 0.00279188
}
