{
	"nodecount" : 5424,
	"peaknodes" : 6281,
	"total_load_time" : 1.10089,
	"build_time" : 0.93314,
	"wmc_time" : 0.00324392
}
