{"distribution": "lg", "edges": [["A", "D"], ["B", "D"], ["D", "E"], ["C", "E"]], "root_params": "A ~ N(20,20) B ~ N(20,20) C ~ N(15,15)", "experiment": 17, "not_root_params": "D   ~   N ( 2 A + 3 B , 2 )   E   ~   N ( 3 C + 3 D , 2 )", "sample_size": 300, "means": {"A": 20, "B": 20, "C": 15, "D": 100, "E": 345}, "disc_method": "EV", "bins": 5, "target_column": null, "CPT_method": "MLE", "time_disc": 0.04971180995926261, "time_cnf": 0.11264470126479864, "time_VE": 0.001579152885824442, "time_BP": 0.005574346054345369, "RMSE": 1.8655627949805351, "WRMSE": 1.8655627949805351, "MAE": 1.6727984452685973, "PE": 0.3239294664133566, "exact_EV": 345, "disc_EV": 343.8824433408739, "Wass_scaled": 0.3878085496560906, "Wass_multi": 5.890774209477772, "time_wass": 0.03523056209087372}