{
	"nodecount" : 5424,
	"peaknodes" : 6281,
	"total_load_time" : 1.86613,
	"build_time" : 1.74704,
	"wmc_time" : 0.00382495,
	"wmc_value" : 1,
	"bn_to_cnf_time" : 0.0661085
}
