{
	"nodecount" : 2122,
	"peaknodes" : 2239,
	"total_load_time" : 0.285182,
	"build_time" : 0.260801,
	"wmc_time" : 0.003093,
	"wmc_value" : 1,
	"bn_to_cnf_time" : 0.00954986
}
