{"distribution": "lg", "edges": [["A", "D"], ["B", "D"], ["D", "E"], ["C", "E"]], "root_params": "A ~ N(20,20) B ~ N(20,20) C ~ N(15,15)", "experiment": 17, "not_root_params": "D   ~   N ( 2 A + 3 B , 2 )   E   ~   N ( 3 C + 3 D , 2 )", "sample_size": 300, "means": {"A": 20, "B": 20, "C": 15, "D": 100, "E": 345}, "disc_method": "EB", "bins": 20, "target_column": null, "CPT_method": "MLE", "time_disc": 0.09940370000549592, "time_cnf": 0.19525120001344476, "time_VE": 0.001980899993213825, "time_BP": 0.011600300000282004, "RMSE": 14.814101942023584, "WRMSE": 7.934264896495703, "MAE": 11.295301847816457, "PE": 0.395175644757827, "exact_EV": 345, "disc_EV": 343.6366440255855, "Wass_scaled": 0.03410657211726765, "Wass_multi": 1.7133991211885446, "time_wass": 0.06001970000215806}