{"distribution": "lg", "edges": [["A", "D"], ["B", "D"], ["D", "E"], ["C", "E"]], "root_params": "A ~ N(20,20) B ~ N(20,20) C ~ N(15,15)", "experiment": 17, "not_root_params": "D   ~   N ( 2 A + 3 B , 2 )   E   ~   N ( 3 C + 3 D , 2 )", "sample_size": 300, "means": {"A": 20, "B": 20, "C": 15, "D": 100, "E": 345}, "disc_method": "MDLP", "bins": 2, "target_column": "E", "CPT_method": "MLE", "time_disc": 0.38383022183552384, "time_cnf": 0.31126399291679263, "time_VE": 0.0018354766070842743, "time_BP": 0.006763478275388479, "RMSE": 2.183144255176932, "WRMSE": 1.9633273744339368, "MAE": 1.7831934119910784, "PE": 0.13292117951118929, "exact_EV": 345, "disc_EV": 344.5414219306864, "Wass_scaled": 0.3355347012817978, "Wass_multi": 2.0364973467971708, "time_wass": 0.03217463893815875}