{
	"nodecount" : 7479,
	"peaknodes" : 9395,
	"total_load_time" : 3.89928,
	"build_time" : 3.6868,
	"wmc_time" : 0.00448608,
	"wmc_value" : 1,
	"bn_to_cnf_time" : 0.116575
}
