{
	"nodecount" : 1780,
	"peaknodes" : 1780,
	"total_load_time" : 1.35547,
	"build_time" : 1.22162,
	"wmc_time" : 0.00235391
}
