{"distribution": "lg", "edges": [["A", "D"], ["B", "D"], ["D", "E"], ["C", "E"]], "root_params": "A ~ N(20,20) B ~ N(20,20) C ~ N(15,15)", "experiment": 17, "not_root_params": "D   ~   N ( 2 A + 3 B , 2 )   E   ~   N ( 3 C + 3 D , 2 )", "sample_size": 300, "means": {"A": 20, "B": 20, "C": 15, "D": 100, "E": 345}, "disc_method": "EB", "bins": 30, "target_column": null, "CPT_method": "MLE", "time_disc": 0.08822067314758897, "time_cnf": 2.45344659127295, "time_VE": 0.0019605918787419796, "time_BP": 0.010941176675260067, "RMSE": 16.850066393812515, "WRMSE": 9.900979897842095, "MAE": 13.760550014905933, "PE": 0.4985934200192662, "exact_EV": 345, "disc_EV": 343.27985270093353, "Wass_scaled": 0.022992159258871613, "Wass_multi": 1.1416467383256532, "time_wass": 0.030360523145645857}