{
	"nodecount" : 4805,
	"peaknodes" : 5335,
	"total_load_time" : 0.574874,
	"build_time" : 0.452739,
	"wmc_time" : 0.00273991
}
