{"distribution": "lg", "edges": [["A", "D"], ["B", "D"], ["D", "E"], ["C", "E"]], "root_params": "A ~ N(20,20) B ~ N(20,20) C ~ N(15,15)", "experiment": 17, "not_root_params": "D   ~   N ( 2 A + 3 B , 2 )   E   ~   N ( 3 C + 3 D , 2 )", "sample_size": 300, "means": {"A": 20, "B": 20, "C": 15, "D": 100, "E": 345}, "disc_method": "EV", "bins": 10, "target_column": null, "CPT_method": "MLE", "time_disc": 0.15998620000027586, "time_cnf": 0.04095709999091923, "time_VE": 0.004642200001399033, "time_BP": 0.01700659999914933, "RMSE": 1.943328172769366, "WRMSE": 1.9433281727693663, "MAE": 1.5085395763078453, "PE": 0.45909928637865305, "exact_EV": 345, "disc_EV": 343.41610746199365, "Wass_scaled": 0.2444294167369263, "Wass_multi": 3.4084139686095996, "time_wass": 0.09428340000158641}