{"distribution": "nm", "edges": [["X", "Y"]], "root_params": ["X ~ B(0.5)"], "experiment": 5, "not_root_params": "P(Y|X) ~ N(21,10) if X = 0.0 and P(Y|X) ~ N(25,1) if X = 1.0", "sample_size": 100, "means": 23.0, "disc_method": "EB", "bins": 12, "target_column": null, "CPT_method": "Bayes", "time_disc": 0.03467951714992523, "time_cnf": 0.19373254710808396, "time_VE": 0.0009234538301825523, "time_BP": 0.0025688339956104755, "RMSE": 0.4241136207326393, "WRMSE": 0.4082184636229458, "MAE": 0.3480825327257939, "PE": 0.42177774002425394, "exact_EV": 23.0, "disc_EV": 22.90299111979442, "Wass_scaled": 0.015470093893686157, "Wass_multi": 0.8355056509080925, "time_wass": 0.01079123793169856}