{
	"nodecount" : 34,
	"peaknodes" : 36,
	"total_load_time" : 0.0102348,
	"build_time" : 0.00637698,
	"wmc_time" : 0.000332117
}
