{
	"nodecount" : 22,
	"peaknodes" : 22,
	"total_load_time" : 0.027945,
	"build_time" : 0.00306392,
	"wmc_time" : 0.000247002
}
