{
	"nodecount" : 52,
	"peaknodes" : 55,
	"total_load_time" : 0.0137529,
	"build_time" : 0.01138,
	"wmc_time" : 0.000448942
}
