{
	"nodecount" : 38,
	"peaknodes" : 38,
	"total_load_time" : 0.00775695,
	"build_time" : 0.00555897,
	"wmc_time" : 0.000293016
}
