{"distribution": "nm", "edges": [["X", "Y"]], "root_params": ["X ~ B(0.5)"], "experiment": 5, "not_root_params": "P(Y|X) ~ N(21,10) if X = 0.0 and P(Y|X) ~ N(25,1) if X = 1.0", "sample_size": 100, "means": 23.0, "disc_method": "EB", "bins": 8, "target_column": null, "CPT_method": "Bayes", "time_disc": 0.03407396795228124, "time_cnf": 0.46915506618097425, "time_VE": 0.0008702510967850685, "time_BP": 0.002388949040323496, "RMSE": 0.18968966217981575, "WRMSE": 0.1951388035149931, "MAE": 0.17329558722289207, "PE": 0.9075094207488161, "exact_EV": 23.0, "disc_EV": 23.208727166772228, "Wass_scaled": 0.04304010861289353, "Wass_multi": 1.2950117211845604, "time_wass": 0.01054867496713996}