{"distribution": "nm", "edges": [["X", "Y"]], "root_params": ["X ~ B(0.5)"], "experiment": 5, "not_root_params": "P(Y|X) ~ N(21,10) if X = 0.0 and P(Y|X) ~ N(25,1) if X = 1.0", "sample_size": 100, "means": 23.0, "disc_method": "EB", "bins": 25, "target_column": null, "CPT_method": "Bayes", "time_disc": 0.03623292222619057, "time_cnf": 0.03475619200617075, "time_VE": 0.00107955327257514, "time_BP": 0.0030509838834404945, "RMSE": 0.8648854710459394, "WRMSE": 0.8307558085957623, "MAE": 0.6598918003638428, "PE": 2.1654285308466394, "exact_EV": 23.0, "disc_EV": 22.501951437905273, "Wass_scaled": 0.0067525995208794045, "Wass_multi": 0.36469300682914507, "time_wass": 0.011291345115751028}