{"distribution": "nm", "edges": [["X", "Y"]], "root_params": ["X ~ B(0.5)"], "experiment": 5, "not_root_params": "P(Y|X) ~ N(21,10) if X = 0.0 and P(Y|X) ~ N(25,1) if X = 1.0", "sample_size": 100, "means": 23.0, "disc_method": "EV", "bins": 25, "target_column": null, "CPT_method": "Bayes", "time_disc": 0.039551627822220325, "time_cnf": 0.04097862308844924, "time_VE": 0.0009538098238408566, "time_BP": 0.002506204880774021, "RMSE": 0.6027753033411873, "WRMSE": 0.5966110227236744, "MAE": 0.5975930608153028, "PE": 0.3738832316009051, "exact_EV": 23.0, "disc_EV": 23.085993143268208, "Wass_scaled": 0.06451707554128537, "Wass_multi": 0.5829997973133694, "time_wass": 0.01100476086139679}