{"distribution": "nm", "edges": [["X", "Y"]], "root_params": ["X ~ B(0.5)"], "experiment": 5, "not_root_params": "P(Y|X) ~ N(21,10) if X = 0.0 and P(Y|X) ~ N(25,1) if X = 1.0", "sample_size": 100, "means": 23.0, "disc_method": "EV", "bins": 8, "target_column": null, "CPT_method": "Bayes", "time_disc": 0.03197645116597414, "time_cnf": 0.3000337118282914, "time_VE": 0.0009433310478925705, "time_BP": 0.0025097550824284554, "RMSE": 0.24920049504981953, "WRMSE": 0.24651894687344034, "MAE": 0.24682406346874153, "PE": 0.4479105761220898, "exact_EV": 23.0, "disc_EV": 23.10301943250808, "Wass_scaled": 0.12330630473543942, "Wass_multi": 1.39018372439877, "time_wass": 0.01077465433627367}