{
	"nodecount" : 41,
	"peaknodes" : 46,
	"total_load_time" : 0.0165579,
	"build_time" : 0.01125,
	"wmc_time" : 0.000499964
}
