{
	"nodecount" : 26,
	"peaknodes" : 26,
	"total_load_time" : 0.00688505,
	"build_time" : 0.00323701,
	"wmc_time" : 0.000270844
}
