{
	"nodecount" : 35,
	"peaknodes" : 37,
	"total_load_time" : 0.0137811,
	"build_time" : 0.00622606,
	"wmc_time" : 0.000352144
}
