{
	"nodecount" : 47,
	"peaknodes" : 50,
	"total_load_time" : 0.0156951,
	"build_time" : 0.01317,
	"wmc_time" : 0.000524998
}
