{"distribution": "nm", "edges": [["X", "Y"]], "root_params": ["X ~ B(0.5)"], "experiment": 5, "not_root_params": "P(Y|X) ~ N(21,10) if X = 0.0 and P(Y|X) ~ N(25,1) if X = 1.0", "sample_size": 100, "means": 23.0, "disc_method": "EV", "bins": 14, "target_column": null, "CPT_method": "Bayes", "time_disc": 0.039340146351605654, "time_cnf": 0.1783894789405167, "time_VE": 0.0009997030720114708, "time_BP": 0.002844936214387417, "RMSE": 0.3815815450414272, "WRMSE": 0.3778680178023446, "MAE": 0.3786152855745044, "PE": 0.4356651154552391, "exact_EV": 23.0, "disc_EV": 23.100202976554705, "Wass_scaled": 0.08970061340403351, "Wass_multi": 0.8524997936338795, "time_wass": 0.011026046238839626}