{
	"nodecount" : 28,
	"peaknodes" : 28,
	"total_load_time" : 0.00760007,
	"build_time" : 0.00391698,
	"wmc_time" : 0.000322104
}
