{
	"nodecount" : 32,
	"peaknodes" : 35,
	"total_load_time" : 0.149057,
	"build_time" : 0.00585508,
	"wmc_time" : 0.000369787
}
