{
	"nodecount" : 31,
	"peaknodes" : 32,
	"total_load_time" : 0.011168,
	"build_time" : 0.00584197,
	"wmc_time" : 0.000355005
}
