{"distribution": "nm", "edges": [["X", "Y"]], "root_params": ["X ~ B(0.5)"], "experiment": 5, "not_root_params": "P(Y|X) ~ N(21,10) if X = 0.0 and P(Y|X) ~ N(25,1) if X = 1.0", "sample_size": 100, "means": 23.0, "disc_method": "MDLP", "bins": 2, "target_column": "Y", "CPT_method": "Bayes", "time_disc": 0.058766474947333336, "time_cnf": 0.20450484892353415, "time_VE": 0.0012742113322019577, "time_BP": 0.0033621382899582386, "RMSE": 0.7082801987452156, "WRMSE": 0.6933177715469839, "MAE": 0.6804867328787445, "PE": 0.10913040839837337, "exact_EV": 23.0, "disc_EV": 22.974900006068374, "Wass_scaled": 0.0037524932865147446, "Wass_multi": 0.20266388603787114, "time_wass": 0.012210594024509192}