{
	"nodecount" : 49,
	"peaknodes" : 52,
	"total_load_time" : 0.0116711,
	"build_time" : 0.00892496,
	"wmc_time" : 0.000406027
}
