{"distribution": "nm", "edges": [["X", "Y"]], "root_params": ["X ~ B(0.5)"], "experiment": 5, "not_root_params": "P(Y|X) ~ N(21,10) if X = 0.0 and P(Y|X) ~ N(25,1) if X = 1.0", "sample_size": 100, "means": 23.0, "disc_method": "EB", "bins": 5, "target_column": null, "CPT_method": "Bayes", "time_disc": 0.03613476129248738, "time_cnf": 0.5738661168143153, "time_VE": 0.0010863770730793476, "time_BP": 0.0027818111702799797, "RMSE": 0.7369704850248789, "WRMSE": 0.7495717523303893, "MAE": 0.7179549659637541, "PE": 1.4810241617822522, "exact_EV": 23.0, "disc_EV": 23.340635557209918, "Wass_scaled": 0.08280173686663124, "Wass_multi": 1.827331467955858, "time_wass": 0.012615936808288097}