{
	"nodecount" : 4183,
	"peaknodes" : 4206,
	"total_load_time" : 0.203719,
	"build_time" : 0.189838,
	"wmc_time" : 0.00281405
}
