{"distribution": "lg", "edges": [["A", "D"], ["B", "D"], ["D", "E"], ["C", "E"]], "root_params": "A ~ N(20,20) B ~ N(20,20) C ~ N(15,15)", "experiment": 14, "not_root_params": "D   ~   N ( 2 A + 3 B , 2 )   E   ~   N ( 3 C + 3 D , 2 )", "sample_size": 600, "means": {"A": 20, "B": 20, "C": 15, "D": 100, "E": 345}, "disc_method": "EB", "bins": 10, "target_column": null, "CPT_method": "MLE", "time_disc": 0.11065440000675153, "time_cnf": 0.032683500001439825, "time_VE": 0.0014955999940866604, "time_BP": 0.012741700003971346, "RMSE": 9.555729494319117, "WRMSE": 3.1090902668980998, "MAE": 6.09435131588724, "PE": 0.10773928074913981, "exact_EV": 345, "disc_EV": 344.62829948141547, "Wass_scaled": 0.07867695968378888, "Wass_multi": 3.4564695591922807, "time_wass": 0.25432430001092143}