{"distribution": "lg", "edges": [["A", "D"], ["B", "D"], ["D", "E"], ["C", "E"]], "root_params": "A ~ N(20,20) B ~ N(20,20) C ~ N(15,15)", "experiment": 14, "not_root_params": "D   ~   N ( 2 A + 3 B , 2 )   E   ~   N ( 3 C + 3 D , 2 )", "sample_size": 600, "means": {"A": 20, "B": 20, "C": 15, "D": 100, "E": 345}, "disc_method": "EB", "bins": 20, "target_column": null, "CPT_method": "MLE", "time_disc": 0.09386209999502171, "time_cnf": 0.22509769999305718, "time_VE": 0.001559399999678135, "time_BP": 0.008358199993381277, "RMSE": 16.7525810916715, "WRMSE": 6.322348845752197, "MAE": 12.432160997872339, "PE": 0.35189631640964697, "exact_EV": 345, "disc_EV": 343.7859577083867, "Wass_scaled": 0.03534081818311419, "Wass_multi": 1.7856267278245617, "time_wass": 0.2055879000108689}