{
	"nodecount" : 17793,
	"peaknodes" : 20753,
	"total_load_time" : 3.21383,
	"build_time" : 2.85841,
	"wmc_time" : 0.00496507
}
