{"distribution": "lg", "edges": [["A", "D"], ["B", "D"], ["D", "E"], ["C", "E"]], "root_params": "A ~ N(20,20) B ~ N(20,20) C ~ N(15,15)", "experiment": 14, "not_root_params": "D   ~   N ( 2 A + 3 B , 2 )   E   ~   N ( 3 C + 3 D , 2 )", "sample_size": 600, "means": {"A": 20, "B": 20, "C": 15, "D": 100, "E": 345}, "disc_method": "EV", "bins": 17, "target_column": null, "CPT_method": "MLE", "time_disc": 0.05717020481824875, "time_cnf": 0.24452689569443464, "time_VE": 0.001649503130465746, "time_BP": 0.007054891902953386, "RMSE": 2.862570563024951, "WRMSE": 2.872957409963365, "MAE": 2.0361780197588057, "PE": 0.10843548307986461, "exact_EV": 345, "disc_EV": 344.62589758337447, "Wass_scaled": 0.1854486477744954, "Wass_multi": 1.9846717563767962, "time_wass": 0.2632440282031894}