{"distribution": "lg", "edges": [["A", "D"], ["B", "D"], ["D", "E"], ["C", "E"]], "root_params": "A ~ N(20,20) B ~ N(20,20) C ~ N(15,15)", "experiment": 14, "not_root_params": "D   ~   N ( 2 A + 3 B , 2 )   E   ~   N ( 3 C + 3 D , 2 )", "sample_size": 600, "means": {"A": 20, "B": 20, "C": 15, "D": 100, "E": 345}, "disc_method": "EB", "bins": 5, "target_column": null, "CPT_method": "MLE", "time_disc": 0.048616888001561165, "time_cnf": 0.10688514029607177, "time_VE": 0.00149055989459157, "time_BP": 0.012905615847557783, "RMSE": 4.915854778112161, "WRMSE": 2.56151062494395, "MAE": 3.8535237736861516, "PE": 0.06873500351941297, "exact_EV": 345, "disc_EV": 344.762864237858, "Wass_scaled": 0.1727859564460227, "Wass_multi": 6.707658713296178, "time_wass": 0.32334296219050884}