{"distribution": "lg", "edges": [["A", "D"], ["B", "D"], ["D", "E"], ["C", "E"]], "root_params": "A ~ N(20,20) B ~ N(20,20) C ~ N(15,15)", "experiment": 14, "not_root_params": "D   ~   N ( 2 A + 3 B , 2 )   E   ~   N ( 3 C + 3 D , 2 )", "sample_size": 600, "means": {"A": 20, "B": 20, "C": 15, "D": 100, "E": 345}, "disc_method": "EV", "bins": 12, "target_column": null, "CPT_method": "MLE", "time_disc": 0.0523795853368938, "time_cnf": 0.2148138009943068, "time_VE": 0.0019386941567063332, "time_BP": 0.006659577134996653, "RMSE": 1.218159589093707, "WRMSE": 1.218159589093707, "MAE": 0.8781278089504525, "PE": 0.013582811446466607, "exact_EV": 345, "disc_EV": 344.9531393005097, "Wass_scaled": 0.22421676478013777, "Wass_multi": 2.672405728451172, "time_wass": 0.3161563565954566}