{
	"nodecount" : 5078,
	"peaknodes" : 5406,
	"total_load_time" : 0.601289,
	"build_time" : 0.473035,
	"wmc_time" : 0.00288701
}
