{
	"nodecount" : 15974,
	"peaknodes" : 21533,
	"total_load_time" : 7.66479,
	"build_time" : 6.60642,
	"wmc_time" : 0.00495505
}
