{"distribution": "lg", "edges": [["A", "D"], ["B", "D"], ["D", "E"], ["C", "E"]], "root_params": "A ~ N(20,20) B ~ N(20,20) C ~ N(15,15)", "experiment": 14, "not_root_params": "D   ~   N ( 2 A + 3 B , 2 )   E   ~   N ( 3 C + 3 D , 2 )", "sample_size": 600, "means": {"A": 20, "B": 20, "C": 15, "D": 100, "E": 345}, "disc_method": "EV", "bins": 30, "target_column": null, "CPT_method": "MLE", "time_disc": 0.08556325221434236, "time_cnf": 3.613204743247479, "time_VE": 0.002112888265401125, "time_BP": 0.011905924882739782, "RMSE": 9.01999639933239, "WRMSE": 9.019996399332388, "MAE": 7.054196668488345, "PE": 0.1628046624037232, "exact_EV": 345, "disc_EV": 344.43832391470715, "Wass_scaled": 0.1336263565061446, "Wass_multi": 1.2196255479685292, "time_wass": 0.2766475402750075}