{
	"nodecount" : 2714,
	"peaknodes" : 2835,
	"total_load_time" : 0.303662,
	"build_time" : 0.164412,
	"wmc_time" : 0.00263381
}
