{
	"nodecount" : 9125,
	"peaknodes" : 9766,
	"total_load_time" : 1.14165,
	"build_time" : 0.989056,
	"wmc_time" : 0.00440311
}
