{
	"nodecount" : 21705,
	"peaknodes" : 25626,
	"total_load_time" : 6.8421,
	"build_time" : 5.99114,
	"wmc_time" : 0.00695491
}
