{"distribution": "lg", "edges": [["A", "D"], ["B", "D"], ["D", "E"], ["C", "E"]], "root_params": "A ~ N(20,20) B ~ N(20,20) C ~ N(15,15)", "experiment": 14, "not_root_params": "D   ~   N ( 2 A + 3 B , 2 )   E   ~   N ( 3 C + 3 D , 2 )", "sample_size": 600, "means": {"A": 20, "B": 20, "C": 15, "D": 100, "E": 345}, "disc_method": "EB", "bins": 12, "target_column": null, "CPT_method": "MLE", "time_disc": 0.05849513132125139, "time_cnf": 0.16957239899784327, "time_VE": 0.001642774324864149, "time_BP": 0.005804536398500204, "RMSE": 10.957046999054326, "WRMSE": 3.518383432635624, "MAE": 7.019338813942174, "PE": 0.07625881803611212, "exact_EV": 345, "disc_EV": 344.7369070777754, "Wass_scaled": 0.06612077967940232, "Wass_multi": 2.9072770403394705, "time_wass": 0.2806199351325631}