{
	"nodecount" : 16673,
	"peaknodes" : 18590,
	"total_load_time" : 6.26634,
	"build_time" : 5.73305,
	"wmc_time" : 0.00676608,
	"wmc_value" : 1,
	"bn_to_cnf_time" : 0.172227
}
