{"distribution": "lg", "edges": [["A", "D"], ["B", "D"], ["D", "E"], ["C", "E"]], "root_params": "A ~ N(20,20) B ~ N(20,20) C ~ N(15,15)", "experiment": 14, "not_root_params": "D   ~   N ( 2 A + 3 B , 2 )   E   ~   N ( 3 C + 3 D , 2 )", "sample_size": 600, "means": {"A": 20, "B": 20, "C": 15, "D": 100, "E": 345}, "disc_method": "EV", "bins": 14, "target_column": null, "CPT_method": "MLE", "time_disc": 0.12017540000670124, "time_cnf": 0.08939309998822864, "time_VE": 0.0030248999973991886, "time_BP": 0.008521700001438148, "RMSE": 1.9594859459376766, "WRMSE": 1.961754715778528, "MAE": 1.5454787599917057, "PE": 0.08959213586326703, "exact_EV": 345, "disc_EV": 344.69090713127173, "Wass_scaled": 0.20542879163094807, "Wass_multi": 2.3866166582881903, "time_wass": 0.30944549999549054}