{"distribution": "lg", "edges": [["A", "D"], ["B", "D"], ["D", "E"], ["C", "E"]], "root_params": "A ~ N(20,20) B ~ N(20,20) C ~ N(15,15)", "experiment": 14, "not_root_params": "D   ~   N ( 2 A + 3 B , 2 )   E   ~   N ( 3 C + 3 D , 2 )", "sample_size": 600, "means": {"A": 20, "B": 20, "C": 15, "D": 100, "E": 345}, "disc_method": "EB", "bins": 17, "target_column": null, "CPT_method": "MLE", "time_disc": 0.10545720001391601, "time_cnf": 0.1347719000041252, "time_VE": 0.0015618000034010038, "time_BP": 0.015786699994350784, "RMSE": 15.530947714921487, "WRMSE": 5.300818626404177, "MAE": 10.895360856648926, "PE": 0.16691189053417013, "exact_EV": 345, "disc_EV": 344.4241539776571, "Wass_scaled": 0.04218393923346703, "Wass_multi": 2.080834866688416, "time_wass": 0.264455700002145}