{
	"nodecount" : 13325,
	"peaknodes" : 14546,
	"total_load_time" : 2.34929,
	"build_time" : 2.25478,
	"wmc_time" : 0.00468397,
	"wmc_value" : 1,
	"bn_to_cnf_time" : 0.0672426
}
