{
	"nodecount" : 15974,
	"peaknodes" : 21533,
	"total_load_time" : 15.8391,
	"build_time" : 14.1483,
	"wmc_time" : 0.010586,
	"wmc_value" : 1,
	"bn_to_cnf_time" : 0.703355
}
