{
	"nodecount" : 8125,
	"peaknodes" : 8307,
	"total_load_time" : 1.04635,
	"build_time" : 0.989041,
	"wmc_time" : 0.00385785,
	"wmc_value" : 1,
	"bn_to_cnf_time" : 0.0204642
}
