{
	"nodecount" : 8125,
	"peaknodes" : 8307,
	"total_load_time" : 0.558737,
	"build_time" : 0.529736,
	"wmc_time" : 0.00352407
}
