{
	"nodecount" : 18704,
	"peaknodes" : 21327,
	"total_load_time" : 4.79197,
	"build_time" : 4.2903,
	"wmc_time" : 0.00597
}
