{"distribution": "lg", "edges": [["A", "D"], ["B", "D"], ["D", "E"], ["C", "E"]], "root_params": "A ~ N(20,20) B ~ N(20,20) C ~ N(15,15)", "experiment": 14, "not_root_params": "D   ~   N ( 2 A + 3 B , 2 )   E   ~   N ( 3 C + 3 D , 2 )", "sample_size": 600, "means": {"A": 20, "B": 20, "C": 15, "D": 100, "E": 345}, "disc_method": "EB", "bins": 30, "target_column": null, "CPT_method": "MLE", "time_disc": 0.08825510600581765, "time_cnf": 3.4956009830348194, "time_VE": 0.00208867434412241, "time_BP": 0.011605020146816969, "RMSE": 19.204744647500068, "WRMSE": 8.51209023495083, "MAE": 15.408567333299118, "PE": 0.47769814939391686, "exact_EV": 345, "disc_EV": 343.351941384591, "Wass_scaled": 0.023243466948890346, "Wass_multi": 1.1845854142679697, "time_wass": 0.25171604100614786}