{"distribution": "lg", "edges": [["A", "D"], ["B", "D"], ["D", "E"], ["C", "E"]], "root_params": "A ~ N(20,20) B ~ N(20,20) C ~ N(15,15)", "experiment": 14, "not_root_params": "D   ~   N ( 2 A + 3 B , 2 )   E   ~   N ( 3 C + 3 D , 2 )", "sample_size": 600, "means": {"A": 20, "B": 20, "C": 15, "D": 100, "E": 345}, "disc_method": "MDLP", "bins": 2, "target_column": "E", "CPT_method": "MLE", "time_disc": 0.5717024938203394, "time_cnf": 0.14506138395518064, "time_VE": 0.001607780810445547, "time_BP": 0.0056793829426169395, "RMSE": 0.8711379467136037, "WRMSE": 0.9610260804779189, "MAE": 0.7354560010603848, "PE": 0.06686272561866473, "exact_EV": 345, "disc_EV": 344.7693235966156, "Wass_scaled": 0.3406664897770674, "Wass_multi": 1.9866685285776946, "time_wass": 0.2607748657464981}