{"distribution": "lg", "edges": [["A", "D"], ["B", "D"], ["D", "E"], ["C", "E"]], "root_params": "A ~ N(20,20) B ~ N(20,20) C ~ N(15,15)", "experiment": 14, "not_root_params": "D   ~   N ( 2 A + 3 B , 2 )   E   ~   N ( 3 C + 3 D , 2 )", "sample_size": 600, "means": {"A": 20, "B": 20, "C": 15, "D": 100, "E": 345}, "disc_method": "EV", "bins": 10, "target_column": null, "CPT_method": "MLE", "time_disc": 0.051456949673593044, "time_cnf": 0.12358463881537318, "time_VE": 0.001605043187737465, "time_BP": 0.006286014802753925, "RMSE": 0.994899046953, "WRMSE": 0.9948990469530001, "MAE": 0.8767627168367028, "PE": 0.1115469540184057, "exact_EV": 345, "disc_EV": 344.6151630086365, "Wass_scaled": 0.25076574728235856, "Wass_multi": 3.1159939503577267, "time_wass": 0.27983463602140546}