{
	"nodecount" : 1289,
	"peaknodes" : 1371,
	"total_load_time" : 0.0733531,
	"build_time" : 0.06721,
	"wmc_time" : 0.00219893
}
