{
	"nodecount" : 17419,
	"peaknodes" : 21318,
	"total_load_time" : 4.03369,
	"build_time" : 3.46344,
	"wmc_time" : 0.00444984
}
