{
	"nodecount" : 1002,
	"peaknodes" : 1080,
	"total_load_time" : 0.149826,
	"build_time" : 0.0593212,
	"wmc_time" : 0.00103688
}
