{
	"nodecount" : 17419,
	"peaknodes" : 21318,
	"total_load_time" : 7.66138,
	"build_time" : 6.99378,
	"wmc_time" : 0.0059371,
	"wmc_value" : 1,
	"bn_to_cnf_time" : 0.700537
}
