{
	"nodecount" : 5488,
	"peaknodes" : 5488,
	"total_load_time" : 0.2986,
	"build_time" : 0.209359,
	"wmc_time" : 0.00361109
}
