{"distribution": "lg", "edges": [["A", "D"], ["B", "D"], ["D", "E"], ["C", "E"]], "root_params": "A ~ N(20,20) B ~ N(20,20) C ~ N(15,15)", "experiment": 103, "not_root_params": "D   ~   N ( 2 A + 3 B , 3 . 2 5 )   E   ~   N ( 3 C + 3 D , 3 . 2 5 )", "sample_size": 1525, "means": {"A": 20, "B": 20, "C": 15, "D": 100, "E": 345}, "disc_method": "EB", "bins": 12, "target_column": null, "CPT_method": "MLE", "time_disc": 0.08851290000893641, "time_cnf": 0.04828590000397526, "time_VE": 0.0014062999980524182, "time_BP": 0.005510000002686866, "RMSE": 12.502492144803641, "WRMSE": 3.372675215053627, "MAE": 6.827650660967403, "PE": 0.09468095580898436, "exact_EV": 345, "disc_EV": 344.673350702459, "Wass_scaled": 0.0680424494294335, "Wass_multi": 5.356272951607043, "time_wass": 1.15980419999687}