{"distribution": "lg", "edges": [["A", "D"], ["B", "D"], ["D", "E"], ["C", "E"]], "root_params": "A ~ N(20,20) B ~ N(20,20) C ~ N(15,15)", "experiment": 103, "not_root_params": "D   ~   N ( 2 A + 3 B , 3 . 2 5 )   E   ~   N ( 3 C + 3 D , 3 . 2 5 )", "sample_size": 1525, "means": {"A": 20, "B": 20, "C": 15, "D": 100, "E": 345}, "disc_method": "EB", "bins": 30, "target_column": null, "CPT_method": "MLE", "time_disc": 0.10634199999913108, "time_cnf": 0.7522219999955269, "time_VE": 0.0016933000006247312, "time_BP": 0.012848699989262968, "RMSE": 24.304946690639692, "WRMSE": 8.237371693897545, "MAE": 16.98485558307989, "PE": 0.024144964363849664, "exact_EV": 345, "disc_EV": 344.9166998729447, "Wass_scaled": 0.024994274011208472, "Wass_multi": 2.1319988922652646, "time_wass": 0.9234121999907074}