{"distribution": "lg", "edges": [["A", "D"], ["B", "D"], ["D", "E"], ["C", "E"]], "root_params": "A ~ N(20,20) B ~ N(20,20) C ~ N(15,15)", "experiment": 103, "not_root_params": "D   ~   N ( 2 A + 3 B , 3 . 2 5 )   E   ~   N ( 3 C + 3 D , 3 . 2 5 )", "sample_size": 1525, "means": {"A": 20, "B": 20, "C": 15, "D": 100, "E": 345}, "disc_method": "EB", "bins": 5, "target_column": null, "CPT_method": "MLE", "time_disc": 0.05602523172274232, "time_cnf": 0.22081260196864605, "time_VE": 0.0018467339687049389, "time_BP": 0.01583447214215994, "RMSE": 5.98349671481296, "WRMSE": 3.768483729038235, "MAE": 5.230904247631406, "PE": 0.08291238874743863, "exact_EV": 345, "disc_EV": 344.71395225882134, "Wass_scaled": 0.16677040311680089, "Wass_multi": 11.928069539753471, "time_wass": 0.850117223802954}