{
	"nodecount" : 50271,
	"peaknodes" : 53701,
	"total_load_time" : 7.59841,
	"build_time" : 6.71427,
	"wmc_time" : 0.0154948
}
