{
	"nodecount" : 1352,
	"peaknodes" : 1440,
	"total_load_time" : 0.139988,
	"build_time" : 0.0679641,
	"wmc_time" : 0.0022471
}
