{
	"nodecount" : 50271,
	"peaknodes" : 53701,
	"total_load_time" : 9.54838,
	"build_time" : 8.47097,
	"wmc_time" : 0.0112152,
	"wmc_value" : 1,
	"bn_to_cnf_time" : 0.603318
}
