{"distribution": "lg", "edges": [["A", "D"], ["B", "D"], ["D", "E"], ["C", "E"]], "root_params": "A ~ N(20,20) B ~ N(20,20) C ~ N(15,15)", "experiment": 103, "not_root_params": "D   ~   N ( 2 A + 3 B , 3 . 2 5 )   E   ~   N ( 3 C + 3 D , 3 . 2 5 )", "sample_size": 1525, "means": {"A": 20, "B": 20, "C": 15, "D": 100, "E": 345}, "disc_method": "EV", "bins": 25, "target_column": null, "CPT_method": "MLE", "time_disc": 0.07636449998244643, "time_cnf": 1.445059539284557, "time_VE": 0.0021554529666900635, "time_BP": 0.009490867611020803, "RMSE": 3.9704449841034104, "WRMSE": 3.970444984103411, "MAE": 3.2943225392030033, "PE": 0.019950870748299047, "exact_EV": 345, "disc_EV": 344.93116949591837, "Wass_scaled": 0.17818501726720715, "Wass_multi": 2.381430333409113, "time_wass": 0.9428553530015051}