{
	"nodecount" : 41005,
	"peaknodes" : 43184,
	"total_load_time" : 5.13787,
	"build_time" : 4.65678,
	"wmc_time" : 0.015327
}
