{"distribution": "lg", "edges": [["A", "D"], ["B", "D"], ["D", "E"], ["C", "E"]], "root_params": "A ~ N(20,20) B ~ N(20,20) C ~ N(15,15)", "experiment": 103, "not_root_params": "D   ~   N ( 2 A + 3 B , 3 . 2 5 )   E   ~   N ( 3 C + 3 D , 3 . 2 5 )", "sample_size": 1525, "means": {"A": 20, "B": 20, "C": 15, "D": 100, "E": 345}, "disc_method": "EB", "bins": 12, "target_column": null, "CPT_method": "MLE", "time_disc": 0.06087536411359906, "time_cnf": 0.2692199000157416, "time_VE": 0.0019776802510023117, "time_BP": 0.0069223311729729176, "RMSE": 12.50249214480364, "WRMSE": 3.3726752150536243, "MAE": 6.827650660967393, "PE": 0.09468095580898436, "exact_EV": 345, "disc_EV": 344.673350702459, "Wass_scaled": 0.0680424494294335, "Wass_multi": 5.356272951607043, "time_wass": 0.8730894876644015}