{
	"nodecount" : 6097,
	"peaknodes" : 6448,
	"total_load_time" : 0.611822,
	"build_time" : 0.498226,
	"wmc_time" : 0.00369215
}
