{
	"nodecount" : 27692,
	"peaknodes" : 29341,
	"total_load_time" : 2.82623,
	"build_time" : 2.56853,
	"wmc_time" : 0.00981688
}
