{"distribution": "lg", "edges": [["A", "D"], ["B", "D"], ["D", "E"], ["C", "E"]], "root_params": "A ~ N(20,20) B ~ N(20,20) C ~ N(15,15)", "experiment": 103, "not_root_params": "D   ~   N ( 2 A + 3 B , 3 . 2 5 )   E   ~   N ( 3 C + 3 D , 3 . 2 5 )", "sample_size": 1525, "means": {"A": 20, "B": 20, "C": 15, "D": 100, "E": 345}, "disc_method": "EB", "bins": 25, "target_column": null, "CPT_method": "MLE", "time_disc": 0.09718779999820981, "time_cnf": 0.3845782999997027, "time_VE": 0.0015433999942615628, "time_BP": 0.013280900006066076, "RMSE": 21.85510759648967, "WRMSE": 6.51692399698604, "MAE": 14.20600188168884, "PE": 0.1404772764198097, "exact_EV": 345, "disc_EV": 344.51535339635166, "Wass_scaled": 0.030726146816674016, "Wass_multi": 2.566801508380322, "time_wass": 0.9400301999994554}