{
	"nodecount" : 9002,
	"peaknodes" : 9425,
	"total_load_time" : 1.30733,
	"build_time" : 1.24472,
	"wmc_time" : 0.00441694,
	"wmc_value" : 1,
	"bn_to_cnf_time" : 0.0340102
}
