{
	"nodecount" : 25148,
	"peaknodes" : 25419,
	"total_load_time" : 1.41897,
	"build_time" : 1.31462,
	"wmc_time" : 0.00830603
}
