{"distribution": "lg", "edges": [["A", "D"], ["B", "D"], ["D", "E"], ["C", "E"]], "root_params": "A ~ N(20,20) B ~ N(20,20) C ~ N(15,15)", "experiment": 103, "not_root_params": "D   ~   N ( 2 A + 3 B , 3 . 2 5 )   E   ~   N ( 3 C + 3 D , 3 . 2 5 )", "sample_size": 1525, "means": {"A": 20, "B": 20, "C": 15, "D": 100, "E": 345}, "disc_method": "EB", "bins": 14, "target_column": null, "CPT_method": "MLE", "time_disc": 0.09913319999759551, "time_cnf": 0.07737670000642538, "time_VE": 0.0014297000016085804, "time_BP": 0.006147799998871051, "RMSE": 13.807363661733769, "WRMSE": 3.8576940270066933, "MAE": 8.037288136289947, "PE": 0.07679116149874708, "exact_EV": 345, "disc_EV": 344.7350704928293, "Wass_scaled": 0.05494906318367572, "Wass_multi": 4.541896571621694, "time_wass": 1.0313735000090674}