{"distribution": "lg", "edges": [["A", "D"], ["B", "D"], ["D", "E"], ["C", "E"]], "root_params": "A ~ N(20,20) B ~ N(20,20) C ~ N(15,15)", "experiment": 103, "not_root_params": "D   ~   N ( 2 A + 3 B , 3 . 2 5 )   E   ~   N ( 3 C + 3 D , 3 . 2 5 )", "sample_size": 1525, "means": {"A": 20, "B": 20, "C": 15, "D": 100, "E": 345}, "disc_method": "EV", "bins": 30, "target_column": null, "CPT_method": "MLE", "time_disc": 0.10728500000550412, "time_cnf": 0.7672871999966446, "time_VE": 0.001741200001561083, "time_BP": 0.013808400006382726, "RMSE": 6.127327069651633, "WRMSE": 6.131732002341662, "MAE": 5.000565868644282, "PE": 0.05289812503309, "exact_EV": 345, "disc_EV": 345.18249853136416, "Wass_scaled": 0.16293703595217632, "Wass_multi": 1.98436303591321, "time_wass": 1.0341576000064379}