{
	"nodecount" : 17649,
	"peaknodes" : 17718,
	"total_load_time" : 1.52099,
	"build_time" : 1.4642,
	"wmc_time" : 0.00534797,
	"wmc_value" : 1,
	"bn_to_cnf_time" : 0.0337327
}
