{
	"nodecount" : 60295,
	"peaknodes" : 65576,
	"total_load_time" : 7.079,
	"build_time" : 6.45963,
	"wmc_time" : 0.00964403,
	"wmc_value" : 1,
	"bn_to_cnf_time" : 0.302801
}
