{
	"nodecount" : 11386,
	"peaknodes" : 11472,
	"total_load_time" : 1.02851,
	"build_time" : 0.986632,
	"wmc_time" : 0.00472903,
	"wmc_value" : 1,
	"bn_to_cnf_time" : 0.0232995
}
