{
	"nodecount" : 61597,
	"peaknodes" : 70116,
	"total_load_time" : 10.1912,
	"build_time" : 9.17332,
	"wmc_time" : 0.0158021
}
