{"distribution": "lg", "edges": [["A", "D"], ["B", "D"], ["D", "E"], ["C", "E"]], "root_params": "A ~ N(20,20) B ~ N(20,20) C ~ N(15,15)", "experiment": 103, "not_root_params": "D   ~   N ( 2 A + 3 B , 3 . 2 5 )   E   ~   N ( 3 C + 3 D , 3 . 2 5 )", "sample_size": 1525, "means": {"A": 20, "B": 20, "C": 15, "D": 100, "E": 345}, "disc_method": "EB", "bins": 10, "target_column": null, "CPT_method": "MLE", "time_disc": 0.09515100000135135, "time_cnf": 0.029936600010842085, "time_VE": 0.0015710000006947666, "time_BP": 0.0054678000014973804, "RMSE": 9.600295789639697, "WRMSE": 2.9379824638488223, "MAE": 5.9513647845793285, "PE": 0.06727466333397085, "exact_EV": 345, "disc_EV": 344.7679024114978, "Wass_scaled": 0.08026555873824713, "Wass_multi": 6.361251409981214, "time_wass": 1.0199252000020351}