{
	"nodecount" : 40764,
	"peaknodes" : 41981,
	"total_load_time" : 3.87524,
	"build_time" : 3.67145,
	"wmc_time" : 0.0077219,
	"wmc_value" : 1,
	"bn_to_cnf_time" : 0.0996654
}
