{"distribution": "lg", "edges": [["A", "D"], ["B", "D"], ["D", "E"], ["C", "E"]], "root_params": "A ~ N(20,20) B ~ N(20,20) C ~ N(15,15)", "experiment": 103, "not_root_params": "D   ~   N ( 2 A + 3 B , 3 . 2 5 )   E   ~   N ( 3 C + 3 D , 3 . 2 5 )", "sample_size": 1525, "means": {"A": 20, "B": 20, "C": 15, "D": 100, "E": 345}, "disc_method": "EB", "bins": 25, "target_column": null, "CPT_method": "MLE", "time_disc": 0.07870903285220265, "time_cnf": 1.6047717058099806, "time_VE": 0.0023119128309190273, "time_BP": 0.009528654161840677, "RMSE": 21.855107596489674, "WRMSE": 6.516923996986045, "MAE": 14.206001881688856, "PE": 0.1404772764198097, "exact_EV": 345, "disc_EV": 344.51535339635166, "Wass_scaled": 0.030726146816674016, "Wass_multi": 2.566801508380322, "time_wass": 0.7530883033759892}