{"distribution": "lg", "edges": [["A", "D"], ["B", "D"], ["D", "E"], ["C", "E"]], "root_params": "A ~ N(20,20) B ~ N(20,20) C ~ N(15,15)", "experiment": 103, "not_root_params": "D   ~   N ( 2 A + 3 B , 3 . 2 5 )   E   ~   N ( 3 C + 3 D , 3 . 2 5 )", "sample_size": 1525, "means": {"A": 20, "B": 20, "C": 15, "D": 100, "E": 345}, "disc_method": "EB", "bins": 20, "target_column": null, "CPT_method": "MLE", "time_disc": 0.1149790000054054, "time_cnf": 0.2458383000048343, "time_VE": 0.0017197999986819923, "time_BP": 0.008996300006401725, "RMSE": 20.132882608817688, "WRMSE": 5.1984989984528935, "MAE": 11.810466177019597, "PE": 0.11032931566894372, "exact_EV": 345, "disc_EV": 344.61936386094214, "Wass_scaled": 0.04116431905708009, "Wass_multi": 3.2196963314345584, "time_wass": 1.0246862999920268}