{"distribution": "lg", "edges": [["A", "D"], ["B", "D"], ["D", "E"], ["C", "E"]], "root_params": "A ~ N(20,20) B ~ N(20,20) C ~ N(15,15)", "experiment": 103, "not_root_params": "D   ~   N ( 2 A + 3 B , 3 . 2 5 )   E   ~   N ( 3 C + 3 D , 3 . 2 5 )", "sample_size": 1525, "means": {"A": 20, "B": 20, "C": 15, "D": 100, "E": 345}, "disc_method": "EB", "bins": 8, "target_column": null, "CPT_method": "MLE", "time_disc": 0.060297579038888216, "time_cnf": 0.269441872369498, "time_VE": 0.0018648356199264526, "time_BP": 0.00646726181730628, "RMSE": 7.158163255590995, "WRMSE": 3.1623714998558845, "MAE": 5.565330732214683, "PE": 0.01002682051261468, "exact_EV": 345, "disc_EV": 344.9654074692315, "Wass_scaled": 0.10451739167123289, "Wass_multi": 7.975957842480455, "time_wass": 0.843335690908134}