{"distribution": "lg", "edges": [["A", "D"], ["B", "D"], ["D", "E"], ["C", "E"]], "root_params": "A ~ N(20,20) B ~ N(20,20) C ~ N(15,15)", "experiment": 103, "not_root_params": "D   ~   N ( 2 A + 3 B , 3 . 2 5 )   E   ~   N ( 3 C + 3 D , 3 . 2 5 )", "sample_size": 1525, "means": {"A": 20, "B": 20, "C": 15, "D": 100, "E": 345}, "disc_method": "EV", "bins": 17, "target_column": null, "CPT_method": "MLE", "time_disc": 0.07562856609001756, "time_cnf": 0.2415531286969781, "time_VE": 0.002325373236089945, "time_BP": 0.008969297632575035, "RMSE": 1.1529299632112304, "WRMSE": 1.1534956868981079, "MAE": 0.9673422704732623, "PE": 0.02144152246898188, "exact_EV": 345, "disc_EV": 345.073973252518, "Wass_scaled": 0.2159811475326629, "Wass_multi": 3.331691408661826, "time_wass": 0.931807282846421}