{
	"nodecount" : 12430,
	"peaknodes" : 13022,
	"total_load_time" : 1.84536,
	"build_time" : 1.76657,
	"wmc_time" : 0.00493097,
	"wmc_value" : 1,
	"bn_to_cnf_time" : 0.0572436
}
