{"distribution": "lg", "edges": [["A", "D"], ["B", "D"], ["D", "E"], ["C", "E"]], "root_params": "A ~ N(20,20) B ~ N(20,20) C ~ N(15,15)", "experiment": 103, "not_root_params": "D   ~   N ( 2 A + 3 B , 3 . 2 5 )   E   ~   N ( 3 C + 3 D , 3 . 2 5 )", "sample_size": 1525, "means": {"A": 20, "B": 20, "C": 15, "D": 100, "E": 345}, "disc_method": "EV", "bins": 12, "target_column": null, "CPT_method": "MLE", "time_disc": 0.0502606681548059, "time_cnf": 0.1825093482621014, "time_VE": 0.0014839009381830692, "time_BP": 0.006374521180987358, "RMSE": 0.8806371073797566, "WRMSE": 0.8811114128139982, "MAE": 0.7580932505118009, "PE": 0.015282805138338228, "exact_EV": 345, "disc_EV": 345.05272567772727, "Wass_scaled": 0.25900239863498464, "Wass_multi": 4.463454599143192, "time_wass": 0.9974882989190519}