{"distribution": "lg", "edges": [["A", "D"], ["B", "D"], ["D", "E"], ["C", "E"]], "root_params": "A ~ N(20,20) B ~ N(20,20) C ~ N(15,15)", "experiment": 103, "not_root_params": "D   ~   N ( 2 A + 3 B , 3 . 2 5 )   E   ~   N ( 3 C + 3 D , 3 . 2 5 )", "sample_size": 1525, "means": {"A": 20, "B": 20, "C": 15, "D": 100, "E": 345}, "disc_method": "EV", "bins": 20, "target_column": null, "CPT_method": "MLE", "time_disc": 0.09356269999989308, "time_cnf": 0.2183458000072278, "time_VE": 0.0015547999937552959, "time_BP": 0.007507400005124509, "RMSE": 1.7225296059824282, "WRMSE": 1.7205774474413964, "MAE": 1.2320698627029372, "PE": 0.028455615238733342, "exact_EV": 345, "disc_EV": 344.90182812742637, "Wass_scaled": 0.19958339340832698, "Wass_multi": 2.903204078038693, "time_wass": 1.067132700001821}