{
	"nodecount" : 38,
	"peaknodes" : 38,
	"total_load_time" : 0.00864291,
	"build_time" : 0.00643611,
	"wmc_time" : 0.000378132
}
