{
	"nodecount" : 32,
	"peaknodes" : 32,
	"total_load_time" : 0.009619,
	"build_time" : 0.0062449,
	"wmc_time" : 0.000360012
}
