{
	"nodecount" : 28,
	"peaknodes" : 28,
	"total_load_time" : 0.00654912,
	"build_time" : 0.00380206,
	"wmc_time" : 0.00028801
}
