{"distribution": "nm", "edges": [["X", "Y"]], "root_params": ["X ~ B(0.8)"], "experiment": 2, "not_root_params": "P(Y|X) ~ N(21,10) if X = 0.0 and P(Y|X) ~ N(25,1) if X = 1.0", "sample_size": 500, "means": 21.8, "disc_method": "EV", "bins": 20, "target_column": null, "CPT_method": "Bayespriors", "time_disc": 0.046470687724649906, "time_cnf": 0.10421372670680285, "time_VE": 0.0009816968813538551, "time_BP": 0.0026983129791915417, "RMSE": 0.02217445950392431, "WRMSE": 0.016187938926513375, "MAE": 0.019413627436781766, "PE": 9.62891322068875, "exact_EV": 21.8, "disc_EV": 23.899103082110148, "Wass_scaled": 0.154070337646195, "Wass_multi": 0.5128161315159886, "time_wass": 0.07434148294851184}