{"distribution": "nm", "edges": [["X", "Y"]], "root_params": ["X ~ B(0.8)"], "experiment": 2, "not_root_params": "P(Y|X) ~ N(21,10) if X = 0.0 and P(Y|X) ~ N(25,1) if X = 1.0", "sample_size": 500, "means": 21.8, "disc_method": "EV", "bins": 14, "target_column": null, "CPT_method": "Bayespriors", "time_disc": 0.04157681530341506, "time_cnf": 0.5449420092627406, "time_VE": 0.001167024951428175, "time_BP": 0.0033107330091297626, "RMSE": 0.1411892710462149, "WRMSE": 0.10306891973519414, "MAE": 0.12360694099200664, "PE": 9.628899781131286, "exact_EV": 21.8, "disc_EV": 23.89910015228662, "Wass_scaled": 0.18318418079121682, "Wass_multi": 0.6741164569444633, "time_wass": 0.08528196113184094}