{"distribution": "nm", "edges": [["X", "Y"]], "root_params": ["X ~ B(0.8)"], "experiment": 2, "not_root_params": "P(Y|X) ~ N(21,10) if X = 0.0 and P(Y|X) ~ N(25,1) if X = 1.0", "sample_size": 500, "means": 21.8, "disc_method": "EV", "bins": 17, "target_column": null, "CPT_method": "Bayespriors", "time_disc": 0.044029606971889734, "time_cnf": 0.09253366384655237, "time_VE": 0.001062254887074232, "time_BP": 0.002918228041380644, "RMSE": 0.08350372676721314, "WRMSE": 0.060958753311010215, "MAE": 0.07310569513895793, "PE": 9.628911008981088, "exact_EV": 21.8, "disc_EV": 23.899102599957878, "Wass_scaled": 0.16856050997047678, "Wass_multi": 0.5858465249487131, "time_wass": 0.07202660711482167}