{
	"nodecount" : 47,
	"peaknodes" : 49,
	"total_load_time" : 0.0119929,
	"build_time" : 0.00840497,
	"wmc_time" : 0.000366926
}
