{
	"nodecount" : 36,
	"peaknodes" : 38,
	"total_load_time" : 0.00913501,
	"build_time" : 0.00581789,
	"wmc_time" : 0.000360012
}
