{"distribution": "nm", "edges": [["X", "Y"]], "root_params": ["X ~ B(0.8)"], "experiment": 2, "not_root_params": "P(Y|X) ~ N(21,10) if X = 0.0 and P(Y|X) ~ N(25,1) if X = 1.0", "sample_size": 500, "means": 21.8, "disc_method": "EB", "bins": 17, "target_column": null, "CPT_method": "Bayespriors", "time_disc": 0.04291138984262943, "time_cnf": 0.01063490193337202, "time_VE": 0.0011341911740601063, "time_BP": 0.0033462438732385635, "RMSE": 0.029577623713527575, "WRMSE": 0.02159366296024074, "MAE": 0.025896522096985564, "PE": 9.628886459565654, "exact_EV": 21.8, "disc_EV": 23.899097248185313, "Wass_scaled": 0.013197517662665439, "Wass_multi": 0.5034715306181369, "time_wass": 0.06994348810985684}