{"distribution": "nm", "edges": [["X", "Y"]], "root_params": ["X ~ B(0.8)"], "experiment": 2, "not_root_params": "P(Y|X) ~ N(21,10) if X = 0.0 and P(Y|X) ~ N(25,1) if X = 1.0", "sample_size": 500, "means": 21.8, "disc_method": "EB", "bins": 30, "target_column": null, "CPT_method": "Bayespriors", "time_disc": 0.046841143164783716, "time_cnf": 0.008827351033687592, "time_VE": 0.0011667879298329353, "time_BP": 0.0034776562824845314, "RMSE": 0.005003531998096245, "WRMSE": 0.0036479903541111443, "MAE": 0.004374878314070685, "PE": 9.62884804923966, "exact_EV": 21.8, "disc_EV": 23.899088874734247, "Wass_scaled": 0.008386791918757172, "Wass_multi": 0.3417262434081818, "time_wass": 0.06368850218132138}