{"distribution": "nm", "edges": [["X", "Y"]], "root_params": ["X ~ B(0.8)"], "experiment": 2, "not_root_params": "P(Y|X) ~ N(21,10) if X = 0.0 and P(Y|X) ~ N(25,1) if X = 1.0", "sample_size": 500, "means": 21.8, "disc_method": "EV", "bins": 5, "target_column": null, "CPT_method": "Bayespriors", "time_disc": 0.04612683691084385, "time_cnf": 0.34090718906372786, "time_VE": 0.0009140158072113991, "time_BP": 0.0024906075559556484, "RMSE": 0.37193597673480366, "WRMSE": 0.2715170193943808, "MAE": 0.3256208397895328, "PE": 9.628908546004249, "exact_EV": 21.8, "disc_EV": 23.899102063028927, "Wass_scaled": 0.2600645665992978, "Wass_multi": 1.4261313030450586, "time_wass": 0.06411977764219046}