{"distribution": "nm", "edges": [["X", "Y"]], "root_params": ["X ~ B(0.8)"], "experiment": 2, "not_root_params": "P(Y|X) ~ N(21,10) if X = 0.0 and P(Y|X) ~ N(25,1) if X = 1.0", "sample_size": 500, "means": 21.8, "disc_method": "MDLP", "bins": 2, "target_column": "Y", "CPT_method": "Bayespriors", "time_disc": 0.13552856538444757, "time_cnf": 0.1316144377924502, "time_VE": 0.0012166891247034073, "time_BP": 0.003290579654276371, "RMSE": 0.013644596514908252, "WRMSE": 0.009947418152892436, "MAE": 0.01192950385314262, "PE": 9.62873538311488, "exact_EV": 21.8, "disc_EV": 23.899064313519045, "Wass_scaled": 0.1105984515460262, "Wass_multi": 0.2674750926868294, "time_wass": 0.07905864110216498}