{
	"nodecount" : 26,
	"peaknodes" : 26,
	"total_load_time" : 0.0109,
	"build_time" : 0.003479,
	"wmc_time" : 0.000256777
}
