{"distribution": "nm", "edges": [["X", "Y"]], "root_params": ["X ~ B(0.8)"], "experiment": 2, "not_root_params": "P(Y|X) ~ N(21,10) if X = 0.0 and P(Y|X) ~ N(25,1) if X = 1.0", "sample_size": 500, "means": 21.8, "disc_method": "EV", "bins": 30, "target_column": null, "CPT_method": "Bayespriors", "time_disc": 0.04353730287402868, "time_cnf": 0.2989237941801548, "time_VE": 0.0010807770304381847, "time_BP": 0.002746111247688532, "RMSE": 0.0024031396385752984, "WRMSE": 0.0017523142431272272, "MAE": 0.0021014779417374285, "PE": 9.62893464793527, "exact_EV": 21.8, "disc_EV": 23.89910775324989, "Wass_scaled": 0.12066584587673955, "Wass_multi": 0.35463325426897435, "time_wass": 0.07214142894372344}