{"distribution": "nm", "edges": [["X", "Y"]], "root_params": ["X ~ B(0.8)"], "experiment": 2, "not_root_params": "P(Y|X) ~ N(21,10) if X = 0.0 and P(Y|X) ~ N(25,1) if X = 1.0", "sample_size": 500, "means": 21.8, "disc_method": "EB", "bins": 12, "target_column": null, "CPT_method": "Bayespriors", "time_disc": 0.04082141304388642, "time_cnf": 0.400357763748616, "time_VE": 0.000909940805286169, "time_BP": 0.0024566748179495335, "RMSE": 0.05079341660372257, "WRMSE": 0.0370808251747037, "MAE": 0.04446973311770108, "PE": 9.628894009255864, "exact_EV": 21.8, "disc_EV": 23.89909889401778, "Wass_scaled": 0.024844594074690994, "Wass_multi": 0.6962763294336104, "time_wass": 0.06194733176380396}