{
	"nodecount" : 54,
	"peaknodes" : 57,
	"total_load_time" : 0.0120721,
	"build_time" : 0.00962615,
	"wmc_time" : 0.00041914
}
