{"distribution": "nm", "edges": [["X", "Y"]], "root_params": ["X ~ B(0.8)"], "experiment": 2, "not_root_params": "P(Y|X) ~ N(21,10) if X = 0.0 and P(Y|X) ~ N(25,1) if X = 1.0", "sample_size": 500, "means": 21.8, "disc_method": "EV", "bins": 10, "target_column": null, "CPT_method": "Bayespriors", "time_disc": 0.046742544043809175, "time_cnf": 0.24672931199893355, "time_VE": 0.001574683003127575, "time_BP": 0.004766072612255812, "RMSE": 0.13809144465327833, "WRMSE": 0.10080759580782671, "MAE": 0.12089501451271722, "PE": 9.628901349630956, "exact_EV": 21.8, "disc_EV": 23.89910049421955, "Wass_scaled": 0.208826764837604, "Wass_multi": 0.8705714479126682, "time_wass": 0.0908189257606864}