{
	"nodecount" : 53,
	"peaknodes" : 58,
	"total_load_time" : 0.013401,
	"build_time" : 0.0105948,
	"wmc_time" : 0.000437021
}
