{
	"nodecount" : 43,
	"peaknodes" : 43,
	"total_load_time" : 0.0097959,
	"build_time" : 0.00745797,
	"wmc_time" : 0.00047493
}
