{"distribution": "nm", "edges": [["X", "Y"]], "root_params": ["X ~ B(0.5)"], "experiment": 3, "not_root_params": "P(Y|X) ~ N(6,2) if X = 0.0 and P(Y|X) ~ N(4,2) if X = 1.0", "sample_size": 500, "means": 5.0, "disc_method": "EV", "bins": 20, "target_column": null, "CPT_method": "Bayes", "time_disc": 0.035845444072037935, "time_cnf": 0.00890464335680008, "time_VE": 0.001113095786422491, "time_BP": 0.0032117958180606365, "RMSE": 0.08981599814859224, "WRMSE": 0.08974943823877465, "MAE": 0.08975378537321665, "PE": 1.2389222199331407, "exact_EV": 5.0, "disc_EV": 4.938053889003343, "Wass_scaled": 0.059595437722972724, "Wass_multi": 0.14482558894478428, "time_wass": 0.06474872585386038}