{
	"nodecount" : 72,
	"peaknodes" : 72,
	"total_load_time" : 0.0128891,
	"build_time" : 0.00940394,
	"wmc_time" : 0.000496149
}
