{"distribution": "nm", "edges": [["X", "Y"]], "root_params": ["X ~ B(0.5)"], "experiment": 3, "not_root_params": "P(Y|X) ~ N(6,2) if X = 0.0 and P(Y|X) ~ N(4,2) if X = 1.0", "sample_size": 500, "means": 5.0, "disc_method": "EB", "bins": 17, "target_column": null, "CPT_method": "Bayes", "time_disc": 0.039317832328379154, "time_cnf": 0.007985297124832869, "time_VE": 0.0011492138728499413, "time_BP": 0.004702799953520298, "RMSE": 0.07900656560800577, "WRMSE": 0.07848025995347448, "MAE": 0.07380717564551875, "PE": 0.7356655890268549, "exact_EV": 5.0, "disc_EV": 4.963216720548657, "Wass_scaled": 0.01810177171663059, "Wass_multi": 0.18795695704259924, "time_wass": 0.07597314519807696}