{
	"nodecount" : 26,
	"peaknodes" : 26,
	"total_load_time" : 0.00649595,
	"build_time" : 0.00297904,
	"wmc_time" : 0.000251055
}
