{
	"nodecount" : 83,
	"peaknodes" : 83,
	"total_load_time" : 0.0139818,
	"build_time" : 0.0109291,
	"wmc_time" : 0.000524044
}
