{
	"nodecount" : 45,
	"peaknodes" : 45,
	"total_load_time" : 0.0103211,
	"build_time" : 0.00635195,
	"wmc_time" : 0.000407934
}
