{"distribution": "nm", "edges": [["X", "Y"]], "root_params": ["X ~ B(0.5)"], "experiment": 3, "not_root_params": "P(Y|X) ~ N(6,2) if X = 0.0 and P(Y|X) ~ N(4,2) if X = 1.0", "sample_size": 500, "means": 5.0, "disc_method": "EV", "bins": 10, "target_column": null, "CPT_method": "Bayes", "time_disc": 0.035443571861833334, "time_cnf": 0.20700313011184335, "time_VE": 0.0011965828016400337, "time_BP": 0.0033054910600185394, "RMSE": 0.0455845141395172, "WRMSE": 0.045549697150805986, "MAE": 0.045550970517279854, "PE": 1.2531905891821182, "exact_EV": 5.0, "disc_EV": 4.937340470540894, "Wass_scaled": 0.08862942058078896, "Wass_multi": 0.27314975166412286, "time_wass": 0.07743368297815323}