{
	"nodecount" : 72,
	"peaknodes" : 72,
	"total_load_time" : 0.0135169,
	"build_time" : 0.0108111,
	"wmc_time" : 0.000568151
}
