{"distribution": "nm", "edges": [["X", "Y"]], "root_params": ["X ~ B(0.5)"], "experiment": 3, "not_root_params": "P(Y|X) ~ N(6,2) if X = 0.0 and P(Y|X) ~ N(4,2) if X = 1.0", "sample_size": 500, "means": 5.0, "disc_method": "MDLP", "bins": 2, "target_column": "Y", "CPT_method": "Bayes", "time_disc": 0.09718884201720357, "time_cnf": 0.7135312920436263, "time_VE": 0.0015794159844517708, "time_BP": 0.004409434273838997, "RMSE": 0.08040523221650105, "WRMSE": 0.07962665836396592, "MAE": 0.06364093700987827, "PE": 0.3125474802060957, "exact_EV": 5.0, "disc_EV": 4.984372625989695, "Wass_scaled": 0.05883376574401841, "Wass_multi": 0.24512481813485343, "time_wass": 0.07916434202343225}