{"distribution": "nm", "edges": [["X", "Y"]], "root_params": ["X ~ B(0.5)"], "experiment": 3, "not_root_params": "P(Y|X) ~ N(6,2) if X = 0.0 and P(Y|X) ~ N(4,2) if X = 1.0", "sample_size": 500, "means": 5.0, "disc_method": "EV", "bins": 25, "target_column": null, "CPT_method": "Bayes", "time_disc": 0.03482748195528984, "time_cnf": 0.008969990070909262, "time_VE": 0.0011764159426093102, "time_BP": 0.0033493787050247192, "RMSE": 0.10470317650465959, "WRMSE": 0.10462422951609124, "MAE": 0.10462809377925275, "PE": 1.2324061777006001, "exact_EV": 5.0, "disc_EV": 4.93837969111497, "Wass_scaled": 0.05256844609589489, "Wass_multi": 0.121062430880817, "time_wass": 0.07664378313347697}