{"distribution": "nm", "edges": [["X", "Y"]], "root_params": ["X ~ B(0.5)"], "experiment": 3, "not_root_params": "P(Y|X) ~ N(6,2) if X = 0.0 and P(Y|X) ~ N(4,2) if X = 1.0", "sample_size": 500, "means": 5.0, "disc_method": "EB", "bins": 20, "target_column": null, "CPT_method": "Bayes", "time_disc": 0.0360736851580441, "time_cnf": 0.007777960039675236, "time_VE": 0.0011413698084652424, "time_BP": 0.004055495839565992, "RMSE": 0.10358333919203337, "WRMSE": 0.10296009819728914, "MAE": 0.09822116024687189, "PE": 0.6512340004471895, "exact_EV": 5.0, "disc_EV": 4.9674382999776405, "Wass_scaled": 0.013597011951485749, "Wass_multi": 0.15951596654074954, "time_wass": 0.07121415995061398}