{
	"nodecount" : 34,
	"peaknodes" : 34,
	"total_load_time" : 0.00612903,
	"build_time" : 0.00323105,
	"wmc_time" : 0.000267029
}
