{"distribution": "nm", "edges": [["X", "Y"]], "root_params": ["X ~ B(0.5)"], "experiment": 3, "not_root_params": "P(Y|X) ~ N(6,2) if X = 0.0 and P(Y|X) ~ N(4,2) if X = 1.0", "sample_size": 500, "means": 5.0, "disc_method": "EB", "bins": 14, "target_column": null, "CPT_method": "Bayes", "time_disc": 0.03728748392313719, "time_cnf": 0.27175632677972317, "time_VE": 0.0009402427822351456, "time_BP": 0.002518598921597004, "RMSE": 0.08643991856928246, "WRMSE": 0.08595358367138252, "MAE": 0.08260011285396973, "PE": 0.793378527756854, "exact_EV": 5.0, "disc_EV": 4.960331073612157, "Wass_scaled": 0.02464636510149381, "Wass_multi": 0.22629427046150172, "time_wass": 0.060731034725904465}