{"distribution": "nm", "edges": [["X", "Y"]], "root_params": ["X ~ B(0.5)"], "experiment": 3, "not_root_params": "P(Y|X) ~ N(6,2) if X = 0.0 and P(Y|X) ~ N(4,2) if X = 1.0", "sample_size": 500, "means": 5.0, "disc_method": "EB", "bins": 30, "target_column": null, "CPT_method": "Bayes", "time_disc": 0.03633464127779007, "time_cnf": 0.0069120777770876884, "time_VE": 0.0014910600148141384, "time_BP": 0.003824828192591667, "RMSE": 0.13184504745064363, "WRMSE": 0.13135917629873864, "MAE": 0.12949394108963586, "PE": 0.8258463483760535, "exact_EV": 5.0, "disc_EV": 4.958707682581197, "Wass_scaled": 0.008965655847807707, "Wass_multi": 0.10442999297429091, "time_wass": 0.07437018910422921}