{
	"nodecount" : 87,
	"peaknodes" : 87,
	"total_load_time" : 0.0139639,
	"build_time" : 0.0114481,
	"wmc_time" : 0.000554085
}
