{"distribution": "nm", "edges": [["X", "Y"]], "root_params": ["X ~ B(0.5)"], "experiment": 3, "not_root_params": "P(Y|X) ~ N(6,2) if X = 0.0 and P(Y|X) ~ N(4,2) if X = 1.0", "sample_size": 500, "means": 5.0, "disc_method": "EB", "bins": 5, "target_column": null, "CPT_method": "Bayes", "time_disc": 0.042480685748159885, "time_cnf": 0.7676995024085045, "time_VE": 0.0013829628005623817, "time_BP": 0.003904445096850395, "RMSE": 0.12473988860948171, "WRMSE": 0.12454881520273488, "MAE": 0.12436891727795696, "PE": 1.127298245228534, "exact_EV": 5.0, "disc_EV": 4.943635087738573, "Wass_scaled": 0.07326544824850864, "Wass_multi": 0.6283512890465539, "time_wass": 0.07510512322187424}