{
	"nodecount" : 33,
	"peaknodes" : 33,
	"total_load_time" : 0.00830913,
	"build_time" : 0.00329995,
	"wmc_time" : 0.00028491
}
