{
	"nodecount" : 7640,
	"peaknodes" : 9069,
	"total_load_time" : 0.890817,
	"build_time" : 0.820549,
	"wmc_time" : 0.00281096
}
