{"distribution": "lg", "edges": [["A", "D"], ["B", "D"], ["D", "E"], ["C", "E"]], "root_params": "A ~ N(20,20) B ~ N(20,20) C ~ N(15,15)", "experiment": 108, "not_root_params": "D   ~   N ( 2 A + 3 B , 6 . 6 2 5 )   E   ~   N ( 3 C + 3 D , 6 . 6 2 5 )", "sample_size": 338, "means": {"A": 20, "B": 20, "C": 15, "D": 100, "E": 345}, "disc_method": "EV", "bins": 10, "target_column": null, "CPT_method": "Bayespriors", "time_disc": 0.16736149998905603, "time_cnf": 0.031556799993268214, "time_VE": 0.0022785000037401915, "time_BP": 0.011226099988562055, "RMSE": 5.443736415864881, "WRMSE": 5.452183689831092, "MAE": 4.428508040762187, "PE": 1.4504291879759288, "exact_EV": 345, "disc_EV": 339.99601930148305, "Wass_scaled": 0.23641313379674306, "Wass_multi": 10.156721271710355, "time_wass": 0.09380709999823011}