{
	"nodecount" : 2434,
	"peaknodes" : 2481,
	"total_load_time" : 0.188626,
	"build_time" : 0.142206,
	"wmc_time" : 0.00208712
}
