{
	"nodecount" : 7742,
	"peaknodes" : 11297,
	"total_load_time" : 3.73633,
	"build_time" : 3.1676,
	"wmc_time" : 0.00265288
}
