{"distribution": "lg", "edges": [["A", "D"], ["B", "D"], ["D", "E"], ["C", "E"]], "root_params": "A ~ N(20,20) B ~ N(20,20) C ~ N(15,15)", "experiment": 108, "not_root_params": "D   ~   N ( 2 A + 3 B , 6 . 6 2 5 )   E   ~   N ( 3 C + 3 D , 6 . 6 2 5 )", "sample_size": 338, "means": {"A": 20, "B": 20, "C": 15, "D": 100, "E": 345}, "disc_method": "EV", "bins": 25, "target_column": null, "CPT_method": "Bayespriors", "time_disc": 0.163161400007084, "time_cnf": 0.5112727999949129, "time_VE": 0.002444199999445118, "time_BP": 0.01090900000417605, "RMSE": 28.531848560524857, "WRMSE": 28.623828601600835, "MAE": 23.180015594950365, "PE": 1.5431777610732245, "exact_EV": 345, "disc_EV": 339.6760367242974, "Wass_scaled": 0.12413541303851601, "Wass_multi": 4.49370294658415, "time_wass": 0.07398049999028444}