{"distribution": "lg", "edges": [["A", "D"], ["B", "D"], ["D", "E"], ["C", "E"]], "root_params": "A ~ N(20,20) B ~ N(20,20) C ~ N(15,15)", "experiment": 108, "not_root_params": "D   ~   N ( 2 A + 3 B , 6 . 6 2 5 )   E   ~   N ( 3 C + 3 D , 6 . 6 2 5 )", "sample_size": 338, "means": {"A": 20, "B": 20, "C": 15, "D": 100, "E": 345}, "disc_method": "EB", "bins": 12, "target_column": null, "CPT_method": "Bayespriors", "time_disc": 0.09577843779698014, "time_cnf": 0.28730545984581113, "time_VE": 0.0012085926719009876, "time_BP": 0.005106146913021803, "RMSE": 37.66522334840728, "WRMSE": 14.559845606853168, "MAE": 24.62807039622923, "PE": 1.1497532970603337, "exact_EV": 345, "disc_EV": 341.03335112514185, "Wass_scaled": 0.06127568911608685, "Wass_multi": 8.405873104241268, "time_wass": 0.03408820508047938}