{
	"nodecount" : 7640,
	"peaknodes" : 9069,
	"total_load_time" : 1.77249,
	"build_time" : 1.68268,
	"wmc_time" : 0.00366092,
	"wmc_value" : 1,
	"bn_to_cnf_time" : 0.0594535
}
