{"distribution": "lg", "edges": [["A", "D"], ["B", "D"], ["D", "E"], ["C", "E"]], "root_params": "A ~ N(20,20) B ~ N(20,20) C ~ N(15,15)", "experiment": 108, "not_root_params": "D   ~   N ( 2 A + 3 B , 6 . 6 2 5 )   E   ~   N ( 3 C + 3 D , 6 . 6 2 5 )", "sample_size": 338, "means": {"A": 20, "B": 20, "C": 15, "D": 100, "E": 345}, "disc_method": "EV", "bins": 17, "target_column": null, "CPT_method": "Bayespriors", "time_disc": 0.10171288903802633, "time_cnf": 0.3016968131996691, "time_VE": 0.0013516051694750786, "time_BP": 0.0059226579032838345, "RMSE": 19.96385008080673, "WRMSE": 19.99360198883337, "MAE": 15.668891271973694, "PE": 0.8970267625308673, "exact_EV": 345, "disc_EV": 341.9052576692685, "Wass_scaled": 0.16110265872468396, "Wass_multi": 6.334571380979469, "time_wass": 0.03556441888213158}