{"distribution": "lg", "edges": [["A", "D"], ["B", "D"], ["D", "E"], ["C", "E"]], "root_params": "A ~ N(20,20) B ~ N(20,20) C ~ N(15,15)", "experiment": 108, "not_root_params": "D   ~   N ( 2 A + 3 B , 6 . 6 2 5 )   E   ~   N ( 3 C + 3 D , 6 . 6 2 5 )", "sample_size": 338, "means": {"A": 20, "B": 20, "C": 15, "D": 100, "E": 345}, "disc_method": "EV", "bins": 30, "target_column": null, "CPT_method": "Bayespriors", "time_disc": 0.13209358882158995, "time_cnf": 6.0704125869087875, "time_VE": 0.0016197152435779572, "time_BP": 0.010630409698933363, "RMSE": 31.337440580598656, "WRMSE": 31.542592104299164, "MAE": 25.326024030064218, "PE": 1.4171581650360174, "exact_EV": 345, "disc_EV": 340.11080433062574, "Wass_scaled": 0.11134956981884352, "Wass_multi": 3.6986370229460945, "time_wass": 0.03130094800144434}