{"distribution": "lg", "edges": [["A", "D"], ["B", "D"], ["D", "E"], ["C", "E"]], "root_params": "A ~ N(20,20) B ~ N(20,20) C ~ N(15,15)", "experiment": 108, "not_root_params": "D   ~   N ( 2 A + 3 B , 6 . 6 2 5 )   E   ~   N ( 3 C + 3 D , 6 . 6 2 5 )", "sample_size": 338, "means": {"A": 20, "B": 20, "C": 15, "D": 100, "E": 345}, "disc_method": "EV", "bins": 20, "target_column": null, "CPT_method": "Bayespriors", "time_disc": 0.16665659999125637, "time_cnf": 0.22574699998949654, "time_VE": 0.0022369000071194023, "time_BP": 0.017630699992878363, "RMSE": 23.892963525159143, "WRMSE": 23.93642382643281, "MAE": 19.376744379173637, "PE": 1.2446897350570374, "exact_EV": 345, "disc_EV": 340.7058204140532, "Wass_scaled": 0.14305578201321417, "Wass_multi": 5.444532337747853, "time_wass": 0.07699249999132007}