{"distribution": "lg", "edges": [["A", "D"], ["B", "D"], ["D", "E"], ["C", "E"]], "root_params": "A ~ N(20,20) B ~ N(20,20) C ~ N(15,15)", "experiment": 108, "not_root_params": "D   ~   N ( 2 A + 3 B , 6 . 6 2 5 )   E   ~   N ( 3 C + 3 D , 6 . 6 2 5 )", "sample_size": 338, "means": {"A": 20, "B": 20, "C": 15, "D": 100, "E": 345}, "disc_method": "EV", "bins": 25, "target_column": null, "CPT_method": "Bayespriors", "time_disc": 0.11694919923320413, "time_cnf": 3.499536281917244, "time_VE": 0.0015254500322043896, "time_BP": 0.008541755843907595, "RMSE": 28.531848560524853, "WRMSE": 28.62382860160083, "MAE": 23.180015594950365, "PE": 1.5431777610732245, "exact_EV": 345, "disc_EV": 339.6760367242974, "Wass_scaled": 0.12413541303851601, "Wass_multi": 4.49370294658415, "time_wass": 0.03296435670927167}