{
	"nodecount" : 3669,
	"peaknodes" : 3691,
	"total_load_time" : 0.379563,
	"build_time" : 0.354158,
	"wmc_time" : 0.00841808,
	"wmc_value" : 1,
	"bn_to_cnf_time" : 0.0107987
}
