{"distribution": "lg", "edges": [["A", "D"], ["B", "D"], ["D", "E"], ["C", "E"]], "root_params": "A ~ N(20,20) B ~ N(20,20) C ~ N(15,15)", "experiment": 108, "not_root_params": "D   ~   N ( 2 A + 3 B , 6 . 6 2 5 )   E   ~   N ( 3 C + 3 D , 6 . 6 2 5 )", "sample_size": 338, "means": {"A": 20, "B": 20, "C": 15, "D": 100, "E": 345}, "disc_method": "EB", "bins": 5, "target_column": null, "CPT_method": "Bayespriors", "time_disc": 0.0895117036998272, "time_cnf": 1.1131515679880977, "time_VE": 0.001154933124780655, "time_BP": 0.00468023307621479, "RMSE": 15.596871994598658, "WRMSE": 8.831451230264479, "MAE": 12.84946995062062, "PE": 1.2319425371752795, "exact_EV": 345, "disc_EV": 340.7497982467453, "Wass_scaled": 0.17129954635990557, "Wass_multi": 19.851735686199046, "time_wass": 0.03696960676461458}