{
	"nodecount" : 12228,
	"peaknodes" : 14378,
	"total_load_time" : 3.5985,
	"build_time" : 3.12125,
	"wmc_time" : 0.00280809
}
