{
	"nodecount" : 9249,
	"peaknodes" : 11773,
	"total_load_time" : 2.4313,
	"build_time" : 2.12776,
	"wmc_time" : 0.00288081
}
