{"distribution": "lg", "edges": [["A", "D"], ["B", "D"], ["D", "E"], ["C", "E"]], "root_params": "A ~ N(20,20) B ~ N(20,20) C ~ N(15,15)", "experiment": 108, "not_root_params": "D   ~   N ( 2 A + 3 B , 6 . 6 2 5 )   E   ~   N ( 3 C + 3 D , 6 . 6 2 5 )", "sample_size": 338, "means": {"A": 20, "B": 20, "C": 15, "D": 100, "E": 345}, "disc_method": "EB", "bins": 20, "target_column": null, "CPT_method": "Bayespriors", "time_disc": 0.10550772864371538, "time_cnf": 1.6426262673921883, "time_VE": 0.0013498100452125072, "time_BP": 0.006561719346791506, "RMSE": 49.45197683504632, "WRMSE": 24.459299520899027, "MAE": 38.86658993316723, "PE": 1.9282141505879695, "exact_EV": 345, "disc_EV": 338.3476611804715, "Wass_scaled": 0.036884682312280245, "Wass_multi": 4.910721931310256, "time_wass": 0.03215976292267442}