{
	"nodecount" : 6124,
	"peaknodes" : 6769,
	"total_load_time" : 1.248,
	"build_time" : 1.18542,
	"wmc_time" : 0.00381589,
	"wmc_value" : 1,
	"bn_to_cnf_time" : 0.0363941
}
