{"distribution": "lg", "edges": [["A", "D"], ["B", "D"], ["D", "E"], ["C", "E"]], "root_params": "A ~ N(20,20) B ~ N(20,20) C ~ N(15,15)", "experiment": 108, "not_root_params": "D   ~   N ( 2 A + 3 B , 6 . 6 2 5 )   E   ~   N ( 3 C + 3 D , 6 . 6 2 5 )", "sample_size": 338, "means": {"A": 20, "B": 20, "C": 15, "D": 100, "E": 345}, "disc_method": "EB", "bins": 25, "target_column": null, "CPT_method": "Bayespriors", "time_disc": 0.1159548033028841, "time_cnf": 3.3059131507761776, "time_VE": 0.0015172059647738934, "time_BP": 0.007522576954215765, "RMSE": 50.344664189474074, "WRMSE": 27.082746880492138, "MAE": 40.588897237259914, "PE": 2.4099959710360963, "exact_EV": 345, "disc_EV": 336.68551389992547, "Wass_scaled": 0.030687347306080623, "Wass_multi": 3.905558193105521, "time_wass": 0.029958290979266167}