{"distribution": "lg", "edges": [["A", "D"], ["B", "D"], ["D", "E"], ["C", "E"]], "root_params": "A ~ N(20,20) B ~ N(20,20) C ~ N(15,15)", "experiment": 108, "not_root_params": "D   ~   N ( 2 A + 3 B , 6 . 6 2 5 )   E   ~   N ( 3 C + 3 D , 6 . 6 2 5 )", "sample_size": 338, "means": {"A": 20, "B": 20, "C": 15, "D": 100, "E": 345}, "disc_method": "EB", "bins": 30, "target_column": null, "CPT_method": "Bayespriors", "time_disc": 0.13259410066530108, "time_cnf": 5.49253507098183, "time_VE": 0.0016206451691687107, "time_BP": 0.01015065424144268, "RMSE": 52.56773558934844, "WRMSE": 29.42111969263665, "MAE": 43.575650502262654, "PE": 1.8375669310539773, "exact_EV": 345, "disc_EV": 338.6603940878638, "Wass_scaled": 0.025762843776091584, "Wass_multi": 3.209566865130894, "time_wass": 0.02763770055025816}