{
	"nodecount" : 11303,
	"peaknodes" : 12649,
	"total_load_time" : 2.65921,
	"build_time" : 2.32807,
	"wmc_time" : 0.00423503
}
