{
	"nodecount" : 11303,
	"peaknodes" : 12649,
	"total_load_time" : 4.54772,
	"build_time" : 4.21727,
	"wmc_time" : 0.0047121,
	"wmc_value" : 1,
	"bn_to_cnf_time" : 0.168804
}
