{
	"nodecount" : 1484,
	"peaknodes" : 1484,
	"total_load_time" : 0.877814,
	"build_time" : 0.790569,
	"wmc_time" : 0.00175905
}
