{"distribution": "lg", "edges": [["A", "D"], ["B", "D"], ["D", "E"], ["C", "E"]], "root_params": "A ~ N(20,20) B ~ N(20,20) C ~ N(15,15)", "experiment": 108, "not_root_params": "D   ~   N ( 2 A + 3 B , 6 . 6 2 5 )   E   ~   N ( 3 C + 3 D , 6 . 6 2 5 )", "sample_size": 338, "means": {"A": 20, "B": 20, "C": 15, "D": 100, "E": 345}, "disc_method": "EV", "bins": 5, "target_column": null, "CPT_method": "Bayespriors", "time_disc": 0.15337390000058804, "time_cnf": 0.008759799995459616, "time_VE": 0.0014605000033043325, "time_BP": 0.0075840999925276265, "RMSE": 4.762541668577339, "WRMSE": 4.77144082379996, "MAE": 3.939482361323428, "PE": 1.332112084965986, "exact_EV": 345, "disc_EV": 340.40421330686735, "Wass_scaled": 0.3854524524801975, "Wass_multi": 17.458250480939473, "time_wass": 0.08103020000271499}