{"distribution": "lg", "edges": [["A", "D"], ["B", "D"], ["D", "E"], ["C", "E"]], "root_params": "A ~ N(20,20) B ~ N(20,20) C ~ N(15,15)", "experiment": 108, "not_root_params": "D   ~   N ( 2 A + 3 B , 6 . 6 2 5 )   E   ~   N ( 3 C + 3 D , 6 . 6 2 5 )", "sample_size": 338, "means": {"A": 20, "B": 20, "C": 15, "D": 100, "E": 345}, "disc_method": "EV", "bins": 8, "target_column": null, "CPT_method": "Bayespriors", "time_disc": 0.0939174098894, "time_cnf": 0.2554320888593793, "time_VE": 0.0012089726515114307, "time_BP": 0.004864769987761974, "RMSE": 4.595435764315481, "WRMSE": 4.614359277241306, "MAE": 3.4689471416135973, "PE": 1.6236113978932871, "exact_EV": 345, "disc_EV": 339.39854067726816, "Wass_scaled": 0.2788498364435783, "Wass_multi": 11.900803440510675, "time_wass": 0.03741908073425293}