{"distribution": "lg", "edges": [["A", "D"], ["B", "D"], ["D", "E"], ["C", "E"]], "root_params": "A ~ N(20,20) B ~ N(20,20) C ~ N(15,15)", "experiment": 108, "not_root_params": "D   ~   N ( 2 A + 3 B , 6 . 6 2 5 )   E   ~   N ( 3 C + 3 D , 6 . 6 2 5 )", "sample_size": 338, "means": {"A": 20, "B": 20, "C": 15, "D": 100, "E": 345}, "disc_method": "EB", "bins": 8, "target_column": null, "CPT_method": "Bayespriors", "time_disc": 0.1575394000101369, "time_cnf": 0.01922220000415109, "time_VE": 0.0013561000087065622, "time_BP": 0.006242200004635379, "RMSE": 29.080256221678965, "WRMSE": 12.131414435873415, "MAE": 18.805097276346633, "PE": 1.3925878813953811, "exact_EV": 345, "disc_EV": 340.19557180918594, "Wass_scaled": 0.09542257540605838, "Wass_multi": 12.94212827718511, "time_wass": 0.07423100000596605}