{
	"nodecount" : 7333,
	"peaknodes" : 8124,
	"total_load_time" : 0.64818,
	"build_time" : 0.602568,
	"wmc_time" : 0.00187993
}
