{
	"nodecount" : 11676,
	"peaknodes" : 14193,
	"total_load_time" : 8.9912,
	"build_time" : 7.92338,
	"wmc_time" : 0.00496197,
	"wmc_value" : 1,
	"bn_to_cnf_time" : 0.605141
}
