{"distribution": "lg", "edges": [["A", "D"], ["B", "D"], ["D", "E"], ["C", "E"]], "root_params": "A ~ N(20,20) B ~ N(20,20) C ~ N(15,15)", "experiment": 108, "not_root_params": "D   ~   N ( 2 A + 3 B , 6 . 6 2 5 )   E   ~   N ( 3 C + 3 D , 6 . 6 2 5 )", "sample_size": 338, "means": {"A": 20, "B": 20, "C": 15, "D": 100, "E": 345}, "disc_method": "EB", "bins": 10, "target_column": null, "CPT_method": "Bayespriors", "time_disc": 0.09455465525388718, "time_cnf": 0.4789601806551218, "time_VE": 0.0011987267062067986, "time_BP": 0.00488731823861599, "RMSE": 33.07824549400051, "WRMSE": 12.887024233978641, "MAE": 21.616598911379377, "PE": 1.7387117364740867, "exact_EV": 345, "disc_EV": 339.0014445091644, "Wass_scaled": 0.07406295062739256, "Wass_multi": 10.128000864623145, "time_wass": 0.03409998631104827}