{
	"nodecount" : 4566,
	"peaknodes" : 4715,
	"total_load_time" : 0.354845,
	"build_time" : 0.334432,
	"wmc_time" : 0.00401592,
	"wmc_value" : 1,
	"bn_to_cnf_time" : 0.0107598
}
