{"distribution": "lg", "edges": [["A", "D"], ["B", "D"], ["D", "E"], ["C", "E"]], "root_params": "A ~ N(20,20) B ~ N(20,20) C ~ N(15,15)", "experiment": 109, "not_root_params": "D   ~   N ( 2 A + 3 B , 3 . 8 1 2 5 )   E   ~   N ( 3 C + 3 D , 3 . 8 1 2 5 )", "sample_size": 456, "means": {"A": 20, "B": 20, "C": 15, "D": 100, "E": 345}, "disc_method": "EV", "bins": 10, "target_column": null, "CPT_method": "Bayes", "time_disc": 0.09862389999034349, "time_cnf": 0.03186590000404976, "time_VE": 0.002967199994600378, "time_BP": 0.011140599992359057, "RMSE": 16.04405939340643, "WRMSE": 16.081899760075697, "MAE": 12.982430854978997, "PE": 0.338801292628735, "exact_EV": 345, "disc_EV": 343.83113554043086, "Wass_scaled": 0.25064696626420374, "Wass_multi": 5.288609180836742, "time_wass": 0.14073880000796635}