{"distribution": "lg", "edges": [["A", "D"], ["B", "D"], ["D", "E"], ["C", "E"]], "root_params": "A ~ N(20,20) B ~ N(20,20) C ~ N(15,15)", "experiment": 109, "not_root_params": "D   ~   N ( 2 A + 3 B , 3 . 8 1 2 5 )   E   ~   N ( 3 C + 3 D , 3 . 8 1 2 5 )", "sample_size": 456, "means": {"A": 20, "B": 20, "C": 15, "D": 100, "E": 345}, "disc_method": "EV", "bins": 17, "target_column": null, "CPT_method": "Bayes", "time_disc": 0.09781409999413881, "time_cnf": 0.145098400011193, "time_VE": 0.0035367000091355294, "time_BP": 0.01530569999886211, "RMSE": 17.78069273891546, "WRMSE": 17.822352130183248, "MAE": 14.253743689856027, "PE": 0.3394181840132126, "exact_EV": 345, "disc_EV": 343.8290072651544, "Wass_scaled": 0.1836569368523266, "Wass_multi": 3.4852609937755705, "time_wass": 0.14141189999645576}