{
	"nodecount" : 1560,
	"peaknodes" : 1605,
	"total_load_time" : 0.101047,
	"build_time" : 0.0938711,
	"wmc_time" : 0.00316215
}
