{"distribution": "lg", "edges": [["A", "D"], ["B", "D"], ["D", "E"], ["C", "E"]], "root_params": "A ~ N(20,20) B ~ N(20,20) C ~ N(15,15)", "experiment": 109, "not_root_params": "D   ~   N ( 2 A + 3 B , 3 . 8 1 2 5 )   E   ~   N ( 3 C + 3 D , 3 . 8 1 2 5 )", "sample_size": 456, "means": {"A": 20, "B": 20, "C": 15, "D": 100, "E": 345}, "disc_method": "EV", "bins": 5, "target_column": null, "CPT_method": "Bayes", "time_disc": 0.07452984992414713, "time_cnf": 12.855214343871921, "time_VE": 0.0020429142750799656, "time_BP": 0.006878592073917389, "RMSE": 7.649746024892613, "WRMSE": 7.661167274039552, "MAE": 6.162446714228281, "PE": 0.3765896040010336, "exact_EV": 345, "disc_EV": 343.70076586619643, "Wass_scaled": 0.3943644252876234, "Wass_multi": 9.19886884522253, "time_wass": 0.19696471188217402}