{
	"nodecount" : 4566,
	"peaknodes" : 4715,
	"total_load_time" : 0.492351,
	"build_time" : 0.470817,
	"wmc_time" : 0.00648499
}
