{"distribution": "lg", "edges": [["A", "D"], ["B", "D"], ["D", "E"], ["C", "E"]], "root_params": "A ~ N(20,20) B ~ N(20,20) C ~ N(15,15)", "experiment": 109, "not_root_params": "D   ~   N ( 2 A + 3 B , 3 . 8 1 2 5 )   E   ~   N ( 3 C + 3 D , 3 . 8 1 2 5 )", "sample_size": 456, "means": {"A": 20, "B": 20, "C": 15, "D": 100, "E": 345}, "disc_method": "EB", "bins": 30, "target_column": null, "CPT_method": "Bayes", "time_disc": 0.09252526983618736, "time_cnf": 3.9944042451679707, "time_VE": 0.004362524952739477, "time_BP": 0.013504636008292437, "RMSE": 34.06949625691776, "WRMSE": 21.445624399144176, "MAE": 29.081457113442, "PE": 3.0236226799778034, "exact_EV": 345, "disc_EV": 334.5685017540766, "Wass_scaled": 0.02199769578928206, "Wass_multi": 2.020148020143927, "time_wass": 0.13784471480175853}