{
	"nodecount" : 1162,
	"peaknodes" : 1162,
	"total_load_time" : 0.794982,
	"build_time" : 0.750105,
	"wmc_time" : 0.00310206,
	"wmc_value" : 1,
	"bn_to_cnf_time" : 0.0238454
}
