{"distribution": "lg", "edges": [["A", "D"], ["B", "D"], ["D", "E"], ["C", "E"]], "root_params": "A ~ N(20,20) B ~ N(20,20) C ~ N(15,15)", "experiment": 109, "not_root_params": "D   ~   N ( 2 A + 3 B , 3 . 8 1 2 5 )   E   ~   N ( 3 C + 3 D , 3 . 8 1 2 5 )", "sample_size": 456, "means": {"A": 20, "B": 20, "C": 15, "D": 100, "E": 345}, "disc_method": "EB", "bins": 25, "target_column": null, "CPT_method": "Bayes", "time_disc": 0.0897566331550479, "time_cnf": 1.7212282619439065, "time_VE": 0.002634527161717415, "time_BP": 0.012804022990167141, "RMSE": 34.882126680652405, "WRMSE": 22.6628901888713, "MAE": 29.529316826347213, "PE": 3.869039027548656, "exact_EV": 345, "disc_EV": 331.65181535495714, "Wass_scaled": 0.02851539025423997, "Wass_multi": 2.396306392351059, "time_wass": 0.26298109209164977}