{"distribution": "lg", "edges": [["A", "D"], ["B", "D"], ["D", "E"], ["C", "E"]], "root_params": "A ~ N(20,20) B ~ N(20,20) C ~ N(15,15)", "experiment": 109, "not_root_params": "D   ~   N ( 2 A + 3 B , 3 . 8 1 2 5 )   E   ~   N ( 3 C + 3 D , 3 . 8 1 2 5 )", "sample_size": 456, "means": {"A": 20, "B": 20, "C": 15, "D": 100, "E": 345}, "disc_method": "MDLP", "bins": 2, "target_column": "E", "CPT_method": "Bayes", "time_disc": 0.3917979999969248, "time_cnf": 0.034710500010987744, "time_VE": 0.0019006000075023621, "time_BP": 0.012372199998935685, "RMSE": 19.266967238528327, "WRMSE": 14.653192291875753, "MAE": 16.304476684393933, "PE": 0.901575313690596, "exact_EV": 345, "disc_EV": 341.88956516776744, "Wass_scaled": 0.35762217257998086, "Wass_multi": 3.8719389143123397, "time_wass": 0.12476379999134224}