{"distribution": "lg", "edges": [["A", "D"], ["B", "D"], ["D", "E"], ["C", "E"]], "root_params": "A ~ N(20,20) B ~ N(20,20) C ~ N(15,15)", "experiment": 109, "not_root_params": "D   ~   N ( 2 A + 3 B , 3 . 8 1 2 5 )   E   ~   N ( 3 C + 3 D , 3 . 8 1 2 5 )", "sample_size": 456, "means": {"A": 20, "B": 20, "C": 15, "D": 100, "E": 345}, "disc_method": "EB", "bins": 12, "target_column": null, "CPT_method": "Bayes", "time_disc": 0.10364827373996377, "time_cnf": 1.6354594132862985, "time_VE": 0.004736189264804125, "time_BP": 0.008943659253418446, "RMSE": 32.7379809380228, "WRMSE": 19.360864997921308, "MAE": 27.667460349602468, "PE": 2.746875241957531, "exact_EV": 345, "disc_EV": 335.5232804152465, "Wass_scaled": 0.062440910187688735, "Wass_multi": 4.947761859386219, "time_wass": 0.22524032881483436}