{"distribution": "lg", "edges": [["A", "D"], ["B", "D"], ["D", "E"], ["C", "E"]], "root_params": "A ~ N(20,20) B ~ N(20,20) C ~ N(15,15)", "experiment": 109, "not_root_params": "D   ~   N ( 2 A + 3 B , 3 . 8 1 2 5 )   E   ~   N ( 3 C + 3 D , 3 . 8 1 2 5 )", "sample_size": 456, "means": {"A": 20, "B": 20, "C": 15, "D": 100, "E": 345}, "disc_method": "EV", "bins": 12, "target_column": null, "CPT_method": "Bayes", "time_disc": 0.1041339999937918, "time_cnf": 0.05236109999532346, "time_VE": 0.001581599994096905, "time_BP": 0.012652399993385188, "RMSE": 17.098813484703307, "WRMSE": 17.098813484703307, "MAE": 13.787510234040937, "PE": 0.3522323027154135, "exact_EV": 345, "disc_EV": 343.7847985556318, "Wass_scaled": 0.2241919958820388, "Wass_multi": 4.5888229001864715, "time_wass": 0.13510819998919033}