{"distribution": "lg", "edges": [["A", "D"], ["B", "D"], ["D", "E"], ["C", "E"]], "root_params": "A ~ N(20,20) B ~ N(20,20) C ~ N(15,15)", "experiment": 109, "not_root_params": "D   ~   N ( 2 A + 3 B , 3 . 8 1 2 5 )   E   ~   N ( 3 C + 3 D , 3 . 8 1 2 5 )", "sample_size": 456, "means": {"A": 20, "B": 20, "C": 15, "D": 100, "E": 345}, "disc_method": "EV", "bins": 25, "target_column": null, "CPT_method": "Bayes", "time_disc": 0.09820789331570268, "time_cnf": 2.4465231192298234, "time_VE": 0.0021976223215460777, "time_BP": 0.015656734816730022, "RMSE": 17.911491945684137, "WRMSE": 18.007319679502306, "MAE": 14.325379803803951, "PE": 0.3369869286507475, "exact_EV": 345, "disc_EV": 343.8373950961549, "Wass_scaled": 0.1512775668435718, "Wass_multi": 2.480068864397537, "time_wass": 0.17196667194366455}