{
	"nodecount" : 14181,
	"peaknodes" : 15642,
	"total_load_time" : 1.41037,
	"build_time" : 1.30772,
	"wmc_time" : 0.00621009
}
