{
	"nodecount" : 5560,
	"peaknodes" : 5560,
	"total_load_time" : 0.286389,
	"build_time" : 0.268771,
	"wmc_time" : 0.00378084
}
