{
	"nodecount" : 5560,
	"peaknodes" : 5560,
	"total_load_time" : 0.466278,
	"build_time" : 0.439061,
	"wmc_time" : 0.00784802,
	"wmc_value" : 1,
	"bn_to_cnf_time" : 0.0116484
}
