{"distribution": "lg", "edges": [["A", "D"], ["B", "D"], ["D", "E"], ["C", "E"]], "root_params": "A ~ N(20,20) B ~ N(20,20) C ~ N(15,15)", "experiment": 109, "not_root_params": "D   ~   N ( 2 A + 3 B , 3 . 8 1 2 5 )   E   ~   N ( 3 C + 3 D , 3 . 8 1 2 5 )", "sample_size": 456, "means": {"A": 20, "B": 20, "C": 15, "D": 100, "E": 345}, "disc_method": "EV", "bins": 20, "target_column": null, "CPT_method": "Bayes", "time_disc": 0.09658749999653082, "time_cnf": 0.2228968999988865, "time_VE": 0.0015223999944282696, "time_BP": 0.018286999998963438, "RMSE": 17.88991762702363, "WRMSE": 17.934036231703207, "MAE": 14.314201365360603, "PE": 0.3355848138978771, "exact_EV": 345, "disc_EV": 343.8422323920523, "Wass_scaled": 0.16779517313943715, "Wass_multi": 2.9755262972063203, "time_wass": 0.15092480000748765}