{"distribution": "lg", "edges": [["A", "D"], ["B", "D"], ["D", "E"], ["C", "E"]], "root_params": "A ~ N(20,20) B ~ N(20,20) C ~ N(15,15)", "experiment": 109, "not_root_params": "D   ~   N ( 2 A + 3 B , 3 . 8 1 2 5 )   E   ~   N ( 3 C + 3 D , 3 . 8 1 2 5 )", "sample_size": 456, "means": {"A": 20, "B": 20, "C": 15, "D": 100, "E": 345}, "disc_method": "EB", "bins": 10, "target_column": null, "CPT_method": "Bayes", "time_disc": 0.0993021000031149, "time_cnf": 0.03271070000482723, "time_VE": 0.001448399998480454, "time_BP": 0.012136899997130968, "RMSE": 32.054053795467055, "WRMSE": 17.910945081755663, "MAE": 26.770175854566965, "PE": 2.4030873271658657, "exact_EV": 345, "disc_EV": 336.70934872127776, "Wass_scaled": 0.07364959347034358, "Wass_multi": 6.392134430364617, "time_wass": 0.1481999999959953}