{"distribution": "lg", "edges": [["A", "D"], ["B", "D"], ["D", "E"], ["C", "E"]], "root_params": "A ~ N(20,20) B ~ N(20,20) C ~ N(15,15)", "experiment": 109, "not_root_params": "D   ~   N ( 2 A + 3 B , 3 . 8 1 2 5 )   E   ~   N ( 3 C + 3 D , 3 . 8 1 2 5 )", "sample_size": 456, "means": {"A": 20, "B": 20, "C": 15, "D": 100, "E": 345}, "disc_method": "EB", "bins": 20, "target_column": null, "CPT_method": "Bayes", "time_disc": 0.09468209999613464, "time_cnf": 0.2214213999977801, "time_VE": 0.002189400009228848, "time_BP": 0.008504199999151751, "RMSE": 34.895860161915216, "WRMSE": 21.93668397369006, "MAE": 29.51873094228414, "PE": 3.5935239474094383, "exact_EV": 345, "disc_EV": 332.60234238143744, "Wass_scaled": 0.03694363877467427, "Wass_multi": 3.009466124662071, "time_wass": 0.1243458999961149}