{
	"nodecount" : 18827,
	"peaknodes" : 21794,
	"total_load_time" : 3.69637,
	"build_time" : 3.50478,
	"wmc_time" : 0.00511885,
	"wmc_value" : 1,
	"bn_to_cnf_time" : 0.1114
}
