{"distribution": "lg", "edges": [["A", "D"], ["B", "D"], ["D", "E"], ["C", "E"]], "root_params": "A ~ N(20,20) B ~ N(20,20) C ~ N(15,15)", "experiment": 109, "not_root_params": "D   ~   N ( 2 A + 3 B , 3 . 8 1 2 5 )   E   ~   N ( 3 C + 3 D , 3 . 8 1 2 5 )", "sample_size": 456, "means": {"A": 20, "B": 20, "C": 15, "D": 100, "E": 345}, "disc_method": "EB", "bins": 17, "target_column": null, "CPT_method": "Bayes", "time_disc": 0.09762938413769007, "time_cnf": 0.34619789430871606, "time_VE": 0.002545599825680256, "time_BP": 0.010418045800179243, "RMSE": 34.84785760518758, "WRMSE": 21.69552415535192, "MAE": 29.345744546615677, "PE": 3.5931084816481413, "exact_EV": 345, "disc_EV": 332.6037757383139, "Wass_scaled": 0.04461098677391486, "Wass_multi": 3.5100265461424187, "time_wass": 0.18164088297635317}