{
	"nodecount" : 1162,
	"peaknodes" : 1162,
	"total_load_time" : 0.448761,
	"build_time" : 0.408747,
	"wmc_time" : 0.00237703
}
