{
	"nodecount" : 20817,
	"peaknodes" : 23164,
	"total_load_time" : 4.27297,
	"build_time" : 3.97148,
	"wmc_time" : 0.00881696
}
