{"distribution": "lg", "edges": [["A", "D"], ["B", "D"], ["D", "E"], ["C", "E"]], "root_params": "A ~ N(20,20) B ~ N(20,20) C ~ N(15,15)", "experiment": 101, "not_root_params": "D   ~   N ( 2 A + 3 B , 1 . 0 )   E   ~   N ( 3 C + 3 D , 1 . 0 )", "sample_size": 100, "means": {"A": 20, "B": 20, "C": 15, "D": 100, "E": 345}, "disc_method": "EB", "bins": 20, "target_column": null, "CPT_method": "Bayespriors", "time_disc": 0.10702509339898825, "time_cnf": 0.5987876229919493, "time_VE": 0.001323122065514326, "time_BP": 0.0059639690443873405, "RMSE": 7.120137619549515, "WRMSE": 4.72976368568172, "MAE": 5.99592597516345, "PE": 0.10126286737932536, "exact_EV": 345, "disc_EV": 344.6506431075413, "Wass_scaled": 0.032308954901668484, "Wass_multi": 0.6810160666661408, "time_wass": 0.013309882022440434}