{
	"nodecount" : 2654,
	"peaknodes" : 3911,
	"total_load_time" : 2.66714,
	"build_time" : 2.28458,
	"wmc_time" : 0.00203609
}
