{
	"nodecount" : 1904,
	"peaknodes" : 4114,
	"total_load_time" : 3.58752,
	"build_time" : 3.03485,
	"wmc_time" : 0.00171614
}
