{
	"nodecount" : 2352,
	"peaknodes" : 4481,
	"total_load_time" : 5.16907,
	"build_time" : 4.30663,
	"wmc_time" : 0.00188994
}
