{
	"nodecount" : 2043,
	"peaknodes" : 3609,
	"total_load_time" : 1.80116,
	"build_time" : 1.41614,
	"wmc_time" : 0.00182986
}
