{
	"nodecount" : 2334,
	"peaknodes" : 2842,
	"total_load_time" : 1.05922,
	"build_time" : 0.886248,
	"wmc_time" : 0.00203609
}
