{"distribution": "lg", "edges": [["A", "D"], ["B", "D"], ["D", "E"], ["C", "E"]], "root_params": "A ~ N(20,20) B ~ N(20,20) C ~ N(15,15)", "experiment": 101, "not_root_params": "D   ~   N ( 2 A + 3 B , 1 . 0 )   E   ~   N ( 3 C + 3 D , 1 . 0 )", "sample_size": 100, "means": {"A": 20, "B": 20, "C": 15, "D": 100, "E": 345}, "disc_method": "EV", "bins": 10, "target_column": null, "CPT_method": "Bayespriors", "time_disc": 0.1604561999993166, "time_cnf": 0.033253700006753206, "time_VE": 0.0015826000017113984, "time_BP": 0.0054056999942986295, "RMSE": 2.7259103764651234, "WRMSE": 2.7259103764651234, "MAE": 2.0376239368245477, "PE": 0.19906961928496536, "exact_EV": 345, "disc_EV": 344.31320981346687, "Wass_scaled": 0.22395300629162798, "Wass_multi": 1.600811634750807, "time_wass": 0.012532599997939542}