{
	"nodecount" : 1727,
	"peaknodes" : 2283,
	"total_load_time" : 1.04671,
	"build_time" : 0.992094,
	"wmc_time" : 0.00308895,
	"wmc_value" : 1,
	"bn_to_cnf_time" : 0.0361109
}
