{"distribution": "lg", "edges": [["A", "D"], ["B", "D"], ["D", "E"], ["C", "E"]], "root_params": "A ~ N(20,20) B ~ N(20,20) C ~ N(15,15)", "experiment": 101, "not_root_params": "D   ~   N ( 2 A + 3 B , 1 . 0 )   E   ~   N ( 3 C + 3 D , 1 . 0 )", "sample_size": 100, "means": {"A": 20, "B": 20, "C": 15, "D": 100, "E": 345}, "disc_method": "EV", "bins": 17, "target_column": null, "CPT_method": "Bayespriors", "time_disc": 0.10395316313952208, "time_cnf": 0.2941155140288174, "time_VE": 0.001324659213423729, "time_BP": 0.0057870736345648766, "RMSE": 4.565162521137744, "WRMSE": 4.603282873885949, "MAE": 3.5300192836046884, "PE": 0.026388758732672206, "exact_EV": 345, "disc_EV": 344.9089587823723, "Wass_scaled": 0.15450291877792344, "Wass_multi": 1.0609041720551422, "time_wass": 0.014071099925786257}