{
	"nodecount" : 1764,
	"peaknodes" : 2623,
	"total_load_time" : 1.59517,
	"build_time" : 1.50419,
	"wmc_time" : 0.00302887,
	"wmc_value" : 1,
	"bn_to_cnf_time" : 0.0574839
}
