{"distribution": "lg", "edges": [["A", "D"], ["B", "D"], ["D", "E"], ["C", "E"]], "root_params": "A ~ N(20,20) B ~ N(20,20) C ~ N(15,15)", "experiment": 101, "not_root_params": "D   ~   N ( 2 A + 3 B , 1 . 0 )   E   ~   N ( 3 C + 3 D , 1 . 0 )", "sample_size": 100, "means": {"A": 20, "B": 20, "C": 15, "D": 100, "E": 345}, "disc_method": "EB", "bins": 14, "target_column": null, "CPT_method": "Bayespriors", "time_disc": 0.1520773999945959, "time_cnf": 0.07305420000921004, "time_VE": 0.0027212999993935227, "time_BP": 0.009660499999881722, "RMSE": 6.861068912766489, "WRMSE": 4.370696380467228, "MAE": 5.508959478268957, "PE": 0.0036919028354657425, "exact_EV": 345, "disc_EV": 344.98726293521764, "Wass_scaled": 0.044463387670351164, "Wass_multi": 1.0396705928857255, "time_wass": 0.023307399998884648}