{"distribution": "lg", "edges": [["A", "D"], ["B", "D"], ["D", "E"], ["C", "E"]], "root_params": "A ~ N(20,20) B ~ N(20,20) C ~ N(15,15)", "experiment": 101, "not_root_params": "D   ~   N ( 2 A + 3 B , 1 . 0 )   E   ~   N ( 3 C + 3 D , 1 . 0 )", "sample_size": 100, "means": {"A": 20, "B": 20, "C": 15, "D": 100, "E": 345}, "disc_method": "EV", "bins": 8, "target_column": null, "CPT_method": "Bayespriors", "time_disc": 0.16220640001120046, "time_cnf": 0.019516700005624443, "time_VE": 0.0020798000041395426, "time_BP": 0.006616099999519065, "RMSE": 2.2430567653976996, "WRMSE": 2.2675530103810932, "MAE": 1.8586668594438152, "PE": 0.1168842085429906, "exact_EV": 345, "disc_EV": 344.5967494805267, "Wass_scaled": 0.26899525075010255, "Wass_multi": 2.0152378960759196, "time_wass": 0.027297100008581765}