{
	"nodecount" : 760,
	"peaknodes" : 819,
	"total_load_time" : 0.0939898,
	"build_time" : 0.0833161,
	"wmc_time" : 0.0024991,
	"wmc_value" : 1,
	"bn_to_cnf_time" : 0.00286651
}
