{
	"nodecount" : 1860,
	"peaknodes" : 2549,
	"total_load_time" : 0.548073,
	"build_time" : 0.48097,
	"wmc_time" : 0.00185323
}
