{"distribution": "lg", "edges": [["A", "D"], ["B", "D"], ["D", "E"], ["C", "E"]], "root_params": "A ~ N(20,20) B ~ N(20,20) C ~ N(15,15)", "experiment": 101, "not_root_params": "D   ~   N ( 2 A + 3 B , 1 . 0 )   E   ~   N ( 3 C + 3 D , 1 . 0 )", "sample_size": 100, "means": {"A": 20, "B": 20, "C": 15, "D": 100, "E": 345}, "disc_method": "EV", "bins": 20, "target_column": null, "CPT_method": "Bayespriors", "time_disc": 0.15441800000553485, "time_cnf": 0.22542970000358764, "time_VE": 0.002405100007308647, "time_BP": 0.008706399996299297, "RMSE": 4.835681700117974, "WRMSE": 4.835681700117974, "MAE": 3.7305841905298336, "PE": 0.05929075772430053, "exact_EV": 345, "disc_EV": 344.79544688585116, "Wass_scaled": 0.13064457659319162, "Wass_multi": 0.8587363451419411, "time_wass": 0.013781600006041117}