{"distribution": "lg", "edges": [["A", "D"], ["B", "D"], ["D", "E"], ["C", "E"]], "root_params": "A ~ N(20,20) B ~ N(20,20) C ~ N(15,15)", "experiment": 101, "not_root_params": "D   ~   N ( 2 A + 3 B , 1 . 0 )   E   ~   N ( 3 C + 3 D , 1 . 0 )", "sample_size": 100, "means": {"A": 20, "B": 20, "C": 15, "D": 100, "E": 345}, "disc_method": "EB", "bins": 8, "target_column": null, "CPT_method": "Bayespriors", "time_disc": 0.09364007599651814, "time_cnf": 0.14906555926427245, "time_VE": 0.0011946875602006912, "time_BP": 0.004830830730497837, "RMSE": 5.555492549983651, "WRMSE": 2.7713813455023444, "MAE": 3.447231649410277, "PE": 0.09669190737256123, "exact_EV": 345, "disc_EV": 344.66641291956466, "Wass_scaled": 0.10601077728268761, "Wass_multi": 1.9488799812706181, "time_wass": 0.014468646608293056}