{
	"nodecount" : 1247,
	"peaknodes" : 1436,
	"total_load_time" : 0.21078,
	"build_time" : 0.118825,
	"wmc_time" : 0.00169802
}
