{
	"nodecount" : 1061,
	"peaknodes" : 1240,
	"total_load_time" : 0.222133,
	"build_time" : 0.113544,
	"wmc_time" : 0.000905037
}
