{
	"nodecount" : 1860,
	"peaknodes" : 2549,
	"total_load_time" : 1.05192,
	"build_time" : 0.995902,
	"wmc_time" : 0.00319409,
	"wmc_value" : 1,
	"bn_to_cnf_time" : 0.038341
}
