{"distribution": "lg", "edges": [["A", "D"], ["B", "D"], ["D", "E"], ["C", "E"]], "root_params": "A ~ N(20,20) B ~ N(20,20) C ~ N(15,15)", "experiment": 101, "not_root_params": "D   ~   N ( 2 A + 3 B , 1 . 0 )   E   ~   N ( 3 C + 3 D , 1 . 0 )", "sample_size": 100, "means": {"A": 20, "B": 20, "C": 15, "D": 100, "E": 345}, "disc_method": "EV", "bins": 25, "target_column": null, "CPT_method": "Bayespriors", "time_disc": 0.17062210000585765, "time_cnf": 0.5025410000089323, "time_VE": 0.001727399998344481, "time_BP": 0.011567199995624833, "RMSE": 4.969482757638321, "WRMSE": 4.969482757638321, "MAE": 3.841067931386033, "PE": 0.04149002061124691, "exact_EV": 345, "disc_EV": 344.8568594288912, "Wass_scaled": 0.10318616893500845, "Wass_multi": 0.6797108181961815, "time_wass": 0.012592200000653975}