{
	"nodecount" : 1764,
	"peaknodes" : 2623,
	"total_load_time" : 0.78164,
	"build_time" : 0.674759,
	"wmc_time" : 0.00186205
}
