{"distribution": "lg", "edges": [["A", "D"], ["B", "D"], ["D", "E"], ["C", "E"]], "root_params": "A ~ N(20,20) B ~ N(20,20) C ~ N(15,15)", "experiment": 101, "not_root_params": "D   ~   N ( 2 A + 3 B , 1 . 0 )   E   ~   N ( 3 C + 3 D , 1 . 0 )", "sample_size": 100, "means": {"A": 20, "B": 20, "C": 15, "D": 100, "E": 345}, "disc_method": "EB", "bins": 25, "target_column": null, "CPT_method": "Bayespriors", "time_disc": 0.11677900701761246, "time_cnf": 1.8574020881205797, "time_VE": 0.0028945161029696465, "time_BP": 0.00678163580596447, "RMSE": 6.806798193464835, "WRMSE": 4.920372731166664, "MAE": 5.70128183489731, "PE": 0.06334577456911668, "exact_EV": 345, "disc_EV": 345.21854292226345, "Wass_scaled": 0.026451817126060706, "Wass_multi": 0.5009551712892566, "time_wass": 0.012675534002482891}