{
	"nodecount" : 1862,
	"peaknodes" : 3784,
	"total_load_time" : 4.42224,
	"build_time" : 4.09589,
	"wmc_time" : 0.00325298,
	"wmc_value" : 1,
	"bn_to_cnf_time" : 0.176174
}
