{"distribution": "lg", "edges": [["A", "D"], ["B", "D"], ["D", "E"], ["C", "E"]], "root_params": "A ~ N(20,20) B ~ N(20,20) C ~ N(15,15)", "experiment": 101, "not_root_params": "D   ~   N ( 2 A + 3 B , 1 . 0 )   E   ~   N ( 3 C + 3 D , 1 . 0 )", "sample_size": 100, "means": {"A": 20, "B": 20, "C": 15, "D": 100, "E": 345}, "disc_method": "EV", "bins": 25, "target_column": null, "CPT_method": "Bayespriors", "time_disc": 0.11776891024783254, "time_cnf": 3.687483011279255, "time_VE": 0.0015169652178883553, "time_BP": 0.008248198311775923, "RMSE": 4.969482757638343, "WRMSE": 4.969482757638343, "MAE": 3.8410679313860485, "PE": 0.04149002061124691, "exact_EV": 345, "disc_EV": 344.8568594288912, "Wass_scaled": 0.10318616893500845, "Wass_multi": 0.6797108181961815, "time_wass": 0.014349122997373343}