{"distribution": "lg", "edges": [["A", "D"], ["B", "D"], ["D", "E"], ["C", "E"]], "root_params": "A ~ N(20,20) B ~ N(20,20) C ~ N(15,15)", "experiment": 101, "not_root_params": "D   ~   N ( 2 A + 3 B , 1 . 0 )   E   ~   N ( 3 C + 3 D , 1 . 0 )", "sample_size": 100, "means": {"A": 20, "B": 20, "C": 15, "D": 100, "E": 345}, "disc_method": "EV", "bins": 30, "target_column": null, "CPT_method": "Bayespriors", "time_disc": 0.17817769999965094, "time_cnf": 0.8117483999958495, "time_VE": 0.0020625999895855784, "time_BP": 0.021776499997940846, "RMSE": 4.894620617482696, "WRMSE": 5.009963186998515, "MAE": 3.785983057441854, "PE": 0.05580041453586289, "exact_EV": 345, "disc_EV": 344.8074885698513, "Wass_scaled": 0.1020856879809588, "Wass_multi": 0.579038560009656, "time_wass": 0.013741399990976788}