{
	"nodecount" : 1802,
	"peaknodes" : 2269,
	"total_load_time" : 0.416158,
	"build_time" : 0.317554,
	"wmc_time" : 0.0010159
}
