{"distribution": "lg", "edges": [["A", "D"], ["B", "D"], ["D", "E"], ["C", "E"]], "root_params": "A ~ N(20,20) B ~ N(20,20) C ~ N(15,15)", "experiment": 101, "not_root_params": "D   ~   N ( 2 A + 3 B , 1 . 0 )   E   ~   N ( 3 C + 3 D , 1 . 0 )", "sample_size": 100, "means": {"A": 20, "B": 20, "C": 15, "D": 100, "E": 345}, "disc_method": "EB", "bins": 30, "target_column": null, "CPT_method": "Bayespriors", "time_disc": 0.17688410000118893, "time_cnf": 0.4254901999956928, "time_VE": 0.0020178999984636903, "time_BP": 0.010664799992810003, "RMSE": 7.099196921651984, "WRMSE": 4.98601403786404, "MAE": 5.9769332249477385, "PE": 0.07687353455546567, "exact_EV": 345, "disc_EV": 344.73478630578364, "Wass_scaled": 0.021250678033524678, "Wass_multi": 0.43610523448765315, "time_wass": 0.013167000011890195}