{"distribution": "lg", "edges": [["A", "D"], ["B", "D"], ["D", "E"], ["C", "E"]], "root_params": "A ~ N(20,20) B ~ N(20,20) C ~ N(15,15)", "experiment": 101, "not_root_params": "D   ~   N ( 2 A + 3 B , 1 . 0 )   E   ~   N ( 3 C + 3 D , 1 . 0 )", "sample_size": 100, "means": {"A": 20, "B": 20, "C": 15, "D": 100, "E": 345}, "disc_method": "EV", "bins": 5, "target_column": null, "CPT_method": "Bayespriors", "time_disc": 0.14305339999555144, "time_cnf": 0.01062159999855794, "time_VE": 0.003034500012290664, "time_BP": 0.005289199994876981, "RMSE": 0.8875406662136761, "WRMSE": 0.8875406662136761, "MAE": 0.7445230092375936, "PE": 0.003910680376557007, "exact_EV": 345, "disc_EV": 345.0134918472991, "Wass_scaled": 0.37382523022371184, "Wass_multi": 2.847231935651826, "time_wass": 0.01888469999539666}