{
	"nodecount" : 19883,
	"peaknodes" : 20184,
	"total_load_time" : 0.868457,
	"build_time" : 0.822551,
	"wmc_time" : 0.00465608
}
