{"distribution": "lg", "edges": [["A", "D"], ["B", "D"], ["D", "E"], ["C", "E"]], "root_params": "A ~ N(20,20) B ~ N(20,20) C ~ N(15,15)", "experiment": 121, "not_root_params": "D   ~   N ( 2 A + 3 B , 1 . 8 4 3 7 5 )   E   ~   N ( 3 C + 3 D , 1 . 8 4 3 7 5 )", "sample_size": 991, "means": {"A": 20, "B": 20, "C": 15, "D": 100, "E": 345}, "disc_method": "EV", "bins": 5, "target_column": null, "CPT_method": "Bayes", "time_disc": 0.09402260000933893, "time_cnf": 0.008062299995799549, "time_VE": 0.0021831000049132854, "time_BP": 0.005674500003806315, "RMSE": 1.7103573805503605, "WRMSE": 1.7108678181739985, "MAE": 1.3361292634174446, "PE": 0.006779628395311127, "exact_EV": 345, "disc_EV": 344.9766102820362, "Wass_scaled": 0.41464839075536236, "Wass_multi": 2.9733292318517655, "time_wass": 0.5564561000064714}