{"distribution": "lg", "edges": [["A", "D"], ["B", "D"], ["D", "E"], ["C", "E"]], "root_params": "A ~ N(20,20) B ~ N(20,20) C ~ N(15,15)", "experiment": 121, "not_root_params": "D   ~   N ( 2 A + 3 B , 1 . 8 4 3 7 5 )   E   ~   N ( 3 C + 3 D , 1 . 8 4 3 7 5 )", "sample_size": 991, "means": {"A": 20, "B": 20, "C": 15, "D": 100, "E": 345}, "disc_method": "EV", "bins": 8, "target_column": null, "CPT_method": "Bayes", "time_disc": 0.14265130000421777, "time_cnf": 0.029608299999381416, "time_VE": 0.0022644000127911568, "time_BP": 0.0156787999876542, "RMSE": 3.464893604249492, "WRMSE": 3.466583807894761, "MAE": 2.837735380396616, "PE": 0.01441960990784234, "exact_EV": 345, "disc_EV": 344.95025234581794, "Wass_scaled": 0.3123915209382005, "Wass_multi": 2.0036727175089997, "time_wass": 0.6021564999973634}