{"distribution": "lg", "edges": [["A", "D"], ["B", "D"], ["D", "E"], ["C", "E"]], "root_params": "A ~ N(20,20) B ~ N(20,20) C ~ N(15,15)", "experiment": 121, "not_root_params": "D   ~   N ( 2 A + 3 B , 1 . 8 4 3 7 5 )   E   ~   N ( 3 C + 3 D , 1 . 8 4 3 7 5 )", "sample_size": 991, "means": {"A": 20, "B": 20, "C": 15, "D": 100, "E": 345}, "disc_method": "EV", "bins": 20, "target_column": null, "CPT_method": "Bayes", "time_disc": 0.09604709999985062, "time_cnf": 0.2406382999906782, "time_VE": 0.0015205999952740967, "time_BP": 0.008644499990623444, "RMSE": 5.844272795867006, "WRMSE": 5.854037061591294, "MAE": 4.681112551885559, "PE": 0.003201410478582609, "exact_EV": 345, "disc_EV": 344.9889551338489, "Wass_scaled": 0.1924373181105293, "Wass_multi": 0.9486537618441732, "time_wass": 0.5553379999910248}