{"distribution": "lg", "edges": [["A", "D"], ["B", "D"], ["D", "E"], ["C", "E"]], "root_params": "A ~ N(20,20) B ~ N(20,20) C ~ N(15,15)", "experiment": 121, "not_root_params": "D   ~   N ( 2 A + 3 B , 1 . 8 4 3 7 5 )   E   ~   N ( 3 C + 3 D , 1 . 8 4 3 7 5 )", "sample_size": 991, "means": {"A": 20, "B": 20, "C": 15, "D": 100, "E": 345}, "disc_method": "EB", "bins": 8, "target_column": null, "CPT_method": "Bayes", "time_disc": 0.10704060000716709, "time_cnf": 0.018610099999932572, "time_VE": 0.001403400005074218, "time_BP": 0.008458299998892471, "RMSE": 8.244149813185432, "WRMSE": 3.9410042189664254, "MAE": 6.58373260165493, "PE": 0.20200584202250643, "exact_EV": 345, "disc_EV": 345.69692015497765, "Wass_scaled": 0.10365764901302889, "Wass_multi": 2.481701763581161, "time_wass": 0.5312713000021176}