{"distribution": "lg", "edges": [["A", "D"], ["B", "D"], ["D", "E"], ["C", "E"]], "root_params": "A ~ N(20,20) B ~ N(20,20) C ~ N(15,15)", "experiment": 121, "not_root_params": "D   ~   N ( 2 A + 3 B , 1 . 8 4 3 7 5 )   E   ~   N ( 3 C + 3 D , 1 . 8 4 3 7 5 )", "sample_size": 991, "means": {"A": 20, "B": 20, "C": 15, "D": 100, "E": 345}, "disc_method": "EB", "bins": 12, "target_column": null, "CPT_method": "Bayes", "time_disc": 0.10851059999549761, "time_cnf": 0.054425099995569326, "time_VE": 0.002372599992668256, "time_BP": 0.006018300002324395, "RMSE": 9.833362684649654, "WRMSE": 5.180487361244898, "MAE": 8.164066397710664, "PE": 0.35454388592685077, "exact_EV": 345, "disc_EV": 346.22317640644764, "Wass_scaled": 0.06268327478510471, "Wass_multi": 1.7336360958010046, "time_wass": 0.5301793000107864}