{
	"nodecount" : 44900,
	"peaknodes" : 48967,
	"total_load_time" : 2.87498,
	"build_time" : 2.63152,
	"wmc_time" : 0.0103009
}
