{"distribution": "lg", "edges": [["A", "D"], ["B", "D"], ["D", "E"], ["C", "E"]], "root_params": "A ~ N(20,20) B ~ N(20,20) C ~ N(15,15)", "experiment": 121, "not_root_params": "D   ~   N ( 2 A + 3 B , 1 . 8 4 3 7 5 )   E   ~   N ( 3 C + 3 D , 1 . 8 4 3 7 5 )", "sample_size": 991, "means": {"A": 20, "B": 20, "C": 15, "D": 100, "E": 345}, "disc_method": "EV", "bins": 14, "target_column": null, "CPT_method": "Bayes", "time_disc": 0.09976690000621602, "time_cnf": 0.0809200000076089, "time_VE": 0.00211719999788329, "time_BP": 0.013382199991610833, "RMSE": 5.512373189873778, "WRMSE": 5.5182072299748075, "MAE": 4.428530475700301, "PE": 0.0020435024951775235, "exact_EV": 345, "disc_EV": 344.99294991639164, "Wass_scaled": 0.2298511537981102, "Wass_multi": 1.2397050151049174, "time_wass": 0.5652951999945799}