{
	"nodecount" : 13061,
	"peaknodes" : 13061,
	"total_load_time" : 0.581142,
	"build_time" : 0.554274,
	"wmc_time" : 0.00430393
}
