{
	"nodecount" : 54485,
	"peaknodes" : 61062,
	"total_load_time" : 9.99867,
	"build_time" : 8.87862,
	"wmc_time" : 0.0103309,
	"wmc_value" : 1,
	"bn_to_cnf_time" : 0.659208
}
