{"distribution": "lg", "edges": [["A", "D"], ["B", "D"], ["D", "E"], ["C", "E"]], "root_params": "A ~ N(20,20) B ~ N(20,20) C ~ N(15,15)", "experiment": 121, "not_root_params": "D   ~   N ( 2 A + 3 B , 1 . 8 4 3 7 5 )   E   ~   N ( 3 C + 3 D , 1 . 8 4 3 7 5 )", "sample_size": 991, "means": {"A": 20, "B": 20, "C": 15, "D": 100, "E": 345}, "disc_method": "EV", "bins": 25, "target_column": null, "CPT_method": "Bayes", "time_disc": 0.07513193693011999, "time_cnf": 3.00267617078498, "time_VE": 0.0014952518977224827, "time_BP": 0.008408127818256617, "RMSE": 5.902651794089357, "WRMSE": 5.912821444899141, "MAE": 4.718465978613758, "PE": 0.004295089407981362, "exact_EV": 345, "disc_EV": 344.98518194154246, "Wass_scaled": 0.17117244169239146, "Wass_multi": 0.7599798032072839, "time_wass": 0.43852660804986954}