{
	"nodecount" : 26783,
	"peaknodes" : 27098,
	"total_load_time" : 2.21651,
	"build_time" : 2.12276,
	"wmc_time" : 0.00697112,
	"wmc_value" : 1,
	"bn_to_cnf_time" : 0.0620313
}
