{"distribution": "lg", "edges": [["A", "D"], ["B", "D"], ["D", "E"], ["C", "E"]], "root_params": "A ~ N(20,20) B ~ N(20,20) C ~ N(15,15)", "experiment": 121, "not_root_params": "D   ~   N ( 2 A + 3 B , 1 . 8 4 3 7 5 )   E   ~   N ( 3 C + 3 D , 1 . 8 4 3 7 5 )", "sample_size": 991, "means": {"A": 20, "B": 20, "C": 15, "D": 100, "E": 345}, "disc_method": "EB", "bins": 10, "target_column": null, "CPT_method": "Bayes", "time_disc": 0.0685458779335022, "time_cnf": 0.3981864149682224, "time_VE": 0.0012618801556527615, "time_BP": 0.0053588892333209515, "RMSE": 9.33194008564168, "WRMSE": 4.648923212069716, "MAE": 7.607971024866998, "PE": 0.282173542801795, "exact_EV": 345, "disc_EV": 345.9734987226662, "Wass_scaled": 0.084226379023022, "Wass_multi": 2.0701260130748276, "time_wass": 0.428924314212054}