{
	"nodecount" : 51767,
	"peaknodes" : 57565,
	"total_load_time" : 4.0185,
	"build_time" : 3.52823,
	"wmc_time" : 0.00920796
}
