{"distribution": "lg", "edges": [["A", "D"], ["B", "D"], ["D", "E"], ["C", "E"]], "root_params": "A ~ N(20,20) B ~ N(20,20) C ~ N(15,15)", "experiment": 121, "not_root_params": "D   ~   N ( 2 A + 3 B , 1 . 8 4 3 7 5 )   E   ~   N ( 3 C + 3 D , 1 . 8 4 3 7 5 )", "sample_size": 991, "means": {"A": 20, "B": 20, "C": 15, "D": 100, "E": 345}, "disc_method": "EV", "bins": 12, "target_column": null, "CPT_method": "Bayes", "time_disc": 0.10026649999781512, "time_cnf": 0.05207170000358019, "time_VE": 0.0021891000069445, "time_BP": 0.0059194000059505925, "RMSE": 5.154800070004882, "WRMSE": 5.1611769359153925, "MAE": 4.154135702929892, "PE": 0.005326254301303708, "exact_EV": 345, "disc_EV": 344.9816244226605, "Wass_scaled": 0.2509185193880287, "Wass_multi": 1.4190323197562107, "time_wass": 0.5831803000037326}