{
	"nodecount" : 44900,
	"peaknodes" : 48967,
	"total_load_time" : 5.03445,
	"build_time" : 4.69817,
	"wmc_time" : 0.00887012,
	"wmc_value" : 1,
	"bn_to_cnf_time" : 0.186605
}
