{
	"nodecount" : 6256,
	"peaknodes" : 6256,
	"total_load_time" : 0.213843,
	"build_time" : 0.201005,
	"wmc_time" : 0.00304914
}
