{
	"nodecount" : 48499,
	"peaknodes" : 51965,
	"total_load_time" : 3.89619,
	"build_time" : 3.42428,
	"wmc_time" : 0.0102909
}
