{"distribution": "lg", "edges": [["A", "D"], ["B", "D"], ["D", "E"], ["C", "E"]], "root_params": "A ~ N(20,20) B ~ N(20,20) C ~ N(15,15)", "experiment": 121, "not_root_params": "D   ~   N ( 2 A + 3 B , 1 . 8 4 3 7 5 )   E   ~   N ( 3 C + 3 D , 1 . 8 4 3 7 5 )", "sample_size": 991, "means": {"A": 20, "B": 20, "C": 15, "D": 100, "E": 345}, "disc_method": "MDLP", "bins": 2, "target_column": "E", "CPT_method": "Bayes", "time_disc": 0.746530199990957, "time_cnf": 0.04537710000295192, "time_VE": 0.003796299992245622, "time_BP": 0.005540099999052472, "RMSE": 5.085038928190614, "WRMSE": 4.326464341928815, "MAE": 4.3507539413107565, "PE": 0.06364698511468805, "exact_EV": 345, "disc_EV": 344.7804179013543, "Wass_scaled": 0.30794990642435305, "Wass_multi": 0.8448995206571434, "time_wass": 0.5279819999996107}