{"distribution": "lg", "edges": [["A", "D"], ["B", "D"], ["D", "E"], ["C", "E"]], "root_params": "A ~ N(20,20) B ~ N(20,20) C ~ N(15,15)", "experiment": 121, "not_root_params": "D   ~   N ( 2 A + 3 B , 1 . 8 4 3 7 5 )   E   ~   N ( 3 C + 3 D , 1 . 8 4 3 7 5 )", "sample_size": 991, "means": {"A": 20, "B": 20, "C": 15, "D": 100, "E": 345}, "disc_method": "EB", "bins": 17, "target_column": null, "CPT_method": "Bayes", "time_disc": 0.07113099796697497, "time_cnf": 0.29681159602478147, "time_VE": 0.001328782644122839, "time_BP": 0.006034462247043848, "RMSE": 10.748636126372809, "WRMSE": 6.083548338143271, "MAE": 9.084231271545283, "PE": 0.5919734514845683, "exact_EV": 345, "disc_EV": 347.04230840762176, "Wass_scaled": 0.043213246176638076, "Wass_multi": 1.1969934496058918, "time_wass": 0.4159053508192301}