{
	"nodecount" : 48499,
	"peaknodes" : 51965,
	"total_load_time" : 7.33927,
	"build_time" : 6.71463,
	"wmc_time" : 0.01245,
	"wmc_value" : 1,
	"bn_to_cnf_time" : 0.324787
}
