{
	"nodecount" : 59271,
	"peaknodes" : 64872,
	"total_load_time" : 6.73728,
	"build_time" : 5.87698,
	"wmc_time" : 0.0150199
}
