{
	"nodecount" : 18992,
	"peaknodes" : 20018,
	"total_load_time" : 1.07703,
	"build_time" : 1.00549,
	"wmc_time" : 0.00551081
}
