{
	"nodecount" : 14222,
	"peaknodes" : 14942,
	"total_load_time" : 0.768452,
	"build_time" : 0.7237,
	"wmc_time" : 0.00491405
}
