{
	"nodecount" : 28602,
	"peaknodes" : 30358,
	"total_load_time" : 2.02488,
	"build_time" : 1.87529,
	"wmc_time" : 0.00718498
}
