{"distribution": "lg", "edges": [["A", "D"], ["B", "D"], ["D", "E"], ["C", "E"]], "root_params": "A ~ N(20,20) B ~ N(20,20) C ~ N(15,15)", "experiment": 121, "not_root_params": "D   ~   N ( 2 A + 3 B , 1 . 8 4 3 7 5 )   E   ~   N ( 3 C + 3 D , 1 . 8 4 3 7 5 )", "sample_size": 991, "means": {"A": 20, "B": 20, "C": 15, "D": 100, "E": 345}, "disc_method": "EB", "bins": 20, "target_column": null, "CPT_method": "Bayes", "time_disc": 0.09761749999597669, "time_cnf": 0.22020760001032613, "time_VE": 0.0025689000030979514, "time_BP": 0.017379599987179972, "RMSE": 10.801696202067234, "WRMSE": 6.274785449614259, "MAE": 9.235190348264078, "PE": 0.6029095217433968, "exact_EV": 345, "disc_EV": 347.0800378500147, "Wass_scaled": 0.036587263460527195, "Wass_multi": 1.0278567345220255, "time_wass": 0.5074497000023257}