{"distribution": "nm", "edges": [["X", "Y"]], "root_params": ["X ~ B(0.8)"], "experiment": 2, "not_root_params": "P(Y|X) ~ N(21,10) if X = 0.0 and P(Y|X) ~ N(25,1) if X = 1.0", "sample_size": 500, "means": 21.8, "disc_method": "EV", "bins": 25, "target_column": null, "CPT_method": "MLE", "time_disc": 0.02087551634758711, "time_cnf": 0.03593902662396431, "time_VE": 0.0012494768016040325, "time_BP": 0.003576188813894987, "RMSE": 0.008306761705598771, "WRMSE": 0.0060640199394664295, "MAE": 0.007272366460098212, "PE": 9.628908546004249, "exact_EV": 21.8, "disc_EV": 23.899102063028927, "Wass_scaled": 0.13581910686128232, "Wass_multi": 0.3948007019513252, "time_wass": 0.08355096029117703}