{"distribution": "nm", "edges": [["X", "Y"]], "root_params": ["X ~ B(0.8)"], "experiment": 2, "not_root_params": "P(Y|X) ~ N(21,10) if X = 0.0 and P(Y|X) ~ N(25,1) if X = 1.0", "sample_size": 500, "means": 21.8, "disc_method": "EV", "bins": 5, "target_column": null, "CPT_method": "MLE", "time_disc": 0.022720518056303263, "time_cnf": 0.2216015881858766, "time_VE": 0.0012171058915555477, "time_BP": 0.0033413958735764027, "RMSE": 0.3719359767348012, "WRMSE": 0.27151701939437933, "MAE": 0.32562083978953105, "PE": 9.628908546004249, "exact_EV": 21.8, "disc_EV": 23.899102063028927, "Wass_scaled": 0.2600645665992978, "Wass_multi": 1.4261313030450586, "time_wass": 0.07641612086445093}