{"distribution": "nm", "edges": [["X", "Y"]], "root_params": ["X ~ B(0.8)"], "experiment": 2, "not_root_params": "P(Y|X) ~ N(21,10) if X = 0.0 and P(Y|X) ~ N(25,1) if X = 1.0", "sample_size": 500, "means": 21.8, "disc_method": "EV", "bins": 14, "target_column": null, "CPT_method": "MLE", "time_disc": 0.015276319347321987, "time_cnf": 0.3059324990026653, "time_VE": 0.0010097669437527657, "time_BP": 0.002763217780739069, "RMSE": 0.1411924503865414, "WRMSE": 0.10307191475934321, "MAE": 0.12361053284067935, "PE": 9.628908546004265, "exact_EV": 21.8, "disc_EV": 23.89910206302893, "Wass_scaled": 0.18318418079121682, "Wass_multi": 0.6741164569444633, "time_wass": 0.06823385693132877}