{
	"nodecount" : 51,
	"peaknodes" : 53,
	"total_load_time" : 0.01493,
	"build_time" : 0.0121429,
	"wmc_time" : 0.000637054
}
