{"distribution": "nm", "edges": [["X", "Y"]], "root_params": ["X ~ B(0.8)"], "experiment": 2, "not_root_params": "P(Y|X) ~ N(21,10) if X = 0.0 and P(Y|X) ~ N(25,1) if X = 1.0", "sample_size": 500, "means": 21.8, "disc_method": "EB", "bins": 20, "target_column": null, "CPT_method": "MLE", "time_disc": 0.01567007414996624, "time_cnf": 0.003456655889749527, "time_VE": 0.0010976591147482395, "time_BP": 0.0033060451969504356, "RMSE": 0.005547176567430592, "WRMSE": 0.004049494918092574, "MAE": 0.004856417247411926, "PE": 9.628908546004265, "exact_EV": 21.8, "disc_EV": 23.89910206302893, "Wass_scaled": 0.01297716260676883, "Wass_multi": 0.47661356160640284, "time_wass": 0.0779391280375421}