{"distribution": "nm", "edges": [["X", "Y"]], "root_params": ["X ~ B(0.8)"], "experiment": 2, "not_root_params": "P(Y|X) ~ N(21,10) if X = 0.0 and P(Y|X) ~ N(25,1) if X = 1.0", "sample_size": 500, "means": 21.8, "disc_method": "EB", "bins": 17, "target_column": null, "CPT_method": "MLE", "time_disc": 0.018474299926310778, "time_cnf": 0.08491627871990204, "time_VE": 0.0012565720826387405, "time_BP": 0.0032353433780372143, "RMSE": 0.029576406631968682, "WRMSE": 0.02159107554909525, "MAE": 0.025893419749293045, "PE": 9.628908546004283, "exact_EV": 21.8, "disc_EV": 23.899102063028934, "Wass_scaled": 0.013197517662665439, "Wass_multi": 0.5034715306181369, "time_wass": 0.07533751614391804}