{
	"nodecount" : 29,
	"peaknodes" : 29,
	"total_load_time" : 0.0377641,
	"build_time" : 0.00547791,
	"wmc_time" : 0.000371933
}
