{
	"nodecount" : 55,
	"peaknodes" : 55,
	"total_load_time" : 0.012172,
	"build_time" : 0.00982594,
	"wmc_time" : 0.000512123
}
