{
	"nodecount" : 34,
	"peaknodes" : 34,
	"total_load_time" : 0.00735617,
	"build_time" : 0.00510001,
	"wmc_time" : 0.000272036
}
