{
	"nodecount" : 62,
	"peaknodes" : 64,
	"total_load_time" : 0.014081,
	"build_time" : 0.0111289,
	"wmc_time" : 0.000503778
}
