{"distribution": "nm", "edges": [["X", "Y"]], "root_params": ["X ~ B(0.8)"], "experiment": 2, "not_root_params": "P(Y|X) ~ N(21,10) if X = 0.0 and P(Y|X) ~ N(25,1) if X = 1.0", "sample_size": 500, "means": 21.8, "disc_method": "EB", "bins": 25, "target_column": null, "CPT_method": "MLE", "time_disc": 0.016252937261015177, "time_cnf": 0.536663712002337, "time_VE": 0.001059155911207199, "time_BP": 0.002775551751255989, "RMSE": 0.021158920037423257, "WRMSE": 0.015446225322433681, "MAE": 0.018524116360321585, "PE": 9.628908546004283, "exact_EV": 21.8, "disc_EV": 23.899102063028934, "Wass_scaled": 0.010953121627988333, "Wass_multi": 0.362893824367738, "time_wass": 0.068636619951576}