{"distribution": "lg", "edges": [["A", "D"], ["B", "D"], ["D", "E"], ["C", "E"]], "root_params": "A ~ N(20,20) B ~ N(20,20) C ~ N(15,15)", "experiment": 118, "not_root_params": "D   ~   N ( 2 A + 3 B , 9 . 7 1 8 7 5 )   E   ~   N ( 3 C + 3 D , 9 . 7 1 8 7 5 )", "sample_size": 1228, "means": {"A": 20, "B": 20, "C": 15, "D": 100, "E": 345}, "disc_method": "EV", "bins": 20, "target_column": null, "CPT_method": "Bayespriors", "time_disc": 0.17697459999180865, "time_cnf": 0.22748210000281688, "time_VE": 0.0019121999939670786, "time_BP": 0.00779619999229908, "RMSE": 7.440049529413498, "WRMSE": 7.4454771238459125, "MAE": 5.781897770072644, "PE": 0.04378964108270892, "exact_EV": 345, "disc_EV": 344.84892573826465, "Wass_scaled": 0.17847319156577082, "Wass_multi": 7.666042483392048, "time_wass": 0.7661322000058135}