{"distribution": "lg", "edges": [["A", "D"], ["B", "D"], ["D", "E"], ["C", "E"]], "root_params": "A ~ N(20,20) B ~ N(20,20) C ~ N(15,15)", "experiment": 118, "not_root_params": "D   ~   N ( 2 A + 3 B , 9 . 7 1 8 7 5 )   E   ~   N ( 3 C + 3 D , 9 . 7 1 8 7 5 )", "sample_size": 1228, "means": {"A": 20, "B": 20, "C": 15, "D": 100, "E": 345}, "disc_method": "EB", "bins": 30, "target_column": null, "CPT_method": "Bayespriors", "time_disc": 0.18699390000256244, "time_cnf": 0.8076523000054294, "time_VE": 0.0020141999993938953, "time_BP": 0.014941599991288967, "RMSE": 73.44839656919143, "WRMSE": 27.355597940882678, "MAE": 53.81086342938349, "PE": 0.46783999703505463, "exact_EV": 345, "disc_EV": 346.61404798977094, "Wass_scaled": 0.025603901612434508, "Wass_multi": 5.45284844712455, "time_wass": 0.6482627999939723}