{"distribution": "lg", "edges": [["A", "D"], ["B", "D"], ["D", "E"], ["C", "E"]], "root_params": "A ~ N(20,20) B ~ N(20,20) C ~ N(15,15)", "experiment": 118, "not_root_params": "D   ~   N ( 2 A + 3 B , 9 . 7 1 8 7 5 )   E   ~   N ( 3 C + 3 D , 9 . 7 1 8 7 5 )", "sample_size": 1228, "means": {"A": 20, "B": 20, "C": 15, "D": 100, "E": 345}, "disc_method": "EV", "bins": 30, "target_column": null, "CPT_method": "Bayespriors", "time_disc": 0.12615452986210585, "time_cnf": 9.29456766974181, "time_VE": 0.0016231858171522617, "time_BP": 0.010634017176926136, "RMSE": 24.499029550957335, "WRMSE": 24.514580464714104, "MAE": 19.550315791782957, "PE": 0.25971602720181947, "exact_EV": 345, "disc_EV": 344.1039797061537, "Wass_scaled": 0.14318019426456358, "Wass_multi": 5.449813913831468, "time_wass": 0.5727365827187896}