{
	"nodecount" : 14470,
	"peaknodes" : 15050,
	"total_load_time" : 1.12032,
	"build_time" : 0.964951,
	"wmc_time" : 0.00491405
}
