{
	"nodecount" : 29784,
	"peaknodes" : 31731,
	"total_load_time" : 4.88248,
	"build_time" : 4.55216,
	"wmc_time" : 0.00821114,
	"wmc_value" : 1,
	"bn_to_cnf_time" : 0.170624
}
