{
	"nodecount" : 1187,
	"peaknodes" : 1230,
	"total_load_time" : 0.107905,
	"build_time" : 0.0954621,
	"wmc_time" : 0.00280595,
	"wmc_value" : 1,
	"bn_to_cnf_time" : 0.0042634
}
