{"distribution": "lg", "edges": [["A", "D"], ["B", "D"], ["D", "E"], ["C", "E"]], "root_params": "A ~ N(20,20) B ~ N(20,20) C ~ N(15,15)", "experiment": 118, "not_root_params": "D   ~   N ( 2 A + 3 B , 9 . 7 1 8 7 5 )   E   ~   N ( 3 C + 3 D , 9 . 7 1 8 7 5 )", "sample_size": 1228, "means": {"A": 20, "B": 20, "C": 15, "D": 100, "E": 345}, "disc_method": "EV", "bins": 25, "target_column": null, "CPT_method": "Bayespriors", "time_disc": 0.1745985000015935, "time_cnf": 0.499260199998389, "time_VE": 0.0016384000045945868, "time_BP": 0.010351500008255243, "RMSE": 13.4560433052794, "WRMSE": 13.470237548457508, "MAE": 10.333123388323775, "PE": 0.03498999254707483, "exact_EV": 345, "disc_EV": 344.8792845257126, "Wass_scaled": 0.15879883898514516, "Wass_multi": 6.347236451898771, "time_wass": 0.7377083999890601}