{
	"nodecount" : 38634,
	"peaknodes" : 39960,
	"total_load_time" : 3.88975,
	"build_time" : 3.70279,
	"wmc_time" : 0.00840211,
	"wmc_value" : 1,
	"bn_to_cnf_time" : 0.108877
}
