{"distribution": "lg", "edges": [["A", "D"], ["B", "D"], ["D", "E"], ["C", "E"]], "root_params": "A ~ N(20,20) B ~ N(20,20) C ~ N(15,15)", "experiment": 118, "not_root_params": "D   ~   N ( 2 A + 3 B , 9 . 7 1 8 7 5 )   E   ~   N ( 3 C + 3 D , 9 . 7 1 8 7 5 )", "sample_size": 1228, "means": {"A": 20, "B": 20, "C": 15, "D": 100, "E": 345}, "disc_method": "EB", "bins": 17, "target_column": null, "CPT_method": "Bayespriors", "time_disc": 0.15826509999169502, "time_cnf": 0.14044689999718685, "time_VE": 0.002006100010476075, "time_BP": 0.006505599987576716, "RMSE": 53.68276668051139, "WRMSE": 15.996220556666165, "MAE": 33.715787201762275, "PE": 0.07158057513694088, "exact_EV": 345, "disc_EV": 344.75304701577755, "Wass_scaled": 0.04550363387224827, "Wass_multi": 9.584440902937331, "time_wass": 0.7036053000047104}