{
	"nodecount" : 29784,
	"peaknodes" : 31731,
	"total_load_time" : 2.64072,
	"build_time" : 2.33133,
	"wmc_time" : 0.00715399
}
