{
	"nodecount" : 43178,
	"peaknodes" : 45324,
	"total_load_time" : 6.94014,
	"build_time" : 6.30619,
	"wmc_time" : 0.0103011,
	"wmc_value" : 1,
	"bn_to_cnf_time" : 0.324538
}
