{
	"nodecount" : 11121,
	"peaknodes" : 11138,
	"total_load_time" : 0.605958,
	"build_time" : 0.518496,
	"wmc_time" : 0.00384092
}
