{
	"nodecount" : 3530,
	"peaknodes" : 3530,
	"total_load_time" : 0.24487,
	"build_time" : 0.157929,
	"wmc_time" : 0.00151801
}
