{"distribution": "lg", "edges": [["A", "D"], ["B", "D"], ["D", "E"], ["C", "E"]], "root_params": "A ~ N(20,20) B ~ N(20,20) C ~ N(15,15)", "experiment": 118, "not_root_params": "D   ~   N ( 2 A + 3 B , 9 . 7 1 8 7 5 )   E   ~   N ( 3 C + 3 D , 9 . 7 1 8 7 5 )", "sample_size": 1228, "means": {"A": 20, "B": 20, "C": 15, "D": 100, "E": 345}, "disc_method": "EB", "bins": 5, "target_column": null, "CPT_method": "Bayespriors", "time_disc": 0.09606084320694208, "time_cnf": 0.13902486395090818, "time_VE": 0.0011735232546925545, "time_BP": 0.004727772902697325, "RMSE": 17.59622258605525, "WRMSE": 9.286145414521478, "MAE": 12.82436565543794, "PE": 0.024858882581110516, "exact_EV": 345, "disc_EV": 344.91423685509517, "Wass_scaled": 0.1727185718469599, "Wass_multi": 30.79372763479385, "time_wass": 0.5480864318087697}