{"distribution": "lg", "edges": [["A", "D"], ["B", "D"], ["D", "E"], ["C", "E"]], "root_params": "A ~ N(20,20) B ~ N(20,20) C ~ N(15,15)", "experiment": 118, "not_root_params": "D   ~   N ( 2 A + 3 B , 9 . 7 1 8 7 5 )   E   ~   N ( 3 C + 3 D , 9 . 7 1 8 7 5 )", "sample_size": 1228, "means": {"A": 20, "B": 20, "C": 15, "D": 100, "E": 345}, "disc_method": "EV", "bins": 25, "target_column": null, "CPT_method": "Bayespriors", "time_disc": 0.1164569272659719, "time_cnf": 3.67708873283118, "time_VE": 0.0017317268066108227, "time_BP": 0.008333910722285509, "RMSE": 13.456043305279401, "WRMSE": 13.47023754845751, "MAE": 10.333123388323775, "PE": 0.03498999254707483, "exact_EV": 345, "disc_EV": 344.8792845257126, "Wass_scaled": 0.15879883898514516, "Wass_multi": 6.347236451898771, "time_wass": 0.5773270218633115}