{
	"nodecount" : 7066,
	"peaknodes" : 7384,
	"total_load_time" : 0.552702,
	"build_time" : 0.444017,
	"wmc_time" : 0.00312805
}
