{
	"nodecount" : 38634,
	"peaknodes" : 39960,
	"total_load_time" : 2.21569,
	"build_time" : 1.97648,
	"wmc_time" : 0.00768495
}
