{
	"nodecount" : 1480,
	"peaknodes" : 1548,
	"total_load_time" : 0.146474,
	"build_time" : 0.0619161,
	"wmc_time" : 0.00190592
}
