{"distribution": "lg", "edges": [["A", "D"], ["B", "D"], ["D", "E"], ["C", "E"]], "root_params": "A ~ N(20,20) B ~ N(20,20) C ~ N(15,15)", "experiment": 118, "not_root_params": "D   ~   N ( 2 A + 3 B , 9 . 7 1 8 7 5 )   E   ~   N ( 3 C + 3 D , 9 . 7 1 8 7 5 )", "sample_size": 1228, "means": {"A": 20, "B": 20, "C": 15, "D": 100, "E": 345}, "disc_method": "EV", "bins": 14, "target_column": null, "CPT_method": "Bayespriors", "time_disc": 0.09831254789605737, "time_cnf": 0.35032051894813776, "time_VE": 0.0012782113626599312, "time_BP": 0.005342151969671249, "RMSE": 4.030027487587218, "WRMSE": 4.0353699294716945, "MAE": 3.138943057779705, "PE": 0.04828633230843387, "exact_EV": 345, "disc_EV": 345.1665878464641, "Wass_scaled": 0.21595342467214823, "Wass_multi": 10.793689869312884, "time_wass": 0.5855124122463167}