{
	"nodecount" : 50608,
	"peaknodes" : 54844,
	"total_load_time" : 6.48517,
	"build_time" : 5.51763,
	"wmc_time" : 0.0131879
}
