{
	"nodecount" : 10517,
	"peaknodes" : 11002,
	"total_load_time" : 0.791777,
	"build_time" : 0.670155,
	"wmc_time" : 0.00395012
}
