{"distribution": "lg", "edges": [["A", "D"], ["B", "D"], ["D", "E"], ["C", "E"]], "root_params": "A ~ N(20,20) B ~ N(20,20) C ~ N(15,15)", "experiment": 118, "not_root_params": "D   ~   N ( 2 A + 3 B , 9 . 7 1 8 7 5 )   E   ~   N ( 3 C + 3 D , 9 . 7 1 8 7 5 )", "sample_size": 1228, "means": {"A": 20, "B": 20, "C": 15, "D": 100, "E": 345}, "disc_method": "EB", "bins": 14, "target_column": null, "CPT_method": "Bayespriors", "time_disc": 0.09863223927095532, "time_cnf": 0.35421393904834986, "time_VE": 0.0012367600575089455, "time_BP": 0.005327885039150715, "RMSE": 36.08989920670282, "WRMSE": 12.098615613615262, "MAE": 23.53548722907141, "PE": 0.1886604881921015, "exact_EV": 345, "disc_EV": 345.65087868426275, "Wass_scaled": 0.05681076056653016, "Wass_multi": 12.105881641373696, "time_wass": 0.544732061214745}