{
	"nodecount" : 49923,
	"peaknodes" : 58184,
	"total_load_time" : 5.78971,
	"build_time" : 4.87131,
	"wmc_time" : 0.00939107
}
