{"distribution": "lg", "edges": [["A", "D"], ["B", "D"], ["D", "E"], ["C", "E"]], "root_params": "A ~ N(20,20) B ~ N(20,20) C ~ N(15,15)", "experiment": 118, "not_root_params": "D   ~   N ( 2 A + 3 B , 9 . 7 1 8 7 5 )   E   ~   N ( 3 C + 3 D , 9 . 7 1 8 7 5 )", "sample_size": 1228, "means": {"A": 20, "B": 20, "C": 15, "D": 100, "E": 345}, "disc_method": "EB", "bins": 20, "target_column": null, "CPT_method": "Bayespriors", "time_disc": 0.10703032929450274, "time_cnf": 1.6003248132765293, "time_VE": 0.0013426439836621284, "time_BP": 0.006697115022689104, "RMSE": 57.558772531044326, "WRMSE": 17.54647527832924, "MAE": 37.192216668953236, "PE": 0.12910312682257374, "exact_EV": 345, "disc_EV": 344.5545942124621, "Wass_scaled": 0.03858372391157904, "Wass_multi": 8.124447124590505, "time_wass": 0.5385055528022349}