{"distribution": "lg", "edges": [["A", "D"], ["B", "D"], ["D", "E"], ["C", "E"]], "root_params": "A ~ N(20,20) B ~ N(20,20) C ~ N(15,15)", "experiment": 118, "not_root_params": "D   ~   N ( 2 A + 3 B , 9 . 7 1 8 7 5 )   E   ~   N ( 3 C + 3 D , 9 . 7 1 8 7 5 )", "sample_size": 1228, "means": {"A": 20, "B": 20, "C": 15, "D": 100, "E": 345}, "disc_method": "EV", "bins": 5, "target_column": null, "CPT_method": "Bayespriors", "time_disc": 0.09307199716567993, "time_cnf": 0.2058392339386046, "time_VE": 0.0011644219048321247, "time_BP": 0.0047051263973116875, "RMSE": 7.932171989120048, "WRMSE": 7.937909373199607, "MAE": 5.750438473268639, "PE": 0.08978936144525294, "exact_EV": 345, "disc_EV": 345.3097732969861, "Wass_scaled": 0.4025856656005772, "Wass_multi": 26.307608755397677, "time_wass": 0.5874273213557899}