{
	"nodecount" : 1187,
	"peaknodes" : 1230,
	"total_load_time" : 0.11088,
	"build_time" : 0.0557249,
	"wmc_time" : 0.00171709
}
