{"distribution": "lg", "edges": [["A", "D"], ["B", "D"], ["D", "E"], ["C", "E"]], "root_params": "A ~ N(20,20) B ~ N(20,20) C ~ N(15,15)", "experiment": 118, "not_root_params": "D   ~   N ( 2 A + 3 B , 9 . 7 1 8 7 5 )   E   ~   N ( 3 C + 3 D , 9 . 7 1 8 7 5 )", "sample_size": 1228, "means": {"A": 20, "B": 20, "C": 15, "D": 100, "E": 345}, "disc_method": "EV", "bins": 8, "target_column": null, "CPT_method": "Bayespriors", "time_disc": 0.09560845280066133, "time_cnf": 0.2842294629663229, "time_VE": 0.0011659939773380756, "time_BP": 0.0047850580886006355, "RMSE": 4.980133642959389, "WRMSE": 4.98565370213804, "MAE": 4.064352070082826, "PE": 0.01085755513967329, "exact_EV": 345, "disc_EV": 344.9625414347681, "Wass_scaled": 0.298213354110698, "Wass_multi": 17.598568637970015, "time_wass": 0.600185674149543}