{"distribution": "lg", "edges": [["A", "D"], ["B", "D"], ["D", "E"], ["C", "E"]], "root_params": "A ~ N(20,20) B ~ N(20,20) C ~ N(15,15)", "experiment": 118, "not_root_params": "D   ~   N ( 2 A + 3 B , 9 . 7 1 8 7 5 )   E   ~   N ( 3 C + 3 D , 9 . 7 1 8 7 5 )", "sample_size": 1228, "means": {"A": 20, "B": 20, "C": 15, "D": 100, "E": 345}, "disc_method": "EB", "bins": 12, "target_column": null, "CPT_method": "Bayespriors", "time_disc": 0.1712559000006877, "time_cnf": 0.051414500005193986, "time_VE": 0.002496200002497062, "time_BP": 0.005931599996984005, "RMSE": 32.74289964694637, "WRMSE": 11.121515495420935, "MAE": 21.667007610619553, "PE": 0.11427469699684031, "exact_EV": 345, "disc_EV": 345.3942477046391, "Wass_scaled": 0.06521617052145869, "Wass_multi": 13.479839134578611, "time_wass": 0.7294911999924807}