{"distribution": "lg", "edges": [["A", "D"], ["B", "D"], ["D", "E"], ["C", "E"]], "root_params": "A ~ N(20,20) B ~ N(20,20) C ~ N(15,15)", "experiment": 11, "not_root_params": "D   ~   N ( 2 A + 3 B , 2 )   E   ~   N ( 3 C + 3 D , 2 )", "sample_size": 2000, "means": {"A": 20, "B": 20, "C": 15, "D": 100, "E": 345}, "disc_method": "EB", "bins": 50, "target_column": null, "PE": 0.07062123738612197, "exact_EV": 345, "disc_EV": 345.243815454473, "Wass1D": 2.472128148021076, "Wass_multi": 4.672254068803114, "RMSE": 18.799785223101832, "WRMSE": 7.12262872397698, "MAE": 353.431924434758, "VE_complexity": 414255643.0}