{"distribution": "lg", "edges": [["A", "D"], ["B", "D"], ["D", "E"], ["C", "E"]], "root_params": "A ~ N(20,20) B ~ N(20,20) C ~ N(15,15)", "experiment": 11, "not_root_params": "D   ~   N ( 2 A + 3 B , 2 )   E   ~   N ( 3 C + 3 D , 2 )", "sample_size": 2000, "means": {"A": 20, "B": 20, "C": 15, "D": 100, "E": 345}, "disc_method": "EB", "bins": 14, "target_column": null, "CPT_method": "Bayespriors", "time_disc": 0.16780380001000594, "time_cnf": 0.0776250000053551, "time_VE": 0.002025200010393746, "time_BP": 0.014566300000296906, "RMSE": 9.366975377897804, "WRMSE": 1.767014744115721, "MAE": 4.827244690133869, "PE": 0.009840335210059413, "exact_EV": 345, "disc_EV": 345.0339491564747, "Wass_scaled": 0.0569140596318052, "Wass_multi": 3.339164413785221, "time_wass": 1.640747099998407}