{
	"nodecount" : 86740,
	"peaknodes" : 92768,
	"total_load_time" : 7.28834,
	"build_time" : 6.65374,
	"wmc_time" : 0.0152161,
	"wmc_value" : 1,
	"bn_to_cnf_time" : 0.418793
}
