{
	"nodecount" : 14105,
	"peaknodes" : 14871,
	"total_load_time" : 1.94743,
	"build_time" : 1.86268,
	"wmc_time" : 0.00568986,
	"wmc_value" : 1,
	"bn_to_cnf_time" : 0.0586429
}
