{"distribution": "lg", "edges": [["A", "D"], ["B", "D"], ["D", "E"], ["C", "E"]], "root_params": "A ~ N(20,20) B ~ N(20,20) C ~ N(15,15)", "experiment": 11, "not_root_params": "D   ~   N ( 2 A + 3 B , 2 )   E   ~   N ( 3 C + 3 D , 2 )", "sample_size": 2000, "means": {"A": 20, "B": 20, "C": 15, "D": 100, "E": 345}, "disc_method": "EV", "bins": 50, "target_column": null, "PE": 0.017871641746761115, "exact_EV": 345, "disc_EV": 345.06166818514345, "Wass1D": 0.9929897657126037, "Wass_multi": 4.530933845514938, "RMSE": 8.113550314166963, "WRMSE": 8.113550314166963, "MAE": 65.82969870051883, "VE_complexity": 631500049.0}