{"distribution": "lg", "edges": [["A", "D"], ["B", "D"], ["D", "E"], ["C", "E"]], "root_params": "A ~ N(20,20) B ~ N(20,20) C ~ N(15,15)", "experiment": 11, "not_root_params": "D   ~   N ( 2 A + 3 B , 2 )   E   ~   N ( 3 C + 3 D , 2 )", "sample_size": 2000, "means": {"A": 20, "B": 20, "C": 15, "D": 100, "E": 345}, "disc_method": "EV", "bins": 14, "target_column": null, "CPT_method": "Bayespriors", "time_disc": 0.16534569999203086, "time_cnf": 0.07859520000056364, "time_VE": 0.001738799997838214, "time_BP": 0.006250399994314648, "RMSE": 0.8409951371057964, "WRMSE": 0.8412237522182487, "MAE": 0.643721212244604, "PE": 0.00771834568897999, "exact_EV": 345, "disc_EV": 345.026628292627, "Wass_scaled": 0.2514080957958734, "Wass_multi": 2.5242910272273598, "time_wass": 1.718738299998222}