{
	"nodecount" : 1214,
	"peaknodes" : 1286,
	"total_load_time" : 0.156132,
	"build_time" : 0.0574749,
	"wmc_time" : 0.00174308
}
