{"distribution": "lg", "edges": [["A", "D"], ["B", "D"], ["D", "E"], ["C", "E"]], "root_params": "A ~ N(20,20) B ~ N(20,20) C ~ N(15,15)", "experiment": 11, "not_root_params": "D   ~   N ( 2 A + 3 B , 2 )   E   ~   N ( 3 C + 3 D , 2 )", "sample_size": 2000, "means": {"A": 20, "B": 20, "C": 15, "D": 100, "E": 345}, "disc_method": "EV", "bins": 30, "target_column": null, "CPT_method": "Bayespriors", "time_disc": 0.18393220000143629, "time_cnf": 0.824047200003406, "time_VE": 0.0025391999952262267, "time_BP": 0.016957999992882833, "RMSE": 2.3807363796342114, "WRMSE": 2.3828580575378657, "MAE": 1.894388060165151, "PE": 0.03235432441170894, "exact_EV": 345, "disc_EV": 345.1116224192204, "Wass_scaled": 0.17942943131808717, "Wass_multi": 1.3264759361810945, "time_wass": 1.716039599996293}