{"distribution": "lg", "edges": [["A", "D"], ["B", "D"], ["D", "E"], ["C", "E"]], "root_params": "A ~ N(20,20) B ~ N(20,20) C ~ N(15,15)", "experiment": 11, "not_root_params": "D   ~   N ( 2 A + 3 B , 2 )   E   ~   N ( 3 C + 3 D , 2 )", "sample_size": 2000, "means": {"A": 20, "B": 20, "C": 15, "D": 100, "E": 345}, "disc_method": "EV", "bins": 17, "target_column": null, "CPT_method": "Bayespriors", "time_disc": 0.16607900000235531, "time_cnf": 0.14339060000202153, "time_VE": 0.0017490000027464703, "time_BP": 0.00667760000214912, "RMSE": 0.7765423157439243, "WRMSE": 0.7765838870768864, "MAE": 0.5913327961847519, "PE": 0.05734603032117551, "exact_EV": 345, "disc_EV": 345.19784380460806, "Wass_scaled": 0.22923448935209134, "Wass_multi": 2.1285250911919618, "time_wass": 1.710026900007506}