{"distribution": "lg", "edges": [["A", "D"], ["B", "D"], ["D", "E"], ["C", "E"]], "root_params": "A ~ N(20,20) B ~ N(20,20) C ~ N(15,15)", "experiment": 11, "not_root_params": "D   ~   N ( 2 A + 3 B , 2 )   E   ~   N ( 3 C + 3 D , 2 )", "sample_size": 2000, "means": {"A": 20, "B": 20, "C": 15, "D": 100, "E": 345}, "disc_method": "EB", "bins": 8, "target_column": null, "CPT_method": "Bayespriors", "time_disc": 0.09681502776220441, "time_cnf": 0.15801286464557052, "time_VE": 0.0012431563809514046, "time_BP": 0.004894576035439968, "RMSE": 3.666100040142281, "WRMSE": 1.7160293556405661, "MAE": 2.8362594197434134, "PE": 0.03323172873024305, "exact_EV": 345, "disc_EV": 345.11464946411934, "Wass_scaled": 0.09933332173004954, "Wass_multi": 5.699423892272223, "time_wass": 1.1945082158781588}