{
	"nodecount" : 91884,
	"peaknodes" : 102070,
	"total_load_time" : 9.97929,
	"build_time" : 8.84774,
	"wmc_time" : 0.01717,
	"wmc_value" : 1,
	"bn_to_cnf_time" : 0.659393
}
