{
	"nodecount" : 25979,
	"peaknodes" : 26945,
	"total_load_time" : 3.89837,
	"build_time" : 3.72981,
	"wmc_time" : 0.00930691,
	"wmc_value" : 1,
	"bn_to_cnf_time" : 0.111512
}
