{"distribution": "lg", "edges": [["A", "D"], ["B", "D"], ["D", "E"], ["C", "E"]], "root_params": "A ~ N(20,20) B ~ N(20,20) C ~ N(15,15)", "experiment": 11, "not_root_params": "D   ~   N ( 2 A + 3 B , 2 )   E   ~   N ( 3 C + 3 D , 2 )", "sample_size": 2000, "means": {"A": 20, "B": 20, "C": 15, "D": 100, "E": 345}, "disc_method": "EB", "bins": 10, "target_column": null, "CPT_method": "Bayespriors", "time_disc": 0.09784400602802634, "time_cnf": 0.30733939399942756, "time_VE": 0.0012781349942088127, "time_BP": 0.00500161899253726, "RMSE": 9.774753952225023, "WRMSE": 1.7210020277498015, "MAE": 4.766957580812954, "PE": 0.03635438534998038, "exact_EV": 345, "disc_EV": 345.12542262945743, "Wass_scaled": 0.08376719207799312, "Wass_multi": 4.60408601947666, "time_wass": 1.2110164030455053}