{"distribution": "lg", "edges": [["A", "D"], ["B", "D"], ["D", "E"], ["C", "E"]], "root_params": "A ~ N(20,20) B ~ N(20,20) C ~ N(15,15)", "experiment": 11, "not_root_params": "D   ~   N ( 2 A + 3 B , 2 )   E   ~   N ( 3 C + 3 D , 2 )", "sample_size": 2000, "means": {"A": 20, "B": 20, "C": 15, "D": 100, "E": 345}, "disc_method": "EV", "bins": 25, "target_column": null, "CPT_method": "Bayespriors", "time_disc": 0.12069866620004177, "time_cnf": 2.4920162190683186, "time_VE": 0.0018388540484011173, "time_BP": 0.008723839651793242, "RMSE": 1.427363217285061, "WRMSE": 1.427363217285061, "MAE": 1.18185771047667, "PE": 0.011600104417759898, "exact_EV": 345, "disc_EV": 344.9599796397587, "Wass_scaled": 0.19324642391709615, "Wass_multi": 1.5279344186871755, "time_wass": 1.3255961062386632}