{
	"nodecount" : 5855,
	"peaknodes" : 5855,
	"total_load_time" : 0.469158,
	"build_time" : 0.443548,
	"wmc_time" : 0.0112731,
	"wmc_value" : 1,
	"bn_to_cnf_time" : 0.011821
}
