{"distribution": "lg", "edges": [["A", "D"], ["B", "D"], ["D", "E"], ["C", "E"]], "root_params": "A ~ N(20,20) B ~ N(20,20) C ~ N(15,15)", "experiment": 11, "not_root_params": "D   ~   N ( 2 A + 3 B , 2 )   E   ~   N ( 3 C + 3 D , 2 )", "sample_size": 2000, "means": {"A": 20, "B": 20, "C": 15, "D": 100, "E": 345}, "disc_method": "MDLP", "bins": 2, "target_column": "E", "CPT_method": "Bayespriors", "time_disc": 1.4631350999989081, "time_cnf": 0.06904960000247229, "time_VE": 0.0024728999997023493, "time_BP": 0.008011199999600649, "RMSE": 0.9382198841378071, "WRMSE": 0.6317417870282105, "MAE": 0.6845724692175565, "PE": 0.040478688213153764, "exact_EV": 345, "disc_EV": 345.1396514743354, "Wass_scaled": 0.32207376877609956, "Wass_multi": 1.6578939254052476, "time_wass": 1.6091009000083432}