{"distribution": "lg", "edges": [["A", "D"], ["B", "D"], ["D", "E"], ["C", "E"]], "root_params": "A ~ N(20,20) B ~ N(20,20) C ~ N(15,15)", "experiment": 11, "not_root_params": "D   ~   N ( 2 A + 3 B , 2 )   E   ~   N ( 3 C + 3 D , 2 )", "sample_size": 2000, "means": {"A": 20, "B": 20, "C": 15, "D": 100, "E": 345}, "disc_method": "EV", "bins": 5, "target_column": null, "CPT_method": "Bayespriors", "time_disc": 0.0951590440236032, "time_cnf": 0.38991777086630464, "time_VE": 0.0012512090615928173, "time_BP": 0.0048360563814640045, "RMSE": 1.4456858177823388, "WRMSE": 1.4456858177823388, "MAE": 1.0969551945494687, "PE": 0.035639015525248396, "exact_EV": 345, "disc_EV": 345.1229546035621, "Wass_scaled": 0.4394172832215175, "Wass_multi": 6.012120815187769, "time_wass": 1.2637815517373383}