{
	"nodecount" : 86740,
	"peaknodes" : 92768,
	"total_load_time" : 4.29153,
	"build_time" : 3.78771,
	"wmc_time" : 0.0146661
}
