{
	"nodecount" : 51876,
	"peaknodes" : 52322,
	"total_load_time" : 4.15655,
	"build_time" : 3.98964,
	"wmc_time" : 0.0111611,
	"wmc_value" : 1,
	"bn_to_cnf_time" : 0.108591
}
