{
	"nodecount" : 34602,
	"peaknodes" : 36162,
	"total_load_time" : 2.84488,
	"build_time" : 2.40406,
	"wmc_time" : 0.00833702
}
