{"distribution": "lg", "edges": [["A", "D"], ["B", "D"], ["D", "E"], ["C", "E"]], "root_params": "A ~ N(20,20) B ~ N(20,20) C ~ N(15,15)", "experiment": 11, "not_root_params": "D   ~   N ( 2 A + 3 B , 2 )   E   ~   N ( 3 C + 3 D , 2 )", "sample_size": 2000, "means": {"A": 20, "B": 20, "C": 15, "D": 100, "E": 345}, "disc_method": "EB", "bins": 12, "target_column": null, "CPT_method": "Bayespriors", "time_disc": 0.10101391328498721, "time_cnf": 0.35030541801825166, "time_VE": 0.0013116453774273396, "time_BP": 0.005302506033331156, "RMSE": 9.868124356775844, "WRMSE": 1.759265609802084, "MAE": 5.114802778121913, "PE": 0.07678882333129548, "exact_EV": 345, "disc_EV": 345.26492144049297, "Wass_scaled": 0.0679272144473652, "Wass_multi": 3.809681929962926, "time_wass": 1.1903698770329356}