{
	"nodecount" : 12716,
	"peaknodes" : 12749,
	"total_load_time" : 0.640093,
	"build_time" : 0.568635,
	"wmc_time" : 0.0046761
}
