{"distribution": "lg", "edges": [["A", "D"], ["B", "D"], ["D", "E"], ["C", "E"]], "root_params": "A ~ N(20,20) B ~ N(20,20) C ~ N(15,15)", "experiment": 11, "not_root_params": "D   ~   N ( 2 A + 3 B , 2 )   E   ~   N ( 3 C + 3 D , 2 )", "sample_size": 2000, "means": {"A": 20, "B": 20, "C": 15, "D": 100, "E": 345}, "disc_method": "EB", "bins": 30, "target_column": null, "CPT_method": "Bayespriors", "time_disc": 0.1903496000013547, "time_cnf": 0.711956300001475, "time_VE": 0.003235800002585165, "time_BP": 0.012490499997511506, "RMSE": 15.915441241111994, "WRMSE": 4.54171392822102, "MAE": 10.471562677695902, "PE": 0.012351931999319277, "exact_EV": 345, "disc_EV": 345.04261416539765, "Wass_scaled": 0.026236247845179875, "Wass_multi": 1.5522079469796282, "time_wass": 1.4804299999959767}