{"distribution": "lg", "edges": [["A", "D"], ["B", "D"], ["D", "E"], ["C", "E"]], "root_params": "A ~ N(20,20) B ~ N(20,20) C ~ N(15,15)", "experiment": 11, "not_root_params": "D   ~   N ( 2 A + 3 B , 2 )   E   ~   N ( 3 C + 3 D , 2 )", "sample_size": 2000, "means": {"A": 20, "B": 20, "C": 15, "D": 100, "E": 345}, "disc_method": "EV", "bins": 18, "target_column": null, "PE": 0.07012640159006195, "exact_EV": 345, "disc_EV": 344.75823345669136, "Wass1D": 2.1469176640556515, "Wass_multi": 2.7545923972803186, "RMSE": 0.9857618371142997, "WRMSE": 0.9867613804076745, "MAE": 0.971726399510959, "VE_complexity": 3895793.0}