{
	"nodecount" : 3371,
	"peaknodes" : 3438,
	"total_load_time" : 0.230817,
	"build_time" : 0.158957,
	"wmc_time" : 0.00242209
}
