{
	"nodecount" : 67875,
	"peaknodes" : 68678,
	"total_load_time" : 2.91627,
	"build_time" : 2.62617,
	"wmc_time" : 0.012681
}
