{
	"nodecount" : 30645,
	"peaknodes" : 30722,
	"total_load_time" : 1.45565,
	"build_time" : 1.18954,
	"wmc_time" : 0.00756907
}
