{"Z": {"0": 1.126884651098032, "1": 1.3781403667282082, "2": 1.6294327019381776, "3": 1.874230046219918}, "T": {"0": 0.0, "1": 1.0}, "Y": {"0": 4.650442201615125, "1": 5.745524173074659, "2": 6.664845689601086, "3": 7.614844752605791}, "X": {"0": 1.251933110657658, "1": 1.7662730424480029, "2": 2.2689332082954556, "3": 2.7591497016877784}, "D": {"0": 0.7174929710709378, "1": 1.660119168440289, "2": 2.3263359120589593, "3": 3.282118135635703}}