{"Z": {"0": 1.2525125089131202, "1": 1.7518313740790477}, "T": {"0": 0.0, "1": 1.0}, "Y": {"0": 5.197983187344891, "1": 7.139845221103438}, "X": {"0": 1.5091030765528306, "1": 2.514041454991617}, "D": {"0": 1.1888060697556133, "1": 2.8042270238473312}}