{"distribution": "lg", "edges": [["A", "D"], ["B", "D"], ["D", "E"], ["C", "E"]], "root_params": "A ~ N(20,20) B ~ N(20,20) C ~ N(15,15)", "experiment": 103, "not_root_params": "D   ~   N ( 2 A + 3 B , 3 . 2 5 )   E   ~   N ( 3 C + 3 D , 3 . 2 5 )", "sample_size": 1525, "means": {"A": 20, "B": 20, "C": 15, "D": 100, "E": 345}, "disc_method": "EV", "bins": 20, "target_column": null, "CPT_method": "Bayespriors", "time_disc": 0.10738860117271543, "time_cnf": 1.044361430220306, "time_VE": 0.001347172074019909, "time_BP": 0.006655113305896521, "RMSE": 1.7256115636541316, "WRMSE": 1.723668922791902, "MAE": 1.234608660250791, "PE": 0.02846486823943741, "exact_EV": 345, "disc_EV": 344.90179620457394, "Wass_scaled": 0.19958339340832698, "Wass_multi": 2.903204078038693, "time_wass": 0.8241056562401354}