{"distribution": "lg", "edges": [["A", "D"], ["B", "D"], ["D", "E"], ["C", "E"]], "root_params": "A ~ N(20,20) B ~ N(20,20) C ~ N(15,15)", "experiment": 103, "not_root_params": "D   ~   N ( 2 A + 3 B , 3 . 2 5 )   E   ~   N ( 3 C + 3 D , 3 . 2 5 )", "sample_size": 1525, "means": {"A": 20, "B": 20, "C": 15, "D": 100, "E": 345}, "disc_method": "MDLP", "bins": 2, "target_column": "E", "CPT_method": "Bayespriors", "time_disc": 1.229510900011519, "time_cnf": 0.07565030000114348, "time_VE": 0.003424299997277558, "time_BP": 0.006002599999192171, "RMSE": 1.556438441162169, "WRMSE": 1.627429686712805, "MAE": 1.4723042048840398, "PE": 0.09650901850559948, "exact_EV": 345, "disc_EV": 344.6670438861557, "Wass_scaled": 0.43669692939299515, "Wass_multi": 3.2689437655589932, "time_wass": 1.0043375999957789}