{"distribution": "lg", "edges": [["A", "D"], ["B", "D"], ["D", "E"], ["C", "E"]], "root_params": "A ~ N(20,20) B ~ N(20,20) C ~ N(15,15)", "experiment": 103, "not_root_params": "D   ~   N ( 2 A + 3 B , 3 . 2 5 )   E   ~   N ( 3 C + 3 D , 3 . 2 5 )", "sample_size": 1525, "means": {"A": 20, "B": 20, "C": 15, "D": 100, "E": 345}, "disc_method": "EB", "bins": 5, "target_column": null, "CPT_method": "Bayespriors", "time_disc": 0.16885950000141747, "time_cnf": 0.01072839999687858, "time_VE": 0.001429299998562783, "time_BP": 0.008405800006585196, "RMSE": 5.983965467891805, "WRMSE": 3.7687146177265047, "MAE": 5.231287385886913, "PE": 0.08291118822687193, "exact_EV": 345, "disc_EV": 344.7139564006173, "Wass_scaled": 0.16677040311680089, "Wass_multi": 11.928069539753471, "time_wass": 0.9858422999968752}