{"distribution": "lg", "edges": [["A", "D"], ["B", "D"], ["D", "E"], ["C", "E"]], "root_params": "A ~ N(20,20) B ~ N(20,20) C ~ N(15,15)", "experiment": 103, "not_root_params": "D   ~   N ( 2 A + 3 B , 3 . 2 5 )   E   ~   N ( 3 C + 3 D , 3 . 2 5 )", "sample_size": 1525, "means": {"A": 20, "B": 20, "C": 15, "D": 100, "E": 345}, "disc_method": "EV", "bins": 30, "target_column": null, "CPT_method": "Bayespriors", "time_disc": 0.12839816277846694, "time_cnf": 5.717146086040884, "time_VE": 0.0019586351700127125, "time_BP": 0.010597419925034046, "RMSE": 6.1397406439162685, "WRMSE": 6.144156965521036, "MAE": 5.010432555014412, "PE": 0.05273467081308255, "exact_EV": 345, "disc_EV": 345.18193461430513, "Wass_scaled": 0.16293703595217632, "Wass_multi": 1.98436303591321, "time_wass": 0.7967924769036472}