{"distribution": "lg", "edges": [["A", "D"], ["B", "D"], ["D", "E"], ["C", "E"]], "root_params": "A ~ N(20,20) B ~ N(20,20) C ~ N(15,15)", "experiment": 103, "not_root_params": "D   ~   N ( 2 A + 3 B , 3 . 2 5 )   E   ~   N ( 3 C + 3 D , 3 . 2 5 )", "sample_size": 1525, "means": {"A": 20, "B": 20, "C": 15, "D": 100, "E": 345}, "disc_method": "EB", "bins": 10, "target_column": null, "CPT_method": "Bayespriors", "time_disc": 0.15974350000033155, "time_cnf": 0.03421650000382215, "time_VE": 0.0014287000085460022, "time_BP": 0.013934600006905384, "RMSE": 9.602862342273616, "WRMSE": 2.9391166123231716, "MAE": 5.953607625592349, "PE": 0.06727330666217642, "exact_EV": 345, "disc_EV": 344.7679070920155, "Wass_scaled": 0.08026555873824713, "Wass_multi": 6.361251409981214, "time_wass": 1.0789445999980671}