{"distribution": "lg", "edges": [["A", "D"], ["B", "D"], ["D", "E"], ["C", "E"]], "root_params": "A ~ N(20,20) B ~ N(20,20) C ~ N(15,15)", "experiment": 103, "not_root_params": "D   ~   N ( 2 A + 3 B , 3 . 2 5 )   E   ~   N ( 3 C + 3 D , 3 . 2 5 )", "sample_size": 1525, "means": {"A": 20, "B": 20, "C": 15, "D": 100, "E": 345}, "disc_method": "EB", "bins": 12, "target_column": null, "CPT_method": "Bayespriors", "time_disc": 0.09818560676649213, "time_cnf": 0.3751983647234738, "time_VE": 0.0012057148851454258, "time_BP": 0.005161226261407137, "RMSE": 12.504660683452716, "WRMSE": 3.373762495021843, "MAE": 6.830122499700342, "PE": 0.09465257858293981, "exact_EV": 345, "disc_EV": 344.67344860388886, "Wass_scaled": 0.0680424494294335, "Wass_multi": 5.356272951607043, "time_wass": 0.7614678558893502}