{
	"nodecount" : 44707,
	"peaknodes" : 46920,
	"total_load_time" : 3.75416,
	"build_time" : 3.25551,
	"wmc_time" : 0.0098269
}
