{
	"nodecount" : 13345,
	"peaknodes" : 13971,
	"total_load_time" : 1.06632,
	"build_time" : 0.9225,
	"wmc_time" : 0.00346899
}
