{
	"nodecount" : 19035,
	"peaknodes" : 19105,
	"total_load_time" : 0.920128,
	"build_time" : 0.799516,
	"wmc_time" : 0.00539899
}
