{
	"nodecount" : 29903,
	"peaknodes" : 31591,
	"total_load_time" : 2.62368,
	"build_time" : 2.30411,
	"wmc_time" : 0.00737
}
