{"distribution": "lg", "edges": [["A", "D"], ["B", "D"], ["D", "E"], ["C", "E"]], "root_params": "A ~ N(20,20) B ~ N(20,20) C ~ N(15,15)", "experiment": 103, "not_root_params": "D   ~   N ( 2 A + 3 B , 3 . 2 5 )   E   ~   N ( 3 C + 3 D , 3 . 2 5 )", "sample_size": 1525, "means": {"A": 20, "B": 20, "C": 15, "D": 100, "E": 345}, "disc_method": "EB", "bins": 8, "target_column": null, "CPT_method": "Bayespriors", "time_disc": 0.16085559999919496, "time_cnf": 0.021035400000982918, "time_VE": 0.0013980000076116994, "time_BP": 0.01256630000716541, "RMSE": 7.159822616904239, "WRMSE": 3.1630991907948505, "MAE": 5.566595841546345, "PE": 0.010019129414183186, "exact_EV": 345, "disc_EV": 344.96543400352107, "Wass_scaled": 0.10451739167123289, "Wass_multi": 7.975957842480455, "time_wass": 1.0287712999997893}