{
	"nodecount" : 27684,
	"peaknodes" : 27797,
	"total_load_time" : 1.19037,
	"build_time" : 1.11929,
	"wmc_time" : 0.00665116
}
