{"distribution": "lg", "edges": [["A", "D"], ["B", "D"], ["D", "E"], ["C", "E"]], "root_params": "A ~ N(20,20) B ~ N(20,20) C ~ N(15,15)", "experiment": 103, "not_root_params": "D   ~   N ( 2 A + 3 B , 3 . 2 5 )   E   ~   N ( 3 C + 3 D , 3 . 2 5 )", "sample_size": 1525, "means": {"A": 20, "B": 20, "C": 15, "D": 100, "E": 345}, "disc_method": "EB", "bins": 20, "target_column": null, "CPT_method": "Bayespriors", "time_disc": 0.10642289696261287, "time_cnf": 1.9722393490374088, "time_VE": 0.0013368641957640648, "time_BP": 0.006578369066119194, "RMSE": 20.13567496504284, "WRMSE": 5.200987065468529, "MAE": 11.815801504860591, "PE": 0.11018201274501681, "exact_EV": 345, "disc_EV": 344.6198720560297, "Wass_scaled": 0.04116431905708009, "Wass_multi": 3.2196963314345584, "time_wass": 0.7254368863068521}