{"distribution": "lg", "edges": [["A", "D"], ["B", "D"], ["D", "E"], ["C", "E"]], "root_params": "A ~ N(20,20) B ~ N(20,20) C ~ N(15,15)", "experiment": 103, "not_root_params": "D   ~   N ( 2 A + 3 B , 3 . 2 5 )   E   ~   N ( 3 C + 3 D , 3 . 2 5 )", "sample_size": 1525, "means": {"A": 20, "B": 20, "C": 15, "D": 100, "E": 345}, "disc_method": "EB", "bins": 14, "target_column": null, "CPT_method": "Bayespriors", "time_disc": 0.09928715135902166, "time_cnf": 0.4493457870557904, "time_VE": 0.001260293647646904, "time_BP": 0.005421248264610767, "RMSE": 13.810260850088863, "WRMSE": 3.8592400002779224, "MAE": 8.040955462195756, "PE": 0.07675144907926036, "exact_EV": 345, "disc_EV": 344.73520750067655, "Wass_scaled": 0.05494906318367572, "Wass_multi": 4.541896571621694, "time_wass": 0.7547270352952182}