{
	"nodecount" : 1718,
	"peaknodes" : 1718,
	"total_load_time" : 0.700544,
	"build_time" : 0.631052,
	"wmc_time" : 0.00185418
}
