{"distribution": "lg", "edges": [["A", "D"], ["B", "D"], ["D", "E"], ["C", "E"]], "root_params": "A ~ N(20,20) B ~ N(20,20) C ~ N(15,15)", "experiment": 103, "not_root_params": "D   ~   N ( 2 A + 3 B , 3 . 2 5 )   E   ~   N ( 3 C + 3 D , 3 . 2 5 )", "sample_size": 1525, "means": {"A": 20, "B": 20, "C": 15, "D": 100, "E": 345}, "disc_method": "EB", "bins": 25, "target_column": null, "CPT_method": "Bayespriors", "time_disc": 0.11743931192904711, "time_cnf": 3.6095172809436917, "time_VE": 0.0014860709197819233, "time_BP": 0.008048164192587137, "RMSE": 21.859284855024516, "WRMSE": 6.521153401089439, "MAE": 14.213350371892522, "PE": 0.14018987201883765, "exact_EV": 345, "disc_EV": 344.516344941535, "Wass_scaled": 0.030726146816674016, "Wass_multi": 2.566801508380322, "time_wass": 0.7025688830763102}