{"distribution": "lg", "edges": [["A", "D"], ["B", "D"], ["D", "E"], ["C", "E"]], "root_params": "A ~ N(20,20) B ~ N(20,20) C ~ N(15,15)", "experiment": 103, "not_root_params": "D   ~   N ( 2 A + 3 B , 3 . 2 5 )   E   ~   N ( 3 C + 3 D , 3 . 2 5 )", "sample_size": 1525, "means": {"A": 20, "B": 20, "C": 15, "D": 100, "E": 345}, "disc_method": "EV", "bins": 8, "target_column": null, "CPT_method": "Bayespriors", "time_disc": 0.176389600004768, "time_cnf": 0.01937359999283217, "time_VE": 0.0015039999998407438, "time_BP": 0.01163049999740906, "RMSE": 1.3904737128478786, "WRMSE": 1.39124628657851, "MAE": 0.9772068101071056, "PE": 0.014460067019448934, "exact_EV": 345, "disc_EV": 345.0498872312171, "Wass_scaled": 0.32254892600573526, "Wass_multi": 6.15314016743039, "time_wass": 1.0953078000020469}