{
	"nodecount" : 54032,
	"peaknodes" : 56967,
	"total_load_time" : 2.77281,
	"build_time" : 2.48251,
	"wmc_time" : 0.010004
}
