{"distribution": "lg", "edges": [["A", "D"], ["B", "D"], ["D", "E"], ["C", "E"]], "root_params": "A ~ N(20,20) B ~ N(20,20) C ~ N(15,15)", "experiment": 103, "not_root_params": "D   ~   N ( 2 A + 3 B , 3 . 2 5 )   E   ~   N ( 3 C + 3 D , 3 . 2 5 )", "sample_size": 1525, "means": {"A": 20, "B": 20, "C": 15, "D": 100, "E": 345}, "disc_method": "EB", "bins": 17, "target_column": null, "CPT_method": "Bayespriors", "time_disc": 0.10330219520255923, "time_cnf": 0.28096635919064283, "time_VE": 0.0012877811677753925, "time_BP": 0.005914730951189995, "RMSE": 18.577018173768668, "WRMSE": 4.212319781074708, "MAE": 9.675356918602187, "PE": 0.05696060314842699, "exact_EV": 345, "disc_EV": 344.8034859191379, "Wass_scaled": 0.043184365148648415, "Wass_multi": 3.8082479909549507, "time_wass": 0.7270197989419103}