{
	"nodecount" : 21579,
	"peaknodes" : 22950,
	"total_load_time" : 1.87012,
	"build_time" : 1.64145,
	"wmc_time" : 0.00572014
}
