{
	"nodecount" : 5828,
	"peaknodes" : 5828,
	"total_load_time" : 0.288198,
	"build_time" : 0.188043,
	"wmc_time" : 0.00300598
}
