{"distribution": "lg", "edges": [["A", "D"], ["B", "D"], ["D", "E"], ["C", "E"]], "root_params": "A ~ N(20,20) B ~ N(20,20) C ~ N(15,15)", "experiment": 123, "not_root_params": "D   ~   N ( 2 A + 3 B , 4 . 0 9 3 7 5 )   E   ~   N ( 3 C + 3 D , 4 . 0 9 3 7 5 )", "sample_size": 1466, "means": {"A": 20, "B": 20, "C": 15, "D": 100, "E": 345}, "disc_method": "EB", "bins": 30, "target_column": null, "CPT_method": "Bayes", "time_disc": 0.10785339999711141, "time_cnf": 0.7016051999962656, "time_VE": 0.0020064999989699572, "time_BP": 0.012608799996087328, "RMSE": 45.73450103564987, "WRMSE": 29.416887581227172, "MAE": 38.694415258789036, "PE": 4.857421207820122, "exact_EV": 345, "disc_EV": 361.7581031669794, "Wass_scaled": 0.02394402341525465, "Wass_multi": 3.0572696701286426, "time_wass": 0.8468014999962179}