{"distribution": "lg", "edges": [["A", "D"], ["B", "D"], ["D", "E"], ["C", "E"]], "root_params": "A ~ N(20,20) B ~ N(20,20) C ~ N(15,15)", "experiment": 123, "not_root_params": "D   ~   N ( 2 A + 3 B , 4 . 0 9 3 7 5 )   E   ~   N ( 3 C + 3 D , 4 . 0 9 3 7 5 )", "sample_size": 1466, "means": {"A": 20, "B": 20, "C": 15, "D": 100, "E": 345}, "disc_method": "EB", "bins": 10, "target_column": null, "CPT_method": "Bayes", "time_disc": 0.09700480000174139, "time_cnf": 0.03506769999512471, "time_VE": 0.0016963999951258302, "time_BP": 0.005069899998488836, "RMSE": 37.27339232277702, "WRMSE": 19.569338017941256, "MAE": 28.969456579067515, "PE": 3.09061853152882, "exact_EV": 345, "disc_EV": 355.66263393377443, "Wass_scaled": 0.09116494313609817, "Wass_multi": 9.038572441485922, "time_wass": 0.9883778999937931}