{
	"nodecount" : 5331,
	"peaknodes" : 5422,
	"total_load_time" : 0.197188,
	"build_time" : 0.184332,
	"wmc_time" : 0.00213194
}
