{"distribution": "lg", "edges": [["A", "D"], ["B", "D"], ["D", "E"], ["C", "E"]], "root_params": "A ~ N(20,20) B ~ N(20,20) C ~ N(15,15)", "experiment": 123, "not_root_params": "D   ~   N ( 2 A + 3 B , 4 . 0 9 3 7 5 )   E   ~   N ( 3 C + 3 D , 4 . 0 9 3 7 5 )", "sample_size": 1466, "means": {"A": 20, "B": 20, "C": 15, "D": 100, "E": 345}, "disc_method": "EV", "bins": 5, "target_column": null, "CPT_method": "Bayes", "time_disc": 0.06630210299044847, "time_cnf": 0.7566475109197199, "time_VE": 0.001168790739029646, "time_BP": 0.004638936836272478, "RMSE": 5.742897061308154, "WRMSE": 5.746353133717397, "MAE": 4.288359448807546, "PE": 0.06440037899396621, "exact_EV": 345, "disc_EV": 344.7778186924708, "Wass_scaled": 0.439550273468163, "Wass_multi": 12.03408203533916, "time_wass": 0.7590244729071856}