{"distribution": "lg", "edges": [["A", "D"], ["B", "D"], ["D", "E"], ["C", "E"]], "root_params": "A ~ N(20,20) B ~ N(20,20) C ~ N(15,15)", "experiment": 123, "not_root_params": "D   ~   N ( 2 A + 3 B , 4 . 0 9 3 7 5 )   E   ~   N ( 3 C + 3 D , 4 . 0 9 3 7 5 )", "sample_size": 1466, "means": {"A": 20, "B": 20, "C": 15, "D": 100, "E": 345}, "disc_method": "EB", "bins": 20, "target_column": null, "CPT_method": "Bayes", "time_disc": 0.07128482358530164, "time_cnf": 1.0885415077209473, "time_VE": 0.0013400912284851074, "time_BP": 0.006146538071334362, "RMSE": 44.23124938505583, "WRMSE": 26.69243478815025, "MAE": 37.068756926365715, "PE": 4.0490537984892825, "exact_EV": 345, "disc_EV": 358.969235604788, "Wass_scaled": 0.0377601582776963, "Wass_multi": 4.711641651727885, "time_wass": 0.6856646910309792}