{
	"nodecount" : 1554,
	"peaknodes" : 1582,
	"total_load_time" : 0.0690761,
	"build_time" : 0.063971,
	"wmc_time" : 0.00184393
}
