{
	"nodecount" : 15226,
	"peaknodes" : 15890,
	"total_load_time" : 1.45097,
	"build_time" : 1.39741,
	"wmc_time" : 0.00617623,
	"wmc_value" : 1,
	"bn_to_cnf_time" : 0.0340168
}
