{"distribution": "lg", "edges": [["A", "D"], ["B", "D"], ["D", "E"], ["C", "E"]], "root_params": "A ~ N(20,20) B ~ N(20,20) C ~ N(15,15)", "experiment": 123, "not_root_params": "D   ~   N ( 2 A + 3 B , 4 . 0 9 3 7 5 )   E   ~   N ( 3 C + 3 D , 4 . 0 9 3 7 5 )", "sample_size": 1466, "means": {"A": 20, "B": 20, "C": 15, "D": 100, "E": 345}, "disc_method": "EB", "bins": 5, "target_column": null, "CPT_method": "Bayes", "time_disc": 0.09334809999563731, "time_cnf": 0.010146100001293235, "time_VE": 0.0020032000029459596, "time_BP": 0.0063593999948352575, "RMSE": 21.47809781490589, "WRMSE": 10.578159826643844, "MAE": 16.937189478145477, "PE": 0.5902303398275874, "exact_EV": 345, "disc_EV": 347.0362946724052, "Wass_scaled": 0.18036420659042393, "Wass_multi": 16.589246369756136, "time_wass": 0.9482109000091441}