{"distribution": "lg", "edges": [["A", "D"], ["B", "D"], ["D", "E"], ["C", "E"]], "root_params": "A ~ N(20,20) B ~ N(20,20) C ~ N(15,15)", "experiment": 123, "not_root_params": "D   ~   N ( 2 A + 3 B , 4 . 0 9 3 7 5 )   E   ~   N ( 3 C + 3 D , 4 . 0 9 3 7 5 )", "sample_size": 1466, "means": {"A": 20, "B": 20, "C": 15, "D": 100, "E": 345}, "disc_method": "EV", "bins": 20, "target_column": null, "CPT_method": "Bayes", "time_disc": 0.09549819999665488, "time_cnf": 0.2285254000016721, "time_VE": 0.0019789000070886686, "time_BP": 0.017292300006374717, "RMSE": 23.057498673313862, "WRMSE": 23.090052550634717, "MAE": 18.47966226325253, "PE": 0.08213713555828757, "exact_EV": 345, "disc_EV": 344.7166268823239, "Wass_scaled": 0.2201178562363125, "Wass_multi": 3.5416581283498227, "time_wass": 1.0193175000022165}