{
	"nodecount" : 1788,
	"peaknodes" : 1847,
	"total_load_time" : 0.162291,
	"build_time" : 0.146199,
	"wmc_time" : 0.00385499,
	"wmc_value" : 1,
	"bn_to_cnf_time" : 0.00341201
}
