{"distribution": "lg", "edges": [["A", "D"], ["B", "D"], ["D", "E"], ["C", "E"]], "root_params": "A ~ N(20,20) B ~ N(20,20) C ~ N(15,15)", "experiment": 123, "not_root_params": "D   ~   N ( 2 A + 3 B , 4 . 0 9 3 7 5 )   E   ~   N ( 3 C + 3 D , 4 . 0 9 3 7 5 )", "sample_size": 1466, "means": {"A": 20, "B": 20, "C": 15, "D": 100, "E": 345}, "disc_method": "EB", "bins": 12, "target_column": null, "CPT_method": "Bayes", "time_disc": 0.1009079999930691, "time_cnf": 0.04696949999197386, "time_VE": 0.0023249999940162525, "time_BP": 0.005703099988750182, "RMSE": 40.009374817157735, "WRMSE": 22.584257869206475, "MAE": 31.916157388600123, "PE": 3.798943641477374, "exact_EV": 345, "disc_EV": 358.10635556309694, "Wass_scaled": 0.07103246829634519, "Wass_multi": 7.562145175122148, "time_wass": 1.0042390000016894}