{
	"nodecount" : 43880,
	"peaknodes" : 46407,
	"total_load_time" : 4.66544,
	"build_time" : 4.38068,
	"wmc_time" : 0.011579,
	"wmc_value" : 1,
	"bn_to_cnf_time" : 0.154459
}
