{
	"nodecount" : 10166,
	"peaknodes" : 10501,
	"total_load_time" : 0.518172,
	"build_time" : 0.491797,
	"wmc_time" : 0.00390506
}
