{"distribution": "lg", "edges": [["A", "D"], ["B", "D"], ["D", "E"], ["C", "E"]], "root_params": "A ~ N(20,20) B ~ N(20,20) C ~ N(15,15)", "experiment": 123, "not_root_params": "D   ~   N ( 2 A + 3 B , 4 . 0 9 3 7 5 )   E   ~   N ( 3 C + 3 D , 4 . 0 9 3 7 5 )", "sample_size": 1466, "means": {"A": 20, "B": 20, "C": 15, "D": 100, "E": 345}, "disc_method": "EV", "bins": 17, "target_column": null, "CPT_method": "Bayes", "time_disc": 0.09872929999255575, "time_cnf": 0.14212070000940003, "time_VE": 0.0013926000101491809, "time_BP": 0.0066466999996919185, "RMSE": 22.400336450097175, "WRMSE": 22.434475385352393, "MAE": 17.951319005507937, "PE": 0.0805728174988865, "exact_EV": 345, "disc_EV": 344.72202377962884, "Wass_scaled": 0.23668851045874473, "Wass_multi": 4.140669318015156, "time_wass": 1.0402529000130016}