{"distribution": "lg", "edges": [["A", "D"], ["B", "D"], ["D", "E"], ["C", "E"]], "root_params": "A ~ N(20,20) B ~ N(20,20) C ~ N(15,15)", "experiment": 123, "not_root_params": "D   ~   N ( 2 A + 3 B , 4 . 0 9 3 7 5 )   E   ~   N ( 3 C + 3 D , 4 . 0 9 3 7 5 )", "sample_size": 1466, "means": {"A": 20, "B": 20, "C": 15, "D": 100, "E": 345}, "disc_method": "EV", "bins": 10, "target_column": null, "CPT_method": "Bayes", "time_disc": 0.09197880000283476, "time_cnf": 0.037293599991244264, "time_VE": 0.0013964999961899593, "time_BP": 0.012048200005665421, "RMSE": 15.90868537809978, "WRMSE": 15.920756045236889, "MAE": 12.887741621989743, "PE": 0.08091816028239181, "exact_EV": 345, "disc_EV": 344.72083234702575, "Wass_scaled": 0.3029992518044427, "Wass_multi": 6.660092356988643, "time_wass": 1.0231969000014942}