{"distribution": "lg", "edges": [["A", "D"], ["B", "D"], ["D", "E"], ["C", "E"]], "root_params": "A ~ N(20,20) B ~ N(20,20) C ~ N(15,15)", "experiment": 123, "not_root_params": "D   ~   N ( 2 A + 3 B , 4 . 0 9 3 7 5 )   E   ~   N ( 3 C + 3 D , 4 . 0 9 3 7 5 )", "sample_size": 1466, "means": {"A": 20, "B": 20, "C": 15, "D": 100, "E": 345}, "disc_method": "EV", "bins": 17, "target_column": null, "CPT_method": "Bayes", "time_disc": 0.07304019760340452, "time_cnf": 0.29915261501446366, "time_VE": 0.0013606599532067776, "time_BP": 0.006212589330971241, "RMSE": 22.40033645009719, "WRMSE": 22.434475385352403, "MAE": 17.95131900550794, "PE": 0.0805728174988865, "exact_EV": 345, "disc_EV": 344.72202377962884, "Wass_scaled": 0.23668851045874473, "Wass_multi": 4.140669318015156, "time_wass": 0.7810791712254286}