{
	"nodecount" : 31119,
	"peaknodes" : 32629,
	"total_load_time" : 3.1842,
	"build_time" : 3.01826,
	"wmc_time" : 0.00900197,
	"wmc_value" : 1,
	"bn_to_cnf_time" : 0.0922952
}
