{
	"nodecount" : 15226,
	"peaknodes" : 15890,
	"total_load_time" : 0.743748,
	"build_time" : 0.702198,
	"wmc_time" : 0.00496101
}
