{
	"nodecount" : 77631,
	"peaknodes" : 83815,
	"total_load_time" : 4.95947,
	"build_time" : 4.26026,
	"wmc_time" : 0.0166919
}
