{
	"nodecount" : 31942,
	"peaknodes" : 32358,
	"total_load_time" : 1.25797,
	"build_time" : 1.18665,
	"wmc_time" : 0.0077219
}
