{"distribution": "lg", "edges": [["A", "D"], ["B", "D"], ["D", "E"], ["C", "E"]], "root_params": "A ~ N(20,20) B ~ N(20,20) C ~ N(15,15)", "experiment": 13, "not_root_params": "D   ~   N ( 2 A + 3 B , 2 )   E   ~   N ( 3 C + 3 D , 2 )", "sample_size": 800, "means": {"A": 20, "B": 20, "C": 15, "D": 100, "E": 345}, "disc_method": "EV", "bins": 25, "target_column": null, "CPT_method": "Bayes", "time_disc": 0.08069548988714814, "time_cnf": 3.5642172899097204, "time_VE": 0.0017466451972723007, "time_BP": 0.00915720034390688, "RMSE": 12.146590713445072, "WRMSE": 12.146590713445072, "MAE": 9.720960269271172, "PE": 0.029097717501761086, "exact_EV": 345, "disc_EV": 344.8996128746189, "Wass_scaled": 0.2072590239973037, "Wass_multi": 1.474992722885753, "time_wass": 0.35203430987894535}