{"distribution": "lg", "edges": [["A", "D"], ["B", "D"], ["D", "E"], ["C", "E"]], "root_params": "A ~ N(20,20) B ~ N(20,20) C ~ N(15,15)", "experiment": 13, "not_root_params": "D   ~   N ( 2 A + 3 B , 2 )   E   ~   N ( 3 C + 3 D , 2 )", "sample_size": 800, "means": {"A": 20, "B": 20, "C": 15, "D": 100, "E": 345}, "disc_method": "EB", "bins": 17, "target_column": null, "CPT_method": "Bayes", "time_disc": 0.10026579999248497, "time_cnf": 0.118920299995807, "time_VE": 0.002416200004518032, "time_BP": 0.006776599999284372, "RMSE": 22.423309142833013, "WRMSE": 12.67368245745685, "MAE": 18.928177402423636, "PE": 1.2965932160498768, "exact_EV": 345, "disc_EV": 340.5267534046279, "Wass_scaled": 0.04729970852626857, "Wass_multi": 2.442701986113975, "time_wass": 0.38827120000496507}