{"distribution": "lg", "edges": [["A", "D"], ["B", "D"], ["D", "E"], ["C", "E"]], "root_params": "A ~ N(20,20) B ~ N(20,20) C ~ N(15,15)", "experiment": 13, "not_root_params": "D   ~   N ( 2 A + 3 B , 2 )   E   ~   N ( 3 C + 3 D , 2 )", "sample_size": 800, "means": {"A": 20, "B": 20, "C": 15, "D": 100, "E": 345}, "disc_method": "EB", "bins": 14, "target_column": null, "CPT_method": "Bayes", "time_disc": 0.07948914589360356, "time_cnf": 0.3486843518912792, "time_VE": 0.0017306441441178322, "time_BP": 0.006193429697304964, "RMSE": 22.358998971789806, "WRMSE": 12.912311984984061, "MAE": 18.54317282247586, "PE": 1.8307894019543862, "exact_EV": 345, "disc_EV": 338.68377656325737, "Wass_scaled": 0.0655571126243961, "Wass_multi": 3.0655121713237246, "time_wass": 0.3507732660509646}