{
	"nodecount" : 16626,
	"peaknodes" : 17399,
	"total_load_time" : 1.5743,
	"build_time" : 1.18392,
	"wmc_time" : 0.00644207
}
