{
	"nodecount" : 6217,
	"peaknodes" : 6217,
	"total_load_time" : 0.215957,
	"build_time" : 0.202103,
	"wmc_time" : 0.00224805
}
