{"distribution": "lg", "edges": [["A", "D"], ["B", "D"], ["D", "E"], ["C", "E"]], "root_params": "A ~ N(20,20) B ~ N(20,20) C ~ N(15,15)", "experiment": 13, "not_root_params": "D   ~   N ( 2 A + 3 B , 2 )   E   ~   N ( 3 C + 3 D , 2 )", "sample_size": 800, "means": {"A": 20, "B": 20, "C": 15, "D": 100, "E": 345}, "disc_method": "EV", "bins": 25, "target_column": null, "CPT_method": "Bayes", "time_disc": 0.10535199999867473, "time_cnf": 0.4359158000006573, "time_VE": 0.0016246000013779849, "time_BP": 0.01503670000238344, "RMSE": 12.146590713445072, "WRMSE": 12.146590713445072, "MAE": 9.720960269271167, "PE": 0.029097717501761086, "exact_EV": 345, "disc_EV": 344.8996128746189, "Wass_scaled": 0.2072590239973037, "Wass_multi": 1.474992722885753, "time_wass": 0.4118125999957556}