{"distribution": "lg", "edges": [["A", "D"], ["B", "D"], ["D", "E"], ["C", "E"]], "root_params": "A ~ N(20,20) B ~ N(20,20) C ~ N(15,15)", "experiment": 13, "not_root_params": "D   ~   N ( 2 A + 3 B , 2 )   E   ~   N ( 3 C + 3 D , 2 )", "sample_size": 800, "means": {"A": 20, "B": 20, "C": 15, "D": 100, "E": 345}, "disc_method": "EB", "bins": 17, "target_column": null, "CPT_method": "Bayes", "time_disc": 0.08492253627628088, "time_cnf": 3.937332510948181, "time_VE": 0.0016030226834118366, "time_BP": 0.0062540252692997456, "RMSE": 22.42330914283301, "WRMSE": 12.673682457456854, "MAE": 18.92817740242364, "PE": 1.2965932160498768, "exact_EV": 345, "disc_EV": 340.5267534046279, "Wass_scaled": 0.04729970852626857, "Wass_multi": 2.442701986113975, "time_wass": 0.34718192694708705}