{"distribution": "lg", "edges": [["A", "D"], ["B", "D"], ["D", "E"], ["C", "E"]], "root_params": "A ~ N(20,20) B ~ N(20,20) C ~ N(15,15)", "experiment": 13, "not_root_params": "D   ~   N ( 2 A + 3 B , 2 )   E   ~   N ( 3 C + 3 D , 2 )", "sample_size": 800, "means": {"A": 20, "B": 20, "C": 15, "D": 100, "E": 345}, "disc_method": "EV", "bins": 5, "target_column": null, "CPT_method": "Bayes", "time_disc": 0.06679526623338461, "time_cnf": 0.41577931912615895, "time_VE": 0.0017757471650838852, "time_BP": 0.006756030023097992, "RMSE": 3.901709050600285, "WRMSE": 3.9017090506002856, "MAE": 3.181666439713342, "PE": 0.0462395084424065, "exact_EV": 345, "disc_EV": 344.8404736958737, "Wass_scaled": 0.43286571005191765, "Wass_multi": 6.006220132746001, "time_wass": 0.39594925893470645}