{
	"nodecount" : 38440,
	"peaknodes" : 41618,
	"total_load_time" : 3.60839,
	"build_time" : 3.19116,
	"wmc_time" : 0.00899315
}
