{"distribution": "lg", "edges": [["A", "D"], ["B", "D"], ["D", "E"], ["C", "E"]], "root_params": "A ~ N(20,20) B ~ N(20,20) C ~ N(15,15)", "experiment": 13, "not_root_params": "D   ~   N ( 2 A + 3 B , 2 )   E   ~   N ( 3 C + 3 D , 2 )", "sample_size": 800, "means": {"A": 20, "B": 20, "C": 15, "D": 100, "E": 345}, "disc_method": "EV", "bins": 10, "target_column": null, "CPT_method": "Bayes", "time_disc": 0.07711236691102386, "time_cnf": 1.6511757718399167, "time_VE": 0.0016953358426690102, "time_BP": 0.005988776218146086, "RMSE": 9.887838401199515, "WRMSE": 9.887838401199515, "MAE": 7.994079453475814, "PE": 0.04323389064788042, "exact_EV": 345, "disc_EV": 344.8508430772648, "Wass_scaled": 0.29804869724844374, "Wass_multi": 3.4593099855714797, "time_wass": 0.36104042874649167}