{
	"nodecount" : 16626,
	"peaknodes" : 17399,
	"total_load_time" : 1.89011,
	"build_time" : 1.8066,
	"wmc_time" : 0.00591016,
	"wmc_value" : 1,
	"bn_to_cnf_time" : 0.0565913
}
