{"distribution": "lg", "edges": [["A", "D"], ["B", "D"], ["D", "E"], ["C", "E"]], "root_params": "A ~ N(20,20) B ~ N(20,20) C ~ N(15,15)", "experiment": 13, "not_root_params": "D   ~   N ( 2 A + 3 B , 2 )   E   ~   N ( 3 C + 3 D , 2 )", "sample_size": 800, "means": {"A": 20, "B": 20, "C": 15, "D": 100, "E": 345}, "disc_method": "EV", "bins": 30, "target_column": null, "CPT_method": "Bayes", "time_disc": 0.11742769999545999, "time_cnf": 0.8517130999971414, "time_VE": 0.003188600006978959, "time_BP": 0.022392500002752058, "RMSE": 12.154869591118286, "WRMSE": 12.180082992468579, "MAE": 9.719524388351974, "PE": 0.02974846519306163, "exact_EV": 345, "disc_EV": 344.89736779508394, "Wass_scaled": 0.19589934171793277, "Wass_multi": 1.249617059868883, "time_wass": 0.41327669999736827}