{"distribution": "lg", "edges": [["A", "D"], ["B", "D"], ["D", "E"], ["C", "E"]], "root_params": "A ~ N(20,20) B ~ N(20,20) C ~ N(15,15)", "experiment": 13, "not_root_params": "D   ~   N ( 2 A + 3 B , 2 )   E   ~   N ( 3 C + 3 D , 2 )", "sample_size": 800, "means": {"A": 20, "B": 20, "C": 15, "D": 100, "E": 345}, "disc_method": "EV", "bins": 12, "target_column": null, "CPT_method": "Bayes", "time_disc": 0.07584323780611157, "time_cnf": 0.48829932790249586, "time_VE": 0.001994980964809656, "time_BP": 0.007559529971331358, "RMSE": 10.944733866438565, "WRMSE": 10.960863802600564, "MAE": 8.842933132932322, "PE": 0.02671122503120321, "exact_EV": 345, "disc_EV": 344.90784627364235, "Wass_scaled": 0.2749206462920881, "Wass_multi": 2.8214885656782145, "time_wass": 0.3784206220880151}