{
	"nodecount" : 22863,
	"peaknodes" : 23739,
	"total_load_time" : 2.13038,
	"build_time" : 2.03348,
	"wmc_time" : 0.00618601,
	"wmc_value" : 1,
	"bn_to_cnf_time" : 0.066504
}
