{"distribution": "lg", "edges": [["A", "D"], ["B", "D"], ["D", "E"], ["C", "E"]], "root_params": "A ~ N(20,20) B ~ N(20,20) C ~ N(15,15)", "experiment": 13, "not_root_params": "D   ~   N ( 2 A + 3 B , 2 )   E   ~   N ( 3 C + 3 D , 2 )", "sample_size": 800, "means": {"A": 20, "B": 20, "C": 15, "D": 100, "E": 345}, "disc_method": "MDLP", "bins": 2, "target_column": "E", "CPT_method": "Bayes", "time_disc": 0.6275090999988606, "time_cnf": 0.03308020000986289, "time_VE": 0.0021031000069342554, "time_BP": 0.005532299997867085, "RMSE": 10.891161080852509, "WRMSE": 9.114092322267638, "MAE": 9.373079320679622, "PE": 0.01626710749707419, "exact_EV": 345, "disc_EV": 345.0561215208649, "Wass_scaled": 0.3455419458827325, "Wass_multi": 2.301046735052884, "time_wass": 0.39751199999591336}