{
	"nodecount" : 6217,
	"peaknodes" : 6217,
	"total_load_time" : 0.515503,
	"build_time" : 0.492154,
	"wmc_time" : 0.00500512,
	"wmc_value" : 1,
	"bn_to_cnf_time" : 0.0101514
}
