{"distribution": "lg", "edges": [["A", "D"], ["B", "D"], ["D", "E"], ["C", "E"]], "root_params": "A ~ N(20,20) B ~ N(20,20) C ~ N(15,15)", "experiment": 13, "not_root_params": "D   ~   N ( 2 A + 3 B , 2 )   E   ~   N ( 3 C + 3 D , 2 )", "sample_size": 800, "means": {"A": 20, "B": 20, "C": 15, "D": 100, "E": 345}, "disc_method": "EV", "bins": 17, "target_column": null, "CPT_method": "Bayes", "time_disc": 0.09442900000431109, "time_cnf": 0.1527778000017861, "time_VE": 0.002757399997790344, "time_BP": 0.006842200004030019, "RMSE": 11.88406079494317, "WRMSE": 11.907017302418692, "MAE": 9.541308091240861, "PE": 0.014933931546350494, "exact_EV": 345, "disc_EV": 344.9484779361651, "Wass_scaled": 0.2391100922756249, "Wass_multi": 2.1029692765216477, "time_wass": 0.40487120000761934}