{"distribution": "lg", "edges": [["A", "D"], ["B", "D"], ["D", "E"], ["C", "E"]], "root_params": "A ~ N(20,20) B ~ N(20,20) C ~ N(15,15)", "experiment": 13, "not_root_params": "D   ~   N ( 2 A + 3 B , 2 )   E   ~   N ( 3 C + 3 D , 2 )", "sample_size": 800, "means": {"A": 20, "B": 20, "C": 15, "D": 100, "E": 345}, "disc_method": "EV", "bins": 14, "target_column": null, "CPT_method": "Bayes", "time_disc": 0.10408799999277107, "time_cnf": 0.08597549999831244, "time_VE": 0.0015033000090625137, "time_BP": 0.015030599999590777, "RMSE": 11.491146938901872, "WRMSE": 11.529499511046838, "MAE": 9.2625872457168, "PE": 0.02502484391393277, "exact_EV": 345, "disc_EV": 344.91366428849693, "Wass_scaled": 0.2585051904700604, "Wass_multi": 2.5179781971477744, "time_wass": 0.43464910000329837}