{
	"nodecount" : 38440,
	"peaknodes" : 41618,
	"total_load_time" : 6.25866,
	"build_time" : 5.74699,
	"wmc_time" : 0.00938797,
	"wmc_value" : 1,
	"bn_to_cnf_time" : 0.287984
}
