{"distribution": "lg", "edges": [["A", "D"], ["B", "D"], ["D", "E"], ["C", "E"]], "root_params": "A ~ N(20,20) B ~ N(20,20) C ~ N(15,15)", "experiment": 13, "not_root_params": "D   ~   N ( 2 A + 3 B , 2 )   E   ~   N ( 3 C + 3 D , 2 )", "sample_size": 800, "means": {"A": 20, "B": 20, "C": 15, "D": 100, "E": 345}, "disc_method": "EB", "bins": 8, "target_column": null, "CPT_method": "Bayes", "time_disc": 0.10028879999299534, "time_cnf": 0.01741260000562761, "time_VE": 0.0014048000011825934, "time_BP": 0.011912200003280304, "RMSE": 18.34201878620333, "WRMSE": 9.148992485839704, "MAE": 14.572221617407806, "PE": 0.9758545450725983, "exact_EV": 345, "disc_EV": 341.63330181949954, "Wass_scaled": 0.11858929017709252, "Wass_multi": 5.17341233924591, "time_wass": 0.3979264000081457}