{
	"nodecount" : 1516,
	"peaknodes" : 1516,
	"total_load_time" : 0.432548,
	"build_time" : 0.397087,
	"wmc_time" : 0.00264215
}
