{
	"nodecount" : 9234,
	"peaknodes" : 9630,
	"total_load_time" : 0.938477,
	"build_time" : 0.901795,
	"wmc_time" : 0.00466204,
	"wmc_value" : 1,
	"bn_to_cnf_time" : 0.0222723
}
