{
	"nodecount" : 22863,
	"peaknodes" : 23739,
	"total_load_time" : 1.18915,
	"build_time" : 1.11368,
	"wmc_time" : 0.00584817
}
