{"distribution": "lg", "edges": [["A", "D"], ["B", "D"], ["D", "E"], ["C", "E"]], "root_params": "A ~ N(20,20) B ~ N(20,20) C ~ N(15,15)", "experiment": 13, "not_root_params": "D   ~   N ( 2 A + 3 B , 2 )   E   ~   N ( 3 C + 3 D , 2 )", "sample_size": 800, "means": {"A": 20, "B": 20, "C": 15, "D": 100, "E": 345}, "disc_method": "EB", "bins": 5, "target_column": null, "CPT_method": "Bayes", "time_disc": 0.08338760001061019, "time_cnf": 0.00917190000473056, "time_VE": 0.0015218000044114888, "time_BP": 0.006803100011893548, "RMSE": 12.518805242016937, "WRMSE": 6.031065868353015, "MAE": 9.882237577561682, "PE": 0.3454649780929929, "exact_EV": 345, "disc_EV": 343.8081458255792, "Wass_scaled": 0.1681562365958872, "Wass_multi": 7.832601121294087, "time_wass": 0.38429489999543875}