{"distribution": "lg", "edges": [["A", "D"], ["B", "D"], ["D", "E"], ["C", "E"]], "root_params": "A ~ N(20,20) B ~ N(20,20) C ~ N(15,15)", "experiment": 13, "not_root_params": "D   ~   N ( 2 A + 3 B , 2 )   E   ~   N ( 3 C + 3 D , 2 )", "sample_size": 800, "means": {"A": 20, "B": 20, "C": 15, "D": 100, "E": 345}, "disc_method": "EB", "bins": 30, "target_column": null, "CPT_method": "Bayes", "time_disc": 0.08749529905617237, "time_cnf": 3.1494623962789774, "time_VE": 0.0017482051625847816, "time_BP": 0.010319844353944063, "RMSE": 22.091985855874455, "WRMSE": 12.68963890872783, "MAE": 19.10757861151458, "PE": 0.18276230211173256, "exact_EV": 345, "disc_EV": 344.3694700577145, "Wass_scaled": 0.025237010562894197, "Wass_multi": 1.3835516633395575, "time_wass": 0.34556055907160044}