{"distribution": "lg", "edges": [["A", "D"], ["B", "D"], ["D", "E"], ["C", "E"]], "root_params": "A ~ N(20,20) B ~ N(20,20) C ~ N(15,15)", "experiment": 13, "not_root_params": "D   ~   N ( 2 A + 3 B , 2 )   E   ~   N ( 3 C + 3 D , 2 )", "sample_size": 800, "means": {"A": 20, "B": 20, "C": 15, "D": 100, "E": 345}, "disc_method": "EB", "bins": 8, "target_column": null, "CPT_method": "Bayes", "time_disc": 0.07267547398805618, "time_cnf": 0.1896704318933189, "time_VE": 0.0014989366754889488, "time_BP": 0.0055106161162257195, "RMSE": 18.342018786203333, "WRMSE": 9.14899248583969, "MAE": 14.572221617407799, "PE": 0.9758545450725983, "exact_EV": 345, "disc_EV": 341.63330181949954, "Wass_scaled": 0.11858929017709252, "Wass_multi": 5.17341233924591, "time_wass": 0.3596148709766567}