{
	"nodecount" : 40861,
	"peaknodes" : 47553,
	"total_load_time" : 8.34987,
	"build_time" : 6.90134,
	"wmc_time" : 0.00997496
}
