{
	"nodecount" : 38293,
	"peaknodes" : 43851,
	"total_load_time" : 5.33818,
	"build_time" : 4.82334,
	"wmc_time" : 0.0104868
}
