{
	"nodecount" : 44279,
	"peaknodes" : 48672,
	"total_load_time" : 6.73693,
	"build_time" : 5.76446,
	"wmc_time" : 0.015883
}
