{"distribution": "lg", "edges": [["A", "D"], ["B", "D"], ["D", "E"], ["C", "E"]], "root_params": "A ~ N(20,20) B ~ N(20,20) C ~ N(15,15)", "experiment": 103, "not_root_params": "D   ~   N ( 2 A + 3 B , 3 . 2 5 )   E   ~   N ( 3 C + 3 D , 3 . 2 5 )", "sample_size": 1525, "means": {"A": 20, "B": 20, "C": 15, "D": 100, "E": 345}, "disc_method": "EV", "bins": 17, "target_column": null, "CPT_method": "Bayes", "time_disc": 0.09785394882783294, "time_cnf": 0.39828080125153065, "time_VE": 0.002160326112061739, "time_BP": 0.007500889245420694, "RMSE": 17.020845534427053, "WRMSE": 17.033576958945883, "MAE": 13.6183754942558, "PE": 0.05298202612388248, "exact_EV": 345, "disc_EV": 344.8172120098726, "Wass_scaled": 0.2159811475326629, "Wass_multi": 3.331691408661826, "time_wass": 1.0625014849938452}