{"distribution": "lg", "edges": [["A", "D"], ["B", "D"], ["D", "E"], ["C", "E"]], "root_params": "A ~ N(20,20) B ~ N(20,20) C ~ N(15,15)", "experiment": 103, "not_root_params": "D   ~   N ( 2 A + 3 B , 3 . 2 5 )   E   ~   N ( 3 C + 3 D , 3 . 2 5 )", "sample_size": 1525, "means": {"A": 20, "B": 20, "C": 15, "D": 100, "E": 345}, "disc_method": "EB", "bins": 30, "target_column": null, "CPT_method": "Bayes", "time_disc": 0.110680500001763, "time_cnf": 0.8065104999986943, "time_VE": 0.0016548999992664903, "time_BP": 0.021226700002443977, "RMSE": 32.6814103786593, "WRMSE": 18.423221446018378, "MAE": 28.205336804642457, "PE": 0.5200776859758504, "exact_EV": 345, "disc_EV": 346.7942680166167, "Wass_scaled": 0.024994274011208472, "Wass_multi": 2.1319988922652646, "time_wass": 0.8954364000092028}