{"distribution": "lg", "edges": [["A", "D"], ["B", "D"], ["D", "E"], ["C", "E"]], "root_params": "A ~ N(20,20) B ~ N(20,20) C ~ N(15,15)", "experiment": 103, "not_root_params": "D   ~   N ( 2 A + 3 B , 3 . 2 5 )   E   ~   N ( 3 C + 3 D , 3 . 2 5 )", "sample_size": 1525, "means": {"A": 20, "B": 20, "C": 15, "D": 100, "E": 345}, "disc_method": "EB", "bins": 25, "target_column": null, "CPT_method": "Bayes", "time_disc": 0.10835775779560208, "time_cnf": 2.686455118935555, "time_VE": 0.002642301842570305, "time_BP": 0.011023950297385454, "RMSE": 32.51948590261262, "WRMSE": 18.061258676961277, "MAE": 27.96399073721147, "PE": 0.39404052168514275, "exact_EV": 345, "disc_EV": 346.35943979981374, "Wass_scaled": 0.030726146816674016, "Wass_multi": 2.566801508380322, "time_wass": 0.8272829717025161}