{"distribution": "lg", "edges": [["A", "D"], ["B", "D"], ["D", "E"], ["C", "E"]], "root_params": "A ~ N(20,20) B ~ N(20,20) C ~ N(15,15)", "experiment": 103, "not_root_params": "D   ~   N ( 2 A + 3 B , 3 . 2 5 )   E   ~   N ( 3 C + 3 D , 3 . 2 5 )", "sample_size": 1525, "means": {"A": 20, "B": 20, "C": 15, "D": 100, "E": 345}, "disc_method": "EB", "bins": 5, "target_column": null, "CPT_method": "Bayes", "time_disc": 0.15832886192947626, "time_cnf": 0.3363103889860213, "time_VE": 0.002675606869161129, "time_BP": 0.008122620172798634, "RMSE": 13.778700363301919, "WRMSE": 7.068713379071454, "MAE": 11.181909497560856, "PE": 0.02758624387145877, "exact_EV": 345, "disc_EV": 344.90482745864347, "Wass_scaled": 0.16677040311680089, "Wass_multi": 11.928069539753471, "time_wass": 0.9366116020828485}