{
	"nodecount" : 10575,
	"peaknodes" : 11015,
	"total_load_time" : 0.71761,
	"build_time" : 0.589727,
	"wmc_time" : 0.00574183
}
