{
	"nodecount" : 85635,
	"peaknodes" : 95853,
	"total_load_time" : 11.1923,
	"build_time" : 9.66174,
	"wmc_time" : 0.0219159
}
