{
	"nodecount" : 61699,
	"peaknodes" : 64593,
	"total_load_time" : 4.60749,
	"build_time" : 4.10167,
	"wmc_time" : 0.0208821
}
