{"distribution": "lg", "edges": [["A", "D"], ["B", "D"], ["D", "E"], ["C", "E"]], "root_params": "A ~ N(20,20) B ~ N(20,20) C ~ N(15,15)", "experiment": 103, "not_root_params": "D   ~   N ( 2 A + 3 B , 3 . 2 5 )   E   ~   N ( 3 C + 3 D , 3 . 2 5 )", "sample_size": 1525, "means": {"A": 20, "B": 20, "C": 15, "D": 100, "E": 345}, "disc_method": "EB", "bins": 10, "target_column": null, "CPT_method": "Bayes", "time_disc": 0.10010159900411963, "time_cnf": 0.25315450178459287, "time_VE": 0.0019444781355559826, "time_BP": 0.007433412130922079, "RMSE": 26.611398502204096, "WRMSE": 12.014232829991546, "MAE": 21.120526567538057, "PE": 0.05897562172824597, "exact_EV": 345, "disc_EV": 345.20346589496245, "Wass_scaled": 0.08026555873824713, "Wass_multi": 6.361251409981214, "time_wass": 1.0456463689915836}