{
	"nodecount" : 32775,
	"peaknodes" : 34941,
	"total_load_time" : 2.30284,
	"build_time" : 2.13455,
	"wmc_time" : 0.013777
}
