{"distribution": "lg", "edges": [["A", "D"], ["B", "D"], ["D", "E"], ["C", "E"]], "root_params": "A ~ N(20,20) B ~ N(20,20) C ~ N(15,15)", "experiment": 103, "not_root_params": "D   ~   N ( 2 A + 3 B , 3 . 2 5 )   E   ~   N ( 3 C + 3 D , 3 . 2 5 )", "sample_size": 1525, "means": {"A": 20, "B": 20, "C": 15, "D": 100, "E": 345}, "disc_method": "EV", "bins": 20, "target_column": null, "CPT_method": "Bayes", "time_disc": 0.09523130000161473, "time_cnf": 0.23183619999326766, "time_VE": 0.0015675000031478703, "time_BP": 0.014216600000509061, "RMSE": 17.53998345030532, "WRMSE": 17.565548266428323, "MAE": 14.056029589788526, "PE": 0.05446648533039031, "exact_EV": 345, "disc_EV": 344.81209062561015, "Wass_scaled": 0.19958339340832698, "Wass_multi": 2.903204078038693, "time_wass": 1.0836277999915183}