{"distribution": "lg", "edges": [["A", "D"], ["B", "D"], ["D", "E"], ["C", "E"]], "root_params": "A ~ N(20,20) B ~ N(20,20) C ~ N(15,15)", "experiment": 103, "not_root_params": "D   ~   N ( 2 A + 3 B , 3 . 2 5 )   E   ~   N ( 3 C + 3 D , 3 . 2 5 )", "sample_size": 1525, "means": {"A": 20, "B": 20, "C": 15, "D": 100, "E": 345}, "disc_method": "EB", "bins": 20, "target_column": null, "CPT_method": "Bayes", "time_disc": 0.09807000000728294, "time_cnf": 0.236865900005796, "time_VE": 0.001593900000443682, "time_BP": 0.011072900000726804, "RMSE": 32.099610622740634, "WRMSE": 17.371803507435732, "MAE": 27.38308188183226, "PE": 0.40659826736058663, "exact_EV": 345, "disc_EV": 346.402764022394, "Wass_scaled": 0.04116431905708009, "Wass_multi": 3.2196963314345584, "time_wass": 0.9924543000088306}