{
	"nodecount" : 32185,
	"peaknodes" : 32484,
	"total_load_time" : 1.66843,
	"build_time" : 1.51359,
	"wmc_time" : 0.0139799
}
