{
	"nodecount" : 1831,
	"peaknodes" : 1894,
	"total_load_time" : 0.15107,
	"build_time" : 0.0798571,
	"wmc_time" : 0.00282717
}
