{
	"nodecount" : 22621,
	"peaknodes" : 22714,
	"total_load_time" : 1.18824,
	"build_time" : 1.01694,
	"wmc_time" : 0.00765705
}
