{"distribution": "lg", "edges": [["A", "D"], ["B", "D"], ["D", "E"], ["C", "E"]], "root_params": "A ~ N(20,20) B ~ N(20,20) C ~ N(15,15)", "experiment": 103, "not_root_params": "D   ~   N ( 2 A + 3 B , 3 . 2 5 )   E   ~   N ( 3 C + 3 D , 3 . 2 5 )", "sample_size": 1525, "means": {"A": 20, "B": 20, "C": 15, "D": 100, "E": 345}, "disc_method": "MDLP", "bins": 2, "target_column": "E", "CPT_method": "Bayes", "time_disc": 1.1268899999995483, "time_cnf": 0.07459029999154154, "time_VE": 0.0034551999997347593, "time_BP": 0.014225999999325722, "RMSE": 12.087821292716882, "WRMSE": 12.99813888852425, "MAE": 10.15554216455483, "PE": 0.18565806016368513, "exact_EV": 345, "disc_EV": 344.3594796924353, "Wass_scaled": 0.43669692939299515, "Wass_multi": 3.2689437655589932, "time_wass": 1.040401699996437}