{"distribution": "lg", "edges": [["A", "D"], ["B", "D"], ["D", "E"], ["C", "E"]], "root_params": "A ~ N(20,20) B ~ N(20,20) C ~ N(15,15)", "experiment": 103, "not_root_params": "D   ~   N ( 2 A + 3 B , 3 . 2 5 )   E   ~   N ( 3 C + 3 D , 3 . 2 5 )", "sample_size": 1525, "means": {"A": 20, "B": 20, "C": 15, "D": 100, "E": 345}, "disc_method": "EB", "bins": 20, "target_column": null, "CPT_method": "Bayes", "time_disc": 0.10441896598786116, "time_cnf": 0.6101342178881168, "time_VE": 0.0024712630547583103, "time_BP": 0.009745352901518345, "RMSE": 32.09961062274064, "WRMSE": 17.371803507435743, "MAE": 27.383081881832265, "PE": 0.40659826736058663, "exact_EV": 345, "disc_EV": 346.402764022394, "Wass_scaled": 0.04116431905708009, "Wass_multi": 3.2196963314345584, "time_wass": 0.9659464093856514}