{"distribution": "lg", "edges": [["A", "D"], ["B", "D"], ["D", "E"], ["C", "E"]], "root_params": "A ~ N(20,20) B ~ N(20,20) C ~ N(15,15)", "experiment": 103, "not_root_params": "D   ~   N ( 2 A + 3 B , 3 . 2 5 )   E   ~   N ( 3 C + 3 D , 3 . 2 5 )", "sample_size": 1525, "means": {"A": 20, "B": 20, "C": 15, "D": 100, "E": 345}, "disc_method": "EB", "bins": 12, "target_column": null, "CPT_method": "Bayes", "time_disc": 0.09961219999240711, "time_cnf": 0.050424299988662824, "time_VE": 0.0020678000000771135, "time_BP": 0.005619399991701357, "RMSE": 28.41104921685192, "WRMSE": 13.744417119656996, "MAE": 23.20351715386035, "PE": 0.16889032078021654, "exact_EV": 345, "disc_EV": 345.58267160669175, "Wass_scaled": 0.0680424494294335, "Wass_multi": 5.356272951607043, "time_wass": 1.0110806000011507}