{
	"nodecount" : 15646,
	"peaknodes" : 16310,
	"total_load_time" : 1.4964,
	"build_time" : 1.44082,
	"wmc_time" : 0.00607491,
	"wmc_value" : 1,
	"bn_to_cnf_time" : 0.038218
}
