{
	"nodecount" : 7217,
	"peaknodes" : 7217,
	"total_load_time" : 0.507326,
	"build_time" : 0.295142,
	"wmc_time" : 0.00443292
}
