{
	"nodecount" : 61699,
	"peaknodes" : 64593,
	"total_load_time" : 7.38296,
	"build_time" : 6.74716,
	"wmc_time" : 0.0154252,
	"wmc_value" : 1,
	"bn_to_cnf_time" : 0.546108
}
