{
	"nodecount" : 43232,
	"peaknodes" : 45889,
	"total_load_time" : 3.12702,
	"build_time" : 2.8681,
	"wmc_time" : 0.0122879
}
