{"distribution": "lg", "edges": [["A", "D"], ["B", "D"], ["D", "E"], ["C", "E"]], "root_params": "A ~ N(20,20) B ~ N(20,20) C ~ N(15,15)", "experiment": 103, "not_root_params": "D   ~   N ( 2 A + 3 B , 3 . 2 5 )   E   ~   N ( 3 C + 3 D , 3 . 2 5 )", "sample_size": 1525, "means": {"A": 20, "B": 20, "C": 15, "D": 100, "E": 345}, "disc_method": "EV", "bins": 17, "target_column": null, "CPT_method": "Bayes", "time_disc": 0.1026183000067249, "time_cnf": 0.14125610000337474, "time_VE": 0.0015178000030573457, "time_BP": 0.007318500007386319, "RMSE": 17.020845534427053, "WRMSE": 17.03357695894588, "MAE": 13.618375494255796, "PE": 0.05298202612388248, "exact_EV": 345, "disc_EV": 344.8172120098726, "Wass_scaled": 0.2159811475326629, "Wass_multi": 3.331691408661826, "time_wass": 1.0799287999980152}