{
	"nodecount" : 15078,
	"peaknodes" : 15121,
	"total_load_time" : 0.772997,
	"build_time" : 0.678078,
	"wmc_time" : 0.00641918
}
