{
	"nodecount" : 1850,
	"peaknodes" : 1902,
	"total_load_time" : 0.122364,
	"build_time" : 0.109799,
	"wmc_time" : 0.00413609,
	"wmc_value" : 1,
	"bn_to_cnf_time" : 0.00366282
}
