{
	"nodecount" : 64560,
	"peaknodes" : 67647,
	"total_load_time" : 3.93464,
	"build_time" : 3.55088,
	"wmc_time" : 0.019134
}
