{
	"nodecount" : 81008,
	"peaknodes" : 87246,
	"total_load_time" : 5.41697,
	"build_time" : 4.75214,
	"wmc_time" : 0.0243821
}
