{"distribution": "lg", "edges": [["A", "D"], ["B", "D"], ["D", "E"], ["C", "E"]], "root_params": "A ~ N(20,20) B ~ N(20,20) C ~ N(15,15)", "experiment": 103, "not_root_params": "D   ~   N ( 2 A + 3 B , 3 . 2 5 )   E   ~   N ( 3 C + 3 D , 3 . 2 5 )", "sample_size": 1525, "means": {"A": 20, "B": 20, "C": 15, "D": 100, "E": 345}, "disc_method": "EV", "bins": 14, "target_column": null, "CPT_method": "Bayes", "time_disc": 0.09661170000617858, "time_cnf": 0.08020399999804795, "time_VE": 0.0014146000030450523, "time_BP": 0.009256399993319064, "RMSE": 15.816336181556085, "WRMSE": 15.82142843700988, "MAE": 12.690292359011929, "PE": 0.0675677448356035, "exact_EV": 345, "disc_EV": 344.76689128031717, "Wass_scaled": 0.2386960539311137, "Wass_multi": 3.9420571281699948, "time_wass": 1.0730761000013445}