{
	"nodecount" : 75850,
	"peaknodes" : 80563,
	"total_load_time" : 8.00025,
	"build_time" : 6.72113,
	"wmc_time" : 0.02068
}
