{"distribution": "lg", "edges": [["A", "D"], ["B", "D"], ["D", "E"], ["C", "E"]], "root_params": "A ~ N(20,20) B ~ N(20,20) C ~ N(15,15)", "experiment": 103, "not_root_params": "D   ~   N ( 2 A + 3 B , 3 . 2 5 )   E   ~   N ( 3 C + 3 D , 3 . 2 5 )", "sample_size": 1525, "means": {"A": 20, "B": 20, "C": 15, "D": 100, "E": 345}, "disc_method": "EB", "bins": 14, "target_column": null, "CPT_method": "Bayes", "time_disc": 0.10428319999482483, "time_cnf": 0.08598679999704473, "time_VE": 0.001988200005143881, "time_BP": 0.01342099999601487, "RMSE": 29.822610838823397, "WRMSE": 15.013311730404373, "MAE": 24.762928090856782, "PE": 0.29963314552524156, "exact_EV": 345, "disc_EV": 346.0337343520621, "Wass_scaled": 0.05494906318367572, "Wass_multi": 4.541896571621694, "time_wass": 1.028332900008536}