{"A": {"0": -0.523710710585918, "1": 2.442210157219983}, "B": {"0": -1.1524930812980754, "1": 1.1411396998794916}, "C": {"0": 0.18498163849880042, "1": 5.322926401394252}, "D": {"0": -0.7229305406035701, "1": 0.8881737188555}, "E": {"0": -0.5432754189152079, "1": 1.5232766900079595}, "F": {"0": -0.7941497898130214, "1": 0.807451497902654}, "U1": {"0": -0.8158714279588128, "1": 0.7747185597854743}, "U2": {"0": -0.8018361753454291, "1": 0.805460154461929}, "Y": {"0": 0.4903661985028606, "1": 4.088327835753767}}