{"ACLED_fatalities_total": {"0": 0.3, "1": 2.0, "2": 3.0, "3": 4.0, "4": 5.0, "5": 6.533333333333333, "6": 8.0, "7": 9.0, "8": 11.266666666666667, "9": 14.454545454545455, "10": 16.25, "11": 18.77777777777778, "12": 22.09090909090909, "13": 26.3, "14": 32.55555555555556, "15": 39.22222222222222, "16": 66.63636363636364, "17": 92.36363636363636, "18": 141.44444444444446, "19": 556.5555555555555}, "ACLED_fatalities_Violence_against_civilians": {"0": 0.2696629213483146, "1": 2.0, "2": 3.0, "3": 4.0, "4": 5.0, "5": 6.384615384615385, "6": 9.11111111111111, "7": 17.363636363636363, "8": 34.25}, "ACLED_events_total": {"0": 0.25, "1": 2.0, "2": NaN, "3": 3.0, "4": 4.0, "5": 5.0, "6": 6.0, "7": 7.0, "8": 9.266666666666667, "9": 11.0, "10": 12.0, "11": 13.0, "12": 14.444444444444445, "13": 17.88888888888889, "14": 21.333333333333332, "15": 24.375, "16": 26.833333333333332, "17": 30.6, "18": 35.5, "19": 40.111111111111114, "20": 48.81818181818182, "21": 57.111111111111114, "22": 73.1, "23": 107.77777777777777, "24": 139.7, "25": 172.7, "26": 303.6, "27": 912.8}, "CIESIN_GPWv411_GPW_Population_Density_population_density_max": {"0": 23.58591570854187, "1": 48.60413703918457, "2": 87.35632858276367, "3": 103.5103973388672, "4": 112.75691223144531, "5": 115.32411117553711, "6": 122.5497917175293, "7": 138.26063385009766, "8": 164.72785101996527, "9": 191.1565185546875, "10": 213.01975123087564, "11": 215.4719207763672, "12": 215.4719390869141, "13": 217.58936767578126, "14": 218.2037734985351, "15": 236.7457081187855, "16": 258.9083979679988, "17": 261.7306867327009, "18": 287.33627700805664, "19": 463.2234232584635, "20": 496.91973266601565, "21": 507.9368896484375, "22": 549.0921848842075, "23": 597.0556553431919, "24": 626.5200378417969, "25": 759.4527316623264, "26": 1583.5853659889915, "27": 2247.0511779785156, "28": 4742.625927734375, "29": 8524.763525390625}, "spam2010v2r0_global_prod_P_RICE_I_min": {"0": 0.003517587992114637, "1": 0.2571428631033216, "2": 0.6777777804268731, "3": 3.290000057220459, "4": 8.336363835768266, "5": 13.993211940849172, "6": 20.533333248562283, "7": 41.70833317438761, "8": 68.46250057220459, "9": 93.55000076293945, "10": 140.5799987792969}, "ECMWF_ERA5_LAND_MONTHLY_soil_temperature_level_1_sum_sum": {"0": 24575.542041015626, "1": 38502.70834960938, "2": 47904.21110839844, "3": 52335.67102050782, "4": 61400.484754774305, "5": 65704.30192871093, "6": 70987.85517578125, "7": 75221.11625976562, "8": 79226.96308051216, "9": 84828.58671875, "10": 88191.70439453125, "11": 92322.92172851562, "12": 96680.02948676217, "13": 100253.61513671876, "14": 103389.66208496093, "15": 106893.09877929688, "16": 112160.42268066407, "17": 119728.68093532986, "18": 126690.35141601562, "19": 133233.8151611328, "20": 142781.67866210936, "21": 151477.83132595487, "22": 163076.66228027345, "23": 176556.99421386718, "24": 191079.64528808597, "25": 211297.33048502603, "26": 229506.88120117187, "27": 261992.59221191407, "28": 406428.0031494141, "29": 1699847.947265625}, "NASA_GPM_L3_IMERG_MONTHLY_V06_precipitationQualityIndex_max_max": {"0": 10.314198875427246, "1": 13.706135845184326, "2": 15.344957160949708, "3": 15.76337833404541, "4": 16.148269441392685, "5": 16.282769012451173, "6": 16.560437965393067, "7": 16.982530403137208, "8": 17.386864132351345, "9": 17.50248232754794, "10": 17.613498475816513, "11": 17.850354194641113, "12": 18.096891191270615, "13": 18.43065608631481, "14": 18.817126592000328, "15": 19.26628646850586, "16": 19.50036563873291, "17": 19.61399989657932, "18": 19.872780418395998, "19": 20.314378929138183, "20": 20.699272918701173, "21": 21.028234481811523, "22": 21.4717341336337, "23": 21.97459390428331, "24": 23.162089157104493, "25": 23.88101535373264, "26": 25.300341924031574, "27": 27.265899181365967, "28": 30.09146213531494, "29": 33.076052856445315}, "NASA_FLDAS_NOAH01_C_GL_M_V001_Qle_tavg_max_std": {"0": 3.8840730979774585, "1": 8.020177540279665, "2": 8.556923801822276, "3": 8.807338675073915, "4": 9.12702420738931, "5": 9.58373136434108, "6": 9.976741883392599, "7": 10.244048677008475, "8": 10.538096501101279, "9": 10.818071889263692, "10": 11.339911356580437, "11": 11.907980497627229, "12": 12.670762123523215, "13": 13.661980549475597, "14": 15.283778403083707, "15": 18.561813981452993, "16": 22.702247495642855, "17": 26.080415055443726, "18": 28.162460814411208, "19": 30.22577500104403, "20": 33.67650766561985, "21": 36.90483667870915, "22": 39.01858049344944, "23": 40.50849924622351, "24": 42.02091067972473, "25": 43.30781347795391, "26": 44.15903891918102, "27": 44.81098222922786, "28": 45.89217063689046, "29": 46.78768048100024}}