{"A": {"0": 14.995975902022206, "1": 16.863150707847158, "2": 18.02392385000499, "3": 19.147936433603583, "4": 20.299329237223642, "5": 21.548056241410148, "6": 22.459255965981765, "7": 23.696544334308232}, "B": {"0": 16.056136011007766, "1": 17.150010560190097, "2": 18.59178972021517, "3": 19.959961029356958, "4": 21.183605263028912, "5": 22.53987830405241, "6": 23.439034385233256, "7": 25.44022724415108}, "C": {"0": 11.00564553333261, "1": 12.38844758861357, "2": 13.734853318308451, "3": 14.984815191741555, "4": 16.486380763313885, "5": 17.563899774438095, "6": 19.231075040459913, "7": 21.204051030173076}, "D": {"0": 83.92201277480285, "1": 89.48411342156831, "2": 93.8248695188581, "3": 98.69173916485944, "4": 103.12953797983326, "5": 107.80671352652122, "6": 113.1563509693119, "7": 117.5125539316585}, "E": {"0": 298.77299341750665, "1": 313.4311918647911, "2": 327.1870221802928, "3": 340.6677706588499, "4": 354.65935099633145, "5": 365.94965134297576, "6": 379.06813419230184, "7": 396.0235892081992}}