{"distribution": "lg", "edges": [["A", "D"], ["B", "D"], ["D", "E"], ["C", "E"]], "root_params": "A ~ N(20,20) B ~ N(20,20) C ~ N(15,15)", "experiment": 121, "not_root_params": "D   ~   N ( 2 A + 3 B , 1 . 8 4 3 7 5 )   E   ~   N ( 3 C + 3 D , 1 . 8 4 3 7 5 )", "sample_size": 991, "means": {"A": 20, "B": 20, "C": 15, "D": 100, "E": 345}, "disc_method": "EB", "bins": 14, "target_column": null, "CPT_method": "MLE", "time_disc": 0.06993024097755551, "time_cnf": 0.46832459792494774, "time_VE": 0.002056925091892481, "time_BP": 0.007482938002794981, "RMSE": 5.22539047097946, "WRMSE": 1.634957816901307, "MAE": 3.2190223926388546, "PE": 0.0033319963927004974, "exact_EV": 345, "disc_EV": 345.0114953875548, "Wass_scaled": 0.05101241626563032, "Wass_multi": 1.478419312029511, "time_wass": 0.5462399888783693}