{
	"nodecount" : 9856,
	"peaknodes" : 9910,
	"total_load_time" : 0.91304,
	"build_time" : 0.68368,
	"wmc_time" : 0.00509882
}
