{
	"nodecount" : 31667,
	"peaknodes" : 34626,
	"total_load_time" : 5.53738,
	"build_time" : 4.74679,
	"wmc_time" : 0.010443
}
