{"distribution": "lg", "edges": [["A", "D"], ["B", "D"], ["D", "E"], ["C", "E"]], "root_params": "A ~ N(20,20) B ~ N(20,20) C ~ N(15,15)", "experiment": 121, "not_root_params": "D   ~   N ( 2 A + 3 B , 1 . 8 4 3 7 5 )   E   ~   N ( 3 C + 3 D , 1 . 8 4 3 7 5 )", "sample_size": 991, "means": {"A": 20, "B": 20, "C": 15, "D": 100, "E": 345}, "disc_method": "EV", "bins": 12, "target_column": null, "CPT_method": "MLE", "time_disc": 0.191578700003447, "time_cnf": 0.11990229999355506, "time_VE": 0.0029959999956190586, "time_BP": 0.015069900007802062, "RMSE": 0.3792089679911184, "WRMSE": 0.3795579927183233, "MAE": 0.2981133181417164, "PE": 0.0002382407236065932, "exact_EV": 345, "disc_EV": 345.00082193049644, "Wass_scaled": 0.2509185193880287, "Wass_multi": 1.4190323197562107, "time_wass": 0.7748678999923868}