{"distribution": "lg", "edges": [["A", "D"], ["B", "D"], ["D", "E"], ["C", "E"]], "root_params": "A ~ N(20,20) B ~ N(20,20) C ~ N(15,15)", "experiment": 121, "not_root_params": "D   ~   N ( 2 A + 3 B , 1 . 8 4 3 7 5 )   E   ~   N ( 3 C + 3 D , 1 . 8 4 3 7 5 )", "sample_size": 991, "means": {"A": 20, "B": 20, "C": 15, "D": 100, "E": 345}, "disc_method": "EB", "bins": 10, "target_column": null, "CPT_method": "MLE", "time_disc": 0.07360300188884139, "time_cnf": 0.22232881793752313, "time_VE": 0.0018276898190379143, "time_BP": 0.007644166238605976, "RMSE": 4.1106432224029685, "WRMSE": 1.281350322862599, "MAE": 2.447959716247129, "PE": 0.043924989655398095, "exact_EV": 345, "disc_EV": 344.8484587856889, "Wass_scaled": 0.084226379023022, "Wass_multi": 2.0701260130748276, "time_wass": 0.5387853300198913}