{
	"nodecount" : 4791,
	"peaknodes" : 4791,
	"total_load_time" : 0.359405,
	"build_time" : 0.215469,
	"wmc_time" : 0.00355721
}
