{"distribution": "lg", "edges": [["A", "D"], ["B", "D"], ["D", "E"], ["C", "E"]], "root_params": "A ~ N(20,20) B ~ N(20,20) C ~ N(15,15)", "experiment": 121, "not_root_params": "D   ~   N ( 2 A + 3 B , 1 . 8 4 3 7 5 )   E   ~   N ( 3 C + 3 D , 1 . 8 4 3 7 5 )", "sample_size": 991, "means": {"A": 20, "B": 20, "C": 15, "D": 100, "E": 345}, "disc_method": "EB", "bins": 20, "target_column": null, "CPT_method": "MLE", "time_disc": 0.18431260000215843, "time_cnf": 0.422355200003949, "time_VE": 0.00521889999799896, "time_BP": 0.015879500002483837, "RMSE": 7.07438717920768, "WRMSE": 2.369453370436561, "MAE": 4.759816903425363, "PE": 0.0173536445283778, "exact_EV": 345, "disc_EV": 344.9401299263771, "Wass_scaled": 0.036587263460527195, "Wass_multi": 1.0278567345220255, "time_wass": 0.6109152999997605}