{
	"nodecount" : 32119,
	"peaknodes" : 35885,
	"total_load_time" : 3.84868,
	"build_time" : 3.42346,
	"wmc_time" : 0.010263
}
