{"distribution": "lg", "edges": [["A", "D"], ["B", "D"], ["D", "E"], ["C", "E"]], "root_params": "A ~ N(20,20) B ~ N(20,20) C ~ N(15,15)", "experiment": 121, "not_root_params": "D   ~   N ( 2 A + 3 B , 1 . 8 4 3 7 5 )   E   ~   N ( 3 C + 3 D , 1 . 8 4 3 7 5 )", "sample_size": 991, "means": {"A": 20, "B": 20, "C": 15, "D": 100, "E": 345}, "disc_method": "EV", "bins": 5, "target_column": null, "CPT_method": "MLE", "time_disc": 0.14589189999969676, "time_cnf": 0.009527000001980923, "time_VE": 0.0018075000116368756, "time_BP": 0.012311500002397224, "RMSE": 0.7160485566068775, "WRMSE": 0.7158636073359873, "MAE": 0.5640998611308646, "PE": 0.007106262551479117, "exact_EV": 345, "disc_EV": 344.9754833941974, "Wass_scaled": 0.41464839075536236, "Wass_multi": 2.9733292318517655, "time_wass": 0.6012813999986975}