{
	"nodecount" : 1486,
	"peaknodes" : 1486,
	"total_load_time" : 0.455772,
	"build_time" : 0.37624,
	"wmc_time" : 0.00232506
}
