{"distribution": "lg", "edges": [["A", "D"], ["B", "D"], ["D", "E"], ["C", "E"]], "root_params": "A ~ N(20,20) B ~ N(20,20) C ~ N(15,15)", "experiment": 121, "not_root_params": "D   ~   N ( 2 A + 3 B , 1 . 8 4 3 7 5 )   E   ~   N ( 3 C + 3 D , 1 . 8 4 3 7 5 )", "sample_size": 991, "means": {"A": 20, "B": 20, "C": 15, "D": 100, "E": 345}, "disc_method": "EV", "bins": 14, "target_column": null, "CPT_method": "MLE", "time_disc": 0.2527595999999903, "time_cnf": 0.14803710000705905, "time_VE": 0.0045473999925889075, "time_BP": 0.01903850000235252, "RMSE": 0.6612240778053484, "WRMSE": 0.6615942056357359, "MAE": 0.44316250855608325, "PE": 0.044353737151460744, "exact_EV": 345, "disc_EV": 345.15302039317254, "Wass_scaled": 0.2298511537981102, "Wass_multi": 1.2397050151049174, "time_wass": 0.8038499000103911}