{
	"nodecount" : 8261,
	"peaknodes" : 8797,
	"total_load_time" : 1.06526,
	"build_time" : 0.861743,
	"wmc_time" : 0.00572586
}
