{
	"nodecount" : 28876,
	"peaknodes" : 31140,
	"total_load_time" : 5.07394,
	"build_time" : 4.81804,
	"wmc_time" : 0.00777006,
	"wmc_value" : 1,
	"bn_to_cnf_time" : 0.167555
}
