{"distribution": "lg", "edges": [["A", "D"], ["B", "D"], ["D", "E"], ["C", "E"]], "root_params": "A ~ N(20,20) B ~ N(20,20) C ~ N(15,15)", "experiment": 121, "not_root_params": "D   ~   N ( 2 A + 3 B , 1 . 8 4 3 7 5 )   E   ~   N ( 3 C + 3 D , 1 . 8 4 3 7 5 )", "sample_size": 991, "means": {"A": 20, "B": 20, "C": 15, "D": 100, "E": 345}, "disc_method": "MDLP", "bins": 2, "target_column": "E", "CPT_method": "MLE", "time_disc": 1.0663928398862481, "time_cnf": 4.95559943607077, "time_VE": 0.003536737058311701, "time_BP": 0.01451148558408022, "RMSE": 0.3926232805929215, "WRMSE": 0.30309219769146933, "MAE": 0.27309296013281426, "PE": 0.02564141263280652, "exact_EV": 345, "disc_EV": 344.9115371264168, "Wass_scaled": 0.30794990642435305, "Wass_multi": 0.8448995206571434, "time_wass": 0.6544867400079966}