{
	"nodecount" : 1104,
	"peaknodes" : 1166,
	"total_load_time" : 0.25299,
	"build_time" : 0.0670321,
	"wmc_time" : 0.002074
}
