{
	"nodecount" : 5670,
	"peaknodes" : 6082,
	"total_load_time" : 0.640807,
	"build_time" : 0.502251,
	"wmc_time" : 0.00239205
}
