{"distribution": "lg", "edges": [["A", "D"], ["B", "D"], ["D", "E"], ["C", "E"]], "root_params": "A ~ N(20,20) B ~ N(20,20) C ~ N(15,15)", "experiment": 121, "not_root_params": "D   ~   N ( 2 A + 3 B , 1 . 8 4 3 7 5 )   E   ~   N ( 3 C + 3 D , 1 . 8 4 3 7 5 )", "sample_size": 991, "means": {"A": 20, "B": 20, "C": 15, "D": 100, "E": 345}, "disc_method": "EB", "bins": 25, "target_column": null, "CPT_method": "MLE", "time_disc": 0.09788443706929684, "time_cnf": 1.7029170631431043, "time_VE": 0.0025496408343315125, "time_BP": 0.010835632216185331, "RMSE": 7.779846993236843, "WRMSE": 2.894978339594574, "MAE": 5.6332546602871325, "PE": 0.04339527994304355, "exact_EV": 345, "disc_EV": 344.8502862841965, "Wass_scaled": 0.030838887808205647, "Wass_multi": 0.8244067588622785, "time_wass": 0.4541774410754442}