{
	"nodecount" : 34413,
	"peaknodes" : 40317,
	"total_load_time" : 21.6628,
	"build_time" : 17.1278,
	"wmc_time" : 0.0708971,
	"wmc_value" : 1,
	"bn_to_cnf_time" : 0.782515
}
