{
	"nodecount" : 4791,
	"peaknodes" : 4791,
	"total_load_time" : 0.601246,
	"build_time" : 0.566267,
	"wmc_time" : 0.00556397,
	"wmc_value" : 1,
	"bn_to_cnf_time" : 0.060715
}
