{"distribution": "lg", "edges": [["A", "D"], ["B", "D"], ["D", "E"], ["C", "E"]], "root_params": "A ~ N(20,20) B ~ N(20,20) C ~ N(15,15)", "experiment": 121, "not_root_params": "D   ~   N ( 2 A + 3 B , 1 . 8 4 3 7 5 )   E   ~   N ( 3 C + 3 D , 1 . 8 4 3 7 5 )", "sample_size": 991, "means": {"A": 20, "B": 20, "C": 15, "D": 100, "E": 345}, "disc_method": "EB", "bins": 5, "target_column": null, "CPT_method": "MLE", "time_disc": 0.06738663511350751, "time_cnf": 2.7883194759488106, "time_VE": 0.0018232348375022411, "time_BP": 0.006702790968120098, "RMSE": 2.257826477850508, "WRMSE": 1.269100939140654, "MAE": 1.8875627666593915, "PE": 0.01563544532987378, "exact_EV": 345, "disc_EV": 344.94605771361194, "Wass_scaled": 0.17134416417255685, "Wass_multi": 3.8403233634371396, "time_wass": 0.5362363727763295}