{"distribution": "lg", "edges": [["A", "D"], ["B", "D"], ["D", "E"], ["C", "E"]], "root_params": "A ~ N(20,20) B ~ N(20,20) C ~ N(15,15)", "experiment": 121, "not_root_params": "D   ~   N ( 2 A + 3 B , 1 . 8 4 3 7 5 )   E   ~   N ( 3 C + 3 D , 1 . 8 4 3 7 5 )", "sample_size": 991, "means": {"A": 20, "B": 20, "C": 15, "D": 100, "E": 345}, "disc_method": "EB", "bins": 30, "target_column": null, "CPT_method": "MLE", "time_disc": 0.19835209999291692, "time_cnf": 1.2251968000055058, "time_VE": 0.002629999988130294, "time_BP": 0.026596399999107234, "RMSE": 8.515402643841835, "WRMSE": 3.350351651667259, "MAE": 6.370017618760435, "PE": 0.10109187957203941, "exact_EV": 345, "disc_EV": 345.34876698452354, "Wass_scaled": 0.024739587528944115, "Wass_multi": 0.6815440733683552, "time_wass": 0.5033946000039577}