{
	"nodecount" : 2982,
	"peaknodes" : 3029,
	"total_load_time" : 0.324104,
	"build_time" : 0.212656,
	"wmc_time" : 0.00329494
}
