{"distribution": "lg", "edges": [["A", "D"], ["B", "D"], ["D", "E"], ["C", "E"]], "root_params": "A ~ N(20,20) B ~ N(20,20) C ~ N(15,15)", "experiment": 121, "not_root_params": "D   ~   N ( 2 A + 3 B , 1 . 8 4 3 7 5 )   E   ~   N ( 3 C + 3 D , 1 . 8 4 3 7 5 )", "sample_size": 991, "means": {"A": 20, "B": 20, "C": 15, "D": 100, "E": 345}, "disc_method": "EV", "bins": 17, "target_column": null, "CPT_method": "MLE", "time_disc": 0.06676830910146236, "time_cnf": 0.32122944481670856, "time_VE": 0.0023950738832354546, "time_BP": 0.008667710237205029, "RMSE": 0.6357297590268235, "WRMSE": 0.6365134632323809, "MAE": 0.5449215795067028, "PE": 0.010220768612587404, "exact_EV": 345, "disc_EV": 344.9647383482866, "Wass_scaled": 0.20885962312355627, "Wass_multi": 1.0553691058397292, "time_wass": 0.5670309849083424}