{
	"nodecount" : 2982,
	"peaknodes" : 3029,
	"total_load_time" : 0.379061,
	"build_time" : 0.345691,
	"wmc_time" : 0.00525403,
	"wmc_value" : 1,
	"bn_to_cnf_time" : 0.0176017
}
