{"distribution": "lg", "edges": [["A", "D"], ["B", "D"], ["D", "E"], ["C", "E"]], "root_params": "A ~ N(20,20) B ~ N(20,20) C ~ N(15,15)", "experiment": 121, "not_root_params": "D   ~   N ( 2 A + 3 B , 1 . 8 4 3 7 5 )   E   ~   N ( 3 C + 3 D , 1 . 8 4 3 7 5 )", "sample_size": 991, "means": {"A": 20, "B": 20, "C": 15, "D": 100, "E": 345}, "disc_method": "EB", "bins": 25, "target_column": null, "CPT_method": "MLE", "time_disc": 0.13497559999814257, "time_cnf": 0.6665213999949628, "time_VE": 0.003842999998596497, "time_BP": 0.016999900006339885, "RMSE": 7.779846993236843, "WRMSE": 2.894978339594574, "MAE": 5.6332546602871325, "PE": 0.04339527994304355, "exact_EV": 345, "disc_EV": 344.8502862841965, "Wass_scaled": 0.030838887808205647, "Wass_multi": 0.8244067588622785, "time_wass": 0.5225879999925382}