{
	"nodecount" : 34413,
	"peaknodes" : 40317,
	"total_load_time" : 7.66576,
	"build_time" : 6.54628,
	"wmc_time" : 0.011564
}
