{"distribution": "lg", "edges": [["A", "D"], ["B", "D"], ["D", "E"], ["C", "E"]], "root_params": "A ~ N(20,20) B ~ N(20,20) C ~ N(15,15)", "experiment": 121, "not_root_params": "D   ~   N ( 2 A + 3 B , 1 . 8 4 3 7 5 )   E   ~   N ( 3 C + 3 D , 1 . 8 4 3 7 5 )", "sample_size": 991, "means": {"A": 20, "B": 20, "C": 15, "D": 100, "E": 345}, "disc_method": "EV", "bins": 20, "target_column": null, "CPT_method": "MLE", "time_disc": 0.17938930001400877, "time_cnf": 0.3769077000033576, "time_VE": 0.002108200002112426, "time_BP": 0.015762299997732043, "RMSE": 1.182694647894471, "WRMSE": 1.1827560445219496, "MAE": 0.8854607834892562, "PE": 0.08586024524322346, "exact_EV": 345, "disc_EV": 345.2962178460891, "Wass_scaled": 0.1924373181105293, "Wass_multi": 0.9486537618441732, "time_wass": 0.7717965999909211}