{
	"nodecount" : 14515,
	"peaknodes" : 14790,
	"total_load_time" : 1.96292,
	"build_time" : 1.89342,
	"wmc_time" : 0.00583696,
	"wmc_value" : 1,
	"bn_to_cnf_time" : 0.0939617
}
