{"distribution": "lg", "edges": [["A", "D"], ["B", "D"], ["D", "E"], ["C", "E"]], "root_params": "A ~ N(20,20) B ~ N(20,20) C ~ N(15,15)", "experiment": 14, "not_root_params": "D   ~   N ( 2 A + 3 B , 2 )   E   ~   N ( 3 C + 3 D , 2 )", "sample_size": 600, "means": {"A": 20, "B": 20, "C": 15, "D": 100, "E": 345}, "disc_method": "EB", "bins": 14, "target_column": null, "CPT_method": "Bayespriors", "time_disc": 0.09622476203367114, "time_cnf": 0.3513033576309681, "time_VE": 0.0014181947335600853, "time_BP": 0.0060521322302520275, "RMSE": 14.11817547940285, "WRMSE": 4.6938807270832985, "MAE": 9.637453113851668, "PE": 0.1401436661665625, "exact_EV": 345, "disc_EV": 344.51650435172536, "Wass_scaled": 0.059503601846360304, "Wass_multi": 2.473881222548849, "time_wass": 0.29332198901101947}