{"distribution": "lg", "edges": [["A", "D"], ["B", "D"], ["D", "E"], ["C", "E"]], "root_params": "A ~ N(20,20) B ~ N(20,20) C ~ N(15,15)", "experiment": 14, "not_root_params": "D   ~   N ( 2 A + 3 B , 2 )   E   ~   N ( 3 C + 3 D , 2 )", "sample_size": 600, "means": {"A": 20, "B": 20, "C": 15, "D": 100, "E": 345}, "disc_method": "EB", "bins": 17, "target_column": null, "CPT_method": "Bayespriors", "time_disc": 0.17505449999589473, "time_cnf": 0.1371794000006048, "time_VE": 0.002185799996368587, "time_BP": 0.016972900004475378, "RMSE": 15.53320347375368, "WRMSE": 5.302714000260589, "MAE": 10.899017926720482, "PE": 0.16727246284463235, "exact_EV": 345, "disc_EV": 344.422910003186, "Wass_scaled": 0.04218393923346703, "Wass_multi": 2.080834866688416, "time_wass": 0.23139639999135397}