{"distribution": "lg", "edges": [["A", "D"], ["B", "D"], ["D", "E"], ["C", "E"]], "root_params": "A ~ N(20,20) B ~ N(20,20) C ~ N(15,15)", "experiment": 14, "not_root_params": "D   ~   N ( 2 A + 3 B , 2 )   E   ~   N ( 3 C + 3 D , 2 )", "sample_size": 600, "means": {"A": 20, "B": 20, "C": 15, "D": 100, "E": 345}, "disc_method": "EV", "bins": 17, "target_column": null, "CPT_method": "Bayespriors", "time_disc": 0.0993945300579071, "time_cnf": 0.3180704968981445, "time_VE": 0.0013518421910703182, "time_BP": 0.00594531511887908, "RMSE": 2.866748811671401, "WRMSE": 2.8771568854394896, "MAE": 2.0388629968558356, "PE": 0.1083874923627237, "exact_EV": 345, "disc_EV": 344.6260631513486, "Wass_scaled": 0.1854486477744954, "Wass_multi": 1.9846717563767962, "time_wass": 0.2752395560964942}