{
	"nodecount" : 12473,
	"peaknodes" : 13004,
	"total_load_time" : 1.4308,
	"build_time" : 1.36956,
	"wmc_time" : 0.00455403,
	"wmc_value" : 1,
	"bn_to_cnf_time" : 0.0494039
}
