{"distribution": "lg", "edges": [["A", "D"], ["B", "D"], ["D", "E"], ["C", "E"]], "root_params": "A ~ N(20,20) B ~ N(20,20) C ~ N(15,15)", "experiment": 14, "not_root_params": "D   ~   N ( 2 A + 3 B , 2 )   E   ~   N ( 3 C + 3 D , 2 )", "sample_size": 600, "means": {"A": 20, "B": 20, "C": 15, "D": 100, "E": 345}, "disc_method": "EV", "bins": 5, "target_column": null, "CPT_method": "Bayespriors", "time_disc": 0.09089131839573383, "time_cnf": 0.9456148957833648, "time_VE": 0.0013010730035603046, "time_BP": 0.004840022884309292, "RMSE": 1.6157503242065947, "WRMSE": 1.6157503242065947, "MAE": 1.3053970511231001, "PE": 0.06321930664622756, "exact_EV": 345, "disc_EV": 344.7818933920705, "Wass_scaled": 0.39403677900695744, "Wass_multi": 5.818319910761249, "time_wass": 0.2793498020619154}