{"distribution": "lg", "edges": [["A", "D"], ["B", "D"], ["D", "E"], ["C", "E"]], "root_params": "A ~ N(20,20) B ~ N(20,20) C ~ N(15,15)", "experiment": 14, "not_root_params": "D   ~   N ( 2 A + 3 B , 2 )   E   ~   N ( 3 C + 3 D , 2 )", "sample_size": 600, "means": {"A": 20, "B": 20, "C": 15, "D": 100, "E": 345}, "disc_method": "EV", "bins": 10, "target_column": null, "CPT_method": "Bayespriors", "time_disc": 0.1525402999977814, "time_cnf": 0.032179700006963685, "time_VE": 0.0029363000066950917, "time_BP": 0.005500899991602637, "RMSE": 0.9955007371759932, "WRMSE": 0.9955007371759933, "MAE": 0.877539171790238, "PE": 0.11152696853051512, "exact_EV": 345, "disc_EV": 344.6152319585697, "Wass_scaled": 0.25076574728235856, "Wass_multi": 3.1159939503577267, "time_wass": 0.2449244000017643}