{"distribution": "lg", "edges": [["A", "D"], ["B", "D"], ["D", "E"], ["C", "E"]], "root_params": "A ~ N(20,20) B ~ N(20,20) C ~ N(15,15)", "experiment": 14, "not_root_params": "D   ~   N ( 2 A + 3 B , 2 )   E   ~   N ( 3 C + 3 D , 2 )", "sample_size": 600, "means": {"A": 20, "B": 20, "C": 15, "D": 100, "E": 345}, "disc_method": "EB", "bins": 10, "target_column": null, "CPT_method": "Bayespriors", "time_disc": 0.09720608592033386, "time_cnf": 0.38815861102193594, "time_VE": 0.001306057907640934, "time_BP": 0.005400415044277906, "RMSE": 9.557257064982918, "WRMSE": 3.1099216065730935, "MAE": 6.096280872000375, "PE": 0.10781422720237575, "exact_EV": 345, "disc_EV": 344.6280409161518, "Wass_scaled": 0.07867695968378888, "Wass_multi": 3.4564695591922807, "time_wass": 0.26831301394850016}