{
	"nodecount" : 14974,
	"peaknodes" : 16249,
	"total_load_time" : 1.0317,
	"build_time" : 0.957504,
	"wmc_time" : 0.00430822
}
