{"distribution": "lg", "edges": [["A", "D"], ["B", "D"], ["D", "E"], ["C", "E"]], "root_params": "A ~ N(20,20) B ~ N(20,20) C ~ N(15,15)", "experiment": 14, "not_root_params": "D   ~   N ( 2 A + 3 B , 2 )   E   ~   N ( 3 C + 3 D , 2 )", "sample_size": 600, "means": {"A": 20, "B": 20, "C": 15, "D": 100, "E": 345}, "disc_method": "EB", "bins": 25, "target_column": null, "CPT_method": "Bayespriors", "time_disc": 0.11564504215493798, "time_cnf": 2.9621015866287053, "time_VE": 0.0015556658618152142, "time_BP": 0.008240626659244299, "RMSE": 18.02775665888883, "WRMSE": 7.538484365299711, "MAE": 14.018747778790075, "PE": 0.4960147603559813, "exact_EV": 345, "disc_EV": 343.28874907677186, "Wass_scaled": 0.026764594585190253, "Wass_multi": 1.3859089709684018, "time_wass": 0.25175581919029355}