{"distribution": "lg", "edges": [["A", "D"], ["B", "D"], ["D", "E"], ["C", "E"]], "root_params": "A ~ N(20,20) B ~ N(20,20) C ~ N(15,15)", "experiment": 14, "not_root_params": "D   ~   N ( 2 A + 3 B , 2 )   E   ~   N ( 3 C + 3 D , 2 )", "sample_size": 600, "means": {"A": 20, "B": 20, "C": 15, "D": 100, "E": 345}, "disc_method": "MDLP", "bins": 2, "target_column": "E", "CPT_method": "Bayespriors", "time_disc": 0.4511837111786008, "time_cnf": 0.4660044643096626, "time_VE": 0.0014146771281957626, "time_BP": 0.005144549999386072, "RMSE": 0.8761422806108541, "WRMSE": 0.9658376564005302, "MAE": 0.7418925963284693, "PE": 0.06731410362486594, "exact_EV": 345, "disc_EV": 344.7677663424942, "Wass_scaled": 0.3406664897770674, "Wass_multi": 1.9866685285776946, "time_wass": 0.2663165982812643}