{
	"nodecount" : 1413,
	"peaknodes" : 1479,
	"total_load_time" : 0.134333,
	"build_time" : 0.059994,
	"wmc_time" : 0.00183105
}
