{"distribution": "lg", "edges": [["A", "D"], ["B", "D"], ["D", "E"], ["C", "E"]], "root_params": "A ~ N(20,20) B ~ N(20,20) C ~ N(15,15)", "experiment": 14, "not_root_params": "D   ~   N ( 2 A + 3 B , 2 )   E   ~   N ( 3 C + 3 D , 2 )", "sample_size": 600, "means": {"A": 20, "B": 20, "C": 15, "D": 100, "E": 345}, "disc_method": "EV", "bins": 14, "target_column": null, "CPT_method": "Bayespriors", "time_disc": 0.0962423118762672, "time_cnf": 1.1682072058320045, "time_VE": 0.0014055492356419563, "time_BP": 0.0055486359633505344, "RMSE": 1.9622620979026444, "WRMSE": 1.9645393736737427, "MAE": 1.5479724223281843, "PE": 0.08964351038778896, "exact_EV": 345, "disc_EV": 344.6907298891621, "Wass_scaled": 0.20542879163094807, "Wass_multi": 2.3866166582881903, "time_wass": 0.2730818041600287}