{"distribution": "lg", "edges": [["A", "D"], ["B", "D"], ["D", "E"], ["C", "E"]], "root_params": "A ~ N(20,20) B ~ N(20,20) C ~ N(15,15)", "experiment": 14, "not_root_params": "D   ~   N ( 2 A + 3 B , 2 )   E   ~   N ( 3 C + 3 D , 2 )", "sample_size": 600, "means": {"A": 20, "B": 20, "C": 15, "D": 100, "E": 345}, "disc_method": "EV", "bins": 25, "target_column": null, "CPT_method": "Bayespriors", "time_disc": 0.17335759999696165, "time_cnf": 0.4978197999880649, "time_VE": 0.00441740000678692, "time_BP": 0.010486900006071664, "RMSE": 7.421828726416669, "WRMSE": 7.421828726416669, "MAE": 5.7839853627919915, "PE": 0.008509008160537132, "exact_EV": 345, "disc_EV": 345.02935607815385, "Wass_scaled": 0.14826666561421653, "Wass_multi": 1.385756865944784, "time_wass": 0.23828510000021197}