{
	"nodecount" : 19699,
	"peaknodes" : 22963,
	"total_load_time" : 4.79041,
	"build_time" : 4.45105,
	"wmc_time" : 0.00517511,
	"wmc_value" : 1,
	"bn_to_cnf_time" : 0.176438
}
