{
	"nodecount" : 12473,
	"peaknodes" : 13004,
	"total_load_time" : 0.815578,
	"build_time" : 0.706925,
	"wmc_time" : 0.00383806
}
