{"distribution": "lg", "edges": [["A", "D"], ["B", "D"], ["D", "E"], ["C", "E"]], "root_params": "A ~ N(20,20) B ~ N(20,20) C ~ N(15,15)", "experiment": 14, "not_root_params": "D   ~   N ( 2 A + 3 B , 2 )   E   ~   N ( 3 C + 3 D , 2 )", "sample_size": 600, "means": {"A": 20, "B": 20, "C": 15, "D": 100, "E": 345}, "disc_method": "EB", "bins": 5, "target_column": null, "CPT_method": "Bayespriors", "time_disc": 0.09859397308900952, "time_cnf": 0.17778694676235318, "time_VE": 0.0013228249736130238, "time_BP": 0.005246276035904884, "RMSE": 4.916278195049965, "WRMSE": 2.5617571042480343, "MAE": 3.8539895296135795, "PE": 0.06876656870126088, "exact_EV": 345, "disc_EV": 344.76275533798065, "Wass_scaled": 0.1727859564460227, "Wass_multi": 6.707658713296178, "time_wass": 0.27324633300304413}