{"distribution": "lg", "edges": [["A", "D"], ["B", "D"], ["D", "E"], ["C", "E"]], "root_params": "A ~ N(20,20) B ~ N(20,20) C ~ N(15,15)", "experiment": 14, "not_root_params": "D   ~   N ( 2 A + 3 B , 2 )   E   ~   N ( 3 C + 3 D , 2 )", "sample_size": 600, "means": {"A": 20, "B": 20, "C": 15, "D": 100, "E": 345}, "disc_method": "EB", "bins": 12, "target_column": null, "CPT_method": "Bayespriors", "time_disc": 0.15479749999940395, "time_cnf": 0.05248539999593049, "time_VE": 0.0015043000021250919, "time_BP": 0.013294499993207864, "RMSE": 10.958690853960023, "WRMSE": 3.5194225951448193, "MAE": 7.02185106757986, "PE": 0.0764516793024053, "exact_EV": 345, "disc_EV": 344.7362417064067, "Wass_scaled": 0.06612077967940232, "Wass_multi": 2.9072770403394705, "time_wass": 0.23416019999422133}