{
	"nodecount" : 9089,
	"peaknodes" : 9228,
	"total_load_time" : 0.58015,
	"build_time" : 0.480645,
	"wmc_time" : 0.00335407
}
