{"distribution": "lg", "edges": [["A", "D"], ["B", "D"], ["D", "E"], ["C", "E"]], "root_params": "A ~ N(20,20) B ~ N(20,20) C ~ N(15,15)", "experiment": 14, "not_root_params": "D   ~   N ( 2 A + 3 B , 2 )   E   ~   N ( 3 C + 3 D , 2 )", "sample_size": 600, "means": {"A": 20, "B": 20, "C": 15, "D": 100, "E": 345}, "disc_method": "EV", "bins": 20, "target_column": null, "CPT_method": "Bayespriors", "time_disc": 0.18236540000361856, "time_cnf": 0.2283900999900652, "time_VE": 0.0015779999957885593, "time_BP": 0.013165500000468455, "RMSE": 5.112149122761037, "WRMSE": 5.112149122761037, "MAE": 3.774007288869393, "PE": 0.05612030048786292, "exact_EV": 345, "disc_EV": 344.8063849633169, "Wass_scaled": 0.16771818667129848, "Wass_multi": 1.7005057044790877, "time_wass": 0.25264099999913014}