{
	"nodecount" : 1064,
	"peaknodes" : 1142,
	"total_load_time" : 0.124071,
	"build_time" : 0.0539939,
	"wmc_time" : 0.00168085
}
