{
	"nodecount" : 18516,
	"peaknodes" : 20447,
	"total_load_time" : 2.56537,
	"build_time" : 2.22091,
	"wmc_time" : 0.00506806
}
