{"distribution": "lg", "edges": [["A", "D"], ["B", "D"], ["D", "E"], ["C", "E"]], "root_params": "A ~ N(20,20) B ~ N(20,20) C ~ N(15,15)", "experiment": 14, "not_root_params": "D   ~   N ( 2 A + 3 B , 2 )   E   ~   N ( 3 C + 3 D , 2 )", "sample_size": 600, "means": {"A": 20, "B": 20, "C": 15, "D": 100, "E": 345}, "disc_method": "EB", "bins": 25, "target_column": null, "CPT_method": "Bayespriors", "time_disc": 0.16687249999085907, "time_cnf": 0.4178170999948634, "time_VE": 0.0027534000109881163, "time_BP": 0.010463200000231154, "RMSE": 18.027756658888823, "WRMSE": 7.5384843652997064, "MAE": 14.018747778790068, "PE": 0.4960147603559813, "exact_EV": 345, "disc_EV": 343.28874907677186, "Wass_scaled": 0.026764594585190253, "Wass_multi": 1.3859089709684018, "time_wass": 0.19848260001162998}