{
	"nodecount" : 17098,
	"peaknodes" : 22663,
	"total_load_time" : 6.03992,
	"build_time" : 4.82707,
	"wmc_time" : 0.00428295
}
