{
	"nodecount" : 19699,
	"peaknodes" : 22963,
	"total_load_time" : 2.62602,
	"build_time" : 2.28542,
	"wmc_time" : 0.00443482
}
