{"distribution": "lg", "edges": [["A", "D"], ["B", "D"], ["D", "E"], ["C", "E"]], "root_params": "A ~ N(20,20) B ~ N(20,20) C ~ N(15,15)", "experiment": 14, "not_root_params": "D   ~   N ( 2 A + 3 B , 2 )   E   ~   N ( 3 C + 3 D , 2 )", "sample_size": 600, "means": {"A": 20, "B": 20, "C": 15, "D": 100, "E": 345}, "disc_method": "EB", "bins": 8, "target_column": null, "CPT_method": "Bayespriors", "time_disc": 0.1524541999970097, "time_cnf": 0.01916549999441486, "time_VE": 0.0013816999999107793, "time_BP": 0.0058908000064548105, "RMSE": 7.097432683606428, "WRMSE": 2.356156265827632, "MAE": 4.584586693734622, "PE": 0.0959707573593383, "exact_EV": 345, "disc_EV": 344.6689008871103, "Wass_scaled": 0.10601856561464101, "Wass_multi": 4.326559427037347, "time_wass": 0.2335112000000663}