{
	"nodecount" : 18996,
	"peaknodes" : 23302,
	"total_load_time" : 6.87619,
	"build_time" : 6.24276,
	"wmc_time" : 0.00512004,
	"wmc_value" : 1,
	"bn_to_cnf_time" : 0.404608
}
