{"distribution": "lg", "edges": [["A", "D"], ["B", "D"], ["D", "E"], ["C", "E"]], "root_params": "A ~ N(20,20) B ~ N(20,20) C ~ N(15,15)", "experiment": 14, "not_root_params": "D   ~   N ( 2 A + 3 B , 2 )   E   ~   N ( 3 C + 3 D , 2 )", "sample_size": 600, "means": {"A": 20, "B": 20, "C": 15, "D": 100, "E": 345}, "disc_method": "EV", "bins": 12, "target_column": null, "CPT_method": "Bayespriors", "time_disc": 0.1676651000016136, "time_cnf": 0.06286439999530558, "time_VE": 0.0014900000096531585, "time_BP": 0.006500400006189011, "RMSE": 1.2193080204975364, "WRMSE": 1.2193080204975364, "MAE": 0.8792044021147044, "PE": 0.01360141361454924, "exact_EV": 345, "disc_EV": 344.9530751230298, "Wass_scaled": 0.22421676478013777, "Wass_multi": 2.672405728451172, "time_wass": 0.2606891000032192}