{
	"nodecount" : 9089,
	"peaknodes" : 9228,
	"total_load_time" : 1.00008,
	"build_time" : 0.953884,
	"wmc_time" : 0.0042212,
	"wmc_value" : 1,
	"bn_to_cnf_time" : 0.0213463
}
