{"distribution": "lg", "edges": [["A", "D"], ["B", "D"], ["D", "E"], ["C", "E"]], "root_params": "A ~ N(20,20) B ~ N(20,20) C ~ N(15,15)", "experiment": 14, "not_root_params": "D   ~   N ( 2 A + 3 B , 2 )   E   ~   N ( 3 C + 3 D , 2 )", "sample_size": 600, "means": {"A": 20, "B": 20, "C": 15, "D": 100, "E": 345}, "disc_method": "EB", "bins": 30, "target_column": null, "CPT_method": "Bayespriors", "time_disc": 0.12887214962393045, "time_cnf": 6.230510386172682, "time_VE": 0.0016821869648993015, "time_BP": 0.010257367976009846, "RMSE": 19.207166366297358, "WRMSE": 8.51555027926121, "MAE": 15.412246787007579, "PE": 0.4784556294756398, "exact_EV": 345, "disc_EV": 343.34932807830904, "Wass_scaled": 0.023243466948890346, "Wass_multi": 1.1845854142679697, "time_wass": 0.23543695081025362}