{"ACLED_fatalities_total": {"0": 0.3, "1": 2.0, "2": 3.0, "3": 4.0, "4": 5.0, "5": 6.533333333333333, "6": 8.615384615384615, "7": 11.266666666666667, "8": 14.933333333333334, "9": 19.428571428571427, "10": 25.1875, "11": 34.333333333333336, "12": 61.714285714285715, "13": 100.28571428571429, "14": 392.93333333333334}, "ACLED_fatalities_Violence_against_civilians": {"0": 0.2696629213483146, "1": 2.0, "2": 3.0, "3": 4.555555555555555, "4": 6.0, "5": 7.5, "6": 14.416666666666666, "7": 31.4}, "ACLED_events_total": {"0": 0.25, "1": 2.0, "2": 3.0, "3": 4.434782608695652, "4": 6.0, "5": 7.363636363636363, "6": 10.363636363636363, "7": 12.0, "8": 13.928571428571429, "9": 18.416666666666668, "10": 23.357142857142858, "11": 27.266666666666666, "12": 33.53333333333333, "13": 42.42857142857143, "14": 54.53333333333333, "15": 82.2, "16": 133.21428571428572, "17": 196.53333333333333, "18": 729.5333333333333}, "CIESIN_GPWv411_GPW_Population_Density_population_density_max": {"0": 30.056625574827194, "1": 79.61127172197614, "2": 105.8034531729562, "3": 114.79393005371094, "4": 127.1914963722229, "5": 158.12238253079929, "6": 198.43568229675293, "7": 215.47190929594495, "8": 215.4719390869141, "9": 217.99897155761715, "10": 241.21549479166666, "11": 261.4933967590332, "12": 374.69439125061035, "13": 478.0441640218099, "14": 508.3952596028646, "15": 587.4788859049479, "16": 633.4712931315104, "17": 1401.1763061523438, "18": 3088.1260986328125, "19": 7672.609898158482}, "spam2010v2r0_global_prod_P_RICE_I_min": {"0": 0.012135922583272155, "1": 1.021428576537541, "2": 7.275000169873238, "3": 15.752779132079448, "4": 36.91874980926514, "5": 74.51538555438702, "6": 128.0199991861979}, "ECMWF_ERA5_LAND_MONTHLY_soil_temperature_level_1_sum_sum": {"0": 28321.79568684896, "1": 45666.511979166666, "2": 54194.36680385045, "3": 64952.19713541667, "4": 71784.88715820313, "5": 78454.21962193081, "6": 85598.5326171875, "7": 91296.94261067708, "8": 97725.27589634489, "9": 102559.94500325521, "10": 107873.81860351562, "11": 117856.14742606027, "12": 127971.13790690103, "13": 140499.4255859375, "14": 154526.35710797991, "15": 173084.53649088542, "16": 195885.7029296875, "17": 226375.4068080357, "18": 278325.33100585936, "19": 1300520.364078776}, "NASA_GPM_L3_IMERG_MONTHLY_V06_precipitationQualityIndex_max_max": {"0": 11.150421969095866, "1": 15.093105951944986, "2": 15.856453895568848, "3": 16.253702926635743, "4": 16.685463666915894, "5": 17.303387861985428, "6": 17.517093658447266, "7": 17.786395263671874, "8": 18.21502545674642, "9": 18.695571081978933, "10": 19.33536326090495, "11": 19.583005087716238, "12": 19.987034225463866, "13": 20.603920618693035, "14": 21.157790728977748, "15": 21.800364049275718, "16": 23.383220291137697, "17": 24.962864279747013, "18": 28.366893087114608, "19": 32.33327429635184}, "NASA_FLDAS_NOAH01_C_GL_M_V001_Qle_tavg_max_std": {"0": 5.215934323580882, "1": 8.424848636472051, "2": 8.85704519451087, "3": 9.47035236916677, "4": 10.047403107406533, "5": 10.452837678773161, "6": 10.924649757343637, "7": 11.785992738303936, "8": 12.886203772134536, "9": 14.872506388494566, "10": 19.630766028400632, "11": 25.20734713171018, "12": 28.640234631612252, "13": 32.73626102243781, "14": 37.50790562854811, "15": 40.153576580362554, "16": 42.36195668279067, "17": 44.01003336062734, "18": 45.065812219485224, "19": 46.59474334526048}}