{
	"nodecount" : 1862,
	"peaknodes" : 3784,
	"total_load_time" : 4.45546,
	"build_time" : 4.10462,
	"wmc_time" : 0.00292706,
	"wmc_value" : 1,
	"bn_to_cnf_time" : 0.185987
}
