{
	"nodecount" : 2043,
	"peaknodes" : 3609,
	"total_load_time" : 1.69896,
	"build_time" : 1.42382,
	"wmc_time" : 0.00185513
}
