{"distribution": "lg", "edges": [["A", "D"], ["B", "D"], ["D", "E"], ["C", "E"]], "root_params": "A ~ N(20,20) B ~ N(20,20) C ~ N(15,15)", "experiment": 19, "not_root_params": "D   ~   N ( 2 A + 3 B , 2 )   E   ~   N ( 3 C + 3 D , 2 )", "sample_size": 100, "means": {"A": 20, "B": 20, "C": 15, "D": 100, "E": 345}, "disc_method": "EV", "bins": 30, "target_column": null, "CPT_method": "Bayespriors", "time_disc": 0.13170852698385715, "time_cnf": 5.830471797380596, "time_VE": 0.0016507119871675968, "time_BP": 0.010916281957179308, "RMSE": 9.789214835786876, "WRMSE": 10.019898215717845, "MAE": 7.571959448217061, "PE": 0.11160082907165987, "exact_EV": 345, "disc_EV": 344.6149771397028, "Wass_scaled": 0.1020856879809592, "Wass_multi": 1.1580771200250757, "time_wass": 0.013689613901078701}