{
	"nodecount" : 1704,
	"peaknodes" : 2240,
	"total_load_time" : 0.353601,
	"build_time" : 0.326476,
	"wmc_time" : 0.00180697
}
