{
	"nodecount" : 1802,
	"peaknodes" : 2269,
	"total_load_time" : 0.406853,
	"build_time" : 0.319117,
	"wmc_time" : 0.001863
}
