{
	"nodecount" : 1764,
	"peaknodes" : 2623,
	"total_load_time" : 1.59388,
	"build_time" : 1.51164,
	"wmc_time" : 0.00299096,
	"wmc_value" : 1,
	"bn_to_cnf_time" : 0.0571077
}
