{"distribution": "lg", "edges": [["A", "D"], ["B", "D"], ["D", "E"], ["C", "E"]], "root_params": "A ~ N(20,20) B ~ N(20,20) C ~ N(15,15)", "experiment": 19, "not_root_params": "D   ~   N ( 2 A + 3 B , 2 )   E   ~   N ( 3 C + 3 D , 2 )", "sample_size": 100, "means": {"A": 20, "B": 20, "C": 15, "D": 100, "E": 345}, "disc_method": "EV", "bins": 14, "target_column": null, "CPT_method": "Bayespriors", "time_disc": 0.09844321990385652, "time_cnf": 0.32019298430532217, "time_VE": 0.0012669824063777924, "time_BP": 0.005425690207630396, "RMSE": 8.248088348428592, "WRMSE": 8.525764659051823, "MAE": 6.271908123324364, "PE": 0.15848930062618463, "exact_EV": 345, "disc_EV": 344.45321191283966, "Wass_scaled": 0.1914420824501855, "Wass_multi": 2.671713044416956, "time_wass": 0.01428083423525095}