{
	"nodecount" : 760,
	"peaknodes" : 819,
	"total_load_time" : 0.123581,
	"build_time" : 0.0487361,
	"wmc_time" : 0.00145602
}
