{
	"nodecount" : 1860,
	"peaknodes" : 2549,
	"total_load_time" : 1.07347,
	"build_time" : 1.01631,
	"wmc_time" : 0.00301909,
	"wmc_value" : 1,
	"bn_to_cnf_time" : 0.0361729
}
