{"distribution": "lg", "edges": [["A", "D"], ["B", "D"], ["D", "E"], ["C", "E"]], "root_params": "A ~ N(20,20) B ~ N(20,20) C ~ N(15,15)", "experiment": 19, "not_root_params": "D   ~   N ( 2 A + 3 B , 2 )   E   ~   N ( 3 C + 3 D , 2 )", "sample_size": 100, "means": {"A": 20, "B": 20, "C": 15, "D": 100, "E": 345}, "disc_method": "EB", "bins": 8, "target_column": null, "CPT_method": "Bayespriors", "time_disc": 0.15008920000400394, "time_cnf": 0.01851949999399949, "time_VE": 0.0021890999923925847, "time_BP": 0.01003780000610277, "RMSE": 11.11094232692809, "WRMSE": 5.542735675563324, "MAE": 6.894400798820541, "PE": 0.19338381474512245, "exact_EV": 345, "disc_EV": 344.3328258391293, "Wass_scaled": 0.10601077728268822, "Wass_multi": 3.8977599625432826, "time_wass": 0.02534140000352636}