{"distribution": "lg", "edges": [["A", "D"], ["B", "D"], ["D", "E"], ["C", "E"]], "root_params": "A ~ N(20,20) B ~ N(20,20) C ~ N(15,15)", "experiment": 19, "not_root_params": "D   ~   N ( 2 A + 3 B , 2 )   E   ~   N ( 3 C + 3 D , 2 )", "sample_size": 100, "means": {"A": 20, "B": 20, "C": 15, "D": 100, "E": 345}, "disc_method": "EV", "bins": 8, "target_column": null, "CPT_method": "Bayespriors", "time_disc": 0.1646694000082789, "time_cnf": 0.016601099996478297, "time_VE": 0.010314400002243929, "time_BP": 0.005708100012270734, "RMSE": 4.486131107385572, "WRMSE": 4.535123987443044, "MAE": 3.717346218887613, "PE": 0.23376841708594825, "exact_EV": 345, "disc_EV": 344.1934989610535, "Wass_scaled": 0.2689952507501024, "Wass_multi": 4.030475792156626, "time_wass": 0.01341889999457635}