{
	"nodecount" : 2352,
	"peaknodes" : 4481,
	"total_load_time" : 5.27088,
	"build_time" : 4.40364,
	"wmc_time" : 0.00185204
}
