{
	"nodecount" : 2334,
	"peaknodes" : 2842,
	"total_load_time" : 1.0639,
	"build_time" : 0.891249,
	"wmc_time" : 0.00212717
}
