{
	"nodecount" : 2043,
	"peaknodes" : 3609,
	"total_load_time" : 3.17974,
	"build_time" : 3.00206,
	"wmc_time" : 0.00303984,
	"wmc_value" : 1,
	"bn_to_cnf_time" : 0.109149
}
