{"distribution": "lg", "edges": [["A", "D"], ["B", "D"], ["D", "E"], ["C", "E"]], "root_params": "A ~ N(20,20) B ~ N(20,20) C ~ N(15,15)", "experiment": 19, "not_root_params": "D   ~   N ( 2 A + 3 B , 2 )   E   ~   N ( 3 C + 3 D , 2 )", "sample_size": 100, "means": {"A": 20, "B": 20, "C": 15, "D": 100, "E": 345}, "disc_method": "EB", "bins": 5, "target_column": null, "CPT_method": "Bayespriors", "time_disc": 0.08953014761209488, "time_cnf": 0.21225485997274518, "time_VE": 0.0011584879830479622, "time_BP": 0.004642781801521778, "RMSE": 10.996321892587865, "WRMSE": 5.808642919471567, "MAE": 7.65512296968941, "PE": 0.25717475119546984, "exact_EV": 345, "disc_EV": 344.11274710837563, "Wass_scaled": 0.1729503290900531, "Wass_multi": 5.762683244597335, "time_wass": 0.014598596841096878}