{
	"nodecount" : 2352,
	"peaknodes" : 4481,
	"total_load_time" : 9.46516,
	"build_time" : 8.35757,
	"wmc_time" : 0.00356698,
	"wmc_value" : 1,
	"bn_to_cnf_time" : 0.648575
}
