{"distribution": "lg", "edges": [["A", "D"], ["B", "D"], ["D", "E"], ["C", "E"]], "root_params": "A ~ N(20,20) B ~ N(20,20) C ~ N(15,15)", "experiment": 19, "not_root_params": "D   ~   N ( 2 A + 3 B , 2 )   E   ~   N ( 3 C + 3 D , 2 )", "sample_size": 100, "means": {"A": 20, "B": 20, "C": 15, "D": 100, "E": 345}, "disc_method": "EB", "bins": 17, "target_column": null, "CPT_method": "Bayespriors", "time_disc": 0.1606474000000162, "time_cnf": 0.11054789999616332, "time_VE": 0.002617400008602999, "time_BP": 0.01041040000563953, "RMSE": 13.927311146933802, "WRMSE": 9.122185717006694, "MAE": 11.485604703818503, "PE": 0.08723166284594101, "exact_EV": 345, "disc_EV": 344.6990507631815, "Wass_scaled": 0.038070755551816604, "Wass_multi": 1.8524979401925061, "time_wass": 0.01321069999539759}