{
	"nodecount" : 1247,
	"peaknodes" : 1436,
	"total_load_time" : 0.13492,
	"build_time" : 0.121614,
	"wmc_time" : 0.00169301
}
