{"distribution": "lg", "edges": [["A", "D"], ["B", "D"], ["D", "E"], ["C", "E"]], "root_params": "A ~ N(20,20) B ~ N(20,20) C ~ N(15,15)", "experiment": 19, "not_root_params": "D   ~   N ( 2 A + 3 B , 2 )   E   ~   N ( 3 C + 3 D , 2 )", "sample_size": 100, "means": {"A": 20, "B": 20, "C": 15, "D": 100, "E": 345}, "disc_method": "EV", "bins": 20, "target_column": null, "CPT_method": "Bayespriors", "time_disc": 0.10714557534083724, "time_cnf": 1.0645501422695816, "time_VE": 0.0013533961027860641, "time_BP": 0.006281619891524315, "RMSE": 9.671380339028289, "WRMSE": 9.671380339028287, "MAE": 7.461193381059675, "PE": 0.11858151544863399, "exact_EV": 345, "disc_EV": 344.5908937717022, "Wass_scaled": 0.130644576593191, "Wass_multi": 1.717472690288264, "time_wass": 0.014231983572244644}