{"distribution": "lg", "edges": [["A", "D"], ["B", "D"], ["D", "E"], ["C", "E"]], "root_params": "A ~ N(20,20) B ~ N(20,20) C ~ N(15,15)", "experiment": 19, "not_root_params": "D   ~   N ( 2 A + 3 B , 2 )   E   ~   N ( 3 C + 3 D , 2 )", "sample_size": 100, "means": {"A": 20, "B": 20, "C": 15, "D": 100, "E": 345}, "disc_method": "EV", "bins": 10, "target_column": null, "CPT_method": "Bayespriors", "time_disc": 0.09211800619959831, "time_cnf": 0.3907797452993691, "time_VE": 0.001186370849609375, "time_BP": 0.004879345651715994, "RMSE": 5.451819309536043, "WRMSE": 5.451819309536043, "MAE": 4.075247873649085, "PE": 0.39813923856989775, "exact_EV": 345, "disc_EV": 343.62641962693385, "Wass_scaled": 0.22395300629162798, "Wass_multi": 3.2016232695054794, "time_wass": 0.014364748261868954}