{
	"nodecount" : 1727,
	"peaknodes" : 2283,
	"total_load_time" : 0.715288,
	"build_time" : 0.466789,
	"wmc_time" : 0.00186205
}
