{"distribution": "lg", "edges": [["A", "D"], ["B", "D"], ["D", "E"], ["C", "E"]], "root_params": "A ~ N(20,20) B ~ N(20,20) C ~ N(15,15)", "experiment": 19, "not_root_params": "D   ~   N ( 2 A + 3 B , 2 )   E   ~   N ( 3 C + 3 D , 2 )", "sample_size": 100, "means": {"A": 20, "B": 20, "C": 15, "D": 100, "E": 345}, "disc_method": "EV", "bins": 25, "target_column": null, "CPT_method": "Bayespriors", "time_disc": 0.11892993981018662, "time_cnf": 3.1440349253825843, "time_VE": 0.0015344810672104359, "time_BP": 0.00842565530911088, "RMSE": 9.93895052250175, "WRMSE": 9.93895052250175, "MAE": 7.68212786277212, "PE": 0.08298004122246087, "exact_EV": 345, "disc_EV": 344.7137188577825, "Wass_scaled": 0.10318616893500862, "Wass_multi": 1.3594216363926934, "time_wass": 0.014285894110798836}