{"distribution": "lg", "edges": [["A", "D"], ["B", "D"], ["D", "E"], ["C", "E"]], "root_params": "A ~ N(20,20) B ~ N(20,20) C ~ N(15,15)", "experiment": 4, "not_root_params": "D   ~   N ( 2 A + 3 B , 5 )   E   ~   N ( 3 C + 3 D , 5 )", "sample_size": 1000, "means": {"A": 20, "B": 20, "C": 15, "D": 100, "E": 345}, "disc_method": "EV", "bins": 5, "target_column": null, "Wass1D": 14.159709720111291, "Wass_multi": 15.846049467011674, "RMSE": 3.926215194486168, "WRMSE": 3.926215194486168, "MAE": 15.415165753414058, "VE_complexity": 7129.0}