{"distribution": "lg", "edges": [["A", "D"], ["B", "D"], ["D", "E"], ["C", "E"]], "root_params": "A ~ N(20,20) B ~ N(20,20) C ~ N(15,15)", "experiment": 4, "not_root_params": "D   ~   N ( 2 A + 3 B , 5 )   E   ~   N ( 3 C + 3 D , 5 )", "sample_size": 1000, "means": {"A": 20, "B": 20, "C": 15, "D": 100, "E": 345}, "disc_method": "EV", "bins": 10, "target_column": null, "Wass1D": 7.785781491530558, "Wass_multi": 9.352313074155242, "RMSE": 2.905406295444248, "WRMSE": 2.9054062954442483, "MAE": 8.44138574160707, "VE_complexity": 212009.0}