{"distribution": "lg", "edges": [["A", "D"], ["B", "D"], ["D", "E"], ["C", "E"]], "root_params": "A ~ N(5,5) B ~ N(10,10) C ~ N(-5,-5)", "experiment": 1, "not_root_params": "D   ~   N ( 2 A + 3 B , 2 )   E   ~   N ( 3 C + 3 D , 2 )", "sample_size": 5000, "means": {"A": 5, "B": 10, "C": -5, "D": 40, "E": 105}, "disc_method": "EV", "bins": 8, "target_column": null, "Wass1D": 0.1212027764052228, "Wass_multi": 0.3322999469503248, "RMSE": 0.8786880081157026, "WRMSE": 0.8786880081157026, "MAE": 0.772092615606341}