{"distribution": "lg", "edges": [["A", "D"], ["B", "D"], ["D", "E"], ["C", "E"]], "root_params": "A ~ N(20,20) B ~ N(20,20) C ~ N(15,15)", "experiment": 4, "not_root_params": "D   ~   N ( 2 A + 3 B , 5 )   E   ~   N ( 3 C + 3 D , 5 )", "sample_size": 1000, "means": {"A": 20, "B": 20, "C": 15, "D": 100, "E": 345}, "disc_method": "EB", "bins": 10, "target_column": null, "Wass1D": 9.576410438480789, "Wass_multi": 11.219781649619694, "RMSE": 16.873714660607032, "WRMSE": 5.69659610433485, "MAE": 284.7222464475847, "VE_complexity": 212009.0}