{"distribution": "lg", "edges": [["A", "D"], ["B", "D"], ["D", "E"], ["C", "E"]], "root_params": "A ~ N(20,20) B ~ N(20,20) C ~ N(15,15)", "experiment": 4, "not_root_params": "D   ~   N ( 2 A + 3 B , 5 )   E   ~   N ( 3 C + 3 D , 5 )", "sample_size": 1000, "means": {"A": 20, "B": 20, "C": 15, "D": 100, "E": 345}, "disc_method": "EV", "bins": 12, "target_column": null, "Wass1D": 6.387523918144573, "Wass_multi": 8.121397136611208, "RMSE": 2.5950429132090256, "WRMSE": 2.595224024889859, "MAE": 6.734247721396386, "VE_complexity": 521867.0}