{
	"nodecount" : 51579,
	"peaknodes" : 52104,
	"total_load_time" : 2.27628,
	"build_time" : 2.06006,
	"wmc_time" : 0.00991893
}
