{"distribution": "lg", "edges": [["A", "D"], ["B", "D"], ["D", "E"], ["C", "E"]], "root_params": "A ~ N(20,20) B ~ N(20,20) C ~ N(15,15)", "experiment": 111, "not_root_params": "D   ~   N ( 2 A + 3 B , 1 . 5 6 2 5 )   E   ~   N ( 3 C + 3 D , 1 . 5 6 2 5 )", "sample_size": 1881, "means": {"A": 20, "B": 20, "C": 15, "D": 100, "E": 345}, "disc_method": "EV", "bins": 8, "target_column": null, "CPT_method": "Bayespriors", "time_disc": 0.09277685731649399, "time_cnf": 2.267464627046138, "time_VE": 0.0011704480275511742, "time_BP": 0.004778902977705002, "RMSE": 0.4967331962014061, "WRMSE": 0.49664846566706566, "MAE": 0.3281427794389984, "PE": 0.00951365633443237, "exact_EV": 345, "disc_EV": 345.0328221143538, "Wass_scaled": 0.32665619880026914, "Wass_multi": 2.010049488986274, "time_wass": 1.1962030013091862}