{
	"nodecount" : 2042,
	"peaknodes" : 2042,
	"total_load_time" : 0.50549,
	"build_time" : 0.459514,
	"wmc_time" : 0.00203705
}
