{
	"nodecount" : 1513,
	"peaknodes" : 1582,
	"total_load_time" : 0.141781,
	"build_time" : 0.059375,
	"wmc_time" : 0.00185108
}
