{
	"nodecount" : 29332,
	"peaknodes" : 29332,
	"total_load_time" : 1.21937,
	"build_time" : 1.14739,
	"wmc_time" : 0.00605297
}
