{"distribution": "lg", "edges": [["A", "D"], ["B", "D"], ["D", "E"], ["C", "E"]], "root_params": "A ~ N(20,20) B ~ N(20,20) C ~ N(15,15)", "experiment": 111, "not_root_params": "D   ~   N ( 2 A + 3 B , 1 . 5 6 2 5 )   E   ~   N ( 3 C + 3 D , 1 . 5 6 2 5 )", "sample_size": 1881, "means": {"A": 20, "B": 20, "C": 15, "D": 100, "E": 345}, "disc_method": "EV", "bins": 25, "target_column": null, "CPT_method": "Bayespriors", "time_disc": 0.11554975714534521, "time_cnf": 2.878598633687943, "time_VE": 0.001502396073192358, "time_BP": 0.00836801202967763, "RMSE": 0.8006487034967655, "WRMSE": 0.8020867339631126, "MAE": 0.639085561117031, "PE": 0.020680611703417104, "exact_EV": 345, "disc_EV": 345.0713481103768, "Wass_scaled": 0.18633165754157027, "Wass_multi": 0.7882680677720639, "time_wass": 1.1530645741149783}