{
	"nodecount" : 7049,
	"peaknodes" : 7255,
	"total_load_time" : 0.534926,
	"build_time" : 0.441453,
	"wmc_time" : 0.00309491
}
