{
	"nodecount" : 22326,
	"peaknodes" : 22825,
	"total_load_time" : 2.7295,
	"build_time" : 2.61931,
	"wmc_time" : 0.0160971
}
