{"distribution": "lg", "edges": [["A", "D"], ["B", "D"], ["D", "E"], ["C", "E"]], "root_params": "A ~ N(20,20) B ~ N(20,20) C ~ N(15,15)", "experiment": 111, "not_root_params": "D   ~   N ( 2 A + 3 B , 1 . 5 6 2 5 )   E   ~   N ( 3 C + 3 D , 1 . 5 6 2 5 )", "sample_size": 1881, "means": {"A": 20, "B": 20, "C": 15, "D": 100, "E": 345}, "disc_method": "EV", "bins": 14, "target_column": null, "CPT_method": "Bayespriors", "time_disc": 0.16107830000692047, "time_cnf": 0.0787043000018457, "time_VE": 0.0018607000092742965, "time_BP": 0.0069121999986236915, "RMSE": 0.5161175368026345, "WRMSE": 0.516140752402912, "MAE": 0.38278571953439056, "PE": 0.0020624247368535484, "exact_EV": 345, "disc_EV": 345.00711536534214, "Wass_scaled": 0.24419568719926057, "Wass_multi": 1.2798205254360555, "time_wass": 1.5877883000066504}