{"distribution": "lg", "edges": [["A", "D"], ["B", "D"], ["D", "E"], ["C", "E"]], "root_params": "A ~ N(20,20) B ~ N(20,20) C ~ N(15,15)", "experiment": 111, "not_root_params": "D   ~   N ( 2 A + 3 B , 1 . 5 6 2 5 )   E   ~   N ( 3 C + 3 D , 1 . 5 6 2 5 )", "sample_size": 1881, "means": {"A": 20, "B": 20, "C": 15, "D": 100, "E": 345}, "disc_method": "EV", "bins": 17, "target_column": null, "CPT_method": "Bayespriors", "time_disc": 0.17261720000533387, "time_cnf": 0.14122269999643322, "time_VE": 0.0015131999971345067, "time_BP": 0.0074434999987715855, "RMSE": 0.46646424582300583, "WRMSE": 0.4668717639321964, "MAE": 0.35618090355449916, "PE": 0.0114857914217203, "exact_EV": 345, "disc_EV": 345.03962598040494, "Wass_scaled": 0.22194990384657545, "Wass_multi": 1.0883866322390068, "time_wass": 1.56080840001232}