{"distribution": "lg", "edges": [["A", "D"], ["B", "D"], ["D", "E"], ["C", "E"]], "root_params": "A ~ N(20,20) B ~ N(20,20) C ~ N(15,15)", "experiment": 111, "not_root_params": "D   ~   N ( 2 A + 3 B , 1 . 5 6 2 5 )   E   ~   N ( 3 C + 3 D , 1 . 5 6 2 5 )", "sample_size": 1881, "means": {"A": 20, "B": 20, "C": 15, "D": 100, "E": 345}, "disc_method": "MDLP", "bins": 2, "target_column": "E", "CPT_method": "Bayespriors", "time_disc": 1.416990399986389, "time_cnf": 0.05103380000218749, "time_VE": 0.0026784999936353415, "time_BP": 0.008193300003767945, "RMSE": 0.4508413971608514, "WRMSE": 0.3643272543528165, "MAE": 0.3129679105157379, "PE": 0.0029578640562638193, "exact_EV": 345, "disc_EV": 345.0102046309941, "Wass_scaled": 0.369808272299493, "Wass_multi": 0.8390906258986759, "time_wass": 1.459638600004837}