{"distribution": "lg", "edges": [["A", "D"], ["B", "D"], ["D", "E"], ["C", "E"]], "root_params": "A ~ N(20,20) B ~ N(20,20) C ~ N(15,15)", "experiment": 111, "not_root_params": "D   ~   N ( 2 A + 3 B , 1 . 5 6 2 5 )   E   ~   N ( 3 C + 3 D , 1 . 5 6 2 5 )", "sample_size": 1881, "means": {"A": 20, "B": 20, "C": 15, "D": 100, "E": 345}, "disc_method": "EB", "bins": 12, "target_column": null, "CPT_method": "Bayespriors", "time_disc": 0.17740580000099726, "time_cnf": 0.05155500001274049, "time_VE": 0.001855399998021312, "time_BP": 0.012554799992358312, "RMSE": 4.4222531909886635, "WRMSE": 0.7317142041927784, "MAE": 2.128032136812896, "PE": 0.01852264607297938, "exact_EV": 345, "disc_EV": 345.0639031289518, "Wass_scaled": 0.06655395234442225, "Wass_multi": 1.7362179346706732, "time_wass": 1.4488631999993231}