{"distribution": "lg", "edges": [["A", "D"], ["B", "D"], ["D", "E"], ["C", "E"]], "root_params": "A ~ N(20,20) B ~ N(20,20) C ~ N(15,15)", "experiment": 111, "not_root_params": "D   ~   N ( 2 A + 3 B , 1 . 5 6 2 5 )   E   ~   N ( 3 C + 3 D , 1 . 5 6 2 5 )", "sample_size": 1881, "means": {"A": 20, "B": 20, "C": 15, "D": 100, "E": 345}, "disc_method": "EB", "bins": 20, "target_column": null, "CPT_method": "Bayespriors", "time_disc": 0.1898320999898715, "time_cnf": 0.23197560000699013, "time_VE": 0.0015933000104269013, "time_BP": 0.007785399997374043, "RMSE": 7.150981771789657, "WRMSE": 1.4316146985303262, "MAE": 4.1654326017877255, "PE": 0.012959968500805531, "exact_EV": 345, "disc_EV": 345.0447118913278, "Wass_scaled": 0.03558863506040288, "Wass_multi": 1.0329779141269098, "time_wass": 1.3481632999901194}