{
	"nodecount" : 51579,
	"peaknodes" : 52104,
	"total_load_time" : 4.33421,
	"build_time" : 4.11651,
	"wmc_time" : 0.0107961,
	"wmc_value" : 1,
	"bn_to_cnf_time" : 0.109039
}
