{
	"nodecount" : 64596,
	"peaknodes" : 66448,
	"total_load_time" : 2.85258,
	"build_time" : 2.55112,
	"wmc_time" : 0.011837
}
