{"distribution": "lg", "edges": [["A", "D"], ["B", "D"], ["D", "E"], ["C", "E"]], "root_params": "A ~ N(20,20) B ~ N(20,20) C ~ N(15,15)", "experiment": 111, "not_root_params": "D   ~   N ( 2 A + 3 B , 1 . 5 6 2 5 )   E   ~   N ( 3 C + 3 D , 1 . 5 6 2 5 )", "sample_size": 1881, "means": {"A": 20, "B": 20, "C": 15, "D": 100, "E": 345}, "disc_method": "EV", "bins": 20, "target_column": null, "CPT_method": "Bayespriors", "time_disc": 0.1066920249722898, "time_cnf": 1.7402948918752372, "time_VE": 0.0013589817099273205, "time_BP": 0.0063670361414551735, "RMSE": 0.47113061890438457, "WRMSE": 0.4711014329105102, "MAE": 0.38675372746686776, "PE": 0.03399620792868557, "exact_EV": 345, "disc_EV": 345.11728691735397, "Wass_scaled": 0.2053751385353026, "Wass_multi": 0.9428560151957316, "time_wass": 1.1723058079369366}