{
	"nodecount" : 14960,
	"peaknodes" : 15634,
	"total_load_time" : 1.89486,
	"build_time" : 1.81055,
	"wmc_time" : 0.0058701,
	"wmc_value" : 1,
	"bn_to_cnf_time" : 0.0605392
}
