{"distribution": "lg", "edges": [["A", "D"], ["B", "D"], ["D", "E"], ["C", "E"]], "root_params": "A ~ N(20,20) B ~ N(20,20) C ~ N(15,15)", "experiment": 111, "not_root_params": "D   ~   N ( 2 A + 3 B , 1 . 5 6 2 5 )   E   ~   N ( 3 C + 3 D , 1 . 5 6 2 5 )", "sample_size": 1881, "means": {"A": 20, "B": 20, "C": 15, "D": 100, "E": 345}, "disc_method": "EB", "bins": 10, "target_column": null, "CPT_method": "Bayespriors", "time_disc": 0.16966680000768974, "time_cnf": 0.031972299999324605, "time_VE": 0.0019355000113137066, "time_BP": 0.005345700003090315, "RMSE": 3.4282895375322027, "WRMSE": 0.9633657251794732, "MAE": 2.258531684969489, "PE": 0.018750495817904674, "exact_EV": 345, "disc_EV": 345.06468921057177, "Wass_scaled": 0.07706402221141777, "Wass_multi": 2.0722352640751525, "time_wass": 1.4730891000072006}