{
	"nodecount" : 5672,
	"peaknodes" : 5672,
	"total_load_time" : 0.256352,
	"build_time" : 0.186049,
	"wmc_time" : 0.003057
}
