{"distribution": "lg", "edges": [["A", "D"], ["B", "D"], ["D", "E"], ["C", "E"]], "root_params": "A ~ N(20,20) B ~ N(20,20) C ~ N(15,15)", "experiment": 111, "not_root_params": "D   ~   N ( 2 A + 3 B , 1 . 5 6 2 5 )   E   ~   N ( 3 C + 3 D , 1 . 5 6 2 5 )", "sample_size": 1881, "means": {"A": 20, "B": 20, "C": 15, "D": 100, "E": 345}, "disc_method": "EV", "bins": 12, "target_column": null, "CPT_method": "Bayespriors", "time_disc": 0.09805534174665809, "time_cnf": 0.28551302989944816, "time_VE": 0.0012346641160547733, "time_BP": 0.0050759268924593925, "RMSE": 0.48606509946538157, "WRMSE": 0.48639529073334514, "MAE": 0.3958075905862775, "PE": 0.018344710754296313, "exact_EV": 345, "disc_EV": 345.0632892521023, "Wass_scaled": 0.2632297256690875, "Wass_multi": 1.4520360412585833, "time_wass": 1.1874918201938272}