{
	"nodecount" : 25224,
	"peaknodes" : 26516,
	"total_load_time" : 2.03009,
	"build_time" : 1.81366,
	"wmc_time" : 0.00654292
}
