{
	"nodecount" : 20199,
	"peaknodes" : 20279,
	"total_load_time" : 1.60195,
	"build_time" : 1.5429,
	"wmc_time" : 0.00647402,
	"wmc_value" : 1,
	"bn_to_cnf_time" : 0.0387578
}
