{"distribution": "lg", "edges": [["A", "D"], ["B", "D"], ["D", "E"], ["C", "E"]], "root_params": "A ~ N(20,20) B ~ N(20,20) C ~ N(15,15)", "experiment": 116, "not_root_params": "D   ~   N ( 2 A + 3 B , 9 . 4 3 7 5 )   E   ~   N ( 3 C + 3 D , 9 . 4 3 7 5 )", "sample_size": 219, "means": {"A": 20, "B": 20, "C": 15, "D": 100, "E": 345}, "disc_method": "EV", "bins": 14, "target_column": null, "CPT_method": "Bayes", "time_disc": 0.08947690000059083, "time_cnf": 0.07500149999395944, "time_VE": 0.002388400011113845, "time_BP": 0.008377100006327964, "RMSE": 52.60541455716384, "WRMSE": 52.92517654511561, "MAE": 42.14037717588162, "PE": 1.7129936430977897, "exact_EV": 345, "disc_EV": 339.0901719313126, "Wass_scaled": 0.19757814225201026, "Wass_multi": 11.708842053697683, "time_wass": 0.02328280000074301}