{"distribution": "lg", "edges": [["A", "D"], ["B", "D"], ["D", "E"], ["C", "E"]], "root_params": "A ~ N(20,20) B ~ N(20,20) C ~ N(15,15)", "experiment": 116, "not_root_params": "D   ~   N ( 2 A + 3 B , 9 . 4 3 7 5 )   E   ~   N ( 3 C + 3 D , 9 . 4 3 7 5 )", "sample_size": 219, "means": {"A": 20, "B": 20, "C": 15, "D": 100, "E": 345}, "disc_method": "EB", "bins": 14, "target_column": null, "CPT_method": "Bayes", "time_disc": 0.09269830000994261, "time_cnf": 0.074827100004768, "time_VE": 0.0024135999992722645, "time_BP": 0.0063526000012643635, "RMSE": 89.84987360763303, "WRMSE": 55.90314275810058, "MAE": 76.79481867299553, "PE": 1.8143556545314954, "exact_EV": 345, "disc_EV": 338.74047299186634, "Wass_scaled": 0.05475301053479655, "Wass_multi": 11.487362525415266, "time_wass": 0.03695910000533331}