{"distribution": "lg", "edges": [["A", "D"], ["B", "D"], ["D", "E"], ["C", "E"]], "root_params": "A ~ N(20,20) B ~ N(20,20) C ~ N(15,15)", "experiment": 116, "not_root_params": "D   ~   N ( 2 A + 3 B , 9 . 4 3 7 5 )   E   ~   N ( 3 C + 3 D , 9 . 4 3 7 5 )", "sample_size": 219, "means": {"A": 20, "B": 20, "C": 15, "D": 100, "E": 345}, "disc_method": "EB", "bins": 5, "target_column": null, "CPT_method": "Bayes", "time_disc": 0.06434620032086968, "time_cnf": 1.2003605859354138, "time_VE": 0.0011588693596422672, "time_BP": 0.004701084922999144, "RMSE": 69.39684872853611, "WRMSE": 38.07121139450828, "MAE": 56.05716817226212, "PE": 1.7279875536355178, "exact_EV": 345, "disc_EV": 339.03844293995746, "Wass_scaled": 0.17407593897366747, "Wass_multi": 33.504060417206404, "time_wass": 0.022054533008486032}