{
	"nodecount" : 12619,
	"peaknodes" : 14296,
	"total_load_time" : 3.15565,
	"build_time" : 2.77092,
	"wmc_time" : 0.00353312
}
