{
	"nodecount" : 1575,
	"peaknodes" : 1607,
	"total_load_time" : 0.0665112,
	"build_time" : 0.0617061,
	"wmc_time" : 0.00186491
}
