{"distribution": "lg", "edges": [["A", "D"], ["B", "D"], ["D", "E"], ["C", "E"]], "root_params": "A ~ N(20,20) B ~ N(20,20) C ~ N(15,15)", "experiment": 116, "not_root_params": "D   ~   N ( 2 A + 3 B , 9 . 4 3 7 5 )   E   ~   N ( 3 C + 3 D , 9 . 4 3 7 5 )", "sample_size": 219, "means": {"A": 20, "B": 20, "C": 15, "D": 100, "E": 345}, "disc_method": "EV", "bins": 12, "target_column": null, "CPT_method": "Bayes", "time_disc": 0.09096120001049712, "time_cnf": 0.05134239999460988, "time_VE": 0.0026527000009082258, "time_BP": 0.005743599991546944, "RMSE": 51.956821772966286, "WRMSE": 52.40011454993763, "MAE": 41.82057914150047, "PE": 1.6745999998049585, "exact_EV": 345, "disc_EV": 339.2226300006729, "Wass_scaled": 0.22198017248042137, "Wass_multi": 13.647486716216662, "time_wass": 0.021926600005826913}