{
	"nodecount" : 9910,
	"peaknodes" : 13119,
	"total_load_time" : 3.67003,
	"build_time" : 3.17881,
	"wmc_time" : 0.00281405
}
