{
	"nodecount" : 7212,
	"peaknodes" : 8330,
	"total_load_time" : 1.72141,
	"build_time" : 1.63239,
	"wmc_time" : 0.00362587,
	"wmc_value" : 1,
	"bn_to_cnf_time" : 0.0568752
}
