{"distribution": "lg", "edges": [["A", "D"], ["B", "D"], ["D", "E"], ["C", "E"]], "root_params": "A ~ N(20,20) B ~ N(20,20) C ~ N(15,15)", "experiment": 116, "not_root_params": "D   ~   N ( 2 A + 3 B , 9 . 4 3 7 5 )   E   ~   N ( 3 C + 3 D , 9 . 4 3 7 5 )", "sample_size": 219, "means": {"A": 20, "B": 20, "C": 15, "D": 100, "E": 345}, "disc_method": "EB", "bins": 30, "target_column": null, "CPT_method": "Bayes", "time_disc": 0.1095872000005329, "time_cnf": 0.6561938999948325, "time_VE": 0.002601400003186427, "time_BP": 0.014242499993997626, "RMSE": 83.16731900272939, "WRMSE": 58.39749362789702, "MAE": 70.58323612585043, "PE": 1.161374049624895, "exact_EV": 345, "disc_EV": 349.0067404712059, "Wass_scaled": 0.022582942473135522, "Wass_multi": 5.401005626008328, "time_wass": 0.020232400012901053}