{
	"nodecount" : 4164,
	"peaknodes" : 4224,
	"total_load_time" : 0.444261,
	"build_time" : 0.421354,
	"wmc_time" : 0.00383902,
	"wmc_value" : 1,
	"bn_to_cnf_time" : 0.0136137
}
