{
	"nodecount" : 4164,
	"peaknodes" : 4224,
	"total_load_time" : 0.185538,
	"build_time" : 0.172997,
	"wmc_time" : 0.00233102
}
