{"distribution": "lg", "edges": [["A", "D"], ["B", "D"], ["D", "E"], ["C", "E"]], "root_params": "A ~ N(20,20) B ~ N(20,20) C ~ N(15,15)", "experiment": 116, "not_root_params": "D   ~   N ( 2 A + 3 B , 9 . 4 3 7 5 )   E   ~   N ( 3 C + 3 D , 9 . 4 3 7 5 )", "sample_size": 219, "means": {"A": 20, "B": 20, "C": 15, "D": 100, "E": 345}, "disc_method": "EV", "bins": 17, "target_column": null, "CPT_method": "Bayes", "time_disc": 0.09610539999266621, "time_cnf": 0.14597650000359863, "time_VE": 0.002082999999402091, "time_BP": 0.006989799992879853, "RMSE": 53.04447825653591, "WRMSE": 53.228613962106294, "MAE": 42.27417473611882, "PE": 1.722962589750836, "exact_EV": 345, "disc_EV": 339.0557790653596, "Wass_scaled": 0.1725856768657417, "Wass_multi": 9.903925754345458, "time_wass": 0.03882119999616407}