{"distribution": "lg", "edges": [["A", "D"], ["B", "D"], ["D", "E"], ["C", "E"]], "root_params": "A ~ N(20,20) B ~ N(20,20) C ~ N(15,15)", "experiment": 116, "not_root_params": "D   ~   N ( 2 A + 3 B , 9 . 4 3 7 5 )   E   ~   N ( 3 C + 3 D , 9 . 4 3 7 5 )", "sample_size": 219, "means": {"A": 20, "B": 20, "C": 15, "D": 100, "E": 345}, "disc_method": "EB", "bins": 17, "target_column": null, "CPT_method": "Bayes", "time_disc": 0.10093990000314079, "time_cnf": 0.13273860000481363, "time_VE": 0.00603449999471195, "time_BP": 0.014614800005801953, "RMSE": 87.84328169680255, "WRMSE": 56.49342167474602, "MAE": 74.9536560331113, "PE": 1.4440968203149478, "exact_EV": 345, "disc_EV": 340.01786596991343, "Wass_scaled": 0.04252030015511294, "Wass_multi": 9.048862893010533, "time_wass": 0.04304849999607541}