{"distribution": "lg", "edges": [["A", "D"], ["B", "D"], ["D", "E"], ["C", "E"]], "root_params": "A ~ N(20,20) B ~ N(20,20) C ~ N(15,15)", "experiment": 116, "not_root_params": "D   ~   N ( 2 A + 3 B , 9 . 4 3 7 5 )   E   ~   N ( 3 C + 3 D , 9 . 4 3 7 5 )", "sample_size": 219, "means": {"A": 20, "B": 20, "C": 15, "D": 100, "E": 345}, "disc_method": "EV", "bins": 8, "target_column": null, "CPT_method": "Bayes", "time_disc": 0.07246524002403021, "time_cnf": 0.933582556899637, "time_VE": 0.001580626703798771, "time_BP": 0.0052006118930876255, "RMSE": 48.24511021744962, "WRMSE": 48.53795348673003, "MAE": 39.31259312178669, "PE": 1.722494147521301, "exact_EV": 345, "disc_EV": 339.0573951910515, "Wass_scaled": 0.2843976087685465, "Wass_multi": 19.383760180533628, "time_wass": 0.023949180729687214}