{"distribution": "lg", "edges": [["A", "D"], ["B", "D"], ["D", "E"], ["C", "E"]], "root_params": "A ~ N(20,20) B ~ N(20,20) C ~ N(15,15)", "experiment": 116, "not_root_params": "D   ~   N ( 2 A + 3 B , 9 . 4 3 7 5 )   E   ~   N ( 3 C + 3 D , 9 . 4 3 7 5 )", "sample_size": 219, "means": {"A": 20, "B": 20, "C": 15, "D": 100, "E": 345}, "disc_method": "EB", "bins": 10, "target_column": null, "CPT_method": "Bayes", "time_disc": 0.09750960000383202, "time_cnf": 0.03492750000441447, "time_VE": 0.0022356999979820102, "time_BP": 0.012060399996698834, "RMSE": 88.71077507692122, "WRMSE": 53.18375696743293, "MAE": 75.04910679038184, "PE": 2.1474237101656435, "exact_EV": 345, "disc_EV": 337.59138819992853, "Wass_scaled": 0.06849108073047103, "Wass_multi": 16.541748042729182, "time_wass": 0.046895699997548945}