{"distribution": "lg", "edges": [["A", "D"], ["B", "D"], ["D", "E"], ["C", "E"]], "root_params": "A ~ N(20,20) B ~ N(20,20) C ~ N(15,15)", "experiment": 116, "not_root_params": "D   ~   N ( 2 A + 3 B , 9 . 4 3 7 5 )   E   ~   N ( 3 C + 3 D , 9 . 4 3 7 5 )", "sample_size": 219, "means": {"A": 20, "B": 20, "C": 15, "D": 100, "E": 345}, "disc_method": "EV", "bins": 20, "target_column": null, "CPT_method": "Bayes", "time_disc": 0.0706675248220563, "time_cnf": 0.9291691337712109, "time_VE": 0.0013843011111021042, "time_BP": 0.006682876031845808, "RMSE": 53.25673550642528, "WRMSE": 53.36774578807684, "MAE": 42.401316308321896, "PE": 1.7180268814047723, "exact_EV": 345, "disc_EV": 339.07280725915354, "Wass_scaled": 0.15647650794796428, "Wass_multi": 8.960836966695128, "time_wass": 0.022092956118285656}