{"distribution": "lg", "edges": [["A", "D"], ["B", "D"], ["D", "E"], ["C", "E"]], "root_params": "A ~ N(20,20) B ~ N(20,20) C ~ N(15,15)", "experiment": 116, "not_root_params": "D   ~   N ( 2 A + 3 B , 9 . 4 3 7 5 )   E   ~   N ( 3 C + 3 D , 9 . 4 3 7 5 )", "sample_size": 219, "means": {"A": 20, "B": 20, "C": 15, "D": 100, "E": 345}, "disc_method": "EV", "bins": 30, "target_column": null, "CPT_method": "Bayes", "time_disc": 0.07837575487792492, "time_cnf": 6.489558822941035, "time_VE": 0.001608031801879406, "time_BP": 0.0107879051938653, "RMSE": 52.9882603796977, "WRMSE": 53.476512160790044, "MAE": 42.22396850698494, "PE": 1.7285508727023835, "exact_EV": 345, "disc_EV": 339.0364994891768, "Wass_scaled": 0.1293352079706275, "Wass_multi": 6.6252523787785185, "time_wass": 0.02081486117094755}