{"distribution": "lg", "edges": [["A", "D"], ["B", "D"], ["D", "E"], ["C", "E"]], "root_params": "A ~ N(20,20) B ~ N(20,20) C ~ N(15,15)", "experiment": 116, "not_root_params": "D   ~   N ( 2 A + 3 B , 9 . 4 3 7 5 )   E   ~   N ( 3 C + 3 D , 9 . 4 3 7 5 )", "sample_size": 219, "means": {"A": 20, "B": 20, "C": 15, "D": 100, "E": 345}, "disc_method": "EB", "bins": 8, "target_column": null, "CPT_method": "Bayes", "time_disc": 0.09773210001003463, "time_cnf": 0.017166999998153187, "time_VE": 0.0018189999973401427, "time_BP": 0.011476999992737547, "RMSE": 86.6411303265133, "WRMSE": 49.63456999810792, "MAE": 71.9251615528556, "PE": 1.6523030026309262, "exact_EV": 345, "disc_EV": 339.2995546409233, "Wass_scaled": 0.08942655403866703, "Wass_multi": 19.880928830430335, "time_wass": 0.028526499998406507}