{
	"nodecount" : 5993,
	"peaknodes" : 6714,
	"total_load_time" : 0.892817,
	"build_time" : 0.851875,
	"wmc_time" : 0.00358105,
	"wmc_value" : 1,
	"bn_to_cnf_time" : 0.0218911
}
