{
	"nodecount" : 3233,
	"peaknodes" : 3365,
	"total_load_time" : 0.325013,
	"build_time" : 0.305195,
	"wmc_time" : 0.00349092,
	"wmc_value" : 1,
	"bn_to_cnf_time" : 0.0115018
}
