{"distribution": "lg", "edges": [["A", "D"], ["B", "D"], ["D", "E"], ["C", "E"]], "root_params": "A ~ N(20,20) B ~ N(20,20) C ~ N(15,15)", "experiment": 125, "not_root_params": "D   ~   N ( 2 A + 3 B , 2 . 4 0 6 2 5 )   E   ~   N ( 3 C + 3 D , 2 . 4 0 6 2 5 )", "sample_size": 397, "means": {"A": 20, "B": 20, "C": 15, "D": 100, "E": 345}, "disc_method": "EB", "bins": 30, "target_column": null, "CPT_method": "Bayes", "time_disc": 0.07546633994206786, "time_cnf": 4.041003888938576, "time_VE": 0.0017496850341558456, "time_BP": 0.009251829702407122, "RMSE": 20.196043996296236, "WRMSE": 13.506535583230692, "MAE": 17.015569188530787, "PE": 2.062474489558748, "exact_EV": 345, "disc_EV": 337.8844630110223, "Wass_scaled": 0.02428199663619502, "Wass_multi": 1.193450067930571, "time_wass": 0.0365449171513319}