{"distribution": "lg", "edges": [["A", "D"], ["B", "D"], ["D", "E"], ["C", "E"]], "root_params": "A ~ N(20,20) B ~ N(20,20) C ~ N(15,15)", "experiment": 125, "not_root_params": "D   ~   N ( 2 A + 3 B , 2 . 4 0 6 2 5 )   E   ~   N ( 3 C + 3 D , 2 . 4 0 6 2 5 )", "sample_size": 397, "means": {"A": 20, "B": 20, "C": 15, "D": 100, "E": 345}, "disc_method": "EB", "bins": 10, "target_column": null, "CPT_method": "Bayes", "time_disc": 0.08551279999664985, "time_cnf": 0.03343710000626743, "time_VE": 0.0022551000001840293, "time_BP": 0.007796400008373894, "RMSE": 19.680736645067707, "WRMSE": 11.263839299011208, "MAE": 16.24505422489858, "PE": 1.4754664007451221, "exact_EV": 345, "disc_EV": 339.90964091742933, "Wass_scaled": 0.07916553406581434, "Wass_multi": 3.601834939545579, "time_wass": 0.09816090000094846}