{
	"nodecount" : 9629,
	"peaknodes" : 9859,
	"total_load_time" : 1.13819,
	"build_time" : 1.08148,
	"wmc_time" : 0.00424886,
	"wmc_value" : 1,
	"bn_to_cnf_time" : 0.024668
}
