{"distribution": "lg", "edges": [["A", "D"], ["B", "D"], ["D", "E"], ["C", "E"]], "root_params": "A ~ N(20,20) B ~ N(20,20) C ~ N(15,15)", "experiment": 125, "not_root_params": "D   ~   N ( 2 A + 3 B , 2 . 4 0 6 2 5 )   E   ~   N ( 3 C + 3 D , 2 . 4 0 6 2 5 )", "sample_size": 397, "means": {"A": 20, "B": 20, "C": 15, "D": 100, "E": 345}, "disc_method": "EB", "bins": 14, "target_column": null, "CPT_method": "Bayes", "time_disc": 0.06892718793824315, "time_cnf": 0.43889563204720616, "time_VE": 0.0012963549233973026, "time_BP": 0.005467016715556383, "RMSE": 20.68432202585352, "WRMSE": 12.52382721996762, "MAE": 17.339486825539982, "PE": 1.7788202637221446, "exact_EV": 345, "disc_EV": 338.8630700901586, "Wass_scaled": 0.059281054682626184, "Wass_multi": 2.580272022010186, "time_wass": 0.04315638495609164}