{
	"nodecount" : 7482,
	"peaknodes" : 7889,
	"total_load_time" : 0.92426,
	"build_time" : 0.887413,
	"wmc_time" : 0.0041821,
	"wmc_value" : 1,
	"bn_to_cnf_time" : 0.0216892
}
