{
	"nodecount" : 3836,
	"peaknodes" : 4018,
	"total_load_time" : 0.293629,
	"build_time" : 0.16817,
	"wmc_time" : 0.00244188
}
