{
	"nodecount" : 17563,
	"peaknodes" : 20932,
	"total_load_time" : 2.47588,
	"build_time" : 2.22762,
	"wmc_time" : 0.00398302
}
