{
	"nodecount" : 22532,
	"peaknodes" : 25289,
	"total_load_time" : 3.63184,
	"build_time" : 3.1697,
	"wmc_time" : 0.00440502
}
