{"distribution": "lg", "edges": [["A", "D"], ["B", "D"], ["D", "E"], ["C", "E"]], "root_params": "A ~ N(20,20) B ~ N(20,20) C ~ N(15,15)", "experiment": 125, "not_root_params": "D   ~   N ( 2 A + 3 B , 2 . 4 0 6 2 5 )   E   ~   N ( 3 C + 3 D , 2 . 4 0 6 2 5 )", "sample_size": 397, "means": {"A": 20, "B": 20, "C": 15, "D": 100, "E": 345}, "disc_method": "EV", "bins": 20, "target_column": null, "CPT_method": "Bayes", "time_disc": 0.09768110000004526, "time_cnf": 0.224144099993282, "time_VE": 0.002094399998895824, "time_BP": 0.008818000002065673, "RMSE": 11.123331164585498, "WRMSE": 11.150360546495795, "MAE": 8.89772817309752, "PE": 0.24249568240917682, "exact_EV": 345, "disc_EV": 344.16338989568834, "Wass_scaled": 0.15066659323334816, "Wass_multi": 1.78958055120412, "time_wass": 0.12420780000684317}