{"distribution": "lg", "edges": [["A", "D"], ["B", "D"], ["D", "E"], ["C", "E"]], "root_params": "A ~ N(20,20) B ~ N(20,20) C ~ N(15,15)", "experiment": 125, "not_root_params": "D   ~   N ( 2 A + 3 B , 2 . 4 0 6 2 5 )   E   ~   N ( 3 C + 3 D , 2 . 4 0 6 2 5 )", "sample_size": 397, "means": {"A": 20, "B": 20, "C": 15, "D": 100, "E": 345}, "disc_method": "EV", "bins": 8, "target_column": null, "CPT_method": "Bayes", "time_disc": 0.09259359999850858, "time_cnf": 0.019543000002158806, "time_VE": 0.0021015999955125153, "time_BP": 0.005943399999523535, "RMSE": 9.118145715721825, "WRMSE": 9.13913480913219, "MAE": 7.368095754453591, "PE": 0.23668967652812184, "exact_EV": 345, "disc_EV": 344.183420615978, "Wass_scaled": 0.28414465716798587, "Wass_multi": 4.131605523179245, "time_wass": 0.1187874000024749}