{
	"nodecount" : 18551,
	"peaknodes" : 20592,
	"total_load_time" : 2.46724,
	"build_time" : 2.22331,
	"wmc_time" : 0.00455403
}
