{"distribution": "lg", "edges": [["A", "D"], ["B", "D"], ["D", "E"], ["C", "E"]], "root_params": "A ~ N(20,20) B ~ N(20,20) C ~ N(15,15)", "experiment": 125, "not_root_params": "D   ~   N ( 2 A + 3 B , 2 . 4 0 6 2 5 )   E   ~   N ( 3 C + 3 D , 2 . 4 0 6 2 5 )", "sample_size": 397, "means": {"A": 20, "B": 20, "C": 15, "D": 100, "E": 345}, "disc_method": "EB", "bins": 17, "target_column": null, "CPT_method": "Bayes", "time_disc": 0.06832520104944706, "time_cnf": 0.4865798312239349, "time_VE": 0.0012988513335585594, "time_BP": 0.005803386680781841, "RMSE": 20.72184007897334, "WRMSE": 12.921979537915691, "MAE": 17.404641443764646, "PE": 1.895457100101662, "exact_EV": 345, "disc_EV": 338.46067300464927, "Wass_scaled": 0.047299166774089504, "Wass_multi": 2.0850746233015283, "time_wass": 0.04190116422250867}