{
	"nodecount" : 12944,
	"peaknodes" : 14648,
	"total_load_time" : 2.0163,
	"build_time" : 1.90679,
	"wmc_time" : 0.00435805,
	"wmc_value" : 1,
	"bn_to_cnf_time" : 0.0587153
}
