{"distribution": "lg", "edges": [["A", "D"], ["B", "D"], ["D", "E"], ["C", "E"]], "root_params": "A ~ N(20,20) B ~ N(20,20) C ~ N(15,15)", "experiment": 125, "not_root_params": "D   ~   N ( 2 A + 3 B , 2 . 4 0 6 2 5 )   E   ~   N ( 3 C + 3 D , 2 . 4 0 6 2 5 )", "sample_size": 397, "means": {"A": 20, "B": 20, "C": 15, "D": 100, "E": 345}, "disc_method": "EV", "bins": 10, "target_column": null, "CPT_method": "Bayes", "time_disc": 0.06578212603926659, "time_cnf": 0.45080028660595417, "time_VE": 0.0011981152929365635, "time_BP": 0.00488673523068428, "RMSE": 10.22001993879768, "WRMSE": 10.245539577784408, "MAE": 8.264416743084343, "PE": 0.23371258889038354, "exact_EV": 345, "disc_EV": 344.1936915683282, "Wass_scaled": 0.24582377789775423, "Wass_multi": 3.476622800001598, "time_wass": 0.04924113117158413}