{"distribution": "lg", "edges": [["A", "D"], ["B", "D"], ["D", "E"], ["C", "E"]], "root_params": "A ~ N(20,20) B ~ N(20,20) C ~ N(15,15)", "experiment": 125, "not_root_params": "D   ~   N ( 2 A + 3 B , 2 . 4 0 6 2 5 )   E   ~   N ( 3 C + 3 D , 2 . 4 0 6 2 5 )", "sample_size": 397, "means": {"A": 20, "B": 20, "C": 15, "D": 100, "E": 345}, "disc_method": "EV", "bins": 12, "target_column": null, "CPT_method": "Bayes", "time_disc": 0.06542933592572808, "time_cnf": 0.503315607085824, "time_VE": 0.001245755236595869, "time_BP": 0.005204762332141399, "RMSE": 10.698795313937865, "WRMSE": 10.73006046333365, "MAE": 8.62199066005264, "PE": 0.2275373041664227, "exact_EV": 345, "disc_EV": 344.21499630062584, "Wass_scaled": 0.21807703146915988, "Wass_multi": 2.949430518165095, "time_wass": 0.04893887974321842}