{"distribution": "lg", "edges": [["A", "D"], ["B", "D"], ["D", "E"], ["C", "E"]], "root_params": "A ~ N(20,20) B ~ N(20,20) C ~ N(15,15)", "experiment": 125, "not_root_params": "D   ~   N ( 2 A + 3 B , 2 . 4 0 6 2 5 )   E   ~   N ( 3 C + 3 D , 2 . 4 0 6 2 5 )", "sample_size": 397, "means": {"A": 20, "B": 20, "C": 15, "D": 100, "E": 345}, "disc_method": "EV", "bins": 14, "target_column": null, "CPT_method": "Bayes", "time_disc": 0.09718120000616182, "time_cnf": 0.0777652999968268, "time_VE": 0.0034823000023607165, "time_BP": 0.007614700007252395, "RMSE": 10.906971476701088, "WRMSE": 10.952934444072554, "MAE": 8.771466330516814, "PE": 0.238843608323238, "exact_EV": 345, "disc_EV": 344.17598955128483, "Wass_scaled": 0.19587559902344318, "Wass_multi": 2.4903299418336964, "time_wass": 0.10511380000389181}