{
	"nodecount" : 16665,
	"peaknodes" : 18429,
	"total_load_time" : 3.60629,
	"build_time" : 3.41534,
	"wmc_time" : 0.00538206,
	"wmc_value" : 1,
	"bn_to_cnf_time" : 0.112634
}
