{"distribution": "lg", "edges": [["A", "D"], ["B", "D"], ["D", "E"], ["C", "E"]], "root_params": "A ~ N(20,20) B ~ N(20,20) C ~ N(15,15)", "experiment": 125, "not_root_params": "D   ~   N ( 2 A + 3 B , 2 . 4 0 6 2 5 )   E   ~   N ( 3 C + 3 D , 2 . 4 0 6 2 5 )", "sample_size": 397, "means": {"A": 20, "B": 20, "C": 15, "D": 100, "E": 345}, "disc_method": "MDLP", "bins": 2, "target_column": "E", "CPT_method": "Bayes", "time_disc": 0.30283625703305006, "time_cnf": 0.23825111705809832, "time_VE": 0.0013485252857208252, "time_BP": 0.00526177603751421, "RMSE": 9.883298071081729, "WRMSE": 9.435532420556212, "MAE": 8.375128863568222, "PE": 1.0304881568648248, "exact_EV": 345, "disc_EV": 341.44481585881636, "Wass_scaled": 0.33462890188248895, "Wass_multi": 2.2727530537622376, "time_wass": 0.04122429387643933}