{
	"nodecount" : 7482,
	"peaknodes" : 7889,
	"total_load_time" : 0.576856,
	"build_time" : 0.446595,
	"wmc_time" : 0.00309992
}
