{
	"nodecount" : 22532,
	"peaknodes" : 25289,
	"total_load_time" : 6.98839,
	"build_time" : 6.3473,
	"wmc_time" : 0.00642109,
	"wmc_value" : 1,
	"bn_to_cnf_time" : 0.324149
}
