{
	"nodecount" : 1319,
	"peaknodes" : 1319,
	"total_load_time" : 0.655146,
	"build_time" : 0.606775,
	"wmc_time" : 0.00355601,
	"wmc_value" : 1,
	"bn_to_cnf_time" : 0.0196545
}
