{"distribution": "lg", "edges": [["A", "D"], ["B", "D"], ["D", "E"], ["C", "E"]], "root_params": "A ~ N(20,20) B ~ N(20,20) C ~ N(15,15)", "experiment": 125, "not_root_params": "D   ~   N ( 2 A + 3 B , 2 . 4 0 6 2 5 )   E   ~   N ( 3 C + 3 D , 2 . 4 0 6 2 5 )", "sample_size": 397, "means": {"A": 20, "B": 20, "C": 15, "D": 100, "E": 345}, "disc_method": "EB", "bins": 5, "target_column": null, "CPT_method": "Bayes", "time_disc": 0.06687561888247728, "time_cnf": 0.160932547878474, "time_VE": 0.0012777550145983696, "time_BP": 0.005104477982968092, "RMSE": 14.368177320065262, "WRMSE": 7.286978892831151, "MAE": 11.143741855019414, "PE": 0.6357940152948205, "exact_EV": 345, "disc_EV": 342.80651064723287, "Wass_scaled": 0.17644477961266478, "Wass_multi": 7.064336139724281, "time_wass": 0.04755101911723614}