{
	"nodecount" : 19138,
	"peaknodes" : 23484,
	"total_load_time" : 5.52868,
	"build_time" : 4.66242,
	"wmc_time" : 0.00437117
}
