{"distribution": "lg", "edges": [["A", "D"], ["B", "D"], ["D", "E"], ["C", "E"]], "root_params": "A ~ N(20,20) B ~ N(20,20) C ~ N(15,15)", "experiment": 125, "not_root_params": "D   ~   N ( 2 A + 3 B , 2 . 4 0 6 2 5 )   E   ~   N ( 3 C + 3 D , 2 . 4 0 6 2 5 )", "sample_size": 397, "means": {"A": 20, "B": 20, "C": 15, "D": 100, "E": 345}, "disc_method": "EB", "bins": 17, "target_column": null, "CPT_method": "Bayes", "time_disc": 0.1009360000025481, "time_cnf": 0.1458234000019729, "time_VE": 0.0021591000113403425, "time_BP": 0.007505700006731786, "RMSE": 20.721840078973337, "WRMSE": 12.921979537915686, "MAE": 17.40464144376464, "PE": 1.895457100101662, "exact_EV": 345, "disc_EV": 338.46067300464927, "Wass_scaled": 0.047299166774089504, "Wass_multi": 2.0850746233015283, "time_wass": 0.09370679999119602}