{"distribution": "lg", "edges": [["A", "D"], ["B", "D"], ["D", "E"], ["C", "E"]], "root_params": "A ~ N(20,20) B ~ N(20,20) C ~ N(15,15)", "experiment": 125, "not_root_params": "D   ~   N ( 2 A + 3 B , 2 . 4 0 6 2 5 )   E   ~   N ( 3 C + 3 D , 2 . 4 0 6 2 5 )", "sample_size": 397, "means": {"A": 20, "B": 20, "C": 15, "D": 100, "E": 345}, "disc_method": "EV", "bins": 30, "target_column": null, "CPT_method": "Bayes", "time_disc": 0.07583507103845477, "time_cnf": 4.045901032164693, "time_VE": 0.0016480069607496262, "time_BP": 0.011023066937923431, "RMSE": 11.137660346262333, "WRMSE": 11.206922888075443, "MAE": 8.899456895694692, "PE": 0.23731839048579875, "exact_EV": 345, "disc_EV": 344.181251552824, "Wass_scaled": 0.1162584437935899, "Wass_multi": 1.295754342896923, "time_wass": 0.043084317818284035}