{"distribution": "lg", "edges": [["A", "D"], ["B", "D"], ["D", "E"], ["C", "E"]], "root_params": "A ~ N(20,20) B ~ N(20,20) C ~ N(15,15)", "experiment": 125, "not_root_params": "D   ~   N ( 2 A + 3 B , 2 . 4 0 6 2 5 )   E   ~   N ( 3 C + 3 D , 2 . 4 0 6 2 5 )", "sample_size": 397, "means": {"A": 20, "B": 20, "C": 15, "D": 100, "E": 345}, "disc_method": "EB", "bins": 8, "target_column": null, "CPT_method": "Bayes", "time_disc": 0.06641213782131672, "time_cnf": 0.2488038600422442, "time_VE": 0.0011713458225131035, "time_BP": 0.004802354145795107, "RMSE": 18.271262174192266, "WRMSE": 9.94946002391979, "MAE": 14.862456772683302, "PE": 1.1264067806863407, "exact_EV": 345, "disc_EV": 341.1138966066321, "Wass_scaled": 0.0984447636242271, "Wass_multi": 4.53891391496895, "time_wass": 0.046424873638898134}