{"distribution": "lg", "edges": [["A", "D"], ["B", "D"], ["D", "E"], ["C", "E"]], "root_params": "A ~ N(20,20) B ~ N(20,20) C ~ N(15,15)", "experiment": 125, "not_root_params": "D   ~   N ( 2 A + 3 B , 2 . 4 0 6 2 5 )   E   ~   N ( 3 C + 3 D , 2 . 4 0 6 2 5 )", "sample_size": 397, "means": {"A": 20, "B": 20, "C": 15, "D": 100, "E": 345}, "disc_method": "EV", "bins": 25, "target_column": null, "CPT_method": "Bayes", "time_disc": 0.10411140001087915, "time_cnf": 0.4228819999989355, "time_VE": 0.0024462000001221895, "time_BP": 0.010794899993925355, "RMSE": 11.162414329282957, "WRMSE": 11.191274521671051, "MAE": 8.920828008615496, "PE": 0.24754422987651167, "exact_EV": 345, "disc_EV": 344.14597240692603, "Wass_scaled": 0.12786244259554572, "Wass_multi": 1.4791518251166358, "time_wass": 0.10186730000714306}