{
	"nodecount" : 5068,
	"peaknodes" : 5068,
	"total_load_time" : 0.196208,
	"build_time" : 0.184143,
	"wmc_time" : 0.00265217
}
