{
	"nodecount" : 19138,
	"peaknodes" : 23484,
	"total_load_time" : 9.62115,
	"build_time" : 8.45762,
	"wmc_time" : 0.00525212,
	"wmc_value" : 1,
	"bn_to_cnf_time" : 0.651943
}
