{"distribution": "lg", "edges": [["A", "D"], ["B", "D"], ["D", "E"], ["C", "E"]], "root_params": "A ~ N(20,20) B ~ N(20,20) C ~ N(15,15)", "experiment": 125, "not_root_params": "D   ~   N ( 2 A + 3 B , 2 . 4 0 6 2 5 )   E   ~   N ( 3 C + 3 D , 2 . 4 0 6 2 5 )", "sample_size": 397, "means": {"A": 20, "B": 20, "C": 15, "D": 100, "E": 345}, "disc_method": "EV", "bins": 14, "target_column": null, "CPT_method": "Bayes", "time_disc": 0.0653088497929275, "time_cnf": 0.523639562074095, "time_VE": 0.0012842300347983837, "time_BP": 0.005378903355449438, "RMSE": 10.90697147670108, "WRMSE": 10.952934444072545, "MAE": 8.771466330516805, "PE": 0.238843608323238, "exact_EV": 345, "disc_EV": 344.17598955128483, "Wass_scaled": 0.19587559902344318, "Wass_multi": 2.4903299418336964, "time_wass": 0.048594528809189796}