{
	"nodecount" : 6527,
	"peaknodes" : 6742,
	"total_load_time" : 0.90357,
	"build_time" : 0.868691,
	"wmc_time" : 0.00406098,
	"wmc_value" : 1,
	"bn_to_cnf_time" : 0.0227735
}
