{
	"nodecount" : 6527,
	"peaknodes" : 6742,
	"total_load_time" : 0.556831,
	"build_time" : 0.427585,
	"wmc_time" : 0.00292492
}
