{"distribution": "lg", "edges": [["A", "D"], ["B", "D"], ["D", "E"], ["C", "E"]], "root_params": "A ~ N(20,20) B ~ N(20,20) C ~ N(15,15)", "experiment": 115, "not_root_params": "D   ~   N ( 2 A + 3 B , 4 . 9 3 7 5 )   E   ~   N ( 3 C + 3 D , 4 . 9 3 7 5 )", "sample_size": 1169, "means": {"A": 20, "B": 20, "C": 15, "D": 100, "E": 345}, "disc_method": "EB", "bins": 10, "target_column": null, "CPT_method": "Bayespriors", "time_disc": 0.09644357394427061, "time_cnf": 0.16044720634818077, "time_VE": 0.0011889049783349037, "time_BP": 0.004905636887997389, "RMSE": 10.147256751227282, "WRMSE": 3.920666820477298, "MAE": 6.88223323981224, "PE": 0.15282810966149607, "exact_EV": 345, "disc_EV": 345.52725697833216, "Wass_scaled": 0.08826912294638488, "Wass_multi": 8.371737185619747, "time_wass": 0.5183272161521018}