{"distribution": "lg", "edges": [["A", "D"], ["B", "D"], ["D", "E"], ["C", "E"]], "root_params": "A ~ N(20,20) B ~ N(20,20) C ~ N(15,15)", "experiment": 115, "not_root_params": "D   ~   N ( 2 A + 3 B , 4 . 9 3 7 5 )   E   ~   N ( 3 C + 3 D , 4 . 9 3 7 5 )", "sample_size": 1169, "means": {"A": 20, "B": 20, "C": 15, "D": 100, "E": 345}, "disc_method": "MDLP", "bins": 2, "target_column": "E", "CPT_method": "Bayespriors", "time_disc": 0.9519924999913201, "time_cnf": 0.07833379998919554, "time_VE": 0.0032804999937070534, "time_BP": 0.008192900000722148, "RMSE": 2.280575775516217, "WRMSE": 2.4685015729428526, "MAE": 2.125132868387354, "PE": 0.05655062954128485, "exact_EV": 345, "disc_EV": 345.19509967191743, "Wass_scaled": 0.38746291823116963, "Wass_multi": 4.550043483405481, "time_wass": 0.6627804000017932}