{
	"nodecount" : 45909,
	"peaknodes" : 49689,
	"total_load_time" : 8.85947,
	"build_time" : 7.86029,
	"wmc_time" : 0.010941,
	"wmc_value" : 1,
	"bn_to_cnf_time" : 0.605491
}
