{"distribution": "lg", "edges": [["A", "D"], ["B", "D"], ["D", "E"], ["C", "E"]], "root_params": "A ~ N(20,20) B ~ N(20,20) C ~ N(15,15)", "experiment": 115, "not_root_params": "D   ~   N ( 2 A + 3 B , 4 . 9 3 7 5 )   E   ~   N ( 3 C + 3 D , 4 . 9 3 7 5 )", "sample_size": 1169, "means": {"A": 20, "B": 20, "C": 15, "D": 100, "E": 345}, "disc_method": "EB", "bins": 20, "target_column": null, "CPT_method": "Bayespriors", "time_disc": 0.10650946106761694, "time_cnf": 0.9529948122799397, "time_VE": 0.0013697701506316662, "time_BP": 0.006523741874843836, "RMSE": 26.333027201668564, "WRMSE": 8.57609696230291, "MAE": 17.543757894709806, "PE": 0.338405649380699, "exact_EV": 345, "disc_EV": 343.8325005096366, "Wass_scaled": 0.03632253813814905, "Wass_multi": 4.257145901192836, "time_wass": 0.4978299052454531}