{
	"nodecount" : 28414,
	"peaknodes" : 29875,
	"total_load_time" : 2.50779,
	"build_time" : 2.20644,
	"wmc_time" : 0.00680113
}
