{"distribution": "lg", "edges": [["A", "D"], ["B", "D"], ["D", "E"], ["C", "E"]], "root_params": "A ~ N(20,20) B ~ N(20,20) C ~ N(15,15)", "experiment": 115, "not_root_params": "D   ~   N ( 2 A + 3 B , 4 . 9 3 7 5 )   E   ~   N ( 3 C + 3 D , 4 . 9 3 7 5 )", "sample_size": 1169, "means": {"A": 20, "B": 20, "C": 15, "D": 100, "E": 345}, "disc_method": "EV", "bins": 30, "target_column": null, "CPT_method": "Bayespriors", "time_disc": 0.20584750000853091, "time_cnf": 1.1332351000019116, "time_VE": 0.004342500003986061, "time_BP": 0.013382200006162748, "RMSE": 10.91154717012259, "WRMSE": 10.916209709410188, "MAE": 8.024380850374671, "PE": 0.07741720333408433, "exact_EV": 345, "disc_EV": 345.2670893515026, "Wass_scaled": 0.1571982867525969, "Wass_multi": 2.490460335118779, "time_wass": 0.7110874999925727}