{
	"nodecount" : 1457,
	"peaknodes" : 1520,
	"total_load_time" : 0.141842,
	"build_time" : 0.0589371,
	"wmc_time" : 0.00180888
}
