{
	"nodecount" : 47137,
	"peaknodes" : 54976,
	"total_load_time" : 5.64723,
	"build_time" : 4.74153,
	"wmc_time" : 0.00896215
}
