{"distribution": "lg", "edges": [["A", "D"], ["B", "D"], ["D", "E"], ["C", "E"]], "root_params": "A ~ N(20,20) B ~ N(20,20) C ~ N(15,15)", "experiment": 115, "not_root_params": "D   ~   N ( 2 A + 3 B , 4 . 9 3 7 5 )   E   ~   N ( 3 C + 3 D , 4 . 9 3 7 5 )", "sample_size": 1169, "means": {"A": 20, "B": 20, "C": 15, "D": 100, "E": 345}, "disc_method": "EB", "bins": 5, "target_column": null, "CPT_method": "Bayespriors", "time_disc": 0.0922895991243422, "time_cnf": 0.23239698819816113, "time_VE": 0.0011544269509613514, "time_BP": 0.004727085120975971, "RMSE": 6.291459809198381, "WRMSE": 3.9360031615186917, "MAE": 5.356796713236998, "PE": 0.08457980004008264, "exact_EV": 345, "disc_EV": 345.2918003101383, "Wass_scaled": 0.1725254043395052, "Wass_multi": 15.03774183380779, "time_wass": 0.5050517162308097}