{"distribution": "lg", "edges": [["A", "D"], ["B", "D"], ["D", "E"], ["C", "E"]], "root_params": "A ~ N(20,20) B ~ N(20,20) C ~ N(15,15)", "experiment": 115, "not_root_params": "D   ~   N ( 2 A + 3 B , 4 . 9 3 7 5 )   E   ~   N ( 3 C + 3 D , 4 . 9 3 7 5 )", "sample_size": 1169, "means": {"A": 20, "B": 20, "C": 15, "D": 100, "E": 345}, "disc_method": "EV", "bins": 20, "target_column": null, "CPT_method": "Bayespriors", "time_disc": 0.17052349999721628, "time_cnf": 0.2283845000056317, "time_VE": 0.0016653000056976452, "time_BP": 0.008757400006288663, "RMSE": 3.8994421721385137, "WRMSE": 3.906674296290124, "MAE": 3.107122863291994, "PE": 0.09114737900570591, "exact_EV": 345, "disc_EV": 345.3144584575697, "Wass_scaled": 0.19249126859646343, "Wass_multi": 3.516669445833777, "time_wass": 0.6815932999888901}