{
	"nodecount" : 9427,
	"peaknodes" : 9915,
	"total_load_time" : 0.749326,
	"build_time" : 0.640117,
	"wmc_time" : 0.00358987
}
