{"distribution": "lg", "edges": [["A", "D"], ["B", "D"], ["D", "E"], ["C", "E"]], "root_params": "A ~ N(20,20) B ~ N(20,20) C ~ N(15,15)", "experiment": 115, "not_root_params": "D   ~   N ( 2 A + 3 B , 4 . 9 3 7 5 )   E   ~   N ( 3 C + 3 D , 4 . 9 3 7 5 )", "sample_size": 1169, "means": {"A": 20, "B": 20, "C": 15, "D": 100, "E": 345}, "disc_method": "EV", "bins": 12, "target_column": null, "CPT_method": "Bayespriors", "time_disc": 0.09670501574873924, "time_cnf": 0.3926242985762656, "time_VE": 0.001201003324240446, "time_BP": 0.005089683923870325, "RMSE": 2.196612490677498, "WRMSE": 2.2008088804009502, "MAE": 1.4269749849655966, "PE": 0.0333799114073405, "exact_EV": 345, "disc_EV": 344.8848393056447, "Wass_scaled": 0.25016911893167365, "Wass_multi": 5.578807382600277, "time_wass": 0.5425805919803679}