{"distribution": "lg", "edges": [["A", "D"], ["B", "D"], ["D", "E"], ["C", "E"]], "root_params": "A ~ N(20,20) B ~ N(20,20) C ~ N(15,15)", "experiment": 115, "not_root_params": "D   ~   N ( 2 A + 3 B , 4 . 9 3 7 5 )   E   ~   N ( 3 C + 3 D , 4 . 9 3 7 5 )", "sample_size": 1169, "means": {"A": 20, "B": 20, "C": 15, "D": 100, "E": 345}, "disc_method": "EB", "bins": 12, "target_column": null, "CPT_method": "Bayespriors", "time_disc": 0.09798870701342821, "time_cnf": 0.30176065023988485, "time_VE": 0.001275625079870224, "time_BP": 0.00530639011412859, "RMSE": 14.443976508747404, "WRMSE": 5.180152294910236, "MAE": 9.917065653049216, "PE": 0.03957133845701258, "exact_EV": 345, "disc_EV": 344.8634788823233, "Wass_scaled": 0.06968826063735449, "Wass_multi": 7.124212018540761, "time_wass": 0.5231828768737614}