{"distribution": "lg", "edges": [["A", "D"], ["B", "D"], ["D", "E"], ["C", "E"]], "root_params": "A ~ N(20,20) B ~ N(20,20) C ~ N(15,15)", "experiment": 115, "not_root_params": "D   ~   N ( 2 A + 3 B , 4 . 9 3 7 5 )   E   ~   N ( 3 C + 3 D , 4 . 9 3 7 5 )", "sample_size": 1169, "means": {"A": 20, "B": 20, "C": 15, "D": 100, "E": 345}, "disc_method": "EV", "bins": 25, "target_column": null, "CPT_method": "Bayespriors", "time_disc": 0.11483582062646747, "time_cnf": 3.161214079707861, "time_VE": 0.0015030009672045708, "time_BP": 0.008276589680463076, "RMSE": 6.939832067613625, "WRMSE": 6.950136509586728, "MAE": 5.177588796323826, "PE": 0.11917915707127194, "exact_EV": 345, "disc_EV": 345.4111680918959, "Wass_scaled": 0.17185770021110502, "Wass_multi": 2.9045615257146364, "time_wass": 0.5349718271754682}