{
	"nodecount" : 1555,
	"peaknodes" : 1556,
	"total_load_time" : 1.55348,
	"build_time" : 1.44388,
	"wmc_time" : 0.00312591,
	"wmc_value" : 1,
	"bn_to_cnf_time" : 0.0595748
}
