{
	"nodecount" : 1457,
	"peaknodes" : 1520,
	"total_load_time" : 0.1473,
	"build_time" : 0.129136,
	"wmc_time" : 0.00356388,
	"wmc_value" : 1,
	"bn_to_cnf_time" : 0.00280499
}
