{
	"nodecount" : 1555,
	"peaknodes" : 1556,
	"total_load_time" : 0.695371,
	"build_time" : 0.624792,
	"wmc_time" : 0.00178194
}
