{"distribution": "lg", "edges": [["A", "D"], ["B", "D"], ["D", "E"], ["C", "E"]], "root_params": "A ~ N(20,20) B ~ N(20,20) C ~ N(15,15)", "experiment": 115, "not_root_params": "D   ~   N ( 2 A + 3 B , 4 . 9 3 7 5 )   E   ~   N ( 3 C + 3 D , 4 . 9 3 7 5 )", "sample_size": 1169, "means": {"A": 20, "B": 20, "C": 15, "D": 100, "E": 345}, "disc_method": "EB", "bins": 14, "target_column": null, "CPT_method": "Bayespriors", "time_disc": 0.10037741810083389, "time_cnf": 0.3499238099902868, "time_VE": 0.0013962909579277039, "time_BP": 0.005487421061843634, "RMSE": 17.10251529495491, "WRMSE": 5.899663507026924, "MAE": 11.743061835572965, "PE": 0.051349486089250516, "exact_EV": 345, "disc_EV": 344.8228442729921, "Wass_scaled": 0.06114821022739892, "Wass_multi": 5.9373999653294645, "time_wass": 0.5314865531399846}