{
	"nodecount" : 11456,
	"peaknodes" : 11485,
	"total_load_time" : 0.659599,
	"build_time" : 0.510821,
	"wmc_time" : 0.00398088
}
