{"distribution": "lg", "edges": [["A", "D"], ["B", "D"], ["D", "E"], ["C", "E"]], "root_params": "A ~ N(20,20) B ~ N(20,20) C ~ N(15,15)", "experiment": 115, "not_root_params": "D   ~   N ( 2 A + 3 B , 4 . 9 3 7 5 )   E   ~   N ( 3 C + 3 D , 4 . 9 3 7 5 )", "sample_size": 1169, "means": {"A": 20, "B": 20, "C": 15, "D": 100, "E": 345}, "disc_method": "EB", "bins": 17, "target_column": null, "CPT_method": "Bayespriors", "time_disc": 0.1773780999938026, "time_cnf": 0.12385160000121687, "time_VE": 0.002326000001630746, "time_BP": 0.006738800002494827, "RMSE": 24.339873018912062, "WRMSE": 7.639293540261387, "MAE": 15.681963326421666, "PE": 0.09064670539192525, "exact_EV": 345, "disc_EV": 344.68726886639786, "Wass_scaled": 0.04158646999784572, "Wass_multi": 4.9555194183668165, "time_wass": 0.6572276000079}