{"distribution": "lg", "edges": [["A", "D"], ["B", "D"], ["D", "E"], ["C", "E"]], "root_params": "A ~ N(20,20) B ~ N(20,20) C ~ N(15,15)", "experiment": 115, "not_root_params": "D   ~   N ( 2 A + 3 B , 4 . 9 3 7 5 )   E   ~   N ( 3 C + 3 D , 4 . 9 3 7 5 )", "sample_size": 1169, "means": {"A": 20, "B": 20, "C": 15, "D": 100, "E": 345}, "disc_method": "EB", "bins": 30, "target_column": null, "CPT_method": "Bayespriors", "time_disc": 0.1823716999933822, "time_cnf": 0.742894900002284, "time_VE": 0.0023551000049337745, "time_BP": 0.012301700000534765, "RMSE": 33.11542536325324, "WRMSE": 12.302411935230577, "MAE": 24.13920529724306, "PE": 0.14541154677360374, "exact_EV": 345, "disc_EV": 344.49833016363107, "Wass_scaled": 0.024492664959179553, "Wass_multi": 2.8866860469025877, "time_wass": 0.6052515000046697}