{"distribution": "lg", "edges": [["A", "D"], ["B", "D"], ["D", "E"], ["C", "E"]], "root_params": "A ~ N(20,20) B ~ N(20,20) C ~ N(15,15)", "experiment": 115, "not_root_params": "D   ~   N ( 2 A + 3 B , 4 . 9 3 7 5 )   E   ~   N ( 3 C + 3 D , 4 . 9 3 7 5 )", "sample_size": 1169, "means": {"A": 20, "B": 20, "C": 15, "D": 100, "E": 345}, "disc_method": "EB", "bins": 20, "target_column": null, "CPT_method": "Bayespriors", "time_disc": 0.17878570000175387, "time_cnf": 0.20490530000824947, "time_VE": 0.0018314000044483691, "time_BP": 0.010178200012887828, "RMSE": 26.33302720166856, "WRMSE": 8.576096962302907, "MAE": 17.5437578947098, "PE": 0.338405649380699, "exact_EV": 345, "disc_EV": 343.8325005096366, "Wass_scaled": 0.03632253813814905, "Wass_multi": 4.257145901192836, "time_wass": 0.6284882000036305}