{"distribution": "lg", "edges": [["A", "D"], ["B", "D"], ["D", "E"], ["C", "E"]], "root_params": "A ~ N(20,20) B ~ N(20,20) C ~ N(15,15)", "experiment": 115, "not_root_params": "D   ~   N ( 2 A + 3 B , 4 . 9 3 7 5 )   E   ~   N ( 3 C + 3 D , 4 . 9 3 7 5 )", "sample_size": 1169, "means": {"A": 20, "B": 20, "C": 15, "D": 100, "E": 345}, "disc_method": "EV", "bins": 10, "target_column": null, "CPT_method": "Bayespriors", "time_disc": 0.09499206999316812, "time_cnf": 0.3727599666453898, "time_VE": 0.0012043160386383533, "time_BP": 0.00491831311956048, "RMSE": 2.2439182252769903, "WRMSE": 2.2448777783523703, "MAE": 1.390634991454783, "PE": 0.0020771737367992855, "exact_EV": 345, "disc_EV": 345.00716624939196, "Wass_scaled": 0.2749152062745686, "Wass_multi": 6.596414133482948, "time_wass": 0.5573457330465317}