{"distribution": "lg", "edges": [["A", "D"], ["B", "D"], ["D", "E"], ["C", "E"]], "root_params": "A ~ N(20,20) B ~ N(20,20) C ~ N(15,15)", "experiment": 115, "not_root_params": "D   ~   N ( 2 A + 3 B , 4 . 9 3 7 5 )   E   ~   N ( 3 C + 3 D , 4 . 9 3 7 5 )", "sample_size": 1169, "means": {"A": 20, "B": 20, "C": 15, "D": 100, "E": 345}, "disc_method": "EV", "bins": 20, "target_column": null, "CPT_method": "Bayespriors", "time_disc": 0.10746153397485614, "time_cnf": 0.9492476140148938, "time_VE": 0.0013502966612577438, "time_BP": 0.006272502243518829, "RMSE": 3.899442172138514, "WRMSE": 3.9066742962901246, "MAE": 3.107122863291997, "PE": 0.09114737900570591, "exact_EV": 345, "disc_EV": 345.3144584575697, "Wass_scaled": 0.19249126859646343, "Wass_multi": 3.516669445833777, "time_wass": 0.5465740626677871}