{"distribution": "lg", "edges": [["A", "D"], ["B", "D"], ["D", "E"], ["C", "E"]], "root_params": "A ~ N(20,20) B ~ N(20,20) C ~ N(15,15)", "experiment": 115, "not_root_params": "D   ~   N ( 2 A + 3 B , 4 . 9 3 7 5 )   E   ~   N ( 3 C + 3 D , 4 . 9 3 7 5 )", "sample_size": 1169, "means": {"A": 20, "B": 20, "C": 15, "D": 100, "E": 345}, "disc_method": "EB", "bins": 12, "target_column": null, "CPT_method": "Bayespriors", "time_disc": 0.16429190000053495, "time_cnf": 0.051589599999715574, "time_VE": 0.0023452000023098662, "time_BP": 0.006034799996996298, "RMSE": 14.4439765087474, "WRMSE": 5.1801522949102345, "MAE": 9.917065653049212, "PE": 0.03957133845701258, "exact_EV": 345, "disc_EV": 344.8634788823233, "Wass_scaled": 0.06968826063735449, "Wass_multi": 7.124212018540761, "time_wass": 0.6846183000016026}