{"distribution": "lg", "edges": [["A", "D"], ["B", "D"], ["D", "E"], ["C", "E"]], "root_params": "A ~ N(20,20) B ~ N(20,20) C ~ N(15,15)", "experiment": 115, "not_root_params": "D   ~   N ( 2 A + 3 B , 4 . 9 3 7 5 )   E   ~   N ( 3 C + 3 D , 4 . 9 3 7 5 )", "sample_size": 1169, "means": {"A": 20, "B": 20, "C": 15, "D": 100, "E": 345}, "disc_method": "EV", "bins": 12, "target_column": null, "CPT_method": "Bayespriors", "time_disc": 0.36071010000887327, "time_cnf": 0.09297309999237768, "time_VE": 0.004550400000880472, "time_BP": 0.012347100011538714, "RMSE": 2.196612490677491, "WRMSE": 2.200808880400943, "MAE": 1.426974984965587, "PE": 0.0333799114073405, "exact_EV": 345, "disc_EV": 344.8848393056447, "Wass_scaled": 0.25016911893167365, "Wass_multi": 5.578807382600277, "time_wass": 0.8967714000027627}