{
	"nodecount" : 40981,
	"peaknodes" : 44214,
	"total_load_time" : 5.035,
	"build_time" : 4.69426,
	"wmc_time" : 0.00802612,
	"wmc_value" : 1,
	"bn_to_cnf_time" : 0.177542
}
