{
	"nodecount" : 12878,
	"peaknodes" : 13558,
	"total_load_time" : 1.03636,
	"build_time" : 0.900994,
	"wmc_time" : 0.00335097
}
