{"distribution": "lg", "edges": [["A", "D"], ["B", "D"], ["D", "E"], ["C", "E"]], "root_params": "A ~ N(20,20) B ~ N(20,20) C ~ N(15,15)", "experiment": 121, "not_root_params": "D   ~   N ( 2 A + 3 B , 1 . 8 4 3 7 5 )   E   ~   N ( 3 C + 3 D , 1 . 8 4 3 7 5 )", "sample_size": 991, "means": {"A": 20, "B": 20, "C": 15, "D": 100, "E": 345}, "disc_method": "EV", "bins": 10, "target_column": null, "CPT_method": "Bayespriors", "time_disc": 0.17196450001210906, "time_cnf": 0.03307939998921938, "time_VE": 0.001869200001237914, "time_BP": 0.005693700004485436, "RMSE": 0.3811182265553873, "WRMSE": 0.381291972255166, "MAE": 0.3437122121188111, "PE": 0.013016412193828597, "exact_EV": 345, "disc_EV": 344.9550933779313, "Wass_scaled": 0.27620922743086856, "Wass_multi": 1.6456891861431804, "time_wass": 0.54007050000655}