{"distribution": "lg", "edges": [["A", "D"], ["B", "D"], ["D", "E"], ["C", "E"]], "root_params": "A ~ N(20,20) B ~ N(20,20) C ~ N(15,15)", "experiment": 121, "not_root_params": "D   ~   N ( 2 A + 3 B , 1 . 8 4 3 7 5 )   E   ~   N ( 3 C + 3 D , 1 . 8 4 3 7 5 )", "sample_size": 991, "means": {"A": 20, "B": 20, "C": 15, "D": 100, "E": 345}, "disc_method": "EB", "bins": 17, "target_column": null, "CPT_method": "Bayespriors", "time_disc": 0.10478631826117635, "time_cnf": 0.29419974284246564, "time_VE": 0.0013137883506715298, "time_BP": 0.005905820056796074, "RMSE": 6.589140538118477, "WRMSE": 2.0252999938715566, "MAE": 4.189164075701302, "PE": 0.014932136722221174, "exact_EV": 345, "disc_EV": 345.05151587169166, "Wass_scaled": 0.043213246176638076, "Wass_multi": 1.1969934496058918, "time_wass": 0.4142408547922969}