{"distribution": "lg", "edges": [["A", "D"], ["B", "D"], ["D", "E"], ["C", "E"]], "root_params": "A ~ N(20,20) B ~ N(20,20) C ~ N(15,15)", "experiment": 121, "not_root_params": "D   ~   N ( 2 A + 3 B , 1 . 8 4 3 7 5 )   E   ~   N ( 3 C + 3 D , 1 . 8 4 3 7 5 )", "sample_size": 991, "means": {"A": 20, "B": 20, "C": 15, "D": 100, "E": 345}, "disc_method": "EV", "bins": 14, "target_column": null, "CPT_method": "Bayespriors", "time_disc": 0.1607923999981722, "time_cnf": 0.0767238999978872, "time_VE": 0.0023584999871673062, "time_BP": 0.0061597000021720305, "RMSE": 0.662086346582489, "WRMSE": 0.6624577382268072, "MAE": 0.443834153935971, "PE": 0.044364505071605206, "exact_EV": 345, "disc_EV": 345.15305754249704, "Wass_scaled": 0.2298511537981102, "Wass_multi": 1.2397050151049174, "time_wass": 0.5501208000059705}