{"distribution": "lg", "edges": [["A", "D"], ["B", "D"], ["D", "E"], ["C", "E"]], "root_params": "A ~ N(20,20) B ~ N(20,20) C ~ N(15,15)", "experiment": 121, "not_root_params": "D   ~   N ( 2 A + 3 B , 1 . 8 4 3 7 5 )   E   ~   N ( 3 C + 3 D , 1 . 8 4 3 7 5 )", "sample_size": 991, "means": {"A": 20, "B": 20, "C": 15, "D": 100, "E": 345}, "disc_method": "EV", "bins": 20, "target_column": null, "CPT_method": "Bayespriors", "time_disc": 0.17291179999301676, "time_cnf": 0.24809130000357982, "time_VE": 0.001560900011099875, "time_BP": 0.009079800001927651, "RMSE": 1.1846145110432336, "WRMSE": 1.1846825509869843, "MAE": 0.8873588012534128, "PE": 0.08579843023101708, "exact_EV": 345, "disc_EV": 345.296004584297, "Wass_scaled": 0.1924373181105293, "Wass_multi": 0.9486537618441732, "time_wass": 0.5539417000109097}