{"distribution": "lg", "edges": [["A", "D"], ["B", "D"], ["D", "E"], ["C", "E"]], "root_params": "A ~ N(20,20) B ~ N(20,20) C ~ N(15,15)", "experiment": 121, "not_root_params": "D   ~   N ( 2 A + 3 B , 1 . 8 4 3 7 5 )   E   ~   N ( 3 C + 3 D , 1 . 8 4 3 7 5 )", "sample_size": 991, "means": {"A": 20, "B": 20, "C": 15, "D": 100, "E": 345}, "disc_method": "EV", "bins": 17, "target_column": null, "CPT_method": "Bayespriors", "time_disc": 0.1056674299761653, "time_cnf": 0.2899602120742202, "time_VE": 0.0013827458024024963, "time_BP": 0.005957254208624363, "RMSE": 0.6368241395039512, "WRMSE": 0.6376156680001978, "MAE": 0.5456162765334611, "PE": 0.010225207579275737, "exact_EV": 345, "disc_EV": 344.9647230338515, "Wass_scaled": 0.20885962312355627, "Wass_multi": 1.0553691058397292, "time_wass": 0.44536486826837063}