{"distribution": "lg", "edges": [["A", "D"], ["B", "D"], ["D", "E"], ["C", "E"]], "root_params": "A ~ N(20,20) B ~ N(20,20) C ~ N(15,15)", "experiment": 121, "not_root_params": "D   ~   N ( 2 A + 3 B , 1 . 8 4 3 7 5 )   E   ~   N ( 3 C + 3 D , 1 . 8 4 3 7 5 )", "sample_size": 991, "means": {"A": 20, "B": 20, "C": 15, "D": 100, "E": 345}, "disc_method": "EV", "bins": 12, "target_column": null, "CPT_method": "Bayespriors", "time_disc": 0.17276339999807533, "time_cnf": 0.0519569999887608, "time_VE": 0.0016168000001925975, "time_BP": 0.0057450000022072345, "RMSE": 0.37963501430357754, "WRMSE": 0.37998522016413855, "MAE": 0.29839539752011984, "PE": 0.00024260017694623326, "exact_EV": 345, "disc_EV": 345.00083697061046, "Wass_scaled": 0.2509185193880287, "Wass_multi": 1.4190323197562107, "time_wass": 0.5557945999898948}