{"distribution": "lg", "edges": [["A", "D"], ["B", "D"], ["D", "E"], ["C", "E"]], "root_params": "A ~ N(20,20) B ~ N(20,20) C ~ N(15,15)", "experiment": 121, "not_root_params": "D   ~   N ( 2 A + 3 B , 1 . 8 4 3 7 5 )   E   ~   N ( 3 C + 3 D , 1 . 8 4 3 7 5 )", "sample_size": 991, "means": {"A": 20, "B": 20, "C": 15, "D": 100, "E": 345}, "disc_method": "EB", "bins": 10, "target_column": null, "CPT_method": "Bayespriors", "time_disc": 0.09846996515989304, "time_cnf": 0.43489565001800656, "time_VE": 0.001205672975629568, "time_BP": 0.004922888707369566, "RMSE": 4.111213388818311, "WRMSE": 1.2816613217286277, "MAE": 2.448418619955288, "PE": 0.043864851143015963, "exact_EV": 345, "disc_EV": 344.8486662635566, "Wass_scaled": 0.084226379023022, "Wass_multi": 2.0701260130748276, "time_wass": 0.4272518092766404}