{"distribution": "lg", "edges": [["A", "D"], ["B", "D"], ["D", "E"], ["C", "E"]], "root_params": "A ~ N(20,20) B ~ N(20,20) C ~ N(15,15)", "experiment": 121, "not_root_params": "D   ~   N ( 2 A + 3 B , 1 . 8 4 3 7 5 )   E   ~   N ( 3 C + 3 D , 1 . 8 4 3 7 5 )", "sample_size": 991, "means": {"A": 20, "B": 20, "C": 15, "D": 100, "E": 345}, "disc_method": "EB", "bins": 25, "target_column": null, "CPT_method": "Bayespriors", "time_disc": 0.11619794508442283, "time_cnf": 2.011523704044521, "time_VE": 0.001507788896560669, "time_BP": 0.00807984173297882, "RMSE": 7.781408521925582, "WRMSE": 2.896568208444465, "MAE": 5.635627989563709, "PE": 0.043187078346367, "exact_EV": 345, "disc_EV": 344.85100457970503, "Wass_scaled": 0.030838887808205647, "Wass_multi": 0.8244067588622785, "time_wass": 0.40024557476863265}