{
	"nodecount" : 25563,
	"peaknodes" : 27567,
	"total_load_time" : 2.58853,
	"build_time" : 2.25417,
	"wmc_time" : 0.00629091
}
