{"distribution": "lg", "edges": [["A", "D"], ["B", "D"], ["D", "E"], ["C", "E"]], "root_params": "A ~ N(20,20) B ~ N(20,20) C ~ N(15,15)", "experiment": 121, "not_root_params": "D   ~   N ( 2 A + 3 B , 1 . 8 4 3 7 5 )   E   ~   N ( 3 C + 3 D , 1 . 8 4 3 7 5 )", "sample_size": 991, "means": {"A": 20, "B": 20, "C": 15, "D": 100, "E": 345}, "disc_method": "EV", "bins": 5, "target_column": null, "CPT_method": "Bayespriors", "time_disc": 0.1451521999988472, "time_cnf": 0.009580300000379793, "time_VE": 0.002187899997807108, "time_BP": 0.008428500004811212, "RMSE": 0.7160943111636169, "WRMSE": 0.7159093915396227, "MAE": 0.5641320663707006, "PE": 0.0071067291792693095, "exact_EV": 345, "disc_EV": 344.9754817843315, "Wass_scaled": 0.41464839075536236, "Wass_multi": 2.9733292318517655, "time_wass": 0.5398891000077128}