{
	"nodecount" : 16225,
	"peaknodes" : 16428,
	"total_load_time" : 0.841462,
	"build_time" : 0.757684,
	"wmc_time" : 0.00463986
}
