{
	"nodecount" : 22073,
	"peaknodes" : 22456,
	"total_load_time" : 1.11929,
	"build_time" : 1.04798,
	"wmc_time" : 0.00543499
}
