{"distribution": "lg", "edges": [["A", "D"], ["B", "D"], ["D", "E"], ["C", "E"]], "root_params": "A ~ N(20,20) B ~ N(20,20) C ~ N(15,15)", "experiment": 121, "not_root_params": "D   ~   N ( 2 A + 3 B , 1 . 8 4 3 7 5 )   E   ~   N ( 3 C + 3 D , 1 . 8 4 3 7 5 )", "sample_size": 991, "means": {"A": 20, "B": 20, "C": 15, "D": 100, "E": 345}, "disc_method": "EV", "bins": 17, "target_column": null, "CPT_method": "Bayespriors", "time_disc": 0.16493529999570455, "time_cnf": 0.1413572000019485, "time_VE": 0.0017167999903904274, "time_BP": 0.007249800008139573, "RMSE": 0.6368241395039499, "WRMSE": 0.6376156680001964, "MAE": 0.5456162765334578, "PE": 0.010225207579275737, "exact_EV": 345, "disc_EV": 344.9647230338515, "Wass_scaled": 0.20885962312355627, "Wass_multi": 1.0553691058397292, "time_wass": 0.5626144999987446}