{"distribution": "lg", "edges": [["A", "D"], ["B", "D"], ["D", "E"], ["C", "E"]], "root_params": "A ~ N(20,20) B ~ N(20,20) C ~ N(15,15)", "experiment": 121, "not_root_params": "D   ~   N ( 2 A + 3 B , 1 . 8 4 3 7 5 )   E   ~   N ( 3 C + 3 D , 1 . 8 4 3 7 5 )", "sample_size": 991, "means": {"A": 20, "B": 20, "C": 15, "D": 100, "E": 345}, "disc_method": "EB", "bins": 12, "target_column": null, "CPT_method": "Bayespriors", "time_disc": 0.09845137689262629, "time_cnf": 0.2416082858107984, "time_VE": 0.0012101000174880028, "time_BP": 0.005113611929118633, "RMSE": 4.660327516430644, "WRMSE": 1.5087583806920208, "MAE": 2.9745341856706156, "PE": 0.04173539121974289, "exact_EV": 345, "disc_EV": 344.8560129002919, "Wass_scaled": 0.06268327478510471, "Wass_multi": 1.7336360958010046, "time_wass": 0.4210450639948249}