{
	"nodecount" : 25563,
	"peaknodes" : 27567,
	"total_load_time" : 4.90138,
	"build_time" : 4.51053,
	"wmc_time" : 0.00745893,
	"wmc_value" : 1,
	"bn_to_cnf_time" : 0.171151
}
