{
	"nodecount" : 31776,
	"peaknodes" : 34016,
	"total_load_time" : 3.82872,
	"build_time" : 3.61662,
	"wmc_time" : 0.00688791,
	"wmc_value" : 1,
	"bn_to_cnf_time" : 0.110064
}
