{
	"nodecount" : 34787,
	"peaknodes" : 37795,
	"total_load_time" : 3.95851,
	"build_time" : 3.28069,
	"wmc_time" : 0.00792098
}
