{"distribution": "lg", "edges": [["A", "D"], ["B", "D"], ["D", "E"], ["C", "E"]], "root_params": "A ~ N(20,20) B ~ N(20,20) C ~ N(15,15)", "experiment": 121, "not_root_params": "D   ~   N ( 2 A + 3 B , 1 . 8 4 3 7 5 )   E   ~   N ( 3 C + 3 D , 1 . 8 4 3 7 5 )", "sample_size": 991, "means": {"A": 20, "B": 20, "C": 15, "D": 100, "E": 345}, "disc_method": "EV", "bins": 8, "target_column": null, "CPT_method": "Bayespriors", "time_disc": 0.09506715182214975, "time_cnf": 0.25467099295929074, "time_VE": 0.0011894991621375084, "time_BP": 0.004822831135243177, "RMSE": 0.4319692379420729, "WRMSE": 0.43200518089448614, "MAE": 0.36663594002838096, "PE": 0.026540144820688987, "exact_EV": 345, "disc_EV": 344.9084365003686, "Wass_scaled": 0.3123915209382005, "Wass_multi": 2.0036727175089997, "time_wass": 0.44665018003433943}