{
	"nodecount" : 20522,
	"peaknodes" : 21890,
	"total_load_time" : 3.62184,
	"build_time" : 3.43555,
	"wmc_time" : 0.00655603,
	"wmc_value" : 1,
	"bn_to_cnf_time" : 0.111642
}
