{
	"nodecount" : 31776,
	"peaknodes" : 34016,
	"total_load_time" : 2.07968,
	"build_time" : 1.87519,
	"wmc_time" : 0.00636911
}
