{"distribution": "lg", "edges": [["A", "D"], ["B", "D"], ["D", "E"], ["C", "E"]], "root_params": "A ~ N(20,20) B ~ N(20,20) C ~ N(15,15)", "experiment": 121, "not_root_params": "D   ~   N ( 2 A + 3 B , 1 . 8 4 3 7 5 )   E   ~   N ( 3 C + 3 D , 1 . 8 4 3 7 5 )", "sample_size": 991, "means": {"A": 20, "B": 20, "C": 15, "D": 100, "E": 345}, "disc_method": "EB", "bins": 30, "target_column": null, "CPT_method": "Bayespriors", "time_disc": 0.18967580000753514, "time_cnf": 0.7665722999954596, "time_VE": 0.002377700002398342, "time_BP": 0.013799499996821396, "RMSE": 8.517149531585742, "WRMSE": 3.3524823884285144, "MAE": 6.372680315792377, "PE": 0.10159679255346656, "exact_EV": 345, "disc_EV": 345.35050893430946, "Wass_scaled": 0.024739587528944115, "Wass_multi": 0.6815440733683552, "time_wass": 0.4662185000051977}