{
	"nodecount" : 38326,
	"peaknodes" : 43285,
	"total_load_time" : 3.96321,
	"build_time" : 3.37035,
	"wmc_time" : 0.00887394
}
