{
	"nodecount" : 40904,
	"peaknodes" : 44749,
	"total_load_time" : 5.40191,
	"build_time" : 4.51146,
	"wmc_time" : 0.00907516
}
