{"distribution": "lg", "edges": [["A", "D"], ["B", "D"], ["D", "E"], ["C", "E"]], "root_params": "A ~ N(20,20) B ~ N(20,20) C ~ N(15,15)", "experiment": 12, "not_root_params": "D   ~   N ( 2 A + 3 B , 2 )   E   ~   N ( 3 C + 3 D , 2 )", "sample_size": 1000, "means": {"A": 20, "B": 20, "C": 15, "D": 100, "E": 345}, "disc_method": "EB", "bins": 12, "target_column": null, "CPT_method": "MLE", "time_disc": 0.05013254703953862, "time_cnf": 0.249318468850106, "time_VE": 0.0015628449618816376, "time_BP": 0.006019318010658026, "RMSE": 8.177964152790196, "WRMSE": 2.9491339885673304, "MAE": 5.495777121764253, "PE": 0.09978972146228257, "exact_EV": 345, "disc_EV": 345.3442745390449, "Wass_scaled": 0.06927496592257013, "Wass_multi": 3.5326606127404925, "time_wass": 0.43977825809270144}