{"distribution": "lg", "edges": [["A", "D"], ["B", "D"], ["D", "E"], ["C", "E"]], "root_params": "A ~ N(20,20) B ~ N(20,20) C ~ N(15,15)", "experiment": 12, "not_root_params": "D   ~   N ( 2 A + 3 B , 2 )   E   ~   N ( 3 C + 3 D , 2 )", "sample_size": 1000, "means": {"A": 20, "B": 20, "C": 15, "D": 100, "E": 345}, "disc_method": "EB", "bins": 25, "target_column": null, "CPT_method": "MLE", "time_disc": 0.07038501603528857, "time_cnf": 2.055897925980389, "time_VE": 0.002032593823969364, "time_BP": 0.009235085919499397, "RMSE": 15.552410067688424, "WRMSE": 5.643638007480515, "MAE": 11.08672383197068, "PE": 0.16554976511473718, "exact_EV": 345, "disc_EV": 345.57114668964584, "Wass_scaled": 0.027340652054773873, "Wass_multi": 1.6960904694806878, "time_wass": 0.4271687129512429}