{
	"nodecount" : 34687,
	"peaknodes" : 40830,
	"total_load_time" : 6.01845,
	"build_time" : 5.06107,
	"wmc_time" : 0.00756407
}
