{"distribution": "lg", "edges": [["A", "D"], ["B", "D"], ["D", "E"], ["C", "E"]], "root_params": "A ~ N(20,20) B ~ N(20,20) C ~ N(15,15)", "experiment": 12, "not_root_params": "D   ~   N ( 2 A + 3 B , 2 )   E   ~   N ( 3 C + 3 D , 2 )", "sample_size": 1000, "means": {"A": 20, "B": 20, "C": 15, "D": 100, "E": 345}, "disc_method": "EV", "bins": 30, "target_column": null, "CPT_method": "MLE", "time_disc": 0.0747185037471354, "time_cnf": 3.638767900876701, "time_VE": 0.0020040790550410748, "time_BP": 0.010586350690573454, "RMSE": 6.891535789453423, "WRMSE": 6.902170419367518, "MAE": 5.423537468492062, "PE": 0.0034490136467404914, "exact_EV": 345, "disc_EV": 345.01189909708125, "Wass_scaled": 0.1555464212251097, "Wass_multi": 1.2741236936593554, "time_wass": 0.45655587827786803}