{"distribution": "lg", "edges": [["A", "D"], ["B", "D"], ["D", "E"], ["C", "E"]], "root_params": "A ~ N(20,20) B ~ N(20,20) C ~ N(15,15)", "experiment": 12, "not_root_params": "D   ~   N ( 2 A + 3 B , 2 )   E   ~   N ( 3 C + 3 D , 2 )", "sample_size": 1000, "means": {"A": 20, "B": 20, "C": 15, "D": 100, "E": 345}, "disc_method": "EV", "bins": 10, "target_column": null, "CPT_method": "MLE", "time_disc": 0.05058614071458578, "time_cnf": 0.17127261636778712, "time_VE": 0.0016012582927942276, "time_BP": 0.006549044046550989, "RMSE": 1.162164600791865, "WRMSE": 1.162164600791865, "MAE": 0.9801468916189606, "PE": 0.03739797181310678, "exact_EV": 345, "disc_EV": 345.1290230027552, "Wass_scaled": 0.2739010534354965, "Wass_multi": 3.292287203882744, "time_wass": 0.46881635393947363}