{
	"nodecount" : 1292,
	"peaknodes" : 1378,
	"total_load_time" : 0.191122,
	"build_time" : 0.066401,
	"wmc_time" : 0.00219488
}
