{"distribution": "lg", "edges": [["A", "D"], ["B", "D"], ["D", "E"], ["C", "E"]], "root_params": "A ~ N(20,20) B ~ N(20,20) C ~ N(15,15)", "experiment": 12, "not_root_params": "D   ~   N ( 2 A + 3 B , 2 )   E   ~   N ( 3 C + 3 D , 2 )", "sample_size": 1000, "means": {"A": 20, "B": 20, "C": 15, "D": 100, "E": 345}, "disc_method": "EB", "bins": 14, "target_column": null, "CPT_method": "MLE", "time_disc": 0.09495680000691209, "time_cnf": 0.0730084000097122, "time_VE": 0.0026516999932937324, "time_BP": 0.006362399988574907, "RMSE": 9.839033557257856, "WRMSE": 3.681703907763584, "MAE": 6.898468383540778, "PE": 0.023744605878675062, "exact_EV": 345, "disc_EV": 344.91808110971857, "Wass_scaled": 0.05634012202745865, "Wass_multi": 3.03150804179137, "time_wass": 0.5255401999893365}