{"distribution": "lg", "edges": [["A", "D"], ["B", "D"], ["D", "E"], ["C", "E"]], "root_params": "A ~ N(20,20) B ~ N(20,20) C ~ N(15,15)", "experiment": 12, "not_root_params": "D   ~   N ( 2 A + 3 B , 2 )   E   ~   N ( 3 C + 3 D , 2 )", "sample_size": 1000, "means": {"A": 20, "B": 20, "C": 15, "D": 100, "E": 345}, "disc_method": "EV", "bins": 30, "target_column": null, "CPT_method": "MLE", "time_disc": 0.1490890999994008, "time_cnf": 0.953349999996135, "time_VE": 0.0018388000025879592, "time_BP": 0.023108900000806898, "RMSE": 6.8915357894534255, "WRMSE": 6.902170419367521, "MAE": 5.42353746849206, "PE": 0.0034490136467404914, "exact_EV": 345, "disc_EV": 345.01189909708125, "Wass_scaled": 0.1555464212251097, "Wass_multi": 1.2741236936593554, "time_wass": 0.5414025000063702}