{
	"nodecount" : 4813,
	"peaknodes" : 4813,
	"total_load_time" : 0.27339,
	"build_time" : 0.184267,
	"wmc_time" : 0.00291014
}
