{"distribution": "lg", "edges": [["A", "D"], ["B", "D"], ["D", "E"], ["C", "E"]], "root_params": "A ~ N(20,20) B ~ N(20,20) C ~ N(15,15)", "experiment": 12, "not_root_params": "D   ~   N ( 2 A + 3 B , 2 )   E   ~   N ( 3 C + 3 D , 2 )", "sample_size": 1000, "means": {"A": 20, "B": 20, "C": 15, "D": 100, "E": 345}, "disc_method": "EB", "bins": 8, "target_column": null, "CPT_method": "MLE", "time_disc": 0.051883088890463114, "time_cnf": 0.37999599426984787, "time_VE": 0.001670793630182743, "time_BP": 0.006185472011566162, "RMSE": 4.768042424768674, "WRMSE": 1.8982463114679287, "MAE": 3.3478579027483235, "PE": 0.007256748841226896, "exact_EV": 345, "disc_EV": 345.02503578350223, "Wass_scaled": 0.0986245885206487, "Wass_multi": 4.966076336681887, "time_wass": 0.4584214873611927}