{
	"nodecount" : 31083,
	"peaknodes" : 33656,
	"total_load_time" : 4.92253,
	"build_time" : 4.3458,
	"wmc_time" : 0.009794
}
