{
	"nodecount" : 1292,
	"peaknodes" : 1378,
	"total_load_time" : 0.14054,
	"build_time" : 0.121255,
	"wmc_time" : 0.00338697,
	"wmc_value" : 1,
	"bn_to_cnf_time" : 0.00282264
}
