{
	"nodecount" : 32216,
	"peaknodes" : 36226,
	"total_load_time" : 3.29198,
	"build_time" : 3.00586,
	"wmc_time" : 0.00755095
}
