{
	"nodecount" : 29596,
	"peaknodes" : 31287,
	"total_load_time" : 2.40823,
	"build_time" : 2.23783,
	"wmc_time" : 0.00840712
}
