{
	"nodecount" : 3144,
	"peaknodes" : 3226,
	"total_load_time" : 0.244791,
	"build_time" : 0.150835,
	"wmc_time" : 0.00241399
}
