{"distribution": "lg", "edges": [["A", "D"], ["B", "D"], ["D", "E"], ["C", "E"]], "root_params": "A ~ N(20,20) B ~ N(20,20) C ~ N(15,15)", "experiment": 12, "not_root_params": "D   ~   N ( 2 A + 3 B , 2 )   E   ~   N ( 3 C + 3 D , 2 )", "sample_size": 1000, "means": {"A": 20, "B": 20, "C": 15, "D": 100, "E": 345}, "disc_method": "EB", "bins": 30, "target_column": null, "CPT_method": "MLE", "time_disc": 0.0973830153234303, "time_cnf": 3.4029316939413548, "time_VE": 0.0023498889058828354, "time_BP": 0.011819078121334314, "RMSE": 16.95089628271773, "WRMSE": 6.618430013321697, "MAE": 12.671571063703645, "PE": 0.10000894289396126, "exact_EV": 345, "disc_EV": 345.34503085298417, "Wass_scaled": 0.023277788027438472, "Wass_multi": 1.392056343463253, "time_wass": 0.41617604391649365}