{"distribution": "lg", "edges": [["A", "D"], ["B", "D"], ["D", "E"], ["C", "E"]], "root_params": "A ~ N(20,20) B ~ N(20,20) C ~ N(15,15)", "experiment": 12, "not_root_params": "D   ~   N ( 2 A + 3 B , 2 )   E   ~   N ( 3 C + 3 D , 2 )", "sample_size": 1000, "means": {"A": 20, "B": 20, "C": 15, "D": 100, "E": 345}, "disc_method": "EV", "bins": 17, "target_column": null, "CPT_method": "MLE", "time_disc": 0.11316789999546017, "time_cnf": 0.18745680000574794, "time_VE": 0.002441799995722249, "time_BP": 0.008635100006358698, "RMSE": 2.1201715999297592, "WRMSE": 2.1214279760340333, "MAE": 1.5587781492161827, "PE": 0.003723288609004764, "exact_EV": 345, "disc_EV": 344.98715465429893, "Wass_scaled": 0.20565592624317788, "Wass_multi": 2.056060261829725, "time_wass": 0.5748803000024054}