{
	"nodecount" : 1064,
	"peaknodes" : 1125,
	"total_load_time" : 0.155498,
	"build_time" : 0.055392,
	"wmc_time" : 0.00174403
}
