{"distribution": "lg", "edges": [["A", "D"], ["B", "D"], ["D", "E"], ["C", "E"]], "root_params": "A ~ N(20,20) B ~ N(20,20) C ~ N(15,15)", "experiment": 12, "not_root_params": "D   ~   N ( 2 A + 3 B , 2 )   E   ~   N ( 3 C + 3 D , 2 )", "sample_size": 1000, "means": {"A": 20, "B": 20, "C": 15, "D": 100, "E": 345}, "disc_method": "EB", "bins": 17, "target_column": null, "CPT_method": "MLE", "time_disc": 0.09483729999919888, "time_cnf": 0.12946959999680985, "time_VE": 0.0027492999943206087, "time_BP": 0.016672900004778057, "RMSE": 12.596795891815955, "WRMSE": 3.802015615815789, "MAE": 7.9922360153472525, "PE": 0.01959807083746613, "exact_EV": 345, "disc_EV": 344.93238665561074, "Wass_scaled": 0.04536413652739826, "Wass_multi": 2.498442813347543, "time_wass": 0.5289238999976078}