{
	"nodecount" : 10034,
	"peaknodes" : 10145,
	"total_load_time" : 1.31081,
	"build_time" : 1.25222,
	"wmc_time" : 0.00465298,
	"wmc_value" : 1,
	"bn_to_cnf_time" : 0.0202587
}
