{"distribution": "lg", "edges": [["A", "D"], ["B", "D"], ["D", "E"], ["C", "E"]], "root_params": "A ~ N(20,20) B ~ N(20,20) C ~ N(15,15)", "experiment": 12, "not_root_params": "D   ~   N ( 2 A + 3 B , 2 )   E   ~   N ( 3 C + 3 D , 2 )", "sample_size": 1000, "means": {"A": 20, "B": 20, "C": 15, "D": 100, "E": 345}, "disc_method": "EB", "bins": 5, "target_column": null, "CPT_method": "MLE", "time_disc": 0.049932247027754784, "time_cnf": 0.2871743538416922, "time_VE": 0.0015978417359292507, "time_BP": 0.005723460111767054, "RMSE": 5.517214509336507, "WRMSE": 2.7595299365321675, "MAE": 4.432115469515418, "PE": 0.027209838052448358, "exact_EV": 345, "disc_EV": 345.09387394128095, "Wass_scaled": 0.1717636963925015, "Wass_multi": 7.79619650846793, "time_wass": 0.4694813871756196}