{
	"nodecount" : 23698,
	"peaknodes" : 25657,
	"total_load_time" : 5.54152,
	"build_time" : 5.14818,
	"wmc_time" : 0.00716805,
	"wmc_value" : 1,
	"bn_to_cnf_time" : 0.167034
}
