{"distribution": "lg", "edges": [["A", "D"], ["B", "D"], ["D", "E"], ["C", "E"]], "root_params": "A ~ N(20,20) B ~ N(20,20) C ~ N(15,15)", "experiment": 12, "not_root_params": "D   ~   N ( 2 A + 3 B , 2 )   E   ~   N ( 3 C + 3 D , 2 )", "sample_size": 1000, "means": {"A": 20, "B": 20, "C": 15, "D": 100, "E": 345}, "disc_method": "EV", "bins": 20, "target_column": null, "CPT_method": "MLE", "time_disc": 0.09505400000489317, "time_cnf": 0.22320130000298377, "time_VE": 0.0026442999951541424, "time_BP": 0.016712899989215657, "RMSE": 2.795338621109821, "WRMSE": 2.7953386211098206, "MAE": 2.35898596238917, "PE": 0.016484079633943584, "exact_EV": 345, "disc_EV": 344.9431299252629, "Wass_scaled": 0.18928758134276225, "Wass_multi": 1.8068512848059533, "time_wass": 0.5598452999984147}