{
	"nodecount" : 34490,
	"peaknodes" : 40198,
	"total_load_time" : 4.12356,
	"build_time" : 3.57631,
	"wmc_time" : 0.00709605
}
