{
	"nodecount" : 11279,
	"peaknodes" : 12053,
	"total_load_time" : 1.20123,
	"build_time" : 1.04311,
	"wmc_time" : 0.00509
}
