{
	"nodecount" : 5984,
	"peaknodes" : 6234,
	"total_load_time" : 0.583177,
	"build_time" : 0.488711,
	"wmc_time" : 0.00340486
}
