{"distribution": "lg", "edges": [["A", "D"], ["B", "D"], ["D", "E"], ["C", "E"]], "root_params": "A ~ N(20,20) B ~ N(20,20) C ~ N(15,15)", "experiment": 12, "not_root_params": "D   ~   N ( 2 A + 3 B , 2 )   E   ~   N ( 3 C + 3 D , 2 )", "sample_size": 1000, "means": {"A": 20, "B": 20, "C": 15, "D": 100, "E": 345}, "disc_method": "EV", "bins": 25, "target_column": null, "CPT_method": "MLE", "time_disc": 0.14040629999362864, "time_cnf": 0.41908809999586083, "time_VE": 0.002013200006331317, "time_BP": 0.011213300007511862, "RMSE": 4.724034245531341, "WRMSE": 4.724034245531341, "MAE": 3.808505212467269, "PE": 0.1063238149615996, "exact_EV": 345, "disc_EV": 345.3668171616175, "Wass_scaled": 0.16862711405353126, "Wass_multi": 1.4760530531505929, "time_wass": 0.5547279000020353}