{
	"nodecount" : 10863,
	"peaknodes" : 12202,
	"total_load_time" : 1.8307,
	"build_time" : 1.75128,
	"wmc_time" : 0.00429702,
	"wmc_value" : 1,
	"bn_to_cnf_time" : 0.0577016
}
