{
	"nodecount" : 3059,
	"peaknodes" : 3139,
	"total_load_time" : 0.234303,
	"build_time" : 0.14757,
	"wmc_time" : 0.00222301
}
