{
	"nodecount" : 13362,
	"peaknodes" : 16168,
	"total_load_time" : 3.49714,
	"build_time" : 3.28701,
	"wmc_time" : 0.00434709,
	"wmc_value" : 1,
	"bn_to_cnf_time" : 0.106779
}
