{"distribution": "lg", "edges": [["A", "D"], ["B", "D"], ["D", "E"], ["C", "E"]], "root_params": "A ~ N(20,20) B ~ N(20,20) C ~ N(15,15)", "experiment": 109, "not_root_params": "D   ~   N ( 2 A + 3 B , 3 . 8 1 2 5 )   E   ~   N ( 3 C + 3 D , 3 . 8 1 2 5 )", "sample_size": 456, "means": {"A": 20, "B": 20, "C": 15, "D": 100, "E": 345}, "disc_method": "MDLP", "bins": 2, "target_column": "E", "CPT_method": "Bayespriors", "time_disc": 0.42472179999458604, "time_cnf": 0.03666650000377558, "time_VE": 0.0027975999983027577, "time_BP": 0.005322800003341399, "RMSE": 2.3737722253091773, "WRMSE": 1.9587421285637, "MAE": 2.023878705974923, "PE": 0.20139747867419563, "exact_EV": 345, "disc_EV": 344.305178698574, "Wass_scaled": 0.35762217257998086, "Wass_multi": 3.8719389143123397, "time_wass": 0.1290761999989627}