{
	"nodecount" : 16908,
	"peaknodes" : 19100,
	"total_load_time" : 3.65644,
	"build_time" : 3.14374,
	"wmc_time" : 0.0044241
}
