{
	"nodecount" : 14410,
	"peaknodes" : 16323,
	"total_load_time" : 2.62639,
	"build_time" : 2.32308,
	"wmc_time" : 0.00504899
}
