{
	"nodecount" : 8736,
	"peaknodes" : 9446,
	"total_load_time" : 1.78324,
	"build_time" : 1.69501,
	"wmc_time" : 0.00641108,
	"wmc_value" : 1,
	"bn_to_cnf_time" : 0.0596063
}
