{"distribution": "lg", "edges": [["A", "D"], ["B", "D"], ["D", "E"], ["C", "E"]], "root_params": "A ~ N(20,20) B ~ N(20,20) C ~ N(15,15)", "experiment": 109, "not_root_params": "D   ~   N ( 2 A + 3 B , 3 . 8 1 2 5 )   E   ~   N ( 3 C + 3 D , 3 . 8 1 2 5 )", "sample_size": 456, "means": {"A": 20, "B": 20, "C": 15, "D": 100, "E": 345}, "disc_method": "EV", "bins": 20, "target_column": null, "CPT_method": "Bayespriors", "time_disc": 0.1570254000107525, "time_cnf": 0.224301900001592, "time_VE": 0.0019040000042878091, "time_BP": 0.008647900001960807, "RMSE": 8.259417337637903, "WRMSE": 8.275281718752789, "MAE": 6.4078536572142495, "PE": 0.14084953986550477, "exact_EV": 345, "disc_EV": 344.514069087464, "Wass_scaled": 0.16779517313943715, "Wass_multi": 2.9755262972063203, "time_wass": 0.13898560000234284}