{"distribution": "lg", "edges": [["A", "D"], ["B", "D"], ["D", "E"], ["C", "E"]], "root_params": "A ~ N(20,20) B ~ N(20,20) C ~ N(15,15)", "experiment": 109, "not_root_params": "D   ~   N ( 2 A + 3 B , 3 . 8 1 2 5 )   E   ~   N ( 3 C + 3 D , 3 . 8 1 2 5 )", "sample_size": 456, "means": {"A": 20, "B": 20, "C": 15, "D": 100, "E": 345}, "disc_method": "EV", "bins": 10, "target_column": null, "CPT_method": "Bayespriors", "time_disc": 0.15053480000642594, "time_cnf": 0.031237499992130324, "time_VE": 0.0033731000003172085, "time_BP": 0.005265300002065487, "RMSE": 2.014352028454396, "WRMSE": 2.019647860955277, "MAE": 1.4653699751328417, "PE": 0.19560169119607554, "exact_EV": 345, "disc_EV": 344.32517416537354, "Wass_scaled": 0.25064696626420374, "Wass_multi": 5.288609180836742, "time_wass": 0.1399394000036409}