{"distribution": "lg", "edges": [["A", "D"], ["B", "D"], ["D", "E"], ["C", "E"]], "root_params": "A ~ N(20,20) B ~ N(20,20) C ~ N(15,15)", "experiment": 109, "not_root_params": "D   ~   N ( 2 A + 3 B , 3 . 8 1 2 5 )   E   ~   N ( 3 C + 3 D , 3 . 8 1 2 5 )", "sample_size": 456, "means": {"A": 20, "B": 20, "C": 15, "D": 100, "E": 345}, "disc_method": "EB", "bins": 17, "target_column": null, "CPT_method": "Bayespriors", "time_disc": 0.10298599675297737, "time_cnf": 0.3767961491830647, "time_VE": 0.0012969281524419785, "time_BP": 0.005699576810002327, "RMSE": 26.11903724740385, "WRMSE": 9.61637904813999, "MAE": 18.50914870787272, "PE": 0.756394069118121, "exact_EV": 345, "disc_EV": 342.3904404615425, "Wass_scaled": 0.04461098677391486, "Wass_multi": 3.5100265461424187, "time_wass": 0.12932476308196783}