{
	"nodecount" : 12535,
	"peaknodes" : 16043,
	"total_load_time" : 4.33252,
	"build_time" : 3.78816,
	"wmc_time" : 0.00403595
}
