{"distribution": "lg", "edges": [["A", "D"], ["B", "D"], ["D", "E"], ["C", "E"]], "root_params": "A ~ N(20,20) B ~ N(20,20) C ~ N(15,15)", "experiment": 109, "not_root_params": "D   ~   N ( 2 A + 3 B , 3 . 8 1 2 5 )   E   ~   N ( 3 C + 3 D , 3 . 8 1 2 5 )", "sample_size": 456, "means": {"A": 20, "B": 20, "C": 15, "D": 100, "E": 345}, "disc_method": "MDLP", "bins": 2, "target_column": "E", "CPT_method": "Bayespriors", "time_disc": 0.35440139193087816, "time_cnf": 0.24881662288680673, "time_VE": 0.001296925824135542, "time_BP": 0.004838753025978804, "RMSE": 2.373772225309189, "WRMSE": 1.9587421285636952, "MAE": 2.0238787059748944, "PE": 0.20139747867419563, "exact_EV": 345, "disc_EV": 344.305178698574, "Wass_scaled": 0.35762217257998086, "Wass_multi": 3.8719389143123397, "time_wass": 0.15934062097221613}