{"distribution": "lg", "edges": [["A", "D"], ["B", "D"], ["D", "E"], ["C", "E"]], "root_params": "A ~ N(20,20) B ~ N(20,20) C ~ N(15,15)", "experiment": 109, "not_root_params": "D   ~   N ( 2 A + 3 B , 3 . 8 1 2 5 )   E   ~   N ( 3 C + 3 D , 3 . 8 1 2 5 )", "sample_size": 456, "means": {"A": 20, "B": 20, "C": 15, "D": 100, "E": 345}, "disc_method": "EB", "bins": 12, "target_column": null, "CPT_method": "Bayespriors", "time_disc": 0.09608607366681099, "time_cnf": 0.4961602780967951, "time_VE": 0.0012201722711324692, "time_BP": 0.005175817757844925, "RMSE": 18.998320939984314, "WRMSE": 6.7020527983516685, "MAE": 12.86886375649984, "PE": 0.5296164788064512, "exact_EV": 345, "disc_EV": 343.17282314811774, "Wass_scaled": 0.062440910187688735, "Wass_multi": 4.947761859386219, "time_wass": 0.14079042617231607}