{
	"nodecount" : 3059,
	"peaknodes" : 3139,
	"total_load_time" : 0.328124,
	"build_time" : 0.305857,
	"wmc_time" : 0.0035181,
	"wmc_value" : 1,
	"bn_to_cnf_time" : 0.0110676
}
