{"distribution": "lg", "edges": [["A", "D"], ["B", "D"], ["D", "E"], ["C", "E"]], "root_params": "A ~ N(20,20) B ~ N(20,20) C ~ N(15,15)", "experiment": 109, "not_root_params": "D   ~   N ( 2 A + 3 B , 3 . 8 1 2 5 )   E   ~   N ( 3 C + 3 D , 3 . 8 1 2 5 )", "sample_size": 456, "means": {"A": 20, "B": 20, "C": 15, "D": 100, "E": 345}, "disc_method": "EB", "bins": 17, "target_column": null, "CPT_method": "Bayespriors", "time_disc": 0.17414950000238605, "time_cnf": 0.14453789999242872, "time_VE": 0.0021214000007603317, "time_BP": 0.008537200003047474, "RMSE": 26.119037247403845, "WRMSE": 9.616379048139995, "MAE": 18.509148707872722, "PE": 0.756394069118121, "exact_EV": 345, "disc_EV": 342.3904404615425, "Wass_scaled": 0.04461098677391486, "Wass_multi": 3.5100265461424187, "time_wass": 0.1288388999964809}