{
	"nodecount" : 11405,
	"peaknodes" : 16618,
	"total_load_time" : 5.29542,
	"build_time" : 4.38911,
	"wmc_time" : 0.00334501
}
