{"distribution": "lg", "edges": [["A", "D"], ["B", "D"], ["D", "E"], ["C", "E"]], "root_params": "A ~ N(20,20) B ~ N(20,20) C ~ N(15,15)", "experiment": 109, "not_root_params": "D   ~   N ( 2 A + 3 B , 3 . 8 1 2 5 )   E   ~   N ( 3 C + 3 D , 3 . 8 1 2 5 )", "sample_size": 456, "means": {"A": 20, "B": 20, "C": 15, "D": 100, "E": 345}, "disc_method": "EB", "bins": 25, "target_column": null, "CPT_method": "Bayespriors", "time_disc": 0.15990729999612086, "time_cnf": 0.4256669000023976, "time_VE": 0.0016274999943561852, "time_BP": 0.010500099990167655, "RMSE": 28.87156754940614, "WRMSE": 13.093889672123952, "MAE": 22.76413273129704, "PE": 1.3714449442380534, "exact_EV": 345, "disc_EV": 340.2685149423787, "Wass_scaled": 0.02851539025423997, "Wass_multi": 2.396306392351059, "time_wass": 0.11661260000255425}