{"distribution": "lg", "edges": [["A", "D"], ["B", "D"], ["D", "E"], ["C", "E"]], "root_params": "A ~ N(20,20) B ~ N(20,20) C ~ N(15,15)", "experiment": 109, "not_root_params": "D   ~   N ( 2 A + 3 B , 3 . 8 1 2 5 )   E   ~   N ( 3 C + 3 D , 3 . 8 1 2 5 )", "sample_size": 456, "means": {"A": 20, "B": 20, "C": 15, "D": 100, "E": 345}, "disc_method": "EV", "bins": 8, "target_column": null, "CPT_method": "Bayespriors", "time_disc": 0.15127529999881517, "time_cnf": 0.02034780000394676, "time_VE": 0.0014155000098980963, "time_BP": 0.008965600005467422, "RMSE": 1.7062740872568716, "WRMSE": 1.7062740872568716, "MAE": 1.2601876966775194, "PE": 0.44370445936379654, "exact_EV": 345, "disc_EV": 343.4692196151949, "Wass_scaled": 0.2856084360505904, "Wass_multi": 6.2340565898031155, "time_wass": 0.1512710000097286}