{"distribution": "lg", "edges": [["A", "D"], ["B", "D"], ["D", "E"], ["C", "E"]], "root_params": "A ~ N(20,20) B ~ N(20,20) C ~ N(15,15)", "experiment": 109, "not_root_params": "D   ~   N ( 2 A + 3 B , 3 . 8 1 2 5 )   E   ~   N ( 3 C + 3 D , 3 . 8 1 2 5 )", "sample_size": 456, "means": {"A": 20, "B": 20, "C": 15, "D": 100, "E": 345}, "disc_method": "EV", "bins": 10, "target_column": null, "CPT_method": "Bayespriors", "time_disc": 0.0957791511900723, "time_cnf": 0.3052681707777083, "time_VE": 0.0011862260289490223, "time_BP": 0.0049384478479623795, "RMSE": 2.0143520284543897, "WRMSE": 2.0196478609552706, "MAE": 1.4653699751328362, "PE": 0.19560169119607554, "exact_EV": 345, "disc_EV": 344.32517416537354, "Wass_scaled": 0.25064696626420374, "Wass_multi": 5.288609180836742, "time_wass": 0.2048009387217462}