{
	"nodecount" : 4969,
	"peaknodes" : 5309,
	"total_load_time" : 0.481725,
	"build_time" : 0.387155,
	"wmc_time" : 0.00165701
}
