{
	"nodecount" : 9962,
	"peaknodes" : 10770,
	"total_load_time" : 1.42639,
	"build_time" : 1.36831,
	"wmc_time" : 0.00399399,
	"wmc_value" : 1,
	"bn_to_cnf_time" : 0.0362368
}
