{
	"nodecount" : 4459,
	"peaknodes" : 4459,
	"total_load_time" : 0.185579,
	"build_time" : 0.172046,
	"wmc_time" : 0.00251317
}
