{"distribution": "lg", "edges": [["A", "D"], ["B", "D"], ["D", "E"], ["C", "E"]], "root_params": "A ~ N(20,20) B ~ N(20,20) C ~ N(15,15)", "experiment": 109, "not_root_params": "D   ~   N ( 2 A + 3 B , 3 . 8 1 2 5 )   E   ~   N ( 3 C + 3 D , 3 . 8 1 2 5 )", "sample_size": 456, "means": {"A": 20, "B": 20, "C": 15, "D": 100, "E": 345}, "disc_method": "EB", "bins": 20, "target_column": null, "CPT_method": "Bayespriors", "time_disc": 0.10777872428297997, "time_cnf": 1.1294036502949893, "time_VE": 0.001339996699243784, "time_BP": 0.006545420736074448, "RMSE": 26.774084689251243, "WRMSE": 10.60271715784336, "MAE": 19.868190888502888, "PE": 0.8768109384734577, "exact_EV": 345, "disc_EV": 341.97500226226657, "Wass_scaled": 0.03694363877467427, "Wass_multi": 3.009466124662071, "time_wass": 0.12809421215206385}