{"distribution": "lg", "edges": [["A", "D"], ["B", "D"], ["D", "E"], ["C", "E"]], "root_params": "A ~ N(20,20) B ~ N(20,20) C ~ N(15,15)", "experiment": 109, "not_root_params": "D   ~   N ( 2 A + 3 B , 3 . 8 1 2 5 )   E   ~   N ( 3 C + 3 D , 3 . 8 1 2 5 )", "sample_size": 456, "means": {"A": 20, "B": 20, "C": 15, "D": 100, "E": 345}, "disc_method": "EV", "bins": 12, "target_column": null, "CPT_method": "Bayespriors", "time_disc": 0.09383433917537332, "time_cnf": 0.35036383010447025, "time_VE": 0.0012020883150398731, "time_BP": 0.005080047994852066, "RMSE": 2.890334786122145, "WRMSE": 2.890334786122145, "MAE": 2.4227856837164836, "PE": 0.44682751314421754, "exact_EV": 345, "disc_EV": 343.45844507965245, "Wass_scaled": 0.2241919958820388, "Wass_multi": 4.5888229001864715, "time_wass": 0.14770749816671014}