{
	"nodecount" : 7964,
	"peaknodes" : 8362,
	"total_load_time" : 0.47909,
	"build_time" : 0.451881,
	"wmc_time" : 0.00297093
}
