{"distribution": "lg", "edges": [["A", "D"], ["B", "D"], ["D", "E"], ["C", "E"]], "root_params": "A ~ N(20,20) B ~ N(20,20) C ~ N(15,15)", "experiment": 109, "not_root_params": "D   ~   N ( 2 A + 3 B , 3 . 8 1 2 5 )   E   ~   N ( 3 C + 3 D , 3 . 8 1 2 5 )", "sample_size": 456, "means": {"A": 20, "B": 20, "C": 15, "D": 100, "E": 345}, "disc_method": "EV", "bins": 12, "target_column": null, "CPT_method": "Bayespriors", "time_disc": 0.1578289000026416, "time_cnf": 0.0506325000023935, "time_VE": 0.0019262000132584944, "time_BP": 0.012826399994082749, "RMSE": 2.8903347861221387, "WRMSE": 2.8903347861221382, "MAE": 2.4227856837164787, "PE": 0.44682751314421754, "exact_EV": 345, "disc_EV": 343.45844507965245, "Wass_scaled": 0.2241919958820388, "Wass_multi": 4.5888229001864715, "time_wass": 0.15530849999049678}