{"distribution": "lg", "edges": [["A", "D"], ["B", "D"], ["D", "E"], ["C", "E"]], "root_params": "A ~ N(20,20) B ~ N(20,20) C ~ N(15,15)", "experiment": 109, "not_root_params": "D   ~   N ( 2 A + 3 B , 3 . 8 1 2 5 )   E   ~   N ( 3 C + 3 D , 3 . 8 1 2 5 )", "sample_size": 456, "means": {"A": 20, "B": 20, "C": 15, "D": 100, "E": 345}, "disc_method": "EV", "bins": 30, "target_column": null, "CPT_method": "Bayespriors", "time_disc": 0.1862196000001859, "time_cnf": 0.842627399993944, "time_VE": 0.0033859999966807663, "time_BP": 0.014204300008714199, "RMSE": 14.790162392975033, "WRMSE": 14.879373421029761, "MAE": 11.747933527083964, "PE": 0.244187973812092, "exact_EV": 345, "disc_EV": 344.1575514903483, "Wass_scaled": 0.13702090579832227, "Wass_multi": 2.025939434090124, "time_wass": 0.13927030000195373}