{"distribution": "lg", "edges": [["A", "D"], ["B", "D"], ["D", "E"], ["C", "E"]], "root_params": "A ~ N(20,20) B ~ N(20,20) C ~ N(15,15)", "experiment": 109, "not_root_params": "D   ~   N ( 2 A + 3 B , 3 . 8 1 2 5 )   E   ~   N ( 3 C + 3 D , 3 . 8 1 2 5 )", "sample_size": 456, "means": {"A": 20, "B": 20, "C": 15, "D": 100, "E": 345}, "disc_method": "EB", "bins": 30, "target_column": null, "CPT_method": "Bayespriors", "time_disc": 0.1813962000014726, "time_cnf": 0.7254498999973293, "time_VE": 0.0016890999977476895, "time_BP": 0.012815699999919161, "RMSE": 30.133021018741157, "WRMSE": 14.30575027994858, "MAE": 24.33270938635163, "PE": 1.3100677937470466, "exact_EV": 345, "disc_EV": 340.4802661115727, "Wass_scaled": 0.02199769578928206, "Wass_multi": 2.020148020143927, "time_wass": 0.11251439999614377}