{
	"nodecount" : 13779,
	"peaknodes" : 14910,
	"total_load_time" : 1.88006,
	"build_time" : 1.65354,
	"wmc_time" : 0.003932
}
