{"distribution": "lg", "edges": [["A", "D"], ["B", "D"], ["D", "E"], ["C", "E"]], "root_params": "A ~ N(20,20) B ~ N(20,20) C ~ N(15,15)", "experiment": 109, "not_root_params": "D   ~   N ( 2 A + 3 B , 3 . 8 1 2 5 )   E   ~   N ( 3 C + 3 D , 3 . 8 1 2 5 )", "sample_size": 456, "means": {"A": 20, "B": 20, "C": 15, "D": 100, "E": 345}, "disc_method": "EV", "bins": 5, "target_column": null, "CPT_method": "Bayespriors", "time_disc": 0.15924599999561906, "time_cnf": 0.008879000000888482, "time_VE": 0.0014290999970398843, "time_BP": 0.0052533999987645075, "RMSE": 2.610630857681043, "WRMSE": 2.613754983881484, "MAE": 2.420434939195059, "PE": 0.3726357464641303, "exact_EV": 345, "disc_EV": 343.71440667469875, "Wass_scaled": 0.3943644252876234, "Wass_multi": 9.19886884522253, "time_wass": 0.15043959999457002}