{"distribution": "lg", "edges": [["A", "D"], ["B", "D"], ["D", "E"], ["C", "E"]], "root_params": "A ~ N(20,20) B ~ N(20,20) C ~ N(15,15)", "experiment": 12, "not_root_params": "D   ~   N ( 2 A + 3 B , 2 )   E   ~   N ( 3 C + 3 D , 2 )", "sample_size": 1000, "means": {"A": 20, "B": 20, "C": 15, "D": 100, "E": 345}, "disc_method": "EV", "bins": 20, "target_column": null, "CPT_method": "Bayes", "time_disc": 0.1667448841035366, "time_cnf": 0.8779459507204592, "time_VE": 0.002705453895032406, "time_BP": 0.017629640642553568, "RMSE": 11.71491692758619, "WRMSE": 11.714916927586188, "MAE": 9.38011054200243, "PE": 0.02963683894629379, "exact_EV": 345, "disc_EV": 345.1022470943647, "Wass_scaled": 0.18928758134276225, "Wass_multi": 1.8068512848059533, "time_wass": 0.6090217800810933}