{"distribution": "lg", "edges": [["A", "D"], ["B", "D"], ["D", "E"], ["C", "E"]], "root_params": "A ~ N(20,20) B ~ N(20,20) C ~ N(15,15)", "experiment": 12, "not_root_params": "D   ~   N ( 2 A + 3 B , 2 )   E   ~   N ( 3 C + 3 D , 2 )", "sample_size": 1000, "means": {"A": 20, "B": 20, "C": 15, "D": 100, "E": 345}, "disc_method": "EV", "bins": 25, "target_column": null, "CPT_method": "Bayes", "time_disc": 0.11166720000619534, "time_cnf": 0.43934830000216607, "time_VE": 0.0021240000060060993, "time_BP": 0.017787000004318543, "RMSE": 11.827766688669337, "WRMSE": 11.827766688669339, "MAE": 9.45193762629552, "PE": 0.029784426734951026, "exact_EV": 345, "disc_EV": 345.1027562722356, "Wass_scaled": 0.16862711405353126, "Wass_multi": 1.4760530531505929, "time_wass": 0.5542818999965675}