{
	"nodecount" : 6292,
	"peaknodes" : 6292,
	"total_load_time" : 0.563184,
	"build_time" : 0.528854,
	"wmc_time" : 0.00555301,
	"wmc_value" : 1,
	"bn_to_cnf_time" : 0.0115573
}
