{
	"nodecount" : 36944,
	"peaknodes" : 39673,
	"total_load_time" : 4.78917,
	"build_time" : 4.22302,
	"wmc_time" : 0.011111
}
