{"distribution": "lg", "edges": [["A", "D"], ["B", "D"], ["D", "E"], ["C", "E"]], "root_params": "A ~ N(20,20) B ~ N(20,20) C ~ N(15,15)", "experiment": 12, "not_root_params": "D   ~   N ( 2 A + 3 B , 2 )   E   ~   N ( 3 C + 3 D , 2 )", "sample_size": 1000, "means": {"A": 20, "B": 20, "C": 15, "D": 100, "E": 345}, "disc_method": "EB", "bins": 8, "target_column": null, "CPT_method": "Bayes", "time_disc": 0.0952508058398962, "time_cnf": 24.70952765736729, "time_VE": 0.003227079287171364, "time_BP": 0.00993001414462924, "RMSE": 16.416849595577837, "WRMSE": 7.841202698506168, "MAE": 13.065548371426544, "PE": 0.4581809138384566, "exact_EV": 345, "disc_EV": 346.5807241527427, "Wass_scaled": 0.0986245885206487, "Wass_multi": 4.966076336681887, "time_wass": 0.47994425101205707}