{
	"nodecount" : 54024,
	"peaknodes" : 60797,
	"total_load_time" : 9.66662,
	"build_time" : 8.1343,
	"wmc_time" : 0.027885
}
