{"distribution": "lg", "edges": [["A", "D"], ["B", "D"], ["D", "E"], ["C", "E"]], "root_params": "A ~ N(20,20) B ~ N(20,20) C ~ N(15,15)", "experiment": 12, "not_root_params": "D   ~   N ( 2 A + 3 B , 2 )   E   ~   N ( 3 C + 3 D , 2 )", "sample_size": 1000, "means": {"A": 20, "B": 20, "C": 15, "D": 100, "E": 345}, "disc_method": "EB", "bins": 30, "target_column": null, "CPT_method": "Bayes", "time_disc": 0.11609280000266153, "time_cnf": 0.7456750999990618, "time_VE": 0.002309100003913045, "time_BP": 0.016126899994560517, "RMSE": 21.498356261412642, "WRMSE": 12.265953119322681, "MAE": 18.610743615176002, "PE": 0.16301902344923583, "exact_EV": 345, "disc_EV": 345.56241563089986, "Wass_scaled": 0.023277788027438472, "Wass_multi": 1.392056343463253, "time_wass": 0.47810459999891464}