{"distribution": "lg", "edges": [["A", "D"], ["B", "D"], ["D", "E"], ["C", "E"]], "root_params": "A ~ N(20,20) B ~ N(20,20) C ~ N(15,15)", "experiment": 12, "not_root_params": "D   ~   N ( 2 A + 3 B , 2 )   E   ~   N ( 3 C + 3 D , 2 )", "sample_size": 1000, "means": {"A": 20, "B": 20, "C": 15, "D": 100, "E": 345}, "disc_method": "EV", "bins": 8, "target_column": null, "CPT_method": "Bayes", "time_disc": 0.07526234071701765, "time_cnf": 1.9479080699384212, "time_VE": 0.001957234926521778, "time_BP": 0.007899083197116852, "RMSE": 7.125035416504102, "WRMSE": 7.125035416504102, "MAE": 5.693268156314815, "PE": 0.026567883617948002, "exact_EV": 345, "disc_EV": 345.0916591984819, "Wass_scaled": 0.3098332638278194, "Wass_multi": 4.03337550511571, "time_wass": 0.5892359963618219}