{"distribution": "lg", "edges": [["A", "D"], ["B", "D"], ["D", "E"], ["C", "E"]], "root_params": "A ~ N(20,20) B ~ N(20,20) C ~ N(15,15)", "experiment": 12, "not_root_params": "D   ~   N ( 2 A + 3 B , 2 )   E   ~   N ( 3 C + 3 D , 2 )", "sample_size": 1000, "means": {"A": 20, "B": 20, "C": 15, "D": 100, "E": 345}, "disc_method": "EV", "bins": 17, "target_column": null, "CPT_method": "Bayes", "time_disc": 0.11106022307649255, "time_cnf": 0.4203678839839995, "time_VE": 0.0033402331173419952, "time_BP": 0.011557464953511953, "RMSE": 11.516674883604411, "WRMSE": 11.529360972888137, "MAE": 9.221753553286693, "PE": 0.030191858760154126, "exact_EV": 345, "disc_EV": 345.10416191272253, "Wass_scaled": 0.20565592624317788, "Wass_multi": 2.056060261829725, "time_wass": 0.5833678720518947}