{
	"nodecount" : 28217,
	"peaknodes" : 29721,
	"total_load_time" : 3.02138,
	"build_time" : 2.65381,
	"wmc_time" : 0.0116501
}
