{"distribution": "lg", "edges": [["A", "D"], ["B", "D"], ["D", "E"], ["C", "E"]], "root_params": "A ~ N(20,20) B ~ N(20,20) C ~ N(15,15)", "experiment": 12, "not_root_params": "D   ~   N ( 2 A + 3 B , 2 )   E   ~   N ( 3 C + 3 D , 2 )", "sample_size": 1000, "means": {"A": 20, "B": 20, "C": 15, "D": 100, "E": 345}, "disc_method": "EB", "bins": 20, "target_column": null, "CPT_method": "Bayes", "time_disc": 0.10909149004146457, "time_cnf": 0.6450742948800325, "time_VE": 0.002570080105215311, "time_BP": 0.02345646172761917, "RMSE": 21.331073250763453, "WRMSE": 11.944477322448053, "MAE": 18.309173186380146, "PE": 0.49147745872732157, "exact_EV": 345, "disc_EV": 346.69559723260926, "Wass_scaled": 0.03808979029344832, "Wass_multi": 2.0653578242104125, "time_wass": 0.5738224112428725}