{
	"nodecount" : 26259,
	"peaknodes" : 26570,
	"total_load_time" : 2.56295,
	"build_time" : 2.46327,
	"wmc_time" : 0.00865912,
	"wmc_value" : 1,
	"bn_to_cnf_time" : 0.0585017
}
