{"distribution": "lg", "edges": [["A", "D"], ["B", "D"], ["D", "E"], ["C", "E"]], "root_params": "A ~ N(20,20) B ~ N(20,20) C ~ N(15,15)", "experiment": 12, "not_root_params": "D   ~   N ( 2 A + 3 B , 2 )   E   ~   N ( 3 C + 3 D , 2 )", "sample_size": 1000, "means": {"A": 20, "B": 20, "C": 15, "D": 100, "E": 345}, "disc_method": "EV", "bins": 30, "target_column": null, "CPT_method": "Bayes", "time_disc": 0.11668490000010934, "time_cnf": 0.8345780999952694, "time_VE": 0.002537700012908317, "time_BP": 0.013739400004851632, "RMSE": 11.839857367964417, "WRMSE": 11.86653242581182, "MAE": 9.454067807592146, "PE": 0.03000944215306146, "exact_EV": 345, "disc_EV": 345.10353257542806, "Wass_scaled": 0.1555464212251097, "Wass_multi": 1.2741236936593554, "time_wass": 0.5544836000044597}