{"distribution": "lg", "edges": [["A", "D"], ["B", "D"], ["D", "E"], ["C", "E"]], "root_params": "A ~ N(20,20) B ~ N(20,20) C ~ N(15,15)", "experiment": 12, "not_root_params": "D   ~   N ( 2 A + 3 B , 2 )   E   ~   N ( 3 C + 3 D , 2 )", "sample_size": 1000, "means": {"A": 20, "B": 20, "C": 15, "D": 100, "E": 345}, "disc_method": "EV", "bins": 14, "target_column": null, "CPT_method": "Bayes", "time_disc": 0.10114240000257269, "time_cnf": 0.07548850000603124, "time_VE": 0.0030805999995209277, "time_BP": 0.006909499992616475, "RMSE": 11.052330396413225, "WRMSE": 11.07097203840517, "MAE": 8.867691842980415, "PE": 0.029835494295932644, "exact_EV": 345, "disc_EV": 345.10293245532097, "Wass_scaled": 0.22869514208410516, "Wass_multi": 2.437258488818616, "time_wass": 0.5440832999884151}