{"distribution": "lg", "edges": [["A", "D"], ["B", "D"], ["D", "E"], ["C", "E"]], "root_params": "A ~ N(20,20) B ~ N(20,20) C ~ N(15,15)", "experiment": 12, "not_root_params": "D   ~   N ( 2 A + 3 B , 2 )   E   ~   N ( 3 C + 3 D , 2 )", "sample_size": 1000, "means": {"A": 20, "B": 20, "C": 15, "D": 100, "E": 345}, "disc_method": "EB", "bins": 14, "target_column": null, "CPT_method": "Bayes", "time_disc": 0.09797829999297392, "time_cnf": 0.07753299998876173, "time_VE": 0.0027750000008381903, "time_BP": 0.01022089998878073, "RMSE": 20.562671826657265, "WRMSE": 11.311963381004386, "MAE": 17.38295988669018, "PE": 0.9664155661706787, "exact_EV": 345, "disc_EV": 348.33413370328884, "Wass_scaled": 0.05634012202745865, "Wass_multi": 3.03150804179137, "time_wass": 0.5245780999975977}