{
	"nodecount" : 39647,
	"peaknodes" : 41225,
	"total_load_time" : 3.05359,
	"build_time" : 2.77069,
	"wmc_time" : 0.0134082
}
