{"distribution": "lg", "edges": [["A", "D"], ["B", "D"], ["D", "E"], ["C", "E"]], "root_params": "A ~ N(20,20) B ~ N(20,20) C ~ N(15,15)", "experiment": 12, "not_root_params": "D   ~   N ( 2 A + 3 B , 2 )   E   ~   N ( 3 C + 3 D , 2 )", "sample_size": 1000, "means": {"A": 20, "B": 20, "C": 15, "D": 100, "E": 345}, "disc_method": "EB", "bins": 14, "target_column": null, "CPT_method": "Bayes", "time_disc": 0.14771939488127828, "time_cnf": 0.8471709107980132, "time_VE": 0.0025204536505043507, "time_BP": 0.00845677312463522, "RMSE": 20.56267182665727, "WRMSE": 11.31196338100438, "MAE": 17.38295988669018, "PE": 0.9664155661706787, "exact_EV": 345, "disc_EV": 348.33413370328884, "Wass_scaled": 0.05634012202745865, "Wass_multi": 3.03150804179137, "time_wass": 0.505443342961371}