{
	"nodecount" : 10131,
	"peaknodes" : 10499,
	"total_load_time" : 0.987546,
	"build_time" : 0.951716,
	"wmc_time" : 0.00482297,
	"wmc_value" : 1,
	"bn_to_cnf_time" : 0.0215454
}
