{
	"nodecount" : 18929,
	"peaknodes" : 19995,
	"total_load_time" : 1.85669,
	"build_time" : 1.45207,
	"wmc_time" : 0.0123458
}
