{"distribution": "lg", "edges": [["A", "D"], ["B", "D"], ["D", "E"], ["C", "E"]], "root_params": "A ~ N(20,20) B ~ N(20,20) C ~ N(15,15)", "experiment": 12, "not_root_params": "D   ~   N ( 2 A + 3 B , 2 )   E   ~   N ( 3 C + 3 D , 2 )", "sample_size": 1000, "means": {"A": 20, "B": 20, "C": 15, "D": 100, "E": 345}, "disc_method": "EV", "bins": 10, "target_column": null, "CPT_method": "Bayes", "time_disc": 0.10592326009646058, "time_cnf": 0.7475023781880736, "time_VE": 0.00308033125475049, "time_BP": 0.01151291374117136, "RMSE": 9.236013104482202, "WRMSE": 9.2360131044822, "MAE": 7.386357000067989, "PE": 0.03512967275457703, "exact_EV": 345, "disc_EV": 345.1211973710033, "Wass_scaled": 0.2739010534354965, "Wass_multi": 3.292287203882744, "time_wass": 0.6199773191474378}