{
	"nodecount" : 10131,
	"peaknodes" : 10499,
	"total_load_time" : 1.16522,
	"build_time" : 0.722594,
	"wmc_time" : 0.00778818
}
