{
	"nodecount" : 45496,
	"peaknodes" : 49673,
	"total_load_time" : 5.05345,
	"build_time" : 4.68003,
	"wmc_time" : 0.00925112,
	"wmc_value" : 1,
	"bn_to_cnf_time" : 0.17982
}
