{
	"nodecount" : 47883,
	"peaknodes" : 51661,
	"total_load_time" : 5.72026,
	"build_time" : 5.10228,
	"wmc_time" : 0.016572
}
