{
	"nodecount" : 13488,
	"peaknodes" : 13527,
	"total_load_time" : 1.08102,
	"build_time" : 0.7423,
	"wmc_time" : 0.00639009
}
