{
	"nodecount" : 28217,
	"peaknodes" : 29721,
	"total_load_time" : 3.60637,
	"build_time" : 3.41832,
	"wmc_time" : 0.00840592,
	"wmc_value" : 1,
	"bn_to_cnf_time" : 0.106713
}
