{"distribution": "lg", "edges": [["A", "D"], ["B", "D"], ["D", "E"], ["C", "E"]], "root_params": "A ~ N(20,20) B ~ N(20,20) C ~ N(15,15)", "experiment": 12, "not_root_params": "D   ~   N ( 2 A + 3 B , 2 )   E   ~   N ( 3 C + 3 D , 2 )", "sample_size": 1000, "means": {"A": 20, "B": 20, "C": 15, "D": 100, "E": 345}, "disc_method": "EB", "bins": 10, "target_column": null, "CPT_method": "Bayes", "time_disc": 0.10265636490657926, "time_cnf": 0.8851178530603647, "time_VE": 0.0019364929758012295, "time_BP": 0.007657424081116915, "RMSE": 18.75344027848515, "WRMSE": 9.465562224193635, "MAE": 15.313498549474122, "PE": 0.7310424282121712, "exact_EV": 345, "disc_EV": 347.522096377332, "Wass_scaled": 0.08790973582289088, "Wass_multi": 4.057256761352956, "time_wass": 0.6398091036826372}