{
	"nodecount" : 1654,
	"peaknodes" : 1654,
	"total_load_time" : 0.610846,
	"build_time" : 0.44246,
	"wmc_time" : 0.00247622
}
