{"distribution": "lg", "edges": [["A", "D"], ["B", "D"], ["D", "E"], ["C", "E"]], "root_params": "A ~ N(20,20) B ~ N(20,20) C ~ N(15,15)", "experiment": 102, "not_root_params": "D   ~   N ( 2 A + 3 B , 5 . 5 )   E   ~   N ( 3 C + 3 D , 5 . 5 )", "sample_size": 1050, "means": {"A": 20, "B": 20, "C": 15, "D": 100, "E": 345}, "disc_method": "EB", "bins": 20, "target_column": null, "CPT_method": "MLE", "time_disc": 0.09846989999641664, "time_cnf": 0.20686529998783953, "time_VE": 0.0025337999977637082, "time_BP": 0.011960000003455207, "RMSE": 35.824898630200636, "WRMSE": 11.905466900184567, "MAE": 24.42829127986879, "PE": 0.0652859756725933, "exact_EV": 345, "disc_EV": 344.77476338392955, "Wass_scaled": 0.03484458635943253, "Wass_multi": 5.0447063937708725, "time_wass": 0.521416000003228}