{
	"nodecount" : 1402,
	"peaknodes" : 1494,
	"total_load_time" : 0.148096,
	"build_time" : 0.13239,
	"wmc_time" : 0.00353312,
	"wmc_value" : 1,
	"bn_to_cnf_time" : 0.00274491
}
