{
	"nodecount" : 11532,
	"peaknodes" : 12243,
	"total_load_time" : 1.79021,
	"build_time" : 1.71006,
	"wmc_time" : 0.00466394,
	"wmc_value" : 1,
	"bn_to_cnf_time" : 0.0550706
}
