{"distribution": "lg", "edges": [["A", "D"], ["B", "D"], ["D", "E"], ["C", "E"]], "root_params": "A ~ N(20,20) B ~ N(20,20) C ~ N(15,15)", "experiment": 102, "not_root_params": "D   ~   N ( 2 A + 3 B , 5 . 5 )   E   ~   N ( 3 C + 3 D , 5 . 5 )", "sample_size": 1050, "means": {"A": 20, "B": 20, "C": 15, "D": 100, "E": 345}, "disc_method": "EB", "bins": 25, "target_column": null, "CPT_method": "MLE", "time_disc": 0.1069734999909997, "time_cnf": 0.4001457999984268, "time_VE": 0.0018790000031003729, "time_BP": 0.01787759999569971, "RMSE": 40.690381065304, "WRMSE": 14.63356159294685, "MAE": 29.068060725728593, "PE": 0.0495813527415185, "exact_EV": 345, "disc_EV": 345.17105566695824, "Wass_scaled": 0.029200658134096082, "Wass_multi": 4.164985151672121, "time_wass": 0.5245094999991124}