{"distribution": "lg", "edges": [["A", "D"], ["B", "D"], ["D", "E"], ["C", "E"]], "root_params": "A ~ N(20,20) B ~ N(20,20) C ~ N(15,15)", "experiment": 102, "not_root_params": "D   ~   N ( 2 A + 3 B , 5 . 5 )   E   ~   N ( 3 C + 3 D , 5 . 5 )", "sample_size": 1050, "means": {"A": 20, "B": 20, "C": 15, "D": 100, "E": 345}, "disc_method": "EV", "bins": 17, "target_column": null, "CPT_method": "MLE", "time_disc": 0.09560900001088157, "time_cnf": 0.13528040000528563, "time_VE": 0.0016623999981675297, "time_BP": 0.013951700006145984, "RMSE": 5.053933427757905, "WRMSE": 5.06074280258754, "MAE": 3.948429974143059, "PE": 0.09691886695778534, "exact_EV": 345, "disc_EV": 344.66562990899564, "Wass_scaled": 0.2093048256133004, "Wass_multi": 5.289148127453366, "time_wass": 0.5956375999958254}