{
	"nodecount" : 20348,
	"peaknodes" : 20632,
	"total_load_time" : 2.05227,
	"build_time" : 1.96993,
	"wmc_time" : 0.00532293,
	"wmc_value" : 1,
	"bn_to_cnf_time" : 0.0526979
}
