{
	"nodecount" : 37300,
	"peaknodes" : 44475,
	"total_load_time" : 9.8006,
	"build_time" : 8.69104,
	"wmc_time" : 0.0074389,
	"wmc_value" : 1,
	"bn_to_cnf_time" : 0.61619
}
