{"distribution": "lg", "edges": [["A", "D"], ["B", "D"], ["D", "E"], ["C", "E"]], "root_params": "A ~ N(20,20) B ~ N(20,20) C ~ N(15,15)", "experiment": 102, "not_root_params": "D   ~   N ( 2 A + 3 B , 5 . 5 )   E   ~   N ( 3 C + 3 D , 5 . 5 )", "sample_size": 1050, "means": {"A": 20, "B": 20, "C": 15, "D": 100, "E": 345}, "disc_method": "EB", "bins": 30, "target_column": null, "CPT_method": "MLE", "time_disc": 0.11295621190220118, "time_cnf": 2.7710418640635908, "time_VE": 0.002617892809212208, "time_BP": 0.012183552142232656, "RMSE": 43.67619034949627, "WRMSE": 17.418036474980266, "MAE": 33.026311237714474, "PE": 0.17460612512577692, "exact_EV": 345, "disc_EV": 345.60239113168393, "Wass_scaled": 0.025388775229029582, "Wass_multi": 3.349387771684671, "time_wass": 0.4395808782428503}