{"distribution": "lg", "edges": [["A", "D"], ["B", "D"], ["D", "E"], ["C", "E"]], "root_params": "A ~ N(20,20) B ~ N(20,20) C ~ N(15,15)", "experiment": 102, "not_root_params": "D   ~   N ( 2 A + 3 B , 5 . 5 )   E   ~   N ( 3 C + 3 D , 5 . 5 )", "sample_size": 1050, "means": {"A": 20, "B": 20, "C": 15, "D": 100, "E": 345}, "disc_method": "EB", "bins": 10, "target_column": null, "CPT_method": "MLE", "time_disc": 0.06480484176427126, "time_cnf": 0.11898493207991123, "time_VE": 0.0022716340608894825, "time_BP": 0.007330778986215591, "RMSE": 12.117084774694424, "WRMSE": 4.478569253134537, "MAE": 8.617198414060919, "PE": 0.2790120425781945, "exact_EV": 345, "disc_EV": 344.03740845310523, "Wass_scaled": 0.08298291438701862, "Wass_multi": 10.29441786277913, "time_wass": 0.4581123571842909}