{
	"nodecount" : 1097,
	"peaknodes" : 1175,
	"total_load_time" : 0.098489,
	"build_time" : 0.0875058,
	"wmc_time" : 0.00247312,
	"wmc_value" : 1,
	"bn_to_cnf_time" : 0.0025332
}
