{"distribution": "lg", "edges": [["A", "D"], ["B", "D"], ["D", "E"], ["C", "E"]], "root_params": "A ~ N(20,20) B ~ N(20,20) C ~ N(15,15)", "experiment": 102, "not_root_params": "D   ~   N ( 2 A + 3 B , 5 . 5 )   E   ~   N ( 3 C + 3 D , 5 . 5 )", "sample_size": 1050, "means": {"A": 20, "B": 20, "C": 15, "D": 100, "E": 345}, "disc_method": "EV", "bins": 14, "target_column": null, "CPT_method": "MLE", "time_disc": 0.09460729999409523, "time_cnf": 0.07123760000104085, "time_VE": 0.0015659000055165961, "time_BP": 0.011758499997085892, "RMSE": 3.471842952387282, "WRMSE": 3.4718429523872825, "MAE": 2.7207233808949525, "PE": 0.12759690753924863, "exact_EV": 345, "disc_EV": 344.5597906689896, "Wass_scaled": 0.230974212615553, "Wass_multi": 6.1189907487948565, "time_wass": 0.5928875999961747}