{
	"nodecount" : 33177,
	"peaknodes" : 35632,
	"total_load_time" : 5.30356,
	"build_time" : 4.74413,
	"wmc_time" : 0.0103049
}
