{
	"nodecount" : 5591,
	"peaknodes" : 5969,
	"total_load_time" : 0.564077,
	"build_time" : 0.462347,
	"wmc_time" : 0.00373411
}
