{"distribution": "lg", "edges": [["A", "D"], ["B", "D"], ["D", "E"], ["C", "E"]], "root_params": "A ~ N(20,20) B ~ N(20,20) C ~ N(15,15)", "experiment": 102, "not_root_params": "D   ~   N ( 2 A + 3 B , 5 . 5 )   E   ~   N ( 3 C + 3 D , 5 . 5 )", "sample_size": 1050, "means": {"A": 20, "B": 20, "C": 15, "D": 100, "E": 345}, "disc_method": "EB", "bins": 14, "target_column": null, "CPT_method": "MLE", "time_disc": 0.09098000000813045, "time_cnf": 0.07354019999911543, "time_VE": 0.00147639999340754, "time_BP": 0.006124100007582456, "RMSE": 25.146055108303315, "WRMSE": 8.69827799343831, "MAE": 17.012422070442415, "PE": 0.13727256847613242, "exact_EV": 345, "disc_EV": 344.52640963875734, "Wass_scaled": 0.051188886844772845, "Wass_multi": 7.354213152145671, "time_wass": 0.552396500002942}