{
	"nodecount" : 3123,
	"peaknodes" : 3162,
	"total_load_time" : 0.277496,
	"build_time" : 0.18586,
	"wmc_time" : 0.00286293
}
