{
	"nodecount" : 1097,
	"peaknodes" : 1175,
	"total_load_time" : 0.151265,
	"build_time" : 0.063843,
	"wmc_time" : 0.00107408
}
