{"distribution": "lg", "edges": [["A", "D"], ["B", "D"], ["D", "E"], ["C", "E"]], "root_params": "A ~ N(20,20) B ~ N(20,20) C ~ N(15,15)", "experiment": 102, "not_root_params": "D   ~   N ( 2 A + 3 B , 5 . 5 )   E   ~   N ( 3 C + 3 D , 5 . 5 )", "sample_size": 1050, "means": {"A": 20, "B": 20, "C": 15, "D": 100, "E": 345}, "disc_method": "EB", "bins": 17, "target_column": null, "CPT_method": "MLE", "time_disc": 0.09989040000073146, "time_cnf": 0.13658370000484865, "time_VE": 0.0014155999961076304, "time_BP": 0.012665399990510195, "RMSE": 33.142630505906155, "WRMSE": 10.405984342809043, "MAE": 21.723182902930596, "PE": 0.21995615656796083, "exact_EV": 345, "disc_EV": 344.24115125984054, "Wass_scaled": 0.04067497195215434, "Wass_multi": 5.931070795384807, "time_wass": 0.5432002999878023}