{"distribution": "lg", "edges": [["A", "D"], ["B", "D"], ["D", "E"], ["C", "E"]], "root_params": "A ~ N(20,20) B ~ N(20,20) C ~ N(15,15)", "experiment": 102, "not_root_params": "D   ~   N ( 2 A + 3 B , 5 . 5 )   E   ~   N ( 3 C + 3 D , 5 . 5 )", "sample_size": 1050, "means": {"A": 20, "B": 20, "C": 15, "D": 100, "E": 345}, "disc_method": "EB", "bins": 12, "target_column": null, "CPT_method": "MLE", "time_disc": 0.09742170000390615, "time_cnf": 0.04738880001241341, "time_VE": 0.0013928999978816137, "time_BP": 0.007910799991805106, "RMSE": 18.743227659850664, "WRMSE": 7.023113338100563, "MAE": 12.960801889769002, "PE": 0.14350256607650552, "exact_EV": 345, "disc_EV": 344.50491614703606, "Wass_scaled": 0.06302429071986206, "Wass_multi": 8.384922426929988, "time_wass": 0.5747300999937579}