{
	"nodecount" : 10157,
	"peaknodes" : 10304,
	"total_load_time" : 0.704363,
	"build_time" : 0.577788,
	"wmc_time" : 0.00481009
}
