{"distribution": "lg", "edges": [["A", "D"], ["B", "D"], ["D", "E"], ["C", "E"]], "root_params": "A ~ N(20,20) B ~ N(20,20) C ~ N(15,15)", "experiment": 102, "not_root_params": "D   ~   N ( 2 A + 3 B , 5 . 5 )   E   ~   N ( 3 C + 3 D , 5 . 5 )", "sample_size": 1050, "means": {"A": 20, "B": 20, "C": 15, "D": 100, "E": 345}, "disc_method": "EV", "bins": 17, "target_column": null, "CPT_method": "MLE", "time_disc": 0.07564673898741603, "time_cnf": 0.22027807589620352, "time_VE": 0.002164300996810198, "time_BP": 0.008925936184823513, "RMSE": 5.053933427757907, "WRMSE": 5.060742802587542, "MAE": 3.948429974143056, "PE": 0.09691886695778534, "exact_EV": 345, "disc_EV": 344.66562990899564, "Wass_scaled": 0.2093048256133004, "Wass_multi": 5.289148127453366, "time_wass": 0.5445377379655838}