{"distribution": "lg", "edges": [["A", "D"], ["B", "D"], ["D", "E"], ["C", "E"]], "root_params": "A ~ N(20,20) B ~ N(20,20) C ~ N(15,15)", "experiment": 102, "not_root_params": "D   ~   N ( 2 A + 3 B , 5 . 5 )   E   ~   N ( 3 C + 3 D , 5 . 5 )", "sample_size": 1050, "means": {"A": 20, "B": 20, "C": 15, "D": 100, "E": 345}, "disc_method": "EB", "bins": 5, "target_column": null, "CPT_method": "MLE", "time_disc": 0.08751170001050923, "time_cnf": 0.008344499990926124, "time_VE": 0.0018475999968359247, "time_BP": 0.006350699986796826, "RMSE": 10.862854433041337, "WRMSE": 5.7737208852130175, "MAE": 9.089862286025527, "PE": 0.19368550765302248, "exact_EV": 345, "disc_EV": 344.3317849985971, "Wass_scaled": 0.17125285875719523, "Wass_multi": 19.31917651758494, "time_wass": 0.5572583000030136}