{"distribution": "lg", "edges": [["A", "D"], ["B", "D"], ["D", "E"], ["C", "E"]], "root_params": "A ~ N(20,20) B ~ N(20,20) C ~ N(15,15)", "experiment": 102, "not_root_params": "D   ~   N ( 2 A + 3 B , 5 . 5 )   E   ~   N ( 3 C + 3 D , 5 . 5 )", "sample_size": 1050, "means": {"A": 20, "B": 20, "C": 15, "D": 100, "E": 345}, "disc_method": "EV", "bins": 10, "target_column": null, "CPT_method": "MLE", "time_disc": 0.0572813400067389, "time_cnf": 0.28582966700196266, "time_VE": 0.0017331079579889774, "time_BP": 0.007235548924654722, "RMSE": 3.0859494485864447, "WRMSE": 3.085949448586445, "MAE": 2.6439811809284834, "PE": 0.04144613084371077, "exact_EV": 345, "disc_EV": 344.8570108485892, "Wass_scaled": 0.2778222202151982, "Wass_multi": 8.140237284024131, "time_wass": 0.5360405649989843}