{
	"nodecount" : 37306,
	"peaknodes" : 43007,
	"total_load_time" : 4.36253,
	"build_time" : 3.82303,
	"wmc_time" : 0.0095489
}
