{
	"nodecount" : 15364,
	"peaknodes" : 15456,
	"total_load_time" : 1.08444,
	"build_time" : 0.918851,
	"wmc_time" : 0.005198
}
