{
	"nodecount" : 23203,
	"peaknodes" : 24220,
	"total_load_time" : 1.62655,
	"build_time" : 1.51272,
	"wmc_time" : 0.0112679
}
