{
	"nodecount" : 1822,
	"peaknodes" : 1885,
	"total_load_time" : 0.082901,
	"build_time" : 0.077632,
	"wmc_time" : 0.00255704
}
