{"distribution": "lg", "edges": [["A", "D"], ["B", "D"], ["D", "E"], ["C", "E"]], "root_params": "A ~ N(20,20) B ~ N(20,20) C ~ N(15,15)", "experiment": 106, "not_root_params": "D   ~   N ( 2 A + 3 B , 8 . 8 7 5 )   E   ~   N ( 3 C + 3 D , 8 . 8 7 5 )", "sample_size": 1762, "means": {"A": 20, "B": 20, "C": 15, "D": 100, "E": 345}, "disc_method": "EV", "bins": 17, "target_column": null, "CPT_method": "Bayes", "time_disc": 0.08523212373256683, "time_cnf": 0.32885700929909945, "time_VE": 0.0025025042705237865, "time_BP": 0.009252164978533983, "RMSE": 43.70129154350351, "WRMSE": 43.73659436571283, "MAE": 34.92230661432586, "PE": 0.24356361850649313, "exact_EV": 345, "disc_EV": 344.1597055161526, "Wass_scaled": 0.21854285830327788, "Wass_multi": 8.061022484410381, "time_wass": 1.2804551585577428}