{"distribution": "lg", "edges": [["A", "D"], ["B", "D"], ["D", "E"], ["C", "E"]], "root_params": "A ~ N(20,20) B ~ N(20,20) C ~ N(15,15)", "experiment": 106, "not_root_params": "D   ~   N ( 2 A + 3 B , 8 . 8 7 5 )   E   ~   N ( 3 C + 3 D , 8 . 8 7 5 )", "sample_size": 1762, "means": {"A": 20, "B": 20, "C": 15, "D": 100, "E": 345}, "disc_method": "EV", "bins": 30, "target_column": null, "CPT_method": "Bayes", "time_disc": 0.10687800000596326, "time_cnf": 0.8129601000109687, "time_VE": 0.0024778999941190705, "time_BP": 0.015318999998271465, "RMSE": 46.534498374723974, "WRMSE": 46.57951986252049, "MAE": 37.11707291820836, "PE": 0.2165716746154872, "exact_EV": 345, "disc_EV": 344.25282772257657, "Wass_scaled": 0.16798393813961296, "Wass_multi": 5.027017975611627, "time_wass": 1.3544455999945058}