{
	"nodecount" : 16508,
	"peaknodes" : 17268,
	"total_load_time" : 1.09751,
	"build_time" : 1.03821,
	"wmc_time" : 0.00778604
}
