{
	"nodecount" : 72762,
	"peaknodes" : 74792,
	"total_load_time" : 4.25502,
	"build_time" : 3.96105,
	"wmc_time" : 0.029423
}
