{"distribution": "lg", "edges": [["A", "D"], ["B", "D"], ["D", "E"], ["C", "E"]], "root_params": "A ~ N(20,20) B ~ N(20,20) C ~ N(15,15)", "experiment": 106, "not_root_params": "D   ~   N ( 2 A + 3 B , 8 . 8 7 5 )   E   ~   N ( 3 C + 3 D , 8 . 8 7 5 )", "sample_size": 1762, "means": {"A": 20, "B": 20, "C": 15, "D": 100, "E": 345}, "disc_method": "EB", "bins": 17, "target_column": null, "CPT_method": "Bayes", "time_disc": 0.0899533131159842, "time_cnf": 0.35935801127925515, "time_VE": 0.0018794550560414791, "time_BP": 0.007487296126782894, "RMSE": 88.22884528814166, "WRMSE": 42.10865958919857, "MAE": 73.8968698764203, "PE": 0.7952633593904169, "exact_EV": 345, "disc_EV": 342.25634141010306, "Wass_scaled": 0.04674194711599331, "Wass_multi": 9.307367679172394, "time_wass": 1.1378061422146857}