{
	"nodecount" : 23203,
	"peaknodes" : 24220,
	"total_load_time" : 2.22512,
	"build_time" : 2.11052,
	"wmc_time" : 0.00790787,
	"wmc_value" : 1,
	"bn_to_cnf_time" : 0.0595853
}
