{
	"nodecount" : 1739,
	"peaknodes" : 1789,
	"total_load_time" : 0.107843,
	"build_time" : 0.098325,
	"wmc_time" : 0.00283909
}
