{"distribution": "lg", "edges": [["A", "D"], ["B", "D"], ["D", "E"], ["C", "E"]], "root_params": "A ~ N(20,20) B ~ N(20,20) C ~ N(15,15)", "experiment": 106, "not_root_params": "D   ~   N ( 2 A + 3 B , 8 . 8 7 5 )   E   ~   N ( 3 C + 3 D , 8 . 8 7 5 )", "sample_size": 1762, "means": {"A": 20, "B": 20, "C": 15, "D": 100, "E": 345}, "disc_method": "EV", "bins": 14, "target_column": null, "CPT_method": "Bayes", "time_disc": 0.10651189999771304, "time_cnf": 0.08020589999796357, "time_VE": 0.002586399990832433, "time_BP": 0.014394199999514967, "RMSE": 40.3056912678167, "WRMSE": 40.32435064634213, "MAE": 32.35138389754218, "PE": 0.24804275838548254, "exact_EV": 345, "disc_EV": 344.1442524835701, "Wass_scaled": 0.24021481261400027, "Wass_multi": 9.43807699517337, "time_wass": 1.432636999990791}