{"distribution": "lg", "edges": [["A", "D"], ["B", "D"], ["D", "E"], ["C", "E"]], "root_params": "A ~ N(20,20) B ~ N(20,20) C ~ N(15,15)", "experiment": 106, "not_root_params": "D   ~   N ( 2 A + 3 B , 8 . 8 7 5 )   E   ~   N ( 3 C + 3 D , 8 . 8 7 5 )", "sample_size": 1762, "means": {"A": 20, "B": 20, "C": 15, "D": 100, "E": 345}, "disc_method": "EV", "bins": 8, "target_column": null, "CPT_method": "Bayes", "time_disc": 0.09562146896496415, "time_cnf": 0.2707875841297209, "time_VE": 0.0029600029811263084, "time_BP": 0.00926467590034008, "RMSE": 20.734023259962477, "WRMSE": 20.75623400455389, "MAE": 16.82884551806275, "PE": 0.28831698286460555, "exact_EV": 345, "disc_EV": 344.0053064091171, "Wass_scaled": 0.32283115144091534, "Wass_multi": 15.104312208428178, "time_wass": 1.264483888167888}