{"distribution": "lg", "edges": [["A", "D"], ["B", "D"], ["D", "E"], ["C", "E"]], "root_params": "A ~ N(20,20) B ~ N(20,20) C ~ N(15,15)", "experiment": 106, "not_root_params": "D   ~   N ( 2 A + 3 B , 8 . 8 7 5 )   E   ~   N ( 3 C + 3 D , 8 . 8 7 5 )", "sample_size": 1762, "means": {"A": 20, "B": 20, "C": 15, "D": 100, "E": 345}, "disc_method": "EB", "bins": 12, "target_column": null, "CPT_method": "Bayes", "time_disc": 0.10204349999548867, "time_cnf": 0.05021850000775885, "time_VE": 0.0021773000044049695, "time_BP": 0.01288919999205973, "RMSE": 81.20080754235, "WRMSE": 34.59818644629381, "MAE": 65.12806999403577, "PE": 0.5612777284421469, "exact_EV": 345, "disc_EV": 343.0635918368746, "Wass_scaled": 0.06710488387963932, "Wass_multi": 12.875747539410897, "time_wass": 1.2800207999971462}