{"distribution": "lg", "edges": [["A", "D"], ["B", "D"], ["D", "E"], ["C", "E"]], "root_params": "A ~ N(20,20) B ~ N(20,20) C ~ N(15,15)", "experiment": 106, "not_root_params": "D   ~   N ( 2 A + 3 B , 8 . 8 7 5 )   E   ~   N ( 3 C + 3 D , 8 . 8 7 5 )", "sample_size": 1762, "means": {"A": 20, "B": 20, "C": 15, "D": 100, "E": 345}, "disc_method": "EV", "bins": 5, "target_column": null, "CPT_method": "Bayes", "time_disc": 0.09961441997438669, "time_cnf": 0.7617933452129364, "time_VE": 0.0018386179581284523, "time_BP": 0.007941295858472586, "RMSE": 11.564806088163769, "WRMSE": 11.573619443500734, "MAE": 8.874789913867664, "PE": 0.37767559260187494, "exact_EV": 345, "disc_EV": 343.69701920552353, "Wass_scaled": 0.4266683906525711, "Wass_multi": 23.220755690674068, "time_wass": 1.2489973800256848}