{"distribution": "lg", "edges": [["A", "D"], ["B", "D"], ["D", "E"], ["C", "E"]], "root_params": "A ~ N(20,20) B ~ N(20,20) C ~ N(15,15)", "experiment": 106, "not_root_params": "D   ~   N ( 2 A + 3 B , 8 . 8 7 5 )   E   ~   N ( 3 C + 3 D , 8 . 8 7 5 )", "sample_size": 1762, "means": {"A": 20, "B": 20, "C": 15, "D": 100, "E": 345}, "disc_method": "MDLP", "bins": 2, "target_column": "E", "CPT_method": "Bayes", "time_disc": 2.1640744698233902, "time_cnf": 0.9129993920214474, "time_VE": 0.003392379265278578, "time_BP": 0.01006788294762373, "RMSE": 33.67259085615088, "WRMSE": 35.763156203103776, "MAE": 28.460211288595104, "PE": 0.4120656797056529, "exact_EV": 345, "disc_EV": 346.4216265949845, "Wass_scaled": 0.4313881580283276, "Wass_multi": 9.717920359647902, "time_wass": 1.2735446742735803}