{"distribution": "lg", "edges": [["A", "D"], ["B", "D"], ["D", "E"], ["C", "E"]], "root_params": "A ~ N(20,20) B ~ N(20,20) C ~ N(15,15)", "experiment": 106, "not_root_params": "D   ~   N ( 2 A + 3 B , 8 . 8 7 5 )   E   ~   N ( 3 C + 3 D , 8 . 8 7 5 )", "sample_size": 1762, "means": {"A": 20, "B": 20, "C": 15, "D": 100, "E": 345}, "disc_method": "EV", "bins": 25, "target_column": null, "CPT_method": "Bayes", "time_disc": 0.09854110000014771, "time_cnf": 0.44002019999607, "time_VE": 0.001560699995025061, "time_BP": 0.01429370000550989, "RMSE": 46.21701627925809, "WRMSE": 46.261456612853316, "MAE": 36.87123598601004, "PE": 0.21324839731124962, "exact_EV": 345, "disc_EV": 344.2642930292762, "Wass_scaled": 0.1826017488317497, "Wass_multi": 5.98732471334181, "time_wass": 1.3483745999983512}