{
	"nodecount" : 101539,
	"peaknodes" : 111979,
	"total_load_time" : 9.39654,
	"build_time" : 8.38014,
	"wmc_time" : 0.0334249
}
