{
	"nodecount" : 15540,
	"peaknodes" : 15557,
	"total_load_time" : 1.32642,
	"build_time" : 1.28023,
	"wmc_time" : 0.00685,
	"wmc_value" : 1,
	"bn_to_cnf_time" : 0.0236235
}
