{
	"nodecount" : 68581,
	"peaknodes" : 72178,
	"total_load_time" : 7.20704,
	"build_time" : 6.5334,
	"wmc_time" : 0.017643,
	"wmc_value" : 1,
	"bn_to_cnf_time" : 0.343834
}
