{"distribution": "lg", "edges": [["A", "D"], ["B", "D"], ["D", "E"], ["C", "E"]], "root_params": "A ~ N(20,20) B ~ N(20,20) C ~ N(15,15)", "experiment": 106, "not_root_params": "D   ~   N ( 2 A + 3 B , 8 . 8 7 5 )   E   ~   N ( 3 C + 3 D , 8 . 8 7 5 )", "sample_size": 1762, "means": {"A": 20, "B": 20, "C": 15, "D": 100, "E": 345}, "disc_method": "EB", "bins": 8, "target_column": null, "CPT_method": "Bayes", "time_disc": 0.09459345787763596, "time_cnf": 0.3795338422060013, "time_VE": 0.002086075022816658, "time_BP": 0.007337943650782108, "RMSE": 67.18525571902354, "WRMSE": 25.2413054169912, "MAE": 51.20022881759675, "PE": 0.565478778157509, "exact_EV": 345, "disc_EV": 343.0490982153566, "Wass_scaled": 0.09755056809102133, "Wass_multi": 19.429569181877245, "time_wass": 1.1708098980598152}