{"distribution": "lg", "edges": [["A", "D"], ["B", "D"], ["D", "E"], ["C", "E"]], "root_params": "A ~ N(20,20) B ~ N(20,20) C ~ N(15,15)", "experiment": 106, "not_root_params": "D   ~   N ( 2 A + 3 B , 8 . 8 7 5 )   E   ~   N ( 3 C + 3 D , 8 . 8 7 5 )", "sample_size": 1762, "means": {"A": 20, "B": 20, "C": 15, "D": 100, "E": 345}, "disc_method": "EV", "bins": 17, "target_column": null, "CPT_method": "Bayes", "time_disc": 0.10311209999781568, "time_cnf": 0.1446657999913441, "time_VE": 0.001409599994076416, "time_BP": 0.015043599996715784, "RMSE": 43.701291543503494, "WRMSE": 43.736594365712826, "MAE": 34.92230661432585, "PE": 0.24356361850649313, "exact_EV": 345, "disc_EV": 344.1597055161526, "Wass_scaled": 0.21854285830327788, "Wass_multi": 8.061022484410381, "time_wass": 1.3960838000057265}