{"distribution": "lg", "edges": [["A", "D"], ["B", "D"], ["D", "E"], ["C", "E"]], "root_params": "A ~ N(20,20) B ~ N(20,20) C ~ N(15,15)", "experiment": 106, "not_root_params": "D   ~   N ( 2 A + 3 B , 8 . 8 7 5 )   E   ~   N ( 3 C + 3 D , 8 . 8 7 5 )", "sample_size": 1762, "means": {"A": 20, "B": 20, "C": 15, "D": 100, "E": 345}, "disc_method": "EB", "bins": 5, "target_column": null, "CPT_method": "Bayes", "time_disc": 0.08731232490390539, "time_cnf": 0.21839887788519263, "time_VE": 0.001586731057614088, "time_BP": 0.006454822141677141, "RMSE": 43.97550725883038, "WRMSE": 18.7840965267099, "MAE": 33.998373536173325, "PE": 0.36370046940712625, "exact_EV": 345, "disc_EV": 343.7452333805454, "Wass_scaled": 0.16921007292754175, "Wass_multi": 29.57571303353465, "time_wass": 1.1975741279311478}