{"distribution": "lg", "edges": [["A", "D"], ["B", "D"], ["D", "E"], ["C", "E"]], "root_params": "A ~ N(20,20) B ~ N(20,20) C ~ N(15,15)", "experiment": 106, "not_root_params": "D   ~   N ( 2 A + 3 B , 8 . 8 7 5 )   E   ~   N ( 3 C + 3 D , 8 . 8 7 5 )", "sample_size": 1762, "means": {"A": 20, "B": 20, "C": 15, "D": 100, "E": 345}, "disc_method": "EV", "bins": 10, "target_column": null, "CPT_method": "Bayes", "time_disc": 0.08950970000296365, "time_cnf": 0.0323705000046175, "time_VE": 0.0014033000043127686, "time_BP": 0.008350500007509254, "RMSE": 29.563352688388676, "WRMSE": 29.600744113314576, "MAE": 23.921619669465166, "PE": 0.216480641352179, "exact_EV": 345, "disc_EV": 344.253141787335, "Wass_scaled": 0.28597419521990824, "Wass_multi": 12.707502041787308, "time_wass": 1.3872334000043338}