{
	"nodecount" : 37615,
	"peaknodes" : 39287,
	"total_load_time" : 3.05527,
	"build_time" : 2.27169,
	"wmc_time" : 0.0134139
}
