{
	"nodecount" : 15540,
	"peaknodes" : 15557,
	"total_load_time" : 0.689759,
	"build_time" : 0.655649,
	"wmc_time" : 0.00533795
}
