{"distribution": "lg", "edges": [["A", "D"], ["B", "D"], ["D", "E"], ["C", "E"]], "root_params": "A ~ N(20,20) B ~ N(20,20) C ~ N(15,15)", "experiment": 15, "not_root_params": "D   ~   N ( 2 A + 3 B , 2 )   E   ~   N ( 3 C + 3 D , 2 )", "sample_size": 200, "means": {"A": 20, "B": 20, "C": 15, "D": 100, "E": 345}, "disc_method": "EV", "bins": 5, "target_column": null, "Wass1D": 6.830227938819466, "Wass_multi": 7.683127581038186, "RMSE": 1.9791220746323621, "WRMSE": 1.9791220746323621, "MAE": 3.9169241862971047, "VE_complexity": 7129.0}