{"distribution": "nm", "edges": [["X", "Y"]], "root_params": ["X ~ B(0.5)"], "experiment": 7, "not_root_params": "P(Y|X) ~ N(6,2) if X = 0.0 and P(Y|X) ~ N(4,2) if X = 1.0", "sample_size": 100, "means": 5.0, "disc_method": "EV", "bins": 10, "target_column": null, "Wass1D": 0.4139937293857132, "Wass_multi": 0.4410569207318619, "RMSE": 0.03301452991575209, "WRMSE": 0.03280390875522222, "MAE": 0.0010899591855580899}