{"distribution": "nm", "edges": [["X", "Y"]], "root_params": ["X ~ B(0.5)"], "experiment": 7, "not_root_params": "P(Y|X) ~ N(6,2) if X = 0.0 and P(Y|X) ~ N(4,2) if X = 1.0", "sample_size": 100, "means": 5.0, "disc_method": "EV", "bins": 5, "target_column": null, "Wass1D": 0.4981268765025007, "Wass_multi": 0.5347482187540574, "RMSE": 0.03938651801950558, "WRMSE": 0.03913524580222224, "MAE": 0.0015512978017008378}