{"distribution": "nm", "edges": [["X", "Y"]], "root_params": ["X ~ B(0.5)"], "experiment": 7, "not_root_params": "P(Y|X) ~ N(6,2) if X = 0.0 and P(Y|X) ~ N(4,2) if X = 1.0", "sample_size": 100, "means": 5.0, "disc_method": "EV", "bins": 12, "target_column": null, "Wass1D": 0.2823240638006122, "Wass_multi": 0.32611270516421786, "RMSE": 0.04722228487259739, "WRMSE": 0.04692102320180816, "MAE": 0.0022299441885887403, "VE_complexity": 59.0}