{"distribution": "nm", "edges": [["X", "Y"]], "root_params": ["X ~ B(0.5)"], "experiment": 7, "not_root_params": "P(Y|X) ~ N(6,2) if X = 0.0 and P(Y|X) ~ N(4,2) if X = 1.0", "sample_size": 100, "means": 5.0, "disc_method": "EV", "bins": 14, "target_column": null, "Wass1D": 0.23423578508472498, "Wass_multi": 0.280480074028503, "RMSE": 0.017528744580848323, "WRMSE": 0.017416917317650285, "MAE": 0.0003072568865806194}