{"distribution": "nm", "edges": [["X", "Y"]], "root_params": ["X ~ B(0.5)"], "experiment": 7, "not_root_params": "P(Y|X) ~ N(6,2) if X = 0.0 and P(Y|X) ~ N(4,2) if X = 1.0", "sample_size": 100, "means": 5.0, "disc_method": "EB", "bins": 14, "target_column": null, "Wass1D": 0.2877316094715437, "Wass_multi": 0.3232388244070492, "RMSE": 0.006101519024968299, "WRMSE": 0.006062593466394072, "MAE": 3.72285344120501e-05, "VE_complexity": 64.0}