{"distribution": "nm", "edges": [["X", "Y"]], "root_params": ["X ~ B(0.5)"], "experiment": 7, "not_root_params": "P(Y|X) ~ N(6,2) if X = 0.0 and P(Y|X) ~ N(4,2) if X = 1.0", "sample_size": 100, "means": 5.0, "disc_method": "EB", "bins": 8, "target_column": null, "Wass1D": 0.38363980948533993, "Wass_multi": 0.4351294226536494, "RMSE": 0.017291065000528953, "WRMSE": 0.01718075404997168, "MAE": 0.00029898092885251727}