{"distribution": "lg", "edges": [["A", "D"], ["B", "D"], ["D", "E"], ["C", "E"]], "root_params": "A ~ N(5,5) B ~ N(10,10) C ~ N(-5,-5)", "not_root_params": "D   ~   N ( 2 A + 3 B , 2 )   E   ~   N ( 3 C + 3 D , 2 )", "sample_size": 5000, "means": {"A": 5, "B": 10, "C": -5, "D": 40, "E": 105}, "disc_method": "EB", "bins": 14, "target_column": null, "Wass1D": 0.021221224735952317, "Wass_multi": 0.067626907399756, "RMSE": 11.305500486733568, "WRMSE": 1.718182999803335}