{"distribution": "lg", "edges": [["A", "D"], ["B", "D"], ["D", "E"], ["C", "E"]], "root_params": "A ~ N(20,20) B ~ N(20,20) C ~ N(15,15)", "experiment": 113, "not_root_params": "D   ~   N ( 2 A + 3 B , 2 . 6 8 7 5 )   E   ~   N ( 3 C + 3 D , 2 . 6 8 7 5 )", "sample_size": 694, "means": {"A": 20, "B": 20, "C": 15, "D": 100, "E": 345}, "disc_method": "EB", "bins": 12, "target_column": null, "CPT_method": "MLE", "time_disc": 0.09269433096051216, "time_cnf": 1.1243620067834854, "time_VE": 0.0037724473513662815, "time_BP": 0.012750365771353245, "RMSE": 11.883955617918337, "WRMSE": 3.781532253509604, "MAE": 7.685731424329513, "PE": 0.23421253102299858, "exact_EV": 345, "disc_EV": 344.19196676797065, "Wass_scaled": 0.06463069950368346, "Wass_multi": 3.06224080007868, "time_wass": 0.3579926327802241}