{"distribution": "lg", "edges": [["A", "D"], ["B", "D"], ["D", "E"], ["C", "E"]], "root_params": "A ~ N(20,20) B ~ N(20,20) C ~ N(15,15)", "experiment": 113, "not_root_params": "D   ~   N ( 2 A + 3 B , 2 . 6 8 7 5 )   E   ~   N ( 3 C + 3 D , 2 . 6 8 7 5 )", "sample_size": 694, "means": {"A": 20, "B": 20, "C": 15, "D": 100, "E": 345}, "disc_method": "EB", "bins": 25, "target_column": null, "CPT_method": "MLE", "time_disc": 0.10826466837897897, "time_cnf": 2.1175525160506368, "time_VE": 0.0026055690832436085, "time_BP": 0.012524111196398735, "RMSE": 17.287075728406364, "WRMSE": 6.788430081549086, "MAE": 13.036378984557748, "PE": 0.4474667512580828, "exact_EV": 345, "disc_EV": 343.4562397081596, "Wass_scaled": 0.02940071305150689, "Wass_multi": 1.466223548243737, "time_wass": 0.37835620576515794}