{"distribution": "lg", "edges": [["A", "D"], ["B", "D"], ["D", "E"], ["C", "E"]], "root_params": "A ~ N(20,20) B ~ N(20,20) C ~ N(15,15)", "experiment": 113, "not_root_params": "D   ~   N ( 2 A + 3 B , 2 . 6 8 7 5 )   E   ~   N ( 3 C + 3 D , 2 . 6 8 7 5 )", "sample_size": 694, "means": {"A": 20, "B": 20, "C": 15, "D": 100, "E": 345}, "disc_method": "EB", "bins": 17, "target_column": null, "CPT_method": "MLE", "time_disc": 0.10010110000439454, "time_cnf": 0.13141440000617877, "time_VE": 0.001517600001534447, "time_BP": 0.015282399996067397, "RMSE": 14.51971649070252, "WRMSE": 4.779275526148403, "MAE": 9.92345760402175, "PE": 0.39573935847846625, "exact_EV": 345, "disc_EV": 343.6346992132493, "Wass_scaled": 0.04236664954607622, "Wass_multi": 2.129775111928638, "time_wass": 0.32551659998716787}