{
	"nodecount" : 1310,
	"peaknodes" : 1396,
	"total_load_time" : 0.361082,
	"build_time" : 0.112058,
	"wmc_time" : 0.00389791
}
