{"distribution": "lg", "edges": [["A", "D"], ["B", "D"], ["D", "E"], ["C", "E"]], "root_params": "A ~ N(20,20) B ~ N(20,20) C ~ N(15,15)", "experiment": 113, "not_root_params": "D   ~   N ( 2 A + 3 B , 2 . 6 8 7 5 )   E   ~   N ( 3 C + 3 D , 2 . 6 8 7 5 )", "sample_size": 694, "means": {"A": 20, "B": 20, "C": 15, "D": 100, "E": 345}, "disc_method": "EV", "bins": 12, "target_column": null, "CPT_method": "MLE", "time_disc": 0.09945369999331888, "time_cnf": 0.046757400006754324, "time_VE": 0.0014661000022897497, "time_BP": 0.005466900009196252, "RMSE": 0.8907794432701756, "WRMSE": 0.8912268173576853, "MAE": 0.6944645107100248, "PE": 0.21522028164939833, "exact_EV": 345, "disc_EV": 344.2574900283096, "Wass_scaled": 0.23022325778625782, "Wass_multi": 2.709684405504946, "time_wass": 0.33303730000625364}