{
	"nodecount" : 1123,
	"peaknodes" : 1123,
	"total_load_time" : 0.5924,
	"build_time" : 0.398349,
	"wmc_time" : 0.003196
}
