{
	"nodecount" : 8426,
	"peaknodes" : 8545,
	"total_load_time" : 0.754975,
	"build_time" : 0.622547,
	"wmc_time" : 0.00513887
}
