{"distribution": "lg", "edges": [["A", "D"], ["B", "D"], ["D", "E"], ["C", "E"]], "root_params": "A ~ N(20,20) B ~ N(20,20) C ~ N(15,15)", "experiment": 113, "not_root_params": "D   ~   N ( 2 A + 3 B , 2 . 6 8 7 5 )   E   ~   N ( 3 C + 3 D , 2 . 6 8 7 5 )", "sample_size": 694, "means": {"A": 20, "B": 20, "C": 15, "D": 100, "E": 345}, "disc_method": "EV", "bins": 20, "target_column": null, "CPT_method": "MLE", "time_disc": 0.09360809999634512, "time_cnf": 0.21150710000074469, "time_VE": 0.001528000007965602, "time_BP": 0.015080099998158403, "RMSE": 3.1156967989953492, "WRMSE": 3.1122251586762464, "MAE": 2.6403350369281555, "PE": 0.20265249639077662, "exact_EV": 345, "disc_EV": 344.3008488874518, "Wass_scaled": 0.17377093242322256, "Wass_multi": 1.7097783238928803, "time_wass": 0.3462467000063043}