{"distribution": "lg", "edges": [["A", "D"], ["B", "D"], ["D", "E"], ["C", "E"]], "root_params": "A ~ N(20,20) B ~ N(20,20) C ~ N(15,15)", "experiment": 113, "not_root_params": "D   ~   N ( 2 A + 3 B , 2 . 6 8 7 5 )   E   ~   N ( 3 C + 3 D , 2 . 6 8 7 5 )", "sample_size": 694, "means": {"A": 20, "B": 20, "C": 15, "D": 100, "E": 345}, "disc_method": "EV", "bins": 14, "target_column": null, "CPT_method": "MLE", "time_disc": 0.09294030000455678, "time_cnf": 0.07243970000126865, "time_VE": 0.0014754000003449619, "time_BP": 0.012757600008626468, "RMSE": 1.4597665946748053, "WRMSE": 1.4578896136807087, "MAE": 1.0946559210514692, "PE": 0.2677395902972988, "exact_EV": 345, "disc_EV": 344.0762984134743, "Wass_scaled": 0.21118106969179126, "Wass_multi": 2.3339571431703976, "time_wass": 0.34471140000096057}