{
	"nodecount" : 4331,
	"peaknodes" : 4331,
	"total_load_time" : 0.417946,
	"build_time" : 0.395727,
	"wmc_time" : 0.00388002,
	"wmc_value" : 1,
	"bn_to_cnf_time" : 0.0121331
}
