{
	"nodecount" : 3150,
	"peaknodes" : 3275,
	"total_load_time" : 0.318938,
	"build_time" : 0.298785,
	"wmc_time" : 0.00422406,
	"wmc_value" : 1,
	"bn_to_cnf_time" : 0.0100873
}
