{"distribution": "lg", "edges": [["A", "D"], ["B", "D"], ["D", "E"], ["C", "E"]], "root_params": "A ~ N(20,20) B ~ N(20,20) C ~ N(15,15)", "experiment": 113, "not_root_params": "D   ~   N ( 2 A + 3 B , 2 . 6 8 7 5 )   E   ~   N ( 3 C + 3 D , 2 . 6 8 7 5 )", "sample_size": 694, "means": {"A": 20, "B": 20, "C": 15, "D": 100, "E": 345}, "disc_method": "EV", "bins": 10, "target_column": null, "CPT_method": "MLE", "time_disc": 0.09944450001057703, "time_cnf": 0.03149189999385271, "time_VE": 0.003477800011751242, "time_BP": 0.015064999999594875, "RMSE": 0.8092354576145598, "WRMSE": 0.8116095867710195, "MAE": 0.6122399473291864, "PE": 0.1692369418408131, "exact_EV": 345, "disc_EV": 344.4161325506492, "Wass_scaled": 0.2568596345054235, "Wass_multi": 3.176413981917584, "time_wass": 0.3654383999964921}