{"distribution": "lg", "edges": [["A", "D"], ["B", "D"], ["D", "E"], ["C", "E"]], "root_params": "A ~ N(20,20) B ~ N(20,20) C ~ N(15,15)", "experiment": 113, "not_root_params": "D   ~   N ( 2 A + 3 B , 2 . 6 8 7 5 )   E   ~   N ( 3 C + 3 D , 2 . 6 8 7 5 )", "sample_size": 694, "means": {"A": 20, "B": 20, "C": 15, "D": 100, "E": 345}, "disc_method": "EB", "bins": 8, "target_column": null, "CPT_method": "MLE", "time_disc": 0.08307815110310912, "time_cnf": 0.5160522437654436, "time_VE": 0.002440763171762228, "time_BP": 0.009195827879011631, "RMSE": 5.158030059979086, "WRMSE": 1.9831076476423701, "MAE": 3.068115198148412, "PE": 0.2541111959772519, "exact_EV": 345, "disc_EV": 344.1233163738785, "Wass_scaled": 0.11191850888821113, "Wass_multi": 4.436006388894446, "time_wass": 0.4485224769450724}