{"distribution": "lg", "edges": [["A", "D"], ["B", "D"], ["D", "E"], ["C", "E"]], "root_params": "A ~ N(20,20) B ~ N(20,20) C ~ N(15,15)", "experiment": 113, "not_root_params": "D   ~   N ( 2 A + 3 B , 2 . 6 8 7 5 )   E   ~   N ( 3 C + 3 D , 2 . 6 8 7 5 )", "sample_size": 694, "means": {"A": 20, "B": 20, "C": 15, "D": 100, "E": 345}, "disc_method": "EB", "bins": 10, "target_column": null, "CPT_method": "MLE", "time_disc": 0.0969766000052914, "time_cnf": 0.030443199997534975, "time_VE": 0.0014030000020284206, "time_BP": 0.005383499999879859, "RMSE": 10.987741382900335, "WRMSE": 3.312643521705119, "MAE": 6.8321655673863, "PE": 0.15018882978365847, "exact_EV": 345, "disc_EV": 344.4818485372464, "Wass_scaled": 0.08544470132187083, "Wass_multi": 3.60191375578444, "time_wass": 0.35278409998863935}