{"distribution": "lg", "edges": [["A", "D"], ["B", "D"], ["D", "E"], ["C", "E"]], "root_params": "A ~ N(20,20) B ~ N(20,20) C ~ N(15,15)", "experiment": 113, "not_root_params": "D   ~   N ( 2 A + 3 B , 2 . 6 8 7 5 )   E   ~   N ( 3 C + 3 D , 2 . 6 8 7 5 )", "sample_size": 694, "means": {"A": 20, "B": 20, "C": 15, "D": 100, "E": 345}, "disc_method": "EV", "bins": 30, "target_column": null, "CPT_method": "MLE", "time_disc": 0.13289642008021474, "time_cnf": 3.4184391698800027, "time_VE": 0.003317419905215502, "time_BP": 0.016045700293034315, "RMSE": 8.066071067888835, "WRMSE": 8.099894285240426, "MAE": 6.482841769843924, "PE": 0.12353744988789571, "exact_EV": 345, "disc_EV": 344.57379579788676, "Wass_scaled": 0.14207065251042675, "Wass_multi": 1.2265630039940782, "time_wass": 0.35886772023513913}