{"distribution": "lg", "edges": [["A", "D"], ["B", "D"], ["D", "E"], ["C", "E"]], "root_params": "A ~ N(20,20) B ~ N(20,20) C ~ N(15,15)", "experiment": 113, "not_root_params": "D   ~   N ( 2 A + 3 B , 2 . 6 8 7 5 )   E   ~   N ( 3 C + 3 D , 2 . 6 8 7 5 )", "sample_size": 694, "means": {"A": 20, "B": 20, "C": 15, "D": 100, "E": 345}, "disc_method": "EV", "bins": 5, "target_column": null, "CPT_method": "MLE", "time_disc": 0.0670607010833919, "time_cnf": 0.3998038489371538, "time_VE": 0.0030771521851420403, "time_BP": 0.012302235700190067, "RMSE": 1.4719797630264588, "WRMSE": 1.4729886402462298, "MAE": 1.2393135970225786, "PE": 0.20053039241237575, "exact_EV": 345, "disc_EV": 344.3081701461773, "Wass_scaled": 0.3934025027314189, "Wass_multi": 5.8094971923259004, "time_wass": 0.4107851809822023}