{
	"nodecount" : 5745,
	"peaknodes" : 6061,
	"total_load_time" : 0.956136,
	"build_time" : 0.554963,
	"wmc_time" : 0.00435305
}
