{"distribution": "lg", "edges": [["A", "D"], ["B", "D"], ["D", "E"], ["C", "E"]], "root_params": "A ~ N(20,20) B ~ N(20,20) C ~ N(15,15)", "experiment": 113, "not_root_params": "D   ~   N ( 2 A + 3 B , 2 . 6 8 7 5 )   E   ~   N ( 3 C + 3 D , 2 . 6 8 7 5 )", "sample_size": 694, "means": {"A": 20, "B": 20, "C": 15, "D": 100, "E": 345}, "disc_method": "EV", "bins": 25, "target_column": null, "CPT_method": "MLE", "time_disc": 0.08781765820458531, "time_cnf": 1.5838468680158257, "time_VE": 0.002442066092044115, "time_BP": 0.012721097096800804, "RMSE": 5.816769666696704, "WRMSE": 5.8238275754576385, "MAE": 4.859931684293281, "PE": 0.10993521014479088, "exact_EV": 345, "disc_EV": 344.62072352500047, "Wass_scaled": 0.1549281360107452, "Wass_multi": 1.4488704113299389, "time_wass": 0.376174399163574}