{
	"nodecount" : 18803,
	"peaknodes" : 21128,
	"total_load_time" : 3.56296,
	"build_time" : 3.17472,
	"wmc_time" : 0.0067029
}
