{
	"nodecount" : 20960,
	"peaknodes" : 25291,
	"total_load_time" : 5.76275,
	"build_time" : 5.11905,
	"wmc_time" : 0.00841594
}
