{"distribution": "lg", "edges": [["A", "D"], ["B", "D"], ["D", "E"], ["C", "E"]], "root_params": "A ~ N(20,20) B ~ N(20,20) C ~ N(15,15)", "experiment": 113, "not_root_params": "D   ~   N ( 2 A + 3 B , 2 . 6 8 7 5 )   E   ~   N ( 3 C + 3 D , 2 . 6 8 7 5 )", "sample_size": 694, "means": {"A": 20, "B": 20, "C": 15, "D": 100, "E": 345}, "disc_method": "EV", "bins": 17, "target_column": null, "CPT_method": "MLE", "time_disc": 0.09522460000880528, "time_cnf": 0.13158149999799207, "time_VE": 0.0016681999986758456, "time_BP": 0.013231300006737001, "RMSE": 2.1619939661498293, "WRMSE": 2.163837137646342, "MAE": 1.881304164133864, "PE": 0.18520434162114463, "exact_EV": 345, "disc_EV": 344.36104502140705, "Wass_scaled": 0.1884314838403999, "Wass_multi": 1.9632250917451348, "time_wass": 0.3458784999966156}