{"distribution": "lg", "edges": [["A", "D"], ["B", "D"], ["D", "E"], ["C", "E"]], "root_params": "A ~ N(20,20) B ~ N(20,20) C ~ N(15,15)", "experiment": 113, "not_root_params": "D   ~   N ( 2 A + 3 B , 2 . 6 8 7 5 )   E   ~   N ( 3 C + 3 D , 2 . 6 8 7 5 )", "sample_size": 694, "means": {"A": 20, "B": 20, "C": 15, "D": 100, "E": 345}, "disc_method": "EB", "bins": 20, "target_column": null, "CPT_method": "MLE", "time_disc": 0.09769670898094773, "time_cnf": 0.7419513296335936, "time_VE": 0.002124620135873556, "time_BP": 0.00828558811917901, "RMSE": 16.114912492080393, "WRMSE": 5.793482235984047, "MAE": 11.710295027448074, "PE": 0.43653470338606404, "exact_EV": 345, "disc_EV": 343.4939552733181, "Wass_scaled": 0.03560908565198325, "Wass_multi": 1.8568149913608103, "time_wass": 0.3418708071112633}