{
	"nodecount" : 1086,
	"peaknodes" : 1155,
	"total_load_time" : 0.172459,
	"build_time" : 0.0671239,
	"wmc_time" : 0.00265408
}
