{"distribution": "lg", "edges": [["A", "D"], ["B", "D"], ["D", "E"], ["C", "E"]], "root_params": "A ~ N(20,20) B ~ N(20,20) C ~ N(15,15)", "experiment": 113, "not_root_params": "D   ~   N ( 2 A + 3 B , 2 . 6 8 7 5 )   E   ~   N ( 3 C + 3 D , 2 . 6 8 7 5 )", "sample_size": 694, "means": {"A": 20, "B": 20, "C": 15, "D": 100, "E": 345}, "disc_method": "EV", "bins": 17, "target_column": null, "CPT_method": "MLE", "time_disc": 0.07823009416460991, "time_cnf": 0.2677362449467182, "time_VE": 0.002626224886626005, "time_BP": 0.009982794988900423, "RMSE": 2.1619939661498386, "WRMSE": 2.163837137646351, "MAE": 1.8813041641338741, "PE": 0.18520434162114463, "exact_EV": 345, "disc_EV": 344.36104502140705, "Wass_scaled": 0.1884314838403999, "Wass_multi": 1.9632250917451348, "time_wass": 0.39233237924054265}