{"distribution": "lg", "edges": [["A", "D"], ["B", "D"], ["D", "E"], ["C", "E"]], "root_params": "A ~ N(20,20) B ~ N(20,20) C ~ N(15,15)", "experiment": 113, "not_root_params": "D   ~   N ( 2 A + 3 B , 2 . 6 8 7 5 )   E   ~   N ( 3 C + 3 D , 2 . 6 8 7 5 )", "sample_size": 694, "means": {"A": 20, "B": 20, "C": 15, "D": 100, "E": 345}, "disc_method": "EB", "bins": 17, "target_column": null, "CPT_method": "MLE", "time_disc": 0.08672737143933773, "time_cnf": 0.45163254300132394, "time_VE": 0.0023460090160369873, "time_BP": 0.009306869003921747, "RMSE": 14.519716490702525, "WRMSE": 4.779275526148407, "MAE": 9.923457604021754, "PE": 0.39573935847846625, "exact_EV": 345, "disc_EV": 343.6346992132493, "Wass_scaled": 0.04236664954607622, "Wass_multi": 2.129775111928638, "time_wass": 0.37440569838508964}