{"distribution": "lg", "edges": [["A", "D"], ["B", "D"], ["D", "E"], ["C", "E"]], "root_params": "A ~ N(20,20) B ~ N(20,20) C ~ N(15,15)", "experiment": 113, "not_root_params": "D   ~   N ( 2 A + 3 B , 2 . 6 8 7 5 )   E   ~   N ( 3 C + 3 D , 2 . 6 8 7 5 )", "sample_size": 694, "means": {"A": 20, "B": 20, "C": 15, "D": 100, "E": 345}, "disc_method": "EV", "bins": 8, "target_column": null, "CPT_method": "MLE", "time_disc": 0.0935553000017535, "time_cnf": 0.017226300013135187, "time_VE": 0.002087300003040582, "time_BP": 0.011763700007577427, "RMSE": 1.1255445761709146, "WRMSE": 1.1271003916786853, "MAE": 0.8447143571326379, "PE": 0.19027389180447588, "exact_EV": 345, "disc_EV": 344.34355507327456, "Wass_scaled": 0.2928892167600881, "Wass_multi": 3.961280295722085, "time_wass": 0.3468713999900501}