{"distribution": "lg", "edges": [["A", "D"], ["B", "D"], ["D", "E"], ["C", "E"]], "root_params": "A ~ N(20,20) B ~ N(20,20) C ~ N(15,15)", "experiment": 113, "not_root_params": "D   ~   N ( 2 A + 3 B , 2 . 6 8 7 5 )   E   ~   N ( 3 C + 3 D , 2 . 6 8 7 5 )", "sample_size": 694, "means": {"A": 20, "B": 20, "C": 15, "D": 100, "E": 345}, "disc_method": "EB", "bins": 14, "target_column": null, "CPT_method": "MLE", "time_disc": 0.07105419738218188, "time_cnf": 0.4692467120476067, "time_VE": 0.0035422472283244133, "time_BP": 0.013420398812741041, "RMSE": 12.989794541151175, "WRMSE": 3.9857097401049266, "MAE": 8.297102508241405, "PE": 0.311520960807127, "exact_EV": 345, "disc_EV": 343.9252526852154, "Wass_scaled": 0.05258128727955868, "Wass_multi": 2.6041416964619466, "time_wass": 0.339231435675174}