{
	"nodecount" : 19162,
	"peaknodes" : 22318,
	"total_load_time" : 3.55292,
	"build_time" : 3.35338,
	"wmc_time" : 0.00485802,
	"wmc_value" : 1,
	"bn_to_cnf_time" : 0.101379
}
