{"distribution": "nm", "edges": [["X", "Y"]], "root_params": ["X ~ B(0.8)"], "experiment": 6, "not_root_params": "P(Y|X) ~ N(21,10) if X = 0.0 and P(Y|X) ~ N(25,1) if X = 1.0", "sample_size": 100, "means": 21.8, "disc_method": "EV", "bins": 17, "target_column": null, "CPT_method": "Bayespriors", "time_disc": 0.04162880219519138, "time_cnf": 0.007694699335843325, "time_VE": 0.0010134028270840645, "time_BP": 0.0031794640235602856, "RMSE": 0.19091986135378272, "WRMSE": 0.13454709791446925, "MAE": 0.1651661831090987, "PE": 9.921470976567297, "exact_EV": 21.8, "disc_EV": 23.96288067289167, "Wass_scaled": 0.055846767614275705, "Wass_multi": 0.6044193568478018, "time_wass": 0.01279253326356411}