{"distribution": "nm", "edges": [["X", "Y"]], "root_params": ["X ~ B(0.8)"], "experiment": 6, "not_root_params": "P(Y|X) ~ N(21,10) if X = 0.0 and P(Y|X) ~ N(25,1) if X = 1.0", "sample_size": 100, "means": 21.8, "disc_method": "EV", "bins": 10, "target_column": null, "CPT_method": "Bayespriors", "time_disc": 0.04242484923452139, "time_cnf": 0.18066765088588, "time_VE": 0.0011327620595693588, "time_BP": 0.0038868063129484653, "RMSE": 0.25229433346303703, "WRMSE": 0.17778947199722664, "MAE": 0.21824929514321312, "PE": 9.921389357737372, "exact_EV": 21.8, "disc_EV": 23.962862879986748, "Wass_scaled": 0.09359410332864614, "Wass_multi": 1.0148582851483803, "time_wass": 0.015154690016061068}