{"distribution": "nm", "edges": [["X", "Y"]], "root_params": ["X ~ B(0.8)"], "experiment": 6, "not_root_params": "P(Y|X) ~ N(21,10) if X = 0.0 and P(Y|X) ~ N(25,1) if X = 1.0", "sample_size": 100, "means": 21.8, "disc_method": "EB", "bins": 17, "target_column": null, "CPT_method": "Bayespriors", "time_disc": 0.04200258292257786, "time_cnf": 0.29087182227522135, "time_VE": 0.0011159498244524002, "time_BP": 0.002830773126333952, "RMSE": 0.040600214544703944, "WRMSE": 0.02862976940016817, "MAE": 0.035145021271487664, "PE": 9.92105723272972, "exact_EV": 21.8, "disc_EV": 23.96279047673508, "Wass_scaled": 0.011584798261939767, "Wass_multi": 0.3746978264487191, "time_wass": 0.011087711900472641}