{"distribution": "nm", "edges": [["X", "Y"]], "root_params": ["X ~ B(0.8)"], "experiment": 6, "not_root_params": "P(Y|X) ~ N(21,10) if X = 0.0 and P(Y|X) ~ N(25,1) if X = 1.0", "sample_size": 100, "means": 21.8, "disc_method": "EV", "bins": 5, "target_column": null, "CPT_method": "Bayespriors", "time_disc": 0.041863396763801575, "time_cnf": 0.5679104919545352, "time_VE": 0.0009168330579996109, "time_BP": 0.002543224021792412, "RMSE": 0.541813635008846, "WRMSE": 0.38179740985976585, "MAE": 0.4686836344872507, "PE": 9.921338945821507, "exact_EV": 21.8, "disc_EV": 23.96285189018909, "Wass_scaled": 0.1644896942193138, "Wass_multi": 1.5128057517296498, "time_wass": 0.010726365260779858}