{
	"nodecount" : 28,
	"peaknodes" : 30,
	"total_load_time" : 0.036108,
	"build_time" : 0.00500298,
	"wmc_time" : 0.000258923
}
