{
	"nodecount" : 37,
	"peaknodes" : 38,
	"total_load_time" : 0.00831318,
	"build_time" : 0.00527,
	"wmc_time" : 0.000283957
}
