{
	"nodecount" : 23,
	"peaknodes" : 23,
	"total_load_time" : 0.00668597,
	"build_time" : 0.00318813,
	"wmc_time" : 0.000216961
}
