{"distribution": "nm", "edges": [["X", "Y"]], "root_params": ["X ~ B(0.8)"], "experiment": 6, "not_root_params": "P(Y|X) ~ N(21,10) if X = 0.0 and P(Y|X) ~ N(25,1) if X = 1.0", "sample_size": 100, "means": 21.8, "disc_method": "EB", "bins": 12, "target_column": null, "CPT_method": "Bayespriors", "time_disc": 0.04063188284635544, "time_cnf": 0.3930342411622405, "time_VE": 0.0008865897543728352, "time_BP": 0.0024429447948932648, "RMSE": 0.06755567945156632, "WRMSE": 0.047624468409368445, "MAE": 0.05846240048099283, "PE": 9.921056691645608, "exact_EV": 21.8, "disc_EV": 23.962790358778744, "Wass_scaled": 0.015653621084343143, "Wass_multi": 0.5015365041589568, "time_wass": 0.010120510123670101}