{
	"nodecount" : 21,
	"peaknodes" : 23,
	"total_load_time" : 0.234203,
	"build_time" : 0.002877,
	"wmc_time" : 0.000235081
}
