{
	"nodecount" : 36,
	"peaknodes" : 36,
	"total_load_time" : 0.00771499,
	"build_time" : 0.00538397,
	"wmc_time" : 0.000290155
}
