{
	"nodecount" : 42,
	"peaknodes" : 46,
	"total_load_time" : 0.0119901,
	"build_time" : 0.00928688,
	"wmc_time" : 0.000346184
}
