{
	"nodecount" : 30,
	"peaknodes" : 31,
	"total_load_time" : 0.00882602,
	"build_time" : 0.00510216,
	"wmc_time" : 0.000258923
}
