{"distribution": "nm", "edges": [["X", "Y"]], "root_params": ["X ~ B(0.8)"], "experiment": 6, "not_root_params": "P(Y|X) ~ N(21,10) if X = 0.0 and P(Y|X) ~ N(25,1) if X = 1.0", "sample_size": 100, "means": 21.8, "disc_method": "EB", "bins": 14, "target_column": null, "CPT_method": "Bayespriors", "time_disc": 0.03964570118114352, "time_cnf": 0.09138041688129306, "time_VE": 0.0008515971712768078, "time_BP": 0.0023992061614990234, "RMSE": 0.054480709537339696, "WRMSE": 0.03841063387927517, "MAE": 0.04715175108042047, "PE": 9.921060808643906, "exact_EV": 21.8, "disc_EV": 23.962791256284373, "Wass_scaled": 0.013296846823194545, "Wass_multi": 0.4314485120715067, "time_wass": 0.009813896846026182}