{"distribution": "nm", "edges": [["X", "Y"]], "root_params": ["X ~ B(0.8)"], "experiment": 6, "not_root_params": "P(Y|X) ~ N(21,10) if X = 0.0 and P(Y|X) ~ N(25,1) if X = 1.0", "sample_size": 100, "means": 21.8, "disc_method": "EV", "bins": 8, "target_column": null, "CPT_method": "Bayespriors", "time_disc": 0.04584124498069286, "time_cnf": 0.18481828412041068, "time_VE": 0.001223523635417223, "time_BP": 0.003427094779908657, "RMSE": 0.5049861384508099, "WRMSE": 0.35585055149428424, "MAE": 0.43683200953574186, "PE": 9.92135153526724, "exact_EV": 21.8, "disc_EV": 23.96285463468826, "Wass_scaled": 0.11214570857520142, "Wass_multi": 1.1081239902996032, "time_wass": 0.014780404046177864}