{"distribution": "lg", "edges": [["A", "D"], ["B", "D"], ["D", "E"], ["C", "E"]], "root_params": "A ~ N(20,20) B ~ N(20,20) C ~ N(15,15)", "experiment": 119, "not_root_params": "D   ~   N ( 2 A + 3 B , 2 . 9 6 8 7 5 )   E   ~   N ( 3 C + 3 D , 2 . 9 6 8 7 5 )", "sample_size": 1703, "means": {"A": 20, "B": 20, "C": 15, "D": 100, "E": 345}, "disc_method": "EB", "bins": 14, "target_column": null, "CPT_method": "MLE", "time_disc": 0.09713059999921825, "time_cnf": 0.07112819999747444, "time_VE": 0.002278400002978742, "time_BP": 0.010887999989790842, "RMSE": 10.221878324308339, "WRMSE": 2.3230819486932326, "MAE": 6.123626122955699, "PE": 0.07304087017396209, "exact_EV": 345, "disc_EV": 344.74800899789983, "Wass_scaled": 0.05305939832472741, "Wass_multi": 2.8516363873953154, "time_wass": 1.258325300004799}