{
	"nodecount" : 43019,
	"peaknodes" : 43544,
	"total_load_time" : 4.55626,
	"build_time" : 4.3235,
	"wmc_time" : 0.0082581,
	"wmc_value" : 1,
	"bn_to_cnf_time" : 0.095324
}
