{"distribution": "lg", "edges": [["A", "D"], ["B", "D"], ["D", "E"], ["C", "E"]], "root_params": "A ~ N(20,20) B ~ N(20,20) C ~ N(15,15)", "experiment": 119, "not_root_params": "D   ~   N ( 2 A + 3 B , 2 . 9 6 8 7 5 )   E   ~   N ( 3 C + 3 D , 2 . 9 6 8 7 5 )", "sample_size": 1703, "means": {"A": 20, "B": 20, "C": 15, "D": 100, "E": 345}, "disc_method": "MDLP", "bins": 2, "target_column": "E", "CPT_method": "MLE", "time_disc": 1.206970299987006, "time_cnf": 0.04182779999973718, "time_VE": 0.0026910000015050173, "time_BP": 0.012229899992235005, "RMSE": 1.0498845182819865, "WRMSE": 0.9818430003495671, "MAE": 0.9530550086499119, "PE": 0.033725958473160456, "exact_EV": 345, "disc_EV": 344.8836454432676, "Wass_scaled": 0.34454441123988067, "Wass_multi": 1.9446706458019227, "time_wass": 1.2363133000035305}