{
	"nodecount" : 67199,
	"peaknodes" : 72747,
	"total_load_time" : 7.71972,
	"build_time" : 7.03707,
	"wmc_time" : 0.0246961
}
