{"distribution": "lg", "edges": [["A", "D"], ["B", "D"], ["D", "E"], ["C", "E"]], "root_params": "A ~ N(20,20) B ~ N(20,20) C ~ N(15,15)", "experiment": 119, "not_root_params": "D   ~   N ( 2 A + 3 B , 2 . 9 6 8 7 5 )   E   ~   N ( 3 C + 3 D , 2 . 9 6 8 7 5 )", "sample_size": 1703, "means": {"A": 20, "B": 20, "C": 15, "D": 100, "E": 345}, "disc_method": "EV", "bins": 30, "target_column": null, "CPT_method": "MLE", "time_disc": 0.09097439999459311, "time_cnf": 0.7641451000090456, "time_VE": 0.0016347999917343259, "time_BP": 0.01217220000398811, "RMSE": 3.6042298952112155, "WRMSE": 3.6051928458241465, "MAE": 2.842176193590882, "PE": 0.1755467256808957, "exact_EV": 345, "disc_EV": 344.3943637964009, "Wass_scaled": 0.16386705505637442, "Wass_multi": 1.2370648903890664, "time_wass": 1.2628538999997545}