{
	"nodecount" : 43019,
	"peaknodes" : 43544,
	"total_load_time" : 3.07506,
	"build_time" : 2.87205,
	"wmc_time" : 0.014569
}
