{"distribution": "lg", "edges": [["A", "D"], ["B", "D"], ["D", "E"], ["C", "E"]], "root_params": "A ~ N(20,20) B ~ N(20,20) C ~ N(15,15)", "experiment": 119, "not_root_params": "D   ~   N ( 2 A + 3 B , 2 . 9 6 8 7 5 )   E   ~   N ( 3 C + 3 D , 2 . 9 6 8 7 5 )", "sample_size": 1703, "means": {"A": 20, "B": 20, "C": 15, "D": 100, "E": 345}, "disc_method": "EB", "bins": 8, "target_column": null, "CPT_method": "MLE", "time_disc": 0.06987756630405784, "time_cnf": 0.24704561568796635, "time_VE": 0.001988713163882494, "time_BP": 0.009565810207277536, "RMSE": 6.512405362211331, "WRMSE": 1.6836394293606414, "MAE": 3.9389147771487316, "PE": 0.03295099009207753, "exact_EV": 345, "disc_EV": 344.88631908418233, "Wass_scaled": 0.1008161574809016, "Wass_multi": 4.815692926704772, "time_wass": 1.2721739611588418}