{"distribution": "lg", "edges": [["A", "D"], ["B", "D"], ["D", "E"], ["C", "E"]], "root_params": "A ~ N(20,20) B ~ N(20,20) C ~ N(15,15)", "experiment": 119, "not_root_params": "D   ~   N ( 2 A + 3 B , 2 . 9 6 8 7 5 )   E   ~   N ( 3 C + 3 D , 2 . 9 6 8 7 5 )", "sample_size": 1703, "means": {"A": 20, "B": 20, "C": 15, "D": 100, "E": 345}, "disc_method": "EV", "bins": 17, "target_column": null, "CPT_method": "MLE", "time_disc": 0.07112599676474929, "time_cnf": 0.30814769584685564, "time_VE": 0.0022529950365424156, "time_BP": 0.008751058019697666, "RMSE": 0.7015018898304902, "WRMSE": 0.7017606580148295, "MAE": 0.5836927689653768, "PE": 0.0782884032977451, "exact_EV": 345, "disc_EV": 344.7299050086228, "Wass_scaled": 0.2138350455583628, "Wass_multi": 2.030822739765172, "time_wass": 1.2430292051285505}