{"distribution": "lg", "edges": [["A", "D"], ["B", "D"], ["D", "E"], ["C", "E"]], "root_params": "A ~ N(20,20) B ~ N(20,20) C ~ N(15,15)", "experiment": 119, "not_root_params": "D   ~   N ( 2 A + 3 B , 2 . 9 6 8 7 5 )   E   ~   N ( 3 C + 3 D , 2 . 9 6 8 7 5 )", "sample_size": 1703, "means": {"A": 20, "B": 20, "C": 15, "D": 100, "E": 345}, "disc_method": "EB", "bins": 12, "target_column": null, "CPT_method": "MLE", "time_disc": 0.10759539999708068, "time_cnf": 0.05055440000433009, "time_VE": 0.0017080999969039112, "time_BP": 0.010427900007925928, "RMSE": 9.072034488699028, "WRMSE": 2.003026965487833, "MAE": 5.179312845559011, "PE": 0.06613653719079554, "exact_EV": 345, "disc_EV": 344.77182894669176, "Wass_scaled": 0.06721424075962158, "Wass_multi": 3.3477592774652427, "time_wass": 1.3103779000084614}