{
	"nodecount" : 55007,
	"peaknodes" : 57603,
	"total_load_time" : 4.54863,
	"build_time" : 4.20378,
	"wmc_time" : 0.017379
}
