{"distribution": "lg", "edges": [["A", "D"], ["B", "D"], ["D", "E"], ["C", "E"]], "root_params": "A ~ N(20,20) B ~ N(20,20) C ~ N(15,15)", "experiment": 119, "not_root_params": "D   ~   N ( 2 A + 3 B , 2 . 9 6 8 7 5 )   E   ~   N ( 3 C + 3 D , 2 . 9 6 8 7 5 )", "sample_size": 1703, "means": {"A": 20, "B": 20, "C": 15, "D": 100, "E": 345}, "disc_method": "EB", "bins": 17, "target_column": null, "CPT_method": "MLE", "time_disc": 0.0772329568862915, "time_cnf": 0.29906864184886217, "time_VE": 0.0022043599747121334, "time_BP": 0.008896281011402607, "RMSE": 12.690017766597316, "WRMSE": 2.776228341491437, "MAE": 7.608173304637459, "PE": 0.046858109812721545, "exact_EV": 345, "disc_EV": 344.8383395211461, "Wass_scaled": 0.046478837015181254, "Wass_multi": 2.3489340074964122, "time_wass": 1.2532577328383923}