{
	"nodecount" : 1452,
	"peaknodes" : 1452,
	"total_load_time" : 0.786888,
	"build_time" : 0.497013,
	"wmc_time" : 0.00270605
}
