{"distribution": "lg", "edges": [["A", "D"], ["B", "D"], ["D", "E"], ["C", "E"]], "root_params": "A ~ N(20,20) B ~ N(20,20) C ~ N(15,15)", "experiment": 119, "not_root_params": "D   ~   N ( 2 A + 3 B , 2 . 9 6 8 7 5 )   E   ~   N ( 3 C + 3 D , 2 . 9 6 8 7 5 )", "sample_size": 1703, "means": {"A": 20, "B": 20, "C": 15, "D": 100, "E": 345}, "disc_method": "EV", "bins": 25, "target_column": null, "CPT_method": "MLE", "time_disc": 0.09464929999376182, "time_cnf": 0.396227799996268, "time_VE": 0.00160679999680724, "time_BP": 0.009512000004178844, "RMSE": 2.3980094554052993, "WRMSE": 2.4032981118708028, "MAE": 1.8233646562888361, "PE": 0.17190104550113047, "exact_EV": 345, "disc_EV": 344.4069413930211, "Wass_scaled": 0.17862567332855472, "Wass_multi": 1.4245116767296133, "time_wass": 1.278141400005552}