{
	"nodecount" : 11484,
	"peaknodes" : 11536,
	"total_load_time" : 0.89729,
	"build_time" : 0.763794,
	"wmc_time" : 0.00609803
}
