{
	"nodecount" : 18228,
	"peaknodes" : 18245,
	"total_load_time" : 1.61172,
	"build_time" : 1.34003,
	"wmc_time" : 0.0081749
}
