{
	"nodecount" : 29713,
	"peaknodes" : 31567,
	"total_load_time" : 4.49978,
	"build_time" : 4.16563,
	"wmc_time" : 0.012136
}
