{"distribution": "lg", "edges": [["A", "D"], ["B", "D"], ["D", "E"], ["C", "E"]], "root_params": "A ~ N(20,20) B ~ N(20,20) C ~ N(15,15)", "experiment": 119, "not_root_params": "D   ~   N ( 2 A + 3 B , 2 . 9 6 8 7 5 )   E   ~   N ( 3 C + 3 D , 2 . 9 6 8 7 5 )", "sample_size": 1703, "means": {"A": 20, "B": 20, "C": 15, "D": 100, "E": 345}, "disc_method": "EB", "bins": 20, "target_column": null, "CPT_method": "MLE", "time_disc": 0.10169284977018833, "time_cnf": 0.597370692063123, "time_VE": 0.0022635068744421005, "time_BP": 0.009417566936463118, "RMSE": 14.99321427180152, "WRMSE": 3.360297940422682, "MAE": 9.249608797244434, "PE": 0.10862500147511682, "exact_EV": 345, "disc_EV": 344.62524374491085, "Wass_scaled": 0.034344740320427385, "Wass_multi": 2.0190733149122617, "time_wass": 1.2234475472941995}