{"distribution": "lg", "edges": [["A", "D"], ["B", "D"], ["D", "E"], ["C", "E"]], "root_params": "A ~ N(20,20) B ~ N(20,20) C ~ N(15,15)", "experiment": 119, "not_root_params": "D   ~   N ( 2 A + 3 B , 2 . 9 6 8 7 5 )   E   ~   N ( 3 C + 3 D , 2 . 9 6 8 7 5 )", "sample_size": 1703, "means": {"A": 20, "B": 20, "C": 15, "D": 100, "E": 345}, "disc_method": "EV", "bins": 5, "target_column": null, "CPT_method": "MLE", "time_disc": 0.08517820000997745, "time_cnf": 0.007644500001333654, "time_VE": 0.001512300004833378, "time_BP": 0.006016300001647323, "RMSE": 1.5701954097054969, "WRMSE": 1.5710569547082722, "MAE": 1.1042329397478057, "PE": 0.042914361283824226, "exact_EV": 345, "disc_EV": 344.8519454535708, "Wass_scaled": 0.42356355949049596, "Wass_multi": 6.009781623331511, "time_wass": 1.3818426999932854}