{"distribution": "lg", "edges": [["A", "D"], ["B", "D"], ["D", "E"], ["C", "E"]], "root_params": "A ~ N(20,20) B ~ N(20,20) C ~ N(15,15)", "experiment": 119, "not_root_params": "D   ~   N ( 2 A + 3 B , 2 . 9 6 8 7 5 )   E   ~   N ( 3 C + 3 D , 2 . 9 6 8 7 5 )", "sample_size": 1703, "means": {"A": 20, "B": 20, "C": 15, "D": 100, "E": 345}, "disc_method": "EV", "bins": 20, "target_column": null, "CPT_method": "MLE", "time_disc": 0.08863270000438206, "time_cnf": 0.20283750000817236, "time_VE": 0.001530800000182353, "time_BP": 0.008510600004228763, "RMSE": 1.0717335132987396, "WRMSE": 1.0734473857239846, "MAE": 0.8290664541121628, "PE": 0.04181901068746165, "exact_EV": 345, "disc_EV": 344.85572441312826, "Wass_scaled": 0.1981982088374191, "Wass_multi": 1.7680481106303003, "time_wass": 1.3074264000024414}