{"distribution": "lg", "edges": [["A", "D"], ["B", "D"], ["D", "E"], ["C", "E"]], "root_params": "A ~ N(20,20) B ~ N(20,20) C ~ N(15,15)", "experiment": 119, "not_root_params": "D   ~   N ( 2 A + 3 B , 2 . 9 6 8 7 5 )   E   ~   N ( 3 C + 3 D , 2 . 9 6 8 7 5 )", "sample_size": 1703, "means": {"A": 20, "B": 20, "C": 15, "D": 100, "E": 345}, "disc_method": "EB", "bins": 5, "target_column": null, "CPT_method": "MLE", "time_disc": 0.06729931198060513, "time_cnf": 0.23033817298710346, "time_VE": 0.002274393104016781, "time_BP": 0.008820909075438976, "RMSE": 3.3312844721744574, "WRMSE": 1.7714195283365881, "MAE": 2.7380219469613962, "PE": 0.07089519020618407, "exact_EV": 345, "disc_EV": 344.75541159378866, "Wass_scaled": 0.1700000330792481, "Wass_multi": 7.32445804797111, "time_wass": 1.1787017779424787}