{
	"nodecount" : 1370,
	"peaknodes" : 1445,
	"total_load_time" : 0.316134,
	"build_time" : 0.083997,
	"wmc_time" : 0.00274396
}
