{
	"nodecount" : 9682,
	"peaknodes" : 10112,
	"total_load_time" : 1.09109,
	"build_time" : 0.934953,
	"wmc_time" : 0.00478792
}
