{
	"nodecount" : 25747,
	"peaknodes" : 25776,
	"total_load_time" : 2.09703,
	"build_time" : 1.56458,
	"wmc_time" : 0.011184
}
