{
	"nodecount" : 6688,
	"peaknodes" : 6972,
	"total_load_time" : 0.887738,
	"build_time" : 0.506273,
	"wmc_time" : 0.00559807
}
