{"distribution": "lg", "edges": [["A", "D"], ["B", "D"], ["D", "E"], ["C", "E"]], "root_params": "A ~ N(20,20) B ~ N(20,20) C ~ N(15,15)", "experiment": 119, "not_root_params": "D   ~   N ( 2 A + 3 B , 2 . 9 6 8 7 5 )   E   ~   N ( 3 C + 3 D , 2 . 9 6 8 7 5 )", "sample_size": 1703, "means": {"A": 20, "B": 20, "C": 15, "D": 100, "E": 345}, "disc_method": "EB", "bins": 25, "target_column": null, "CPT_method": "MLE", "time_disc": 0.09654093533754349, "time_cnf": 1.7758456342853606, "time_VE": 0.00277303671464324, "time_BP": 0.011255556717514992, "RMSE": 16.465436963027766, "WRMSE": 4.0128921861156766, "MAE": 10.553200168547889, "PE": 0.1798376668180158, "exact_EV": 345, "disc_EV": 344.37956004947785, "Wass_scaled": 0.03012535908918197, "Wass_multi": 1.6351417296128214, "time_wass": 1.0818742760457098}