{
	"nodecount" : 1190,
	"peaknodes" : 1262,
	"total_load_time" : 0.107004,
	"build_time" : 0.094732,
	"wmc_time" : 0.00310206,
	"wmc_value" : 1,
	"bn_to_cnf_time" : 0.00382328
}
