{
	"nodecount" : 56460,
	"peaknodes" : 60359,
	"total_load_time" : 8.63673,
	"build_time" : 7.52507,
	"wmc_time" : 0.0201631
}
