{
	"nodecount" : 71727,
	"peaknodes" : 81236,
	"total_load_time" : 11.7685,
	"build_time" : 10.5691,
	"wmc_time" : 0.020009,
	"wmc_value" : 1,
	"bn_to_cnf_time" : 0.608166
}
