{
	"nodecount" : 22766,
	"peaknodes" : 24024,
	"total_load_time" : 3.08716,
	"build_time" : 2.62957,
	"wmc_time" : 0.00971198
}
