{
	"nodecount" : 5437,
	"peaknodes" : 5437,
	"total_load_time" : 0.357522,
	"build_time" : 0.238184,
	"wmc_time" : 0.00396085
}
