{"distribution": "lg", "edges": [["A", "D"], ["B", "D"], ["D", "E"], ["C", "E"]], "root_params": "A ~ N(20,20) B ~ N(20,20) C ~ N(15,15)", "experiment": 119, "not_root_params": "D   ~   N ( 2 A + 3 B , 2 . 9 6 8 7 5 )   E   ~   N ( 3 C + 3 D , 2 . 9 6 8 7 5 )", "sample_size": 1703, "means": {"A": 20, "B": 20, "C": 15, "D": 100, "E": 345}, "disc_method": "EV", "bins": 12, "target_column": null, "CPT_method": "MLE", "time_disc": 0.08968479999748524, "time_cnf": 0.0479190999903949, "time_VE": 0.0014703999913763255, "time_BP": 0.01213129999814555, "RMSE": 0.7050333213909438, "WRMSE": 0.7051550802263202, "MAE": 0.5157460556387813, "PE": 0.056013819895167835, "exact_EV": 345, "disc_EV": 344.80675232136167, "Wass_scaled": 0.2553159215895827, "Wass_multi": 2.8255978215923525, "time_wass": 1.4214775000000373}