{"distribution": "lg", "edges": [["A", "D"], ["B", "D"], ["D", "E"], ["C", "E"]], "root_params": "A ~ N(20,20) B ~ N(20,20) C ~ N(15,15)", "experiment": 119, "not_root_params": "D   ~   N ( 2 A + 3 B , 2 . 9 6 8 7 5 )   E   ~   N ( 3 C + 3 D , 2 . 9 6 8 7 5 )", "sample_size": 1703, "means": {"A": 20, "B": 20, "C": 15, "D": 100, "E": 345}, "disc_method": "EB", "bins": 10, "target_column": null, "CPT_method": "MLE", "time_disc": 0.06595306983217597, "time_cnf": 0.21068466128781438, "time_VE": 0.003630769904702902, "time_BP": 0.0267693311907351, "RMSE": 6.596009934185458, "WRMSE": 1.2896797524606534, "MAE": 3.4703370424925537, "PE": 0.03570371177976296, "exact_EV": 345, "disc_EV": 344.8768221943598, "Wass_scaled": 0.07731383530306922, "Wass_multi": 3.9099015087508078, "time_wass": 1.1983027951791883}