{
	"nodecount" : 11907,
	"peaknodes" : 13462,
	"total_load_time" : 1.14387,
	"build_time" : 0.903561,
	"wmc_time" : 0.0036819
}
