{"distribution": "lg", "edges": [["A", "D"], ["B", "D"], ["D", "E"], ["C", "E"]], "root_params": "A ~ N(20,20) B ~ N(20,20) C ~ N(15,15)", "experiment": 15, "not_root_params": "D   ~   N ( 2 A + 3 B , 2 )   E   ~   N ( 3 C + 3 D , 2 )", "sample_size": 500, "means": {"A": 20, "B": 20, "C": 15, "D": 100, "E": 345}, "disc_method": "EB", "bins": 5, "target_column": null, "CPT_method": "Bayespriors", "time_disc": 0.23471030000655446, "time_cnf": 0.013817599989124574, "time_VE": 0.0051192999962950125, "time_BP": 0.019177499998477288, "RMSE": 6.339870343477426, "WRMSE": 3.1165738545171293, "MAE": 5.045258791650577, "PE": 0.2868840463044426, "exact_EV": 345, "disc_EV": 344.0102500402497, "Wass_scaled": 0.17261593037534678, "Wass_multi": 6.83154182748535, "time_wass": 0.21011289999296423}