{"distribution": "lg", "edges": [["A", "D"], ["B", "D"], ["D", "E"], ["C", "E"]], "root_params": "A ~ N(20,20) B ~ N(20,20) C ~ N(15,15)", "experiment": 15, "not_root_params": "D   ~   N ( 2 A + 3 B , 2 )   E   ~   N ( 3 C + 3 D , 2 )", "sample_size": 500, "means": {"A": 20, "B": 20, "C": 15, "D": 100, "E": 345}, "disc_method": "EB", "bins": 12, "target_column": null, "CPT_method": "Bayespriors", "time_disc": 0.17001909999817144, "time_cnf": 0.05069340000045486, "time_VE": 0.001412400000845082, "time_BP": 0.00930740000330843, "RMSE": 12.067113208695853, "WRMSE": 4.101770402910231, "MAE": 8.111197009531864, "PE": 0.2545503888957986, "exact_EV": 345, "disc_EV": 344.1218011583095, "Wass_scaled": 0.06140066393057155, "Wass_multi": 2.8249126018461364, "time_wass": 0.14231939999444876}