{
	"nodecount" : 9175,
	"peaknodes" : 9823,
	"total_load_time" : 1.01805,
	"build_time" : 0.846698,
	"wmc_time" : 0.00348997
}
