{
	"nodecount" : 10708,
	"peaknodes" : 11294,
	"total_load_time" : 1.35586,
	"build_time" : 1.28971,
	"wmc_time" : 0.00421691,
	"wmc_value" : 1,
	"bn_to_cnf_time" : 0.0374353
}
