{"distribution": "lg", "edges": [["A", "D"], ["B", "D"], ["D", "E"], ["C", "E"]], "root_params": "A ~ N(20,20) B ~ N(20,20) C ~ N(15,15)", "experiment": 15, "not_root_params": "D   ~   N ( 2 A + 3 B , 2 )   E   ~   N ( 3 C + 3 D , 2 )", "sample_size": 500, "means": {"A": 20, "B": 20, "C": 15, "D": 100, "E": 345}, "disc_method": "EV", "bins": 17, "target_column": null, "CPT_method": "Bayespriors", "time_disc": 0.16007050000189338, "time_cnf": 0.13909520000743214, "time_VE": 0.002423599988105707, "time_BP": 0.009171099998638965, "RMSE": 4.810083020321081, "WRMSE": 4.819540182196451, "MAE": 3.969712374218201, "PE": 0.29657965309037326, "exact_EV": 345, "disc_EV": 343.9768001968382, "Wass_scaled": 0.17137384604530725, "Wass_multi": 2.032199887359294, "time_wass": 0.17110540000430774}