{"distribution": "lg", "edges": [["A", "D"], ["B", "D"], ["D", "E"], ["C", "E"]], "root_params": "A ~ N(20,20) B ~ N(20,20) C ~ N(15,15)", "experiment": 15, "not_root_params": "D   ~   N ( 2 A + 3 B , 2 )   E   ~   N ( 3 C + 3 D , 2 )", "sample_size": 500, "means": {"A": 20, "B": 20, "C": 15, "D": 100, "E": 345}, "disc_method": "EV", "bins": 25, "target_column": null, "CPT_method": "Bayespriors", "time_disc": 0.11472198273986578, "time_cnf": 7.909048297908157, "time_VE": 0.0016079731285572052, "time_BP": 0.008957430254667997, "RMSE": 8.73639747940227, "WRMSE": 8.736397479402267, "MAE": 7.197776370778772, "PE": 0.341135463794197, "exact_EV": 345, "disc_EV": 343.82308264991, "Wass_scaled": 0.13231085886281102, "Wass_multi": 1.442696190682215, "time_wass": 0.18304891418665648}