{
	"nodecount" : 2895,
	"peaknodes" : 2980,
	"total_load_time" : 0.367982,
	"build_time" : 0.150374,
	"wmc_time" : 0.00230718
}
