{"distribution": "lg", "edges": [["A", "D"], ["B", "D"], ["D", "E"], ["C", "E"]], "root_params": "A ~ N(20,20) B ~ N(20,20) C ~ N(15,15)", "experiment": 15, "not_root_params": "D   ~   N ( 2 A + 3 B , 2 )   E   ~   N ( 3 C + 3 D , 2 )", "sample_size": 500, "means": {"A": 20, "B": 20, "C": 15, "D": 100, "E": 345}, "disc_method": "EB", "bins": 20, "target_column": null, "CPT_method": "Bayespriors", "time_disc": 0.1111303479410708, "time_cnf": 1.2885413789190352, "time_VE": 0.0015558451414108276, "time_BP": 0.006732522044330835, "RMSE": 17.84983173910196, "WRMSE": 7.410803028606477, "MAE": 13.777526407594124, "PE": 0.4628913026882249, "exact_EV": 345, "disc_EV": 343.4030250057256, "Wass_scaled": 0.03383093937647951, "Wass_multi": 1.7586623169988453, "time_wass": 0.15798495709896088}