{
	"nodecount" : 5054,
	"peaknodes" : 5554,
	"total_load_time" : 0.821945,
	"build_time" : 0.786884,
	"wmc_time" : 0.00369596,
	"wmc_value" : 1,
	"bn_to_cnf_time" : 0.0244439
}
