{
	"nodecount" : 5054,
	"peaknodes" : 5554,
	"total_load_time" : 0.477058,
	"build_time" : 0.402587,
	"wmc_time" : 0.00265312
}
