{"distribution": "lg", "edges": [["A", "D"], ["B", "D"], ["D", "E"], ["C", "E"]], "root_params": "A ~ N(20,20) B ~ N(20,20) C ~ N(15,15)", "experiment": 15, "not_root_params": "D   ~   N ( 2 A + 3 B , 2 )   E   ~   N ( 3 C + 3 D , 2 )", "sample_size": 500, "means": {"A": 20, "B": 20, "C": 15, "D": 100, "E": 345}, "disc_method": "EB", "bins": 30, "target_column": null, "CPT_method": "Bayespriors", "time_disc": 0.14014289714396, "time_cnf": 6.436626804992557, "time_VE": 0.0018581640906631947, "time_BP": 0.009913980029523373, "RMSE": 19.789840097672425, "WRMSE": 9.284431826615723, "MAE": 16.06517459038907, "PE": 0.7490759138493829, "exact_EV": 345, "disc_EV": 342.41568809721963, "Wass_scaled": 0.023365104764067356, "Wass_multi": 1.1649947938073315, "time_wass": 0.17922442685812712}