{"distribution": "lg", "edges": [["A", "D"], ["B", "D"], ["D", "E"], ["C", "E"]], "root_params": "A ~ N(20,20) B ~ N(20,20) C ~ N(15,15)", "experiment": 15, "not_root_params": "D   ~   N ( 2 A + 3 B , 2 )   E   ~   N ( 3 C + 3 D , 2 )", "sample_size": 500, "means": {"A": 20, "B": 20, "C": 15, "D": 100, "E": 345}, "disc_method": "EV", "bins": 5, "target_column": null, "CPT_method": "Bayespriors", "time_disc": 0.15632690000347793, "time_cnf": 0.008032000012462959, "time_VE": 0.0023222999880090356, "time_BP": 0.005285799998091534, "RMSE": 1.3861274831864951, "WRMSE": 1.3861274831864954, "MAE": 1.0108725752337704, "PE": 0.2984616644054794, "exact_EV": 345, "disc_EV": 343.9703072578011, "Wass_scaled": 0.385516693311319, "Wass_multi": 5.894975031571684, "time_wass": 0.158454399992479}