{
	"nodecount" : 1378,
	"peaknodes" : 1440,
	"total_load_time" : 0.140559,
	"build_time" : 0.0592151,
	"wmc_time" : 0.00180411
}
