{
	"nodecount" : 15800,
	"peaknodes" : 18823,
	"total_load_time" : 2.57891,
	"build_time" : 2.2514,
	"wmc_time" : 0.00399208
}
