{"distribution": "lg", "edges": [["A", "D"], ["B", "D"], ["D", "E"], ["C", "E"]], "root_params": "A ~ N(20,20) B ~ N(20,20) C ~ N(15,15)", "experiment": 15, "not_root_params": "D   ~   N ( 2 A + 3 B , 2 )   E   ~   N ( 3 C + 3 D , 2 )", "sample_size": 500, "means": {"A": 20, "B": 20, "C": 15, "D": 100, "E": 345}, "disc_method": "EV", "bins": 20, "target_column": null, "CPT_method": "Bayespriors", "time_disc": 0.1171138621866703, "time_cnf": 7.375779131427407, "time_VE": 0.0018019899725914001, "time_BP": 0.007729272823780775, "RMSE": 5.806742643856249, "WRMSE": 5.806742643856249, "MAE": 4.900471298645607, "PE": 0.38326813007519495, "exact_EV": 345, "disc_EV": 343.6777249512406, "Wass_scaled": 0.15286035916574792, "Wass_multi": 1.768222767185463, "time_wass": 0.20369915198534727}