{"distribution": "lg", "edges": [["A", "D"], ["B", "D"], ["D", "E"], ["C", "E"]], "root_params": "A ~ N(20,20) B ~ N(20,20) C ~ N(15,15)", "experiment": 15, "not_root_params": "D   ~   N ( 2 A + 3 B , 2 )   E   ~   N ( 3 C + 3 D , 2 )", "sample_size": 500, "means": {"A": 20, "B": 20, "C": 15, "D": 100, "E": 345}, "disc_method": "EB", "bins": 14, "target_column": null, "CPT_method": "Bayespriors", "time_disc": 0.16030699999828357, "time_cnf": 0.07991149999725167, "time_VE": 0.0022207000001799315, "time_BP": 0.0070865000016056, "RMSE": 14.684212064107832, "WRMSE": 5.219586995306261, "MAE": 10.37779019396852, "PE": 0.31810093117077604, "exact_EV": 345, "disc_EV": 343.9025517874608, "Wass_scaled": 0.055355403575691846, "Wass_multi": 2.466342305432784, "time_wass": 0.15632779999577906}