{
	"nodecount" : 15562,
	"peaknodes" : 18059,
	"total_load_time" : 2.04965,
	"build_time" : 1.70781,
	"wmc_time" : 0.00408602
}
