{"distribution": "lg", "edges": [["A", "D"], ["B", "D"], ["D", "E"], ["C", "E"]], "root_params": "A ~ N(20,20) B ~ N(20,20) C ~ N(15,15)", "experiment": 15, "not_root_params": "D   ~   N ( 2 A + 3 B , 2 )   E   ~   N ( 3 C + 3 D , 2 )", "sample_size": 500, "means": {"A": 20, "B": 20, "C": 15, "D": 100, "E": 345}, "disc_method": "EB", "bins": 10, "target_column": null, "CPT_method": "Bayespriors", "time_disc": 0.09793003043159842, "time_cnf": 0.22758406726643443, "time_VE": 0.0012721829116344452, "time_BP": 0.00513689499348402, "RMSE": 9.593831089403452, "WRMSE": 3.598218094715506, "MAE": 6.733825463339076, "PE": 0.28160293767109906, "exact_EV": 345, "disc_EV": 344.0284698650347, "Wass_scaled": 0.0724462565999573, "Wass_multi": 3.527771585634747, "time_wass": 0.1846334054134786}