{"distribution": "lg", "edges": [["A", "D"], ["B", "D"], ["D", "E"], ["C", "E"]], "root_params": "A ~ N(20,20) B ~ N(20,20) C ~ N(15,15)", "experiment": 15, "not_root_params": "D   ~   N ( 2 A + 3 B , 2 )   E   ~   N ( 3 C + 3 D , 2 )", "sample_size": 500, "means": {"A": 20, "B": 20, "C": 15, "D": 100, "E": 345}, "disc_method": "EB", "bins": 17, "target_column": null, "CPT_method": "Bayespriors", "time_disc": 0.15321000000403728, "time_cnf": 0.1518015000037849, "time_VE": 0.0015337000077124685, "time_BP": 0.016415699996287003, "RMSE": 16.2155904903697, "WRMSE": 6.035565076650869, "MAE": 11.85935986125092, "PE": 0.2720885052100538, "exact_EV": 345, "disc_EV": 344.0612946570253, "Wass_scaled": 0.042794589674019855, "Wass_multi": 2.1012409687649796, "time_wass": 0.1621585000102641}