{
	"nodecount" : 14315,
	"peaknodes" : 15556,
	"total_load_time" : 3.67281,
	"build_time" : 3.50073,
	"wmc_time" : 0.00530386,
	"wmc_value" : 1,
	"bn_to_cnf_time" : 0.118564
}
