{
	"nodecount" : 19064,
	"peaknodes" : 22082,
	"total_load_time" : 5.6204,
	"build_time" : 4.63508,
	"wmc_time" : 0.00529695
}
