{
	"nodecount" : 1131,
	"peaknodes" : 1186,
	"total_load_time" : 0.105362,
	"build_time" : 0.0934498,
	"wmc_time" : 0.00271583,
	"wmc_value" : 1,
	"bn_to_cnf_time" : 0.00597525
}
