{
	"nodecount" : 7301,
	"peaknodes" : 7907,
	"total_load_time" : 1.29845,
	"build_time" : 1.23316,
	"wmc_time" : 0.00407505,
	"wmc_value" : 1,
	"bn_to_cnf_time" : 0.0371933
}
