{"distribution": "lg", "edges": [["A", "D"], ["B", "D"], ["D", "E"], ["C", "E"]], "root_params": "A ~ N(20,20) B ~ N(20,20) C ~ N(15,15)", "experiment": 15, "not_root_params": "D   ~   N ( 2 A + 3 B , 2 )   E   ~   N ( 3 C + 3 D , 2 )", "sample_size": 500, "means": {"A": 20, "B": 20, "C": 15, "D": 100, "E": 345}, "disc_method": "EB", "bins": 8, "target_column": null, "CPT_method": "Bayespriors", "time_disc": 0.15855350000492763, "time_cnf": 0.017540899993036874, "time_VE": 0.0016503000078955665, "time_BP": 0.012078700005076826, "RMSE": 6.785067987036597, "WRMSE": 2.7897543587060385, "MAE": 4.427954959931, "PE": 0.5065337514140307, "exact_EV": 345, "disc_EV": 343.2524585576216, "Wass_scaled": 0.10336541743671619, "Wass_multi": 4.358935015740489, "time_wass": 0.1670985000091605}