{
	"nodecount" : 19440,
	"peaknodes" : 21579,
	"total_load_time" : 3.96535,
	"build_time" : 3.33833,
	"wmc_time" : 0.00526094
}
