{
	"nodecount" : 9997,
	"peaknodes" : 10028,
	"total_load_time" : 0.584458,
	"build_time" : 0.48534,
	"wmc_time" : 0.003438
}
