{
	"nodecount" : 25463,
	"peaknodes" : 29970,
	"total_load_time" : 3.80221,
	"build_time" : 3.31174,
	"wmc_time" : 0.004318
}
