{
	"nodecount" : 8334,
	"peaknodes" : 8950,
	"total_load_time" : 0.80427,
	"build_time" : 0.653537,
	"wmc_time" : 0.00353098
}
