{
	"nodecount" : 1193,
	"peaknodes" : 1257,
	"total_load_time" : 0.136524,
	"build_time" : 0.0550349,
	"wmc_time" : 0.00166202
}
