{
	"nodecount" : 3189,
	"peaknodes" : 3257,
	"total_load_time" : 0.313778,
	"build_time" : 0.294424,
	"wmc_time" : 0.003304,
	"wmc_value" : 1,
	"bn_to_cnf_time" : 0.0118809
}
