{
	"nodecount" : 24014,
	"peaknodes" : 27956,
	"total_load_time" : 2.56326,
	"build_time" : 2.26069,
	"wmc_time" : 0.00499296
}
