{
	"nodecount" : 17678,
	"peaknodes" : 18665,
	"total_load_time" : 1.99458,
	"build_time" : 1.90527,
	"wmc_time" : 0.00511909,
	"wmc_value" : 1,
	"bn_to_cnf_time" : 0.0606325
}
