{
	"nodecount" : 1193,
	"peaknodes" : 1257,
	"total_load_time" : 0.107154,
	"build_time" : 0.096221,
	"wmc_time" : 0.00266194,
	"wmc_value" : 1,
	"bn_to_cnf_time" : 0.00317144
}
