{
	"nodecount" : 8334,
	"peaknodes" : 8950,
	"total_load_time" : 1.2979,
	"build_time" : 1.22675,
	"wmc_time" : 0.0045321,
	"wmc_value" : 1,
	"bn_to_cnf_time" : 0.0456431
}
