{
	"nodecount" : 25463,
	"peaknodes" : 29970,
	"total_load_time" : 7.06674,
	"build_time" : 6.40662,
	"wmc_time" : 0.00673604,
	"wmc_value" : 1,
	"bn_to_cnf_time" : 0.407576
}
