{"distribution": "lg", "edges": [["A", "D"], ["B", "D"], ["D", "E"], ["C", "E"]], "root_params": "A ~ N(20,20) B ~ N(20,20) C ~ N(15,15)", "experiment": 120, "not_root_params": "D   ~   N ( 2 A + 3 B , 7 . 4 6 8 7 5 )   E   ~   N ( 3 C + 3 D , 7 . 4 6 8 7 5 )", "sample_size": 753, "means": {"A": 20, "B": 20, "C": 15, "D": 100, "E": 345}, "disc_method": "EV", "bins": 17, "target_column": null, "CPT_method": "Bayespriors", "time_disc": 0.10155324498191476, "time_cnf": 0.3487428012304008, "time_VE": 0.0013100681826472282, "time_BP": 0.005902891978621483, "RMSE": 8.073802038267262, "WRMSE": 8.072656810452424, "MAE": 6.706272969456012, "PE": 0.22524401711057576, "exact_EV": 345, "disc_EV": 344.2229081409685, "Wass_scaled": 0.19569555375456438, "Wass_multi": 7.194066362200474, "time_wass": 0.3322274652309716}