{"distribution": "lg", "edges": [["A", "D"], ["B", "D"], ["D", "E"], ["C", "E"]], "root_params": "A ~ N(20,20) B ~ N(20,20) C ~ N(15,15)", "experiment": 120, "not_root_params": "D   ~   N ( 2 A + 3 B , 7 . 4 6 8 7 5 )   E   ~   N ( 3 C + 3 D , 7 . 4 6 8 7 5 )", "sample_size": 753, "means": {"A": 20, "B": 20, "C": 15, "D": 100, "E": 345}, "disc_method": "EV", "bins": 30, "target_column": null, "CPT_method": "Bayespriors", "time_disc": 0.17936599999666214, "time_cnf": 0.81359990000783, "time_VE": 0.00237800000468269, "time_BP": 0.013535399993997999, "RMSE": 26.10490005330348, "WRMSE": 26.21868388472185, "MAE": 20.938369811425023, "PE": 0.17009935125198697, "exact_EV": 345, "disc_EV": 344.41315723818064, "Wass_scaled": 0.14478901218716414, "Wass_multi": 4.1460697099420445, "time_wass": 0.37898150000546593}