{
	"nodecount" : 23602,
	"peaknodes" : 28844,
	"total_load_time" : 5.58246,
	"build_time" : 4.65183,
	"wmc_time" : 0.00424504
}
