{
	"nodecount" : 4640,
	"peaknodes" : 4640,
	"total_load_time" : 0.263334,
	"build_time" : 0.172255,
	"wmc_time" : 0.00169396
}
