{"distribution": "lg", "edges": [["A", "D"], ["B", "D"], ["D", "E"], ["C", "E"]], "root_params": "A ~ N(20,20) B ~ N(20,20) C ~ N(15,15)", "experiment": 120, "not_root_params": "D   ~   N ( 2 A + 3 B , 7 . 4 6 8 7 5 )   E   ~   N ( 3 C + 3 D , 7 . 4 6 8 7 5 )", "sample_size": 753, "means": {"A": 20, "B": 20, "C": 15, "D": 100, "E": 345}, "disc_method": "EV", "bins": 25, "target_column": null, "CPT_method": "Bayespriors", "time_disc": 0.1743696000048658, "time_cnf": 0.502113399998052, "time_VE": 0.002300499996636063, "time_BP": 0.01099949999479577, "RMSE": 18.550438246392265, "WRMSE": 18.634522021593476, "MAE": 15.025445112266068, "PE": 0.07164759842855373, "exact_EV": 345, "disc_EV": 344.7528157854215, "Wass_scaled": 0.1594649612013863, "Wass_multi": 5.004708283047106, "time_wass": 0.37595480000891257}