{
	"nodecount" : 11253,
	"peaknodes" : 12036,
	"total_load_time" : 1.83351,
	"build_time" : 1.74175,
	"wmc_time" : 0.00471497,
	"wmc_value" : 1,
	"bn_to_cnf_time" : 0.0667641
}
