{
	"nodecount" : 15006,
	"peaknodes" : 16058,
	"total_load_time" : 1.59774,
	"build_time" : 1.35956,
	"wmc_time" : 0.00455785
}
