{"distribution": "lg", "edges": [["A", "D"], ["B", "D"], ["D", "E"], ["C", "E"]], "root_params": "A ~ N(20,20) B ~ N(20,20) C ~ N(15,15)", "experiment": 120, "not_root_params": "D   ~   N ( 2 A + 3 B , 7 . 4 6 8 7 5 )   E   ~   N ( 3 C + 3 D , 7 . 4 6 8 7 5 )", "sample_size": 753, "means": {"A": 20, "B": 20, "C": 15, "D": 100, "E": 345}, "disc_method": "EV", "bins": 14, "target_column": null, "CPT_method": "Bayespriors", "time_disc": 0.09814766515046358, "time_cnf": 0.4011461678892374, "time_VE": 0.001351002138108015, "time_BP": 0.005794233176857233, "RMSE": 4.218035686399392, "WRMSE": 4.2208859408433215, "MAE": 3.5598425885052296, "PE": 0.27778930633244076, "exact_EV": 345, "disc_EV": 344.0416268931531, "Wass_scaled": 0.21657428989636193, "Wass_multi": 8.662504307856109, "time_wass": 0.3335123360157013}