{"distribution": "lg", "edges": [["A", "D"], ["B", "D"], ["D", "E"], ["C", "E"]], "root_params": "A ~ N(20,20) B ~ N(20,20) C ~ N(15,15)", "experiment": 120, "not_root_params": "D   ~   N ( 2 A + 3 B , 7 . 4 6 8 7 5 )   E   ~   N ( 3 C + 3 D , 7 . 4 6 8 7 5 )", "sample_size": 753, "means": {"A": 20, "B": 20, "C": 15, "D": 100, "E": 345}, "disc_method": "EB", "bins": 12, "target_column": null, "CPT_method": "Bayespriors", "time_disc": 0.17688680000719614, "time_cnf": 0.06209379999199882, "time_VE": 0.0018565999926067889, "time_BP": 0.011491100012790412, "RMSE": 28.390952957726537, "WRMSE": 9.839305906140435, "MAE": 19.224375180046415, "PE": 0.0641398946436476, "exact_EV": 345, "disc_EV": 344.7787173634794, "Wass_scaled": 0.06647829500720007, "Wass_multi": 11.000244332476063, "time_wass": 0.37086559999443125}