{
	"nodecount" : 27800,
	"peaknodes" : 31421,
	"total_load_time" : 4.9583,
	"build_time" : 4.14916,
	"wmc_time" : 0.00677085
}
