{"distribution": "lg", "edges": [["A", "D"], ["B", "D"], ["D", "E"], ["C", "E"]], "root_params": "A ~ N(20,20) B ~ N(20,20) C ~ N(15,15)", "experiment": 120, "not_root_params": "D   ~   N ( 2 A + 3 B , 7 . 4 6 8 7 5 )   E   ~   N ( 3 C + 3 D , 7 . 4 6 8 7 5 )", "sample_size": 753, "means": {"A": 20, "B": 20, "C": 15, "D": 100, "E": 345}, "disc_method": "EB", "bins": 14, "target_column": null, "CPT_method": "Bayespriors", "time_disc": 0.16019589999632444, "time_cnf": 0.08607330000086222, "time_VE": 0.0015585999935865402, "time_BP": 0.0067700999934459105, "RMSE": 38.78102158647854, "WRMSE": 12.335289883153747, "MAE": 24.86199162270073, "PE": 0.010364170754863391, "exact_EV": 345, "disc_EV": 344.9642436108957, "Wass_scaled": 0.05703525015560857, "Wass_multi": 9.433092188923661, "time_wass": 0.3702101999951992}