{
	"nodecount" : 17678,
	"peaknodes" : 18665,
	"total_load_time" : 1.16087,
	"build_time" : 0.983522,
	"wmc_time" : 0.00455213
}
