{
	"nodecount" : 1423,
	"peaknodes" : 1475,
	"total_load_time" : 0.220221,
	"build_time" : 0.20196,
	"wmc_time" : 0.00837898,
	"wmc_value" : 1,
	"bn_to_cnf_time" : 0.00316525
}
