{"distribution": "lg", "edges": [["A", "D"], ["B", "D"], ["D", "E"], ["C", "E"]], "root_params": "A ~ N(20,20) B ~ N(20,20) C ~ N(15,15)", "experiment": 120, "not_root_params": "D   ~   N ( 2 A + 3 B , 7 . 4 6 8 7 5 )   E   ~   N ( 3 C + 3 D , 7 . 4 6 8 7 5 )", "sample_size": 753, "means": {"A": 20, "B": 20, "C": 15, "D": 100, "E": 345}, "disc_method": "EV", "bins": 5, "target_column": null, "CPT_method": "Bayespriors", "time_disc": 0.15535230000386946, "time_cnf": 0.007951799998409115, "time_VE": 0.0020985000010114163, "time_BP": 0.008426900007179938, "RMSE": 4.8867727772721485, "WRMSE": 4.891510594661528, "MAE": 3.7519913493026364, "PE": 0.30409213645929994, "exact_EV": 345, "disc_EV": 343.9508821292154, "Wass_scaled": 0.40228099293825414, "Wass_multi": 21.079341580811736, "time_wass": 0.41409869999915827}