{"distribution": "lg", "edges": [["A", "D"], ["B", "D"], ["D", "E"], ["C", "E"]], "root_params": "A ~ N(20,20) B ~ N(20,20) C ~ N(15,15)", "experiment": 120, "not_root_params": "D   ~   N ( 2 A + 3 B , 7 . 4 6 8 7 5 )   E   ~   N ( 3 C + 3 D , 7 . 4 6 8 7 5 )", "sample_size": 753, "means": {"A": 20, "B": 20, "C": 15, "D": 100, "E": 345}, "disc_method": "EV", "bins": 10, "target_column": null, "CPT_method": "Bayespriors", "time_disc": 0.1497481999977026, "time_cnf": 0.033170799986692145, "time_VE": 0.002575299993623048, "time_BP": 0.005340599993360229, "RMSE": 3.4400496808421934, "WRMSE": 3.4547379519525157, "MAE": 2.1213000744516988, "PE": 0.2816187823109892, "exact_EV": 345, "disc_EV": 344.0284152010271, "Wass_scaled": 0.2628816219781412, "Wass_multi": 11.679716486622041, "time_wass": 0.37632440000015777}