{"distribution": "lg", "edges": [["A", "D"], ["B", "D"], ["D", "E"], ["C", "E"]], "root_params": "A ~ N(20,20) B ~ N(20,20) C ~ N(15,15)", "experiment": 120, "not_root_params": "D   ~   N ( 2 A + 3 B , 7 . 4 6 8 7 5 )   E   ~   N ( 3 C + 3 D , 7 . 4 6 8 7 5 )", "sample_size": 753, "means": {"A": 20, "B": 20, "C": 15, "D": 100, "E": 345}, "disc_method": "EB", "bins": 25, "target_column": null, "CPT_method": "Bayespriors", "time_disc": 0.11543574323877692, "time_cnf": 2.213658066932112, "time_VE": 0.0015600482001900673, "time_BP": 0.00819443678483367, "RMSE": 55.238425434644036, "WRMSE": 20.73873686533987, "MAE": 40.42075433581512, "PE": 0.1871603462754355, "exact_EV": 345, "disc_EV": 345.64570319465025, "Wass_scaled": 0.03199484490148079, "Wass_multi": 5.3630598589666505, "time_wass": 0.30889323772862554}