{"distribution": "lg", "edges": [["A", "D"], ["B", "D"], ["D", "E"], ["C", "E"]], "root_params": "A ~ N(20,20) B ~ N(20,20) C ~ N(15,15)", "experiment": 120, "not_root_params": "D   ~   N ( 2 A + 3 B , 7 . 4 6 8 7 5 )   E   ~   N ( 3 C + 3 D , 7 . 4 6 8 7 5 )", "sample_size": 753, "means": {"A": 20, "B": 20, "C": 15, "D": 100, "E": 345}, "disc_method": "EB", "bins": 10, "target_column": null, "CPT_method": "Bayespriors", "time_disc": 0.09636798081919551, "time_cnf": 0.24830367974936962, "time_VE": 0.0012092799879610538, "time_BP": 0.004933115094900131, "RMSE": 21.33146981514317, "WRMSE": 6.983565350077889, "MAE": 12.49860013737135, "PE": 0.18054330824614792, "exact_EV": 345, "disc_EV": 344.3771255865508, "Wass_scaled": 0.08387213556384202, "Wass_multi": 13.23387438739768, "time_wass": 0.32816949486732483}