{
	"nodecount" : 25098,
	"peaknodes" : 28311,
	"total_load_time" : 3.55395,
	"build_time" : 3.03094,
	"wmc_time" : 0.00604105
}
