{"distribution": "lg", "edges": [["A", "D"], ["B", "D"], ["D", "E"], ["C", "E"]], "root_params": "A ~ N(20,20) B ~ N(20,20) C ~ N(15,15)", "experiment": 120, "not_root_params": "D   ~   N ( 2 A + 3 B , 7 . 4 6 8 7 5 )   E   ~   N ( 3 C + 3 D , 7 . 4 6 8 7 5 )", "sample_size": 753, "means": {"A": 20, "B": 20, "C": 15, "D": 100, "E": 345}, "disc_method": "EB", "bins": 17, "target_column": null, "CPT_method": "Bayespriors", "time_disc": 0.10299245081841946, "time_cnf": 0.25005892710760236, "time_VE": 0.0012872410006821156, "time_BP": 0.005834351759403944, "RMSE": 48.01359037424913, "WRMSE": 15.62270628692661, "MAE": 32.05538725565871, "PE": 0.6467933263616032, "exact_EV": 345, "disc_EV": 347.23143697594753, "Wass_scaled": 0.045919990471027704, "Wass_multi": 7.818369157958545, "time_wass": 0.3179580117575824}