{
	"nodecount" : 3189,
	"peaknodes" : 3257,
	"total_load_time" : 0.239677,
	"build_time" : 0.147321,
	"wmc_time" : 0.00226808
}
