{
	"nodecount" : 1423,
	"peaknodes" : 1475,
	"total_load_time" : 0.130711,
	"build_time" : 0.0576029,
	"wmc_time" : 0.000980854
}
