{"distribution": "lg", "edges": [["A", "D"], ["B", "D"], ["D", "E"], ["C", "E"]], "root_params": "A ~ N(20,20) B ~ N(20,20) C ~ N(15,15)", "experiment": 112, "not_root_params": "D   ~   N ( 2 A + 3 B , 6 . 0 6 2 5 )   E   ~   N ( 3 C + 3 D , 6 . 0 6 2 5 )", "sample_size": 931, "means": {"A": 20, "B": 20, "C": 15, "D": 100, "E": 345}, "disc_method": "EB", "bins": 5, "target_column": null, "CPT_method": "Bayespriors", "time_disc": 0.15262369999254588, "time_cnf": 0.01194759999634698, "time_VE": 0.0021385000000009313, "time_BP": 0.007038899988401681, "RMSE": 8.94600441610705, "WRMSE": 4.905081458554332, "MAE": 7.371460524387044, "PE": 0.12620406925927877, "exact_EV": 345, "disc_EV": 345.4354040389445, "Wass_scaled": 0.1728330179935416, "Wass_multi": 22.91654833993521, "time_wass": 0.47387620000517927}