{"distribution": "lg", "edges": [["A", "D"], ["B", "D"], ["D", "E"], ["C", "E"]], "root_params": "A ~ N(20,20) B ~ N(20,20) C ~ N(15,15)", "experiment": 112, "not_root_params": "D   ~   N ( 2 A + 3 B , 6 . 0 6 2 5 )   E   ~   N ( 3 C + 3 D , 6 . 0 6 2 5 )", "sample_size": 931, "means": {"A": 20, "B": 20, "C": 15, "D": 100, "E": 345}, "disc_method": "EB", "bins": 12, "target_column": null, "CPT_method": "Bayespriors", "time_disc": 0.09881079522892833, "time_cnf": 0.3428605799563229, "time_VE": 0.0012075440026819706, "time_BP": 0.005067151039838791, "RMSE": 20.968799332575895, "WRMSE": 6.741121182794297, "MAE": 13.00306380939471, "PE": 0.036062400768488274, "exact_EV": 345, "disc_EV": 345.1244152826513, "Wass_scaled": 0.07089136677151454, "Wass_multi": 10.270482745890193, "time_wass": 0.40040734224021435}