{
	"nodecount" : 19839,
	"peaknodes" : 20948,
	"total_load_time" : 3.41776,
	"build_time" : 3.2509,
	"wmc_time" : 0.006109,
	"wmc_value" : 1,
	"bn_to_cnf_time" : 0.104516
}
