{
	"nodecount" : 5108,
	"peaknodes" : 5108,
	"total_load_time" : 0.274052,
	"build_time" : 0.179793,
	"wmc_time" : 0.00275993
}
