{
	"nodecount" : 19839,
	"peaknodes" : 20948,
	"total_load_time" : 1.89377,
	"build_time" : 1.671,
	"wmc_time" : 0.00509
}
