{
	"nodecount" : 35222,
	"peaknodes" : 40590,
	"total_load_time" : 7.0666,
	"build_time" : 6.42891,
	"wmc_time" : 0.00728583,
	"wmc_value" : 1,
	"bn_to_cnf_time" : 0.407953
}
