{
	"nodecount" : 31536,
	"peaknodes" : 33851,
	"total_load_time" : 3.6885,
	"build_time" : 3.18789,
	"wmc_time" : 0.00719595
}
