{"distribution": "lg", "edges": [["A", "D"], ["B", "D"], ["D", "E"], ["C", "E"]], "root_params": "A ~ N(20,20) B ~ N(20,20) C ~ N(15,15)", "experiment": 112, "not_root_params": "D   ~   N ( 2 A + 3 B , 6 . 0 6 2 5 )   E   ~   N ( 3 C + 3 D , 6 . 0 6 2 5 )", "sample_size": 931, "means": {"A": 20, "B": 20, "C": 15, "D": 100, "E": 345}, "disc_method": "EV", "bins": 25, "target_column": null, "CPT_method": "Bayespriors", "time_disc": 0.11542255198583007, "time_cnf": 3.129661090672016, "time_VE": 0.0015066266059875488, "time_BP": 0.00822366215288639, "RMSE": 12.990770211077509, "WRMSE": 13.020444585086436, "MAE": 10.167504980070966, "PE": 0.10294907936969613, "exact_EV": 345, "disc_EV": 344.64482567617455, "Wass_scaled": 0.16912143381775593, "Wass_multi": 4.674602246089831, "time_wass": 0.40152142010629177}