{
	"nodecount" : 10904,
	"peaknodes" : 10957,
	"total_load_time" : 0.581739,
	"build_time" : 0.509555,
	"wmc_time" : 0.00369215
}
