{"distribution": "lg", "edges": [["A", "D"], ["B", "D"], ["D", "E"], ["C", "E"]], "root_params": "A ~ N(20,20) B ~ N(20,20) C ~ N(15,15)", "experiment": 112, "not_root_params": "D   ~   N ( 2 A + 3 B , 6 . 0 6 2 5 )   E   ~   N ( 3 C + 3 D , 6 . 0 6 2 5 )", "sample_size": 931, "means": {"A": 20, "B": 20, "C": 15, "D": 100, "E": 345}, "disc_method": "EV", "bins": 14, "target_column": null, "CPT_method": "Bayespriors", "time_disc": 0.09828687692061067, "time_cnf": 1.4298841869458556, "time_VE": 0.0012065162882208824, "time_BP": 0.00543065695092082, "RMSE": 2.927824365956384, "WRMSE": 2.933549966329494, "MAE": 2.2280339896375057, "PE": 0.06918248737973215, "exact_EV": 345, "disc_EV": 344.7613204185399, "Wass_scaled": 0.22783300630995673, "Wass_multi": 7.637662080663353, "time_wass": 0.40872064884752035}