{
	"nodecount" : 36409,
	"peaknodes" : 40507,
	"total_load_time" : 5.11558,
	"build_time" : 4.30789,
	"wmc_time" : 0.008183
}
