{"distribution": "lg", "edges": [["A", "D"], ["B", "D"], ["D", "E"], ["C", "E"]], "root_params": "A ~ N(20,20) B ~ N(20,20) C ~ N(15,15)", "experiment": 112, "not_root_params": "D   ~   N ( 2 A + 3 B , 6 . 0 6 2 5 )   E   ~   N ( 3 C + 3 D , 6 . 0 6 2 5 )", "sample_size": 931, "means": {"A": 20, "B": 20, "C": 15, "D": 100, "E": 345}, "disc_method": "EV", "bins": 8, "target_column": null, "CPT_method": "Bayespriors", "time_disc": 0.09524922911077738, "time_cnf": 0.24238919420167804, "time_VE": 0.0011639841832220554, "time_BP": 0.00476763816550374, "RMSE": 2.6404345023937563, "WRMSE": 2.644837264179238, "MAE": 2.171592525580756, "PE": 0.10115107287580703, "exact_EV": 345, "disc_EV": 345.34897120142153, "Wass_scaled": 0.30900183766669803, "Wass_multi": 12.151499490712997, "time_wass": 0.4237454170361161}