{
	"nodecount" : 12192,
	"peaknodes" : 12866,
	"total_load_time" : 1.05315,
	"build_time" : 0.896418,
	"wmc_time" : 0.00409508
}
