{"distribution": "lg", "edges": [["A", "D"], ["B", "D"], ["D", "E"], ["C", "E"]], "root_params": "A ~ N(20,20) B ~ N(20,20) C ~ N(15,15)", "experiment": 112, "not_root_params": "D   ~   N ( 2 A + 3 B , 6 . 0 6 2 5 )   E   ~   N ( 3 C + 3 D , 6 . 0 6 2 5 )", "sample_size": 931, "means": {"A": 20, "B": 20, "C": 15, "D": 100, "E": 345}, "disc_method": "EB", "bins": 30, "target_column": null, "CPT_method": "Bayespriors", "time_disc": 0.13246096996590495, "time_cnf": 5.51211265893653, "time_VE": 0.0016064103692770004, "time_BP": 0.00959919486194849, "RMSE": 52.17905790429078, "WRMSE": 20.40196249033906, "MAE": 38.63334415856206, "PE": 0.10854212851194975, "exact_EV": 345, "disc_EV": 345.3744703433662, "Wass_scaled": 0.025465828923706982, "Wass_multi": 4.064267579317457, "time_wass": 0.36817487701773643}