{
	"nodecount" : 32746,
	"peaknodes" : 36776,
	"total_load_time" : 4.8977,
	"build_time" : 4.58634,
	"wmc_time" : 0.00686789,
	"wmc_value" : 1,
	"bn_to_cnf_time" : 0.174667
}
