{
	"nodecount" : 15648,
	"peaknodes" : 15814,
	"total_load_time" : 1.03371,
	"build_time" : 0.744851,
	"wmc_time" : 0.004493
}
