{"distribution": "lg", "edges": [["A", "D"], ["B", "D"], ["D", "E"], ["C", "E"]], "root_params": "A ~ N(20,20) B ~ N(20,20) C ~ N(15,15)", "experiment": 112, "not_root_params": "D   ~   N ( 2 A + 3 B , 6 . 0 6 2 5 )   E   ~   N ( 3 C + 3 D , 6 . 0 6 2 5 )", "sample_size": 931, "means": {"A": 20, "B": 20, "C": 15, "D": 100, "E": 345}, "disc_method": "EV", "bins": 12, "target_column": null, "CPT_method": "Bayespriors", "time_disc": 0.16416110000864137, "time_cnf": 0.05187809999915771, "time_VE": 0.002369100009673275, "time_BP": 0.006097999998019077, "RMSE": 3.1724707766845506, "WRMSE": 3.1795372947977945, "MAE": 2.0276777272271147, "PE": 0.07456523420759749, "exact_EV": 345, "disc_EV": 345.2572500580162, "Wass_scaled": 0.24670589681811292, "Wass_multi": 8.78384265073977, "time_wass": 0.5105903999938164}