{
	"nodecount" : 1193,
	"peaknodes" : 1254,
	"total_load_time" : 0.13544,
	"build_time" : 0.054795,
	"wmc_time" : 0.00170422
}
