{"distribution": "lg", "edges": [["A", "D"], ["B", "D"], ["D", "E"], ["C", "E"]], "root_params": "A ~ N(20,20) B ~ N(20,20) C ~ N(15,15)", "experiment": 112, "not_root_params": "D   ~   N ( 2 A + 3 B , 6 . 0 6 2 5 )   E   ~   N ( 3 C + 3 D , 6 . 0 6 2 5 )", "sample_size": 931, "means": {"A": 20, "B": 20, "C": 15, "D": 100, "E": 345}, "disc_method": "EB", "bins": 20, "target_column": null, "CPT_method": "Bayespriors", "time_disc": 0.1673300999973435, "time_cnf": 0.21319510000466835, "time_VE": 0.001944899995578453, "time_BP": 0.016799100005300716, "RMSE": 40.249554378084184, "WRMSE": 12.90901536462924, "MAE": 26.27734288829467, "PE": 0.22514927547058836, "exact_EV": 345, "disc_EV": 344.22323499962647, "Wass_scaled": 0.038628575964594666, "Wass_multi": 6.041685226333609, "time_wass": 0.45521240000380203}