{
	"nodecount" : 12192,
	"peaknodes" : 12866,
	"total_load_time" : 1.83441,
	"build_time" : 1.75153,
	"wmc_time" : 0.00520205,
	"wmc_value" : 1,
	"bn_to_cnf_time" : 0.0580592
}
