{"distribution": "lg", "edges": [["A", "D"], ["B", "D"], ["D", "E"], ["C", "E"]], "root_params": "A ~ N(20,20) B ~ N(20,20) C ~ N(15,15)", "experiment": 112, "not_root_params": "D   ~   N ( 2 A + 3 B , 6 . 0 6 2 5 )   E   ~   N ( 3 C + 3 D , 6 . 0 6 2 5 )", "sample_size": 931, "means": {"A": 20, "B": 20, "C": 15, "D": 100, "E": 345}, "disc_method": "EB", "bins": 25, "target_column": null, "CPT_method": "Bayespriors", "time_disc": 0.11830477882176638, "time_cnf": 2.8471569009125233, "time_VE": 0.0014741010963916779, "time_BP": 0.007440656889230013, "RMSE": 46.17028782569986, "WRMSE": 16.438621194466283, "MAE": 32.286756300407106, "PE": 0.10720748274323248, "exact_EV": 345, "disc_EV": 345.36986581546415, "Wass_scaled": 0.0307325478690354, "Wass_multi": 4.789215177679108, "time_wass": 0.3678823341615498}