{"distribution": "lg", "edges": [["A", "D"], ["B", "D"], ["D", "E"], ["C", "E"]], "root_params": "A ~ N(20,20) B ~ N(20,20) C ~ N(15,15)", "experiment": 112, "not_root_params": "D   ~   N ( 2 A + 3 B , 6 . 0 6 2 5 )   E   ~   N ( 3 C + 3 D , 6 . 0 6 2 5 )", "sample_size": 931, "means": {"A": 20, "B": 20, "C": 15, "D": 100, "E": 345}, "disc_method": "EB", "bins": 8, "target_column": null, "CPT_method": "Bayespriors", "time_disc": 0.15991740000026766, "time_cnf": 0.01950550000765361, "time_VE": 0.0013868999958503991, "time_BP": 0.011307799999485724, "RMSE": 18.115085578319427, "WRMSE": 6.178686992732603, "MAE": 11.312601204986866, "PE": 0.015166567963588286, "exact_EV": 345, "disc_EV": 344.9476753405256, "Wass_scaled": 0.09873873300327408, "Wass_multi": 14.775178349524289, "time_wass": 0.47306550000212155}