{
	"nodecount" : 35222,
	"peaknodes" : 40590,
	"total_load_time" : 3.85988,
	"build_time" : 3.32705,
	"wmc_time" : 0.00687313
}
