{
	"nodecount" : 1443,
	"peaknodes" : 1503,
	"total_load_time" : 0.129873,
	"build_time" : 0.059226,
	"wmc_time" : 0.00179791
}
