{
	"nodecount" : 9472,
	"peaknodes" : 9956,
	"total_load_time" : 0.816221,
	"build_time" : 0.640649,
	"wmc_time" : 0.00360703
}
