{
	"nodecount" : 23738,
	"peaknodes" : 25418,
	"total_load_time" : 2.54606,
	"build_time" : 2.21088,
	"wmc_time" : 0.00594687
}
