{"distribution": "lg", "edges": [["A", "D"], ["B", "D"], ["D", "E"], ["C", "E"]], "root_params": "A ~ N(20,20) B ~ N(20,20) C ~ N(15,15)", "experiment": 112, "not_root_params": "D   ~   N ( 2 A + 3 B , 6 . 0 6 2 5 )   E   ~   N ( 3 C + 3 D , 6 . 0 6 2 5 )", "sample_size": 931, "means": {"A": 20, "B": 20, "C": 15, "D": 100, "E": 345}, "disc_method": "MDLP", "bins": 2, "target_column": "E", "CPT_method": "Bayespriors", "time_disc": 0.8891504000057466, "time_cnf": 0.08671590000449214, "time_VE": 0.0031346999894594774, "time_BP": 0.006168699997942895, "RMSE": 4.61406977951792, "WRMSE": 4.157995223050183, "MAE": 3.7396300422184936, "PE": 0.1315541734686576, "exact_EV": 345, "disc_EV": 345.45386189846687, "Wass_scaled": 0.3799747423403623, "Wass_multi": 6.902219136176553, "time_wass": 0.5071503000071971}