{
	"nodecount" : 15648,
	"peaknodes" : 15814,
	"total_load_time" : 1.49272,
	"build_time" : 1.43888,
	"wmc_time" : 0.00536203,
	"wmc_value" : 1,
	"bn_to_cnf_time" : 0.0366049
}
