{"distribution": "lg", "edges": [["A", "D"], ["B", "D"], ["D", "E"], ["C", "E"]], "root_params": "A ~ N(20,20) B ~ N(20,20) C ~ N(15,15)", "experiment": 19, "not_root_params": "D   ~   N ( 2 A + 3 B , 2 )   E   ~   N ( 3 C + 3 D , 2 )", "sample_size": 100, "means": {"A": 20, "B": 20, "C": 15, "D": 100, "E": 345}, "disc_method": "EB", "bins": 8, "target_column": null, "CPT_method": "Bayes", "time_disc": 0.09881690000474919, "time_cnf": 0.019333599993842654, "time_VE": 0.003436300001339987, "time_BP": 0.011777099993196316, "RMSE": 15.05357877201485, "WRMSE": 10.447163296854502, "MAE": 12.749607769150039, "PE": 0.4238955188153354, "exact_EV": 345, "disc_EV": 346.4624395399129, "Wass_scaled": 0.10601077728268822, "Wass_multi": 3.8977599625432826, "time_wass": 0.015521799999987707}