{"distribution": "lg", "edges": [["A", "D"], ["B", "D"], ["D", "E"], ["C", "E"]], "root_params": "A ~ N(20,20) B ~ N(20,20) C ~ N(15,15)", "experiment": 19, "not_root_params": "D   ~   N ( 2 A + 3 B , 2 )   E   ~   N ( 3 C + 3 D , 2 )", "sample_size": 100, "means": {"A": 20, "B": 20, "C": 15, "D": 100, "E": 345}, "disc_method": "EB", "bins": 17, "target_column": null, "CPT_method": "Bayes", "time_disc": 0.16967653529718518, "time_cnf": 0.5503903711214662, "time_VE": 0.003999812062829733, "time_BP": 0.01532015623524785, "RMSE": 14.800498765507225, "WRMSE": 10.915858191766398, "MAE": 12.59962357135171, "PE": 0.13851703376580507, "exact_EV": 345, "disc_EV": 344.522116233508, "Wass_scaled": 0.038070755551816604, "Wass_multi": 1.8524979401925061, "time_wass": 0.039782235864549875}