{
	"nodecount" : 3271,
	"peaknodes" : 4162,
	"total_load_time" : 1.87325,
	"build_time" : 1.50278,
	"wmc_time" : 0.00598311
}
