{"distribution": "lg", "edges": [["A", "D"], ["B", "D"], ["D", "E"], ["C", "E"]], "root_params": "A ~ N(20,20) B ~ N(20,20) C ~ N(15,15)", "experiment": 19, "not_root_params": "D   ~   N ( 2 A + 3 B , 2 )   E   ~   N ( 3 C + 3 D , 2 )", "sample_size": 100, "means": {"A": 20, "B": 20, "C": 15, "D": 100, "E": 345}, "disc_method": "EV", "bins": 10, "target_column": null, "CPT_method": "Bayes", "time_disc": 0.21058425214141607, "time_cnf": 0.46308972081169486, "time_VE": 0.0029409811832010746, "time_BP": 0.011603321880102158, "RMSE": 9.908011856663771, "WRMSE": 9.908011856663771, "MAE": 7.77959302409406, "PE": 0.08723360800213018, "exact_EV": 345, "disc_EV": 344.69904405239265, "Wass_scaled": 0.22395300629162798, "Wass_multi": 3.2016232695054794, "time_wass": 0.03607058571651578}