{
	"nodecount" : 3271,
	"peaknodes" : 4162,
	"total_load_time" : 1.5958,
	"build_time" : 1.50638,
	"wmc_time" : 0.00322914,
	"wmc_value" : 1,
	"bn_to_cnf_time" : 0.0581357
}
