{
	"nodecount" : 2776,
	"peaknodes" : 3387,
	"total_load_time" : 1.0682,
	"build_time" : 0.904234,
	"wmc_time" : 0.00608087
}
