{
	"nodecount" : 1074,
	"peaknodes" : 1188,
	"total_load_time" : 0.520872,
	"build_time" : 0.384191,
	"wmc_time" : 0.00219798
}
