{
	"nodecount" : 3055,
	"peaknodes" : 3673,
	"total_load_time" : 1.02415,
	"build_time" : 0.804322,
	"wmc_time" : 0.002918
}
