{"distribution": "lg", "edges": [["A", "D"], ["B", "D"], ["D", "E"], ["C", "E"]], "root_params": "A ~ N(20,20) B ~ N(20,20) C ~ N(15,15)", "experiment": 19, "not_root_params": "D   ~   N ( 2 A + 3 B , 2 )   E   ~   N ( 3 C + 3 D , 2 )", "sample_size": 100, "means": {"A": 20, "B": 20, "C": 15, "D": 100, "E": 345}, "disc_method": "EV", "bins": 10, "target_column": null, "CPT_method": "Bayes", "time_disc": 0.08649850000801962, "time_cnf": 0.03261419999762438, "time_VE": 0.0029568000027211383, "time_BP": 0.007173600009991787, "RMSE": 9.908011856663746, "WRMSE": 9.908011856663746, "MAE": 7.779593024094043, "PE": 0.08723360800213018, "exact_EV": 345, "disc_EV": 344.69904405239265, "Wass_scaled": 0.22395300629162798, "Wass_multi": 3.2016232695054794, "time_wass": 0.014258800001698546}