{"distribution": "lg", "edges": [["A", "D"], ["B", "D"], ["D", "E"], ["C", "E"]], "root_params": "A ~ N(20,20) B ~ N(20,20) C ~ N(15,15)", "experiment": 19, "not_root_params": "D   ~   N ( 2 A + 3 B , 2 )   E   ~   N ( 3 C + 3 D , 2 )", "sample_size": 100, "means": {"A": 20, "B": 20, "C": 15, "D": 100, "E": 345}, "disc_method": "EB", "bins": 10, "target_column": null, "CPT_method": "Bayes", "time_disc": 0.17175203887745738, "time_cnf": 1.8395092939026654, "time_VE": 0.0038989949971437454, "time_BP": 0.014420876279473305, "RMSE": 15.655013909955382, "WRMSE": 10.758926659553323, "MAE": 13.327365450733243, "PE": 0.3936796155524436, "exact_EV": 345, "disc_EV": 346.35819467365593, "Wass_scaled": 0.08025894519711424, "Wass_multi": 2.952972095282701, "time_wass": 0.035431575961411}