{"distribution": "lg", "edges": [["A", "D"], ["B", "D"], ["D", "E"], ["C", "E"]], "root_params": "A ~ N(20,20) B ~ N(20,20) C ~ N(15,15)", "experiment": 19, "not_root_params": "D   ~   N ( 2 A + 3 B , 2 )   E   ~   N ( 3 C + 3 D , 2 )", "sample_size": 100, "means": {"A": 20, "B": 20, "C": 15, "D": 100, "E": 345}, "disc_method": "EB", "bins": 5, "target_column": null, "CPT_method": "Bayes", "time_disc": 0.1266235993243754, "time_cnf": 4.202642940916121, "time_VE": 0.0030778609216213226, "time_BP": 0.012228669598698616, "RMSE": 13.876600129280265, "WRMSE": 8.832669554249504, "MAE": 11.535081220719201, "PE": 0.21549039751713886, "exact_EV": 345, "disc_EV": 345.74344187143413, "Wass_scaled": 0.1729503290900531, "Wass_multi": 5.762683244597335, "time_wass": 0.038913078140467405}