{"distribution": "lg", "edges": [["A", "D"], ["B", "D"], ["D", "E"], ["C", "E"]], "root_params": "A ~ N(20,20) B ~ N(20,20) C ~ N(15,15)", "experiment": 19, "not_root_params": "D   ~   N ( 2 A + 3 B , 2 )   E   ~   N ( 3 C + 3 D , 2 )", "sample_size": 100, "means": {"A": 20, "B": 20, "C": 15, "D": 100, "E": 345}, "disc_method": "EV", "bins": 30, "target_column": null, "CPT_method": "Bayes", "time_disc": 0.1817064182832837, "time_cnf": 4.228251054883003, "time_VE": 0.004356766119599342, "time_BP": 0.01508034998551011, "RMSE": 9.908800054833156, "WRMSE": 10.087072058481105, "MAE": 7.675224700917782, "PE": 0.09836330413226398, "exact_EV": 345, "disc_EV": 344.6606466007437, "Wass_scaled": 0.1020856879809592, "Wass_multi": 1.1580771200250757, "time_wass": 0.021377117838710546}