{
	"nodecount" : 5643,
	"peaknodes" : 7234,
	"total_load_time" : 6.55554,
	"build_time" : 5.64006,
	"wmc_time" : 0.006078
}
