{"distribution": "lg", "edges": [["A", "D"], ["B", "D"], ["D", "E"], ["C", "E"]], "root_params": "A ~ N(20,20) B ~ N(20,20) C ~ N(15,15)", "experiment": 19, "not_root_params": "D   ~   N ( 2 A + 3 B , 2 )   E   ~   N ( 3 C + 3 D , 2 )", "sample_size": 100, "means": {"A": 20, "B": 20, "C": 15, "D": 100, "E": 345}, "disc_method": "EV", "bins": 12, "target_column": null, "CPT_method": "Bayes", "time_disc": 0.1906048972159624, "time_cnf": 3.1960656703449786, "time_VE": 0.003792107105255127, "time_BP": 0.013632262125611305, "RMSE": 9.812066660290407, "WRMSE": 9.968585236179765, "MAE": 7.670682801418707, "PE": 0.0721256729806443, "exact_EV": 345, "disc_EV": 344.7511664282168, "Wass_scaled": 0.20725763747561554, "Wass_multi": 3.116698963922438, "time_wass": 0.037276598159223795}