{"distribution": "lg", "edges": [["A", "D"], ["B", "D"], ["D", "E"], ["C", "E"]], "root_params": "A ~ N(20,20) B ~ N(20,20) C ~ N(15,15)", "experiment": 19, "not_root_params": "D   ~   N ( 2 A + 3 B , 2 )   E   ~   N ( 3 C + 3 D , 2 )", "sample_size": 100, "means": {"A": 20, "B": 20, "C": 15, "D": 100, "E": 345}, "disc_method": "EB", "bins": 12, "target_column": null, "CPT_method": "Bayes", "time_disc": 0.12141695618629456, "time_cnf": 3.6035615941509604, "time_VE": 0.00403688196092844, "time_BP": 0.013922279234975576, "RMSE": 15.645873049723726, "WRMSE": 11.003074989524281, "MAE": 13.269624396626142, "PE": 0.5406466544343732, "exact_EV": 345, "disc_EV": 346.8652309577986, "Wass_scaled": 0.058964023852562594, "Wass_multi": 2.5835618073392896, "time_wass": 0.035451005678623915}