{"distribution": "lg", "edges": [["A", "D"], ["B", "D"], ["D", "E"], ["C", "E"]], "root_params": "A ~ N(20,20) B ~ N(20,20) C ~ N(15,15)", "experiment": 19, "not_root_params": "D   ~   N ( 2 A + 3 B , 2 )   E   ~   N ( 3 C + 3 D , 2 )", "sample_size": 100, "means": {"A": 20, "B": 20, "C": 15, "D": 100, "E": 345}, "disc_method": "EV", "bins": 14, "target_column": null, "CPT_method": "Bayes", "time_disc": 0.09942339999543037, "time_cnf": 0.07802690000971779, "time_VE": 0.0016327000048477203, "time_BP": 0.012186699997982942, "RMSE": 9.759615069802512, "WRMSE": 10.004934208459769, "MAE": 7.590393206557195, "PE": 0.0776675994940387, "exact_EV": 345, "disc_EV": 344.73204678174557, "Wass_scaled": 0.1914420824501855, "Wass_multi": 2.671713044416956, "time_wass": 0.013881299993954599}