{"distribution": "lg", "edges": [["A", "D"], ["B", "D"], ["D", "E"], ["C", "E"]], "root_params": "A ~ N(20,20) B ~ N(20,20) C ~ N(15,15)", "experiment": 19, "not_root_params": "D   ~   N ( 2 A + 3 B , 2 )   E   ~   N ( 3 C + 3 D , 2 )", "sample_size": 100, "means": {"A": 20, "B": 20, "C": 15, "D": 100, "E": 345}, "disc_method": "EV", "bins": 17, "target_column": null, "CPT_method": "Bayes", "time_disc": 0.13970510615035892, "time_cnf": 0.719957129098475, "time_VE": 0.004068119917064905, "time_BP": 0.009962274227291346, "RMSE": 10.00983708147777, "WRMSE": 10.08040067324353, "MAE": 7.769923564422584, "PE": 0.07203078951387186, "exact_EV": 345, "disc_EV": 344.75149377617714, "Wass_scaled": 0.1545029187779238, "Wass_multi": 2.1218083441140645, "time_wass": 0.024234327021986246}