{"distribution": "lg", "edges": [["A", "D"], ["B", "D"], ["D", "E"], ["C", "E"]], "root_params": "A ~ N(20,20) B ~ N(20,20) C ~ N(15,15)", "experiment": 19, "not_root_params": "D   ~   N ( 2 A + 3 B , 2 )   E   ~   N ( 3 C + 3 D , 2 )", "sample_size": 100, "means": {"A": 20, "B": 20, "C": 15, "D": 100, "E": 345}, "disc_method": "EV", "bins": 17, "target_column": null, "CPT_method": "Bayes", "time_disc": 0.09214170000632294, "time_cnf": 0.1429714999976568, "time_VE": 0.0016496999887749553, "time_BP": 0.006797900001402013, "RMSE": 10.00983708147778, "WRMSE": 10.080400673243542, "MAE": 7.769923564422587, "PE": 0.07203078951387186, "exact_EV": 345, "disc_EV": 344.75149377617714, "Wass_scaled": 0.1545029187779238, "Wass_multi": 2.1218083441140645, "time_wass": 0.02412400000321213}