{"distribution": "lg", "edges": [["A", "D"], ["B", "D"], ["D", "E"], ["C", "E"]], "root_params": "A ~ N(20,20) B ~ N(20,20) C ~ N(15,15)", "experiment": 19, "not_root_params": "D   ~   N ( 2 A + 3 B , 2 )   E   ~   N ( 3 C + 3 D , 2 )", "sample_size": 100, "means": {"A": 20, "B": 20, "C": 15, "D": 100, "E": 345}, "disc_method": "MDLP", "bins": 2, "target_column": "E", "CPT_method": "Bayes", "time_disc": 0.3169282451272011, "time_cnf": 18.814961727708578, "time_VE": 0.0030417591333389282, "time_BP": 0.01039423095062375, "RMSE": 9.407570911302434, "WRMSE": 9.058644375868566, "MAE": 8.448577901993263, "PE": 0.19046249767027973, "exact_EV": 345, "disc_EV": 345.65709561696247, "Wass_scaled": 0.43551807406168375, "Wass_multi": 2.453085140041004, "time_wass": 0.019854252226650715}