{"distribution": "lg", "edges": [["A", "D"], ["B", "D"], ["D", "E"], ["C", "E"]], "root_params": "A ~ N(20,20) B ~ N(20,20) C ~ N(15,15)", "experiment": 19, "not_root_params": "D   ~   N ( 2 A + 3 B , 2 )   E   ~   N ( 3 C + 3 D , 2 )", "sample_size": 100, "means": {"A": 20, "B": 20, "C": 15, "D": 100, "E": 345}, "disc_method": "EV", "bins": 8, "target_column": null, "CPT_method": "Bayes", "time_disc": 0.13462281320244074, "time_cnf": 0.5468792277388275, "time_VE": 0.0031738998368382454, "time_BP": 0.012511705979704857, "RMSE": 9.586284642690599, "WRMSE": 9.700090933333271, "MAE": 7.5542495373599365, "PE": 0.09695798028942129, "exact_EV": 345, "disc_EV": 344.6654949680015, "Wass_scaled": 0.2689952507501024, "Wass_multi": 4.030475792156626, "time_wass": 0.0423022024333477}