{
	"nodecount" : 1741,
	"peaknodes" : 1879,
	"total_load_time" : 0.319761,
	"build_time" : 0.2081,
	"wmc_time" : 0.0037179
}
