{"distribution": "lg", "edges": [["A", "D"], ["B", "D"], ["D", "E"], ["C", "E"]], "root_params": "A ~ N(20,20) B ~ N(20,20) C ~ N(15,15)", "experiment": 19, "not_root_params": "D   ~   N ( 2 A + 3 B , 2 )   E   ~   N ( 3 C + 3 D , 2 )", "sample_size": 100, "means": {"A": 20, "B": 20, "C": 15, "D": 100, "E": 345}, "disc_method": "EV", "bins": 5, "target_column": null, "CPT_method": "Bayes", "time_disc": 0.08358320000115782, "time_cnf": 0.008460199998808093, "time_VE": 0.004051900003105402, "time_BP": 0.005990499994368292, "RMSE": 7.975164154251781, "WRMSE": 7.975164154251781, "MAE": 6.289027985339066, "PE": 0.046454452369118, "exact_EV": 345, "disc_EV": 344.83973213932654, "Wass_scaled": 0.37382523022371184, "Wass_multi": 5.694463871303674, "time_wass": 0.0194984999980079}