{
	"nodecount" : 2989,
	"peaknodes" : 3723,
	"total_load_time" : 1.73949,
	"build_time" : 1.24583,
	"wmc_time" : 0.00537395
}
