{
	"nodecount" : 1309,
	"peaknodes" : 1339,
	"total_load_time" : 0.196211,
	"build_time" : 0.0804451,
	"wmc_time" : 0.003057
}
