{"distribution": "lg", "edges": [["A", "D"], ["B", "D"], ["D", "E"], ["C", "E"]], "root_params": "A ~ N(20,20) B ~ N(20,20) C ~ N(15,15)", "experiment": 19, "not_root_params": "D   ~   N ( 2 A + 3 B , 2 )   E   ~   N ( 3 C + 3 D , 2 )", "sample_size": 100, "means": {"A": 20, "B": 20, "C": 15, "D": 100, "E": 345}, "disc_method": "EV", "bins": 20, "target_column": null, "CPT_method": "Bayes", "time_disc": 0.16368748992681503, "time_cnf": 0.8349162880331278, "time_VE": 0.004782774019986391, "time_BP": 0.02787276916205883, "RMSE": 10.114577548731763, "WRMSE": 10.114577548731761, "MAE": 7.832386810828441, "PE": 0.08490996574033634, "exact_EV": 345, "disc_EV": 344.70706061819584, "Wass_scaled": 0.130644576593191, "Wass_multi": 1.717472690288264, "time_wass": 0.05559616070240736}