{"distribution": "lg", "edges": [["A", "D"], ["B", "D"], ["D", "E"], ["C", "E"]], "root_params": "A ~ N(20,20) B ~ N(20,20) C ~ N(15,15)", "experiment": 19, "not_root_params": "D   ~   N ( 2 A + 3 B , 2 )   E   ~   N ( 3 C + 3 D , 2 )", "sample_size": 100, "means": {"A": 20, "B": 20, "C": 15, "D": 100, "E": 345}, "disc_method": "EB", "bins": 14, "target_column": null, "CPT_method": "Bayes", "time_disc": 0.11715359998925123, "time_cnf": 0.07531619998917449, "time_VE": 0.003765799992834218, "time_BP": 0.006495800000266172, "RMSE": 14.9672052696278, "WRMSE": 10.952211168322643, "MAE": 12.645003703393627, "PE": 0.48566464093504286, "exact_EV": 345, "disc_EV": 346.6755430112259, "Wass_scaled": 0.04446338767035185, "Wass_multi": 2.0793411857757143, "time_wass": 0.017487900011474267}