{
	"nodecount" : 2746,
	"peaknodes" : 3312,
	"total_load_time" : 0.762603,
	"build_time" : 0.578755,
	"wmc_time" : 0.00372696
}
