{
	"nodecount" : 6305,
	"peaknodes" : 9267,
	"total_load_time" : 8.83671,
	"build_time" : 7.48183,
	"wmc_time" : 0.00474286
}
