{
	"nodecount" : 2746,
	"peaknodes" : 3312,
	"total_load_time" : 0.762952,
	"build_time" : 0.723743,
	"wmc_time" : 0.00312805,
	"wmc_value" : 1,
	"bn_to_cnf_time" : 0.0296302
}
