{
	"nodecount" : 46,
	"peaknodes" : 47,
	"total_load_time" : 0.00872016,
	"build_time" : 0.00640297,
	"wmc_time" : 0.000408888
}
