{
	"nodecount" : 26,
	"peaknodes" : 26,
	"total_load_time" : 0.0521901,
	"build_time" : 0.00302982,
	"wmc_time" : 0.000262976
}
