{"distribution": "nm", "edges": [["X", "Y"]], "root_params": ["X ~ B(0.8)"], "experiment": 4, "not_root_params": "P(Y|X) ~ N(6,2) if X = 0.0 and P(Y|X) ~ N(4,2) if X = 1.0", "sample_size": 500, "means": 5.6000000000000005, "disc_method": "EV", "bins": 5, "target_column": null, "CPT_method": "Bayespriors", "time_disc": 0.04158049821853638, "time_cnf": 0.2355935457162559, "time_VE": 0.000882985070347786, "time_BP": 0.002444793004542589, "RMSE": 0.09318384044527663, "WRMSE": 0.06802514463789845, "MAE": 0.08158017045562538, "PE": 22.060896394049127, "exact_EV": 5.6000000000000005, "disc_EV": 4.364589801933249, "Wass_scaled": 0.1483350263330505, "Wass_multi": 0.49073042995016014, "time_wass": 0.061913397163152695}