{
	"nodecount" : 46,
	"peaknodes" : 48,
	"total_load_time" : 0.018085,
	"build_time" : 0.00629616,
	"wmc_time" : 0.000445127
}
