{"distribution": "nm", "edges": [["X", "Y"]], "root_params": ["X ~ B(0.8)"], "experiment": 4, "not_root_params": "P(Y|X) ~ N(6,2) if X = 0.0 and P(Y|X) ~ N(4,2) if X = 1.0", "sample_size": 500, "means": 5.6000000000000005, "disc_method": "EV", "bins": 12, "target_column": null, "CPT_method": "Bayespriors", "time_disc": 0.043052627705037594, "time_cnf": 0.5378016913309693, "time_VE": 0.0009740930981934071, "time_BP": 0.002621755003929138, "RMSE": 0.00478284275152667, "WRMSE": 0.0034911342375294418, "MAE": 0.00418679465459082, "PE": 22.06091610339803, "exact_EV": 5.6000000000000005, "disc_EV": 4.364588698209711, "Wass_scaled": 0.08588522252116089, "Wass_multi": 0.24549327625215298, "time_wass": 0.06285596592351794}