{
	"nodecount" : 71,
	"peaknodes" : 73,
	"total_load_time" : 0.0298731,
	"build_time" : 0.00949311,
	"wmc_time" : 0.000498056
}
