{"distribution": "nm", "edges": [["X", "Y"]], "root_params": ["X ~ B(0.8)"], "experiment": 4, "not_root_params": "P(Y|X) ~ N(6,2) if X = 0.0 and P(Y|X) ~ N(4,2) if X = 1.0", "sample_size": 500, "means": 5.6000000000000005, "disc_method": "EB", "bins": 12, "target_column": null, "CPT_method": "Bayespriors", "time_disc": 0.05237211100757122, "time_cnf": 0.16225246572867036, "time_VE": 0.0015159128233790398, "time_BP": 0.0036439672112464905, "RMSE": 0.02992610460620352, "WRMSE": 0.02184519283495803, "MAE": 0.026198173399027525, "PE": 22.06095540966094, "exact_EV": 5.6000000000000005, "disc_EV": 4.364586497058988, "Wass_scaled": 0.023956696280317463, "Wass_multi": 0.2691427656293923, "time_wass": 0.07703607901930809}