{"distribution": "nm", "edges": [["X", "Y"]], "root_params": ["X ~ B(0.8)"], "experiment": 4, "not_root_params": "P(Y|X) ~ N(6,2) if X = 0.0 and P(Y|X) ~ N(4,2) if X = 1.0", "sample_size": 500, "means": 5.6000000000000005, "disc_method": "EV", "bins": 25, "target_column": null, "CPT_method": "Bayespriors", "time_disc": 0.0459627159871161, "time_cnf": 0.009199023712426424, "time_VE": 0.0011848346330225468, "time_BP": 0.00424191216006875, "RMSE": 0.0011746045274740762, "WRMSE": 0.0008562068710548923, "MAE": 0.0010268097878056714, "PE": 22.060960717850033, "exact_EV": 5.6000000000000005, "disc_EV": 4.3645861998003985, "Wass_scaled": 0.05306371043686487, "Wass_multi": 0.12529351308352743, "time_wass": 0.08157225884497166}