{
	"nodecount" : 51,
	"peaknodes" : 53,
	"total_load_time" : 0.0459931,
	"build_time" : 0.00702405,
	"wmc_time" : 0.000490189
}
