{
	"nodecount" : 47,
	"peaknodes" : 47,
	"total_load_time" : 0.00914001,
	"build_time" : 0.00658011,
	"wmc_time" : 0.000456095
}
