{"distribution": "nm", "edges": [["X", "Y"]], "root_params": ["X ~ B(0.8)"], "experiment": 4, "not_root_params": "P(Y|X) ~ N(6,2) if X = 0.0 and P(Y|X) ~ N(4,2) if X = 1.0", "sample_size": 500, "means": 5.6000000000000005, "disc_method": "EV", "bins": 14, "target_column": null, "CPT_method": "Bayespriors", "time_disc": 0.04869460221379995, "time_cnf": 0.9236645391210914, "time_VE": 0.0014109183102846146, "time_BP": 0.0037998389452695847, "RMSE": 0.01827030650279015, "WRMSE": 0.013336812421514722, "MAE": 0.015994371266266683, "PE": 22.06093162039911, "exact_EV": 5.6000000000000005, "disc_EV": 4.36458782925765, "Wass_scaled": 0.07785968039780625, "Wass_multi": 0.2094433737478334, "time_wass": 0.08174309087917209}