{
	"nodecount" : 66,
	"peaknodes" : 67,
	"total_load_time" : 0.0114861,
	"build_time" : 0.008847,
	"wmc_time" : 0.000437021
}
