{
	"nodecount" : 75,
	"peaknodes" : 78,
	"total_load_time" : 0.0234561,
	"build_time" : 0.0118802,
	"wmc_time" : 0.000590086
}
