{
	"nodecount" : 31,
	"peaknodes" : 32,
	"total_load_time" : 0.00851798,
	"build_time" : 0.00367188,
	"wmc_time" : 0.000309944
}
