{"distribution": "nm", "edges": [["X", "Y"]], "root_params": ["X ~ B(0.8)"], "experiment": 4, "not_root_params": "P(Y|X) ~ N(6,2) if X = 0.0 and P(Y|X) ~ N(4,2) if X = 1.0", "sample_size": 500, "means": 5.6000000000000005, "disc_method": "EV", "bins": 10, "target_column": null, "CPT_method": "Bayespriors", "time_disc": 0.04161720909178257, "time_cnf": 0.6034768088720739, "time_VE": 0.0014713089913129807, "time_BP": 0.0037074568681418896, "RMSE": 0.0280316699861962, "WRMSE": 0.020463027589248284, "MAE": 0.02454059135643827, "PE": 22.06091535653119, "exact_EV": 5.6000000000000005, "disc_EV": 4.364588740034254, "Wass_scaled": 0.0951681568503346, "Wass_multi": 0.2909769313902468, "time_wass": 0.0816407292149961}