{
	"nodecount" : 71,
	"peaknodes" : 75,
	"total_load_time" : 0.016068,
	"build_time" : 0.0135429,
	"wmc_time" : 0.00077796
}
