{
	"nodecount" : 34,
	"peaknodes" : 34,
	"total_load_time" : 0.0228379,
	"build_time" : 0.00351405,
	"wmc_time" : 0.000343084
}
