{
	"nodecount" : 50,
	"peaknodes" : 51,
	"total_load_time" : 0.00971007,
	"build_time" : 0.00718093,
	"wmc_time" : 0.000468016
}
