{"distribution": "lg", "edges": [["A", "D"], ["B", "D"], ["D", "E"], ["C", "E"]], "root_params": "A ~ N(20,20) B ~ N(20,20) C ~ N(15,15)", "experiment": 122, "not_root_params": "D   ~   N ( 2 A + 3 B , 6 . 3 4 3 7 5 )   E   ~   N ( 3 C + 3 D , 6 . 3 4 3 7 5 )", "sample_size": 1941, "means": {"A": 20, "B": 20, "C": 15, "D": 100, "E": 345}, "disc_method": "EB", "bins": 14, "target_column": null, "CPT_method": "MLE", "time_disc": 0.11777719999372493, "time_cnf": 0.10953970000264235, "time_VE": 0.003192300006048754, "time_BP": 0.016959499989752658, "RMSE": 37.38679571559582, "WRMSE": 8.012277931705277, "MAE": 21.4341349069401, "PE": 0.1349246926266473, "exact_EV": 345, "disc_EV": 345.46549018956193, "Wass_scaled": 0.0578266450393489, "Wass_multi": 10.148995173645018, "time_wass": 1.777442599995993}