{"distribution": "lg", "edges": [["A", "D"], ["B", "D"], ["D", "E"], ["C", "E"]], "root_params": "A ~ N(20,20) B ~ N(20,20) C ~ N(15,15)", "experiment": 122, "not_root_params": "D   ~   N ( 2 A + 3 B , 6 . 3 4 3 7 5 )   E   ~   N ( 3 C + 3 D , 6 . 3 4 3 7 5 )", "sample_size": 1941, "means": {"A": 20, "B": 20, "C": 15, "D": 100, "E": 345}, "disc_method": "EV", "bins": 14, "target_column": null, "CPT_method": "MLE", "time_disc": 0.13616160000674427, "time_cnf": 0.09479570000257809, "time_VE": 0.0019073000003118068, "time_BP": 0.014597800007322803, "RMSE": 2.5911279002939325, "WRMSE": 2.5938423089366838, "MAE": 1.954749671517419, "PE": 0.10989380739468525, "exact_EV": 345, "disc_EV": 345.37913363551166, "Wass_scaled": 0.2511089389247075, "Wass_multi": 7.642134263507385, "time_wass": 1.916424700000789}