{
	"nodecount" : 5518,
	"peaknodes" : 5518,
	"total_load_time" : 0.355771,
	"build_time" : 0.240769,
	"wmc_time" : 0.00463605
}
