{"distribution": "lg", "edges": [["A", "D"], ["B", "D"], ["D", "E"], ["C", "E"]], "root_params": "A ~ N(20,20) B ~ N(20,20) C ~ N(15,15)", "experiment": 122, "not_root_params": "D   ~   N ( 2 A + 3 B , 6 . 3 4 3 7 5 )   E   ~   N ( 3 C + 3 D , 6 . 3 4 3 7 5 )", "sample_size": 1941, "means": {"A": 20, "B": 20, "C": 15, "D": 100, "E": 345}, "disc_method": "EB", "bins": 8, "target_column": null, "CPT_method": "MLE", "time_disc": 0.06661670608446002, "time_cnf": 2.040158344898373, "time_VE": 0.0030579580925405025, "time_BP": 0.011815208941698074, "RMSE": 17.494299978744834, "WRMSE": 5.394802237704897, "MAE": 11.315506866539863, "PE": 0.046694338430311094, "exact_EV": 345, "disc_EV": 345.1610954675846, "Wass_scaled": 0.096468333374872, "Wass_multi": 16.959775580639597, "time_wass": 1.644353874027729}