{"distribution": "lg", "edges": [["A", "D"], ["B", "D"], ["D", "E"], ["C", "E"]], "root_params": "A ~ N(20,20) B ~ N(20,20) C ~ N(15,15)", "experiment": 122, "not_root_params": "D   ~   N ( 2 A + 3 B , 6 . 3 4 3 7 5 )   E   ~   N ( 3 C + 3 D , 6 . 3 4 3 7 5 )", "sample_size": 1941, "means": {"A": 20, "B": 20, "C": 15, "D": 100, "E": 345}, "disc_method": "EV", "bins": 25, "target_column": null, "CPT_method": "MLE", "time_disc": 0.08169739414006472, "time_cnf": 1.4426767979748547, "time_VE": 0.0025468929670751095, "time_BP": 0.01140333665534854, "RMSE": 4.050785905419525, "WRMSE": 4.049583351126891, "MAE": 3.162363757426815, "PE": 0.0700631853076636, "exact_EV": 345, "disc_EV": 345.24171798931144, "Wass_scaled": 0.1924693032230464, "Wass_multi": 4.525202027705349, "time_wass": 1.669498585164547}