{
	"nodecount" : 3248,
	"peaknodes" : 3331,
	"total_load_time" : 0.344979,
	"build_time" : 0.217749,
	"wmc_time" : 0.00314617
}
