{
	"nodecount" : 78171,
	"peaknodes" : 83960,
	"total_load_time" : 7.94484,
	"build_time" : 7.23473,
	"wmc_time" : 0.025527
}
