{
	"nodecount" : 46871,
	"peaknodes" : 49222,
	"total_load_time" : 6.39805,
	"build_time" : 5.47371,
	"wmc_time" : 0.016952
}
