{"distribution": "lg", "edges": [["A", "D"], ["B", "D"], ["D", "E"], ["C", "E"]], "root_params": "A ~ N(20,20) B ~ N(20,20) C ~ N(15,15)", "experiment": 122, "not_root_params": "D   ~   N ( 2 A + 3 B , 6 . 3 4 3 7 5 )   E   ~   N ( 3 C + 3 D , 6 . 3 4 3 7 5 )", "sample_size": 1941, "means": {"A": 20, "B": 20, "C": 15, "D": 100, "E": 345}, "disc_method": "EB", "bins": 5, "target_column": null, "CPT_method": "MLE", "time_disc": 0.13157240000145976, "time_cnf": 0.006795499997679144, "time_VE": 0.003314500005217269, "time_BP": 0.014920000001438893, "RMSE": 18.724243152302314, "WRMSE": 9.106223068556734, "MAE": 15.259398176042236, "PE": 0.11336521737617014, "exact_EV": 345, "disc_EV": 345.3911099999478, "Wass_scaled": 0.16826522098641392, "Wass_multi": 24.927906072791632, "time_wass": 1.945063899998786}