{"distribution": "lg", "edges": [["A", "D"], ["B", "D"], ["D", "E"], ["C", "E"]], "root_params": "A ~ N(20,20) B ~ N(20,20) C ~ N(15,15)", "experiment": 122, "not_root_params": "D   ~   N ( 2 A + 3 B , 6 . 3 4 3 7 5 )   E   ~   N ( 3 C + 3 D , 6 . 3 4 3 7 5 )", "sample_size": 1941, "means": {"A": 20, "B": 20, "C": 15, "D": 100, "E": 345}, "disc_method": "MDLP", "bins": 2, "target_column": "E", "CPT_method": "MLE", "time_disc": 3.132327225059271, "time_cnf": 0.4394850190728903, "time_VE": 0.002678247168660164, "time_BP": 0.008636646904051304, "RMSE": 4.242607686825537, "WRMSE": 3.6400206005175453, "MAE": 3.255402643238483, "PE": 0.06462529173322237, "exact_EV": 345, "disc_EV": 345.2229572564796, "Wass_scaled": 0.42219414990738874, "Wass_multi": 7.534347615100636, "time_wass": 1.60703394562006}