{
	"nodecount" : 1142,
	"peaknodes" : 1203,
	"total_load_time" : 0.189188,
	"build_time" : 0.0769939,
	"wmc_time" : 0.00271606
}
