{"distribution": "lg", "edges": [["A", "D"], ["B", "D"], ["D", "E"], ["C", "E"]], "root_params": "A ~ N(20,20) B ~ N(20,20) C ~ N(15,15)", "experiment": 122, "not_root_params": "D   ~   N ( 2 A + 3 B , 6 . 3 4 3 7 5 )   E   ~   N ( 3 C + 3 D , 6 . 3 4 3 7 5 )", "sample_size": 1941, "means": {"A": 20, "B": 20, "C": 15, "D": 100, "E": 345}, "disc_method": "EV", "bins": 10, "target_column": null, "CPT_method": "MLE", "time_disc": 0.11975470000470523, "time_cnf": 0.03986150000127964, "time_VE": 0.0017838000057963654, "time_BP": 0.015636399999493733, "RMSE": 2.385782059810375, "WRMSE": 2.386177688944138, "MAE": 1.7714212145126056, "PE": 0.008327029390075963, "exact_EV": 345, "disc_EV": 345.02872825139576, "Wass_scaled": 0.2964495525338093, "Wass_multi": 10.131214215389635, "time_wass": 1.9643302000040421}