{
	"nodecount" : 23805,
	"peaknodes" : 24979,
	"total_load_time" : 2.70239,
	"build_time" : 2.37537,
	"wmc_time" : 0.00947905
}
