{
	"nodecount" : 59741,
	"peaknodes" : 63249,
	"total_load_time" : 11.3806,
	"build_time" : 10.2032,
	"wmc_time" : 0.015872,
	"wmc_value" : 1,
	"bn_to_cnf_time" : 0.882393
}
