{
	"nodecount" : 45873,
	"peaknodes" : 46486,
	"total_load_time" : 3.46819,
	"build_time" : 3.28219,
	"wmc_time" : 0.014962
}
