{
	"nodecount" : 59741,
	"peaknodes" : 63249,
	"total_load_time" : 9.04758,
	"build_time" : 8.0336,
	"wmc_time" : 0.0233688
}
