{"distribution": "lg", "edges": [["A", "D"], ["B", "D"], ["D", "E"], ["C", "E"]], "root_params": "A ~ N(20,20) B ~ N(20,20) C ~ N(15,15)", "experiment": 122, "not_root_params": "D   ~   N ( 2 A + 3 B , 6 . 3 4 3 7 5 )   E   ~   N ( 3 C + 3 D , 6 . 3 4 3 7 5 )", "sample_size": 1941, "means": {"A": 20, "B": 20, "C": 15, "D": 100, "E": 345}, "disc_method": "EB", "bins": 25, "target_column": null, "CPT_method": "MLE", "time_disc": 0.11347778793424368, "time_cnf": 1.647466640919447, "time_VE": 0.0029321028850972652, "time_BP": 0.01330521795898676, "RMSE": 48.72372974557774, "WRMSE": 11.53761655058217, "MAE": 30.807557837786746, "PE": 0.07555876519305733, "exact_EV": 345, "disc_EV": 345.26067773991605, "Wass_scaled": 0.03030362686315266, "Wass_multi": 5.513336846034568, "time_wass": 1.474586803931743}