{
	"nodecount" : 5518,
	"peaknodes" : 5518,
	"total_load_time" : 0.496421,
	"build_time" : 0.466308,
	"wmc_time" : 0.00514603,
	"wmc_value" : 1,
	"bn_to_cnf_time" : 0.0126364
}
