{
	"nodecount" : 60094,
	"peaknodes" : 62406,
	"total_load_time" : 4.33593,
	"build_time" : 3.85262,
	"wmc_time" : 0.0182328
}
