{
	"nodecount" : 10003,
	"peaknodes" : 10366,
	"total_load_time" : 1.02795,
	"build_time" : 0.874861,
	"wmc_time" : 0.00572991
}
