{
	"nodecount" : 6437,
	"peaknodes" : 6808,
	"total_load_time" : 1.52614,
	"build_time" : 1.47204,
	"wmc_time" : 0.00529599,
	"wmc_value" : 1,
	"bn_to_cnf_time" : 0.0283823
}
