{
	"nodecount" : 12078,
	"peaknodes" : 12180,
	"total_load_time" : 0.800403,
	"build_time" : 0.682411,
	"wmc_time" : 0.00634098
}
