{"distribution": "lg", "edges": [["A", "D"], ["B", "D"], ["D", "E"], ["C", "E"]], "root_params": "A ~ N(20,20) B ~ N(20,20) C ~ N(15,15)", "experiment": 122, "not_root_params": "D   ~   N ( 2 A + 3 B , 6 . 3 4 3 7 5 )   E   ~   N ( 3 C + 3 D , 6 . 3 4 3 7 5 )", "sample_size": 1941, "means": {"A": 20, "B": 20, "C": 15, "D": 100, "E": 345}, "disc_method": "EV", "bins": 10, "target_column": null, "CPT_method": "MLE", "time_disc": 0.06555972807109356, "time_cnf": 1.3215681281872094, "time_VE": 0.0022563058882951736, "time_BP": 0.009122525341808796, "RMSE": 2.385782059810348, "WRMSE": 2.3861776889441106, "MAE": 1.7714212145125827, "PE": 0.008327029390075963, "exact_EV": 345, "disc_EV": 345.02872825139576, "Wass_scaled": 0.2964495525338093, "Wass_multi": 10.131214215389635, "time_wass": 1.63009033491835}