{
	"nodecount" : 1400,
	"peaknodes" : 1484,
	"total_load_time" : 0.459188,
	"build_time" : 0.0714591,
	"wmc_time" : 0.00264597
}
