{"distribution": "lg", "edges": [["A", "D"], ["B", "D"], ["D", "E"], ["C", "E"]], "root_params": "A ~ N(20,20) B ~ N(20,20) C ~ N(15,15)", "experiment": 122, "not_root_params": "D   ~   N ( 2 A + 3 B , 6 . 3 4 3 7 5 )   E   ~   N ( 3 C + 3 D , 6 . 3 4 3 7 5 )", "sample_size": 1941, "means": {"A": 20, "B": 20, "C": 15, "D": 100, "E": 345}, "disc_method": "EV", "bins": 12, "target_column": null, "CPT_method": "MLE", "time_disc": 0.06905299006029963, "time_cnf": 7.430107181891799, "time_VE": 0.0033436650410294533, "time_BP": 0.008748958352953196, "RMSE": 2.4234146491280724, "WRMSE": 2.4249456095801887, "MAE": 1.5255572894794984, "PE": 0.04559393937933751, "exact_EV": 345, "disc_EV": 345.1572990908587, "Wass_scaled": 0.2700675094747829, "Wass_multi": 8.586437252335283, "time_wass": 1.728792179375887}