{
	"nodecount" : 13532,
	"peaknodes" : 14196,
	"total_load_time" : 1.45623,
	"build_time" : 1.24817,
	"wmc_time" : 0.00796294
}
