{"distribution": "lg", "edges": [["A", "D"], ["B", "D"], ["D", "E"], ["C", "E"]], "root_params": "A ~ N(20,20) B ~ N(20,20) C ~ N(15,15)", "experiment": 122, "not_root_params": "D   ~   N ( 2 A + 3 B , 6 . 3 4 3 7 5 )   E   ~   N ( 3 C + 3 D , 6 . 3 4 3 7 5 )", "sample_size": 1941, "means": {"A": 20, "B": 20, "C": 15, "D": 100, "E": 345}, "disc_method": "EB", "bins": 20, "target_column": null, "CPT_method": "MLE", "time_disc": 0.12141960000735708, "time_cnf": 0.2597340000065742, "time_VE": 0.0018908999918494374, "time_BP": 0.020240500001818873, "RMSE": 44.72449661010534, "WRMSE": 9.565962125851598, "MAE": 26.818263663267658, "PE": 0.01656543737041922, "exact_EV": 345, "disc_EV": 345.05715075892795, "Wass_scaled": 0.037407161394704055, "Wass_multi": 6.9110037902717, "time_wass": 2.0159867000038503}