{"distribution": "lg", "edges": [["A", "D"], ["B", "D"], ["D", "E"], ["C", "E"]], "root_params": "A ~ N(20,20) B ~ N(20,20) C ~ N(15,15)", "experiment": 122, "not_root_params": "D   ~   N ( 2 A + 3 B , 6 . 3 4 3 7 5 )   E   ~   N ( 3 C + 3 D , 6 . 3 4 3 7 5 )", "sample_size": 1941, "means": {"A": 20, "B": 20, "C": 15, "D": 100, "E": 345}, "disc_method": "EB", "bins": 30, "target_column": null, "CPT_method": "MLE", "time_disc": 0.14259459999448154, "time_cnf": 1.0868918000051053, "time_VE": 0.003481599997030571, "time_BP": 0.020416500003193505, "RMSE": 49.09412136370209, "WRMSE": 13.997463747680856, "MAE": 31.91423119382412, "PE": 0.15399072728536853, "exact_EV": 345, "disc_EV": 345.5312680091345, "Wass_scaled": 0.026339339628885898, "Wass_multi": 4.592551712024488, "time_wass": 1.8775563999952283}