{"distribution": "lg", "edges": [["A", "D"], ["B", "D"], ["D", "E"], ["C", "E"]], "root_params": "A ~ N(20,20) B ~ N(20,20) C ~ N(15,15)", "experiment": 122, "not_root_params": "D   ~   N ( 2 A + 3 B , 6 . 3 4 3 7 5 )   E   ~   N ( 3 C + 3 D , 6 . 3 4 3 7 5 )", "sample_size": 1941, "means": {"A": 20, "B": 20, "C": 15, "D": 100, "E": 345}, "disc_method": "EB", "bins": 12, "target_column": null, "CPT_method": "MLE", "time_disc": 0.1346958999929484, "time_cnf": 0.067511100001866, "time_VE": 0.002803800001856871, "time_BP": 0.015166299999691546, "RMSE": 36.83288757583022, "WRMSE": 7.485436154519532, "MAE": 20.303990224373187, "PE": 0.15744752764392259, "exact_EV": 345, "disc_EV": 344.45680602962847, "Wass_scaled": 0.06523770436876704, "Wass_multi": 11.73314607985518, "time_wass": 1.811729799999739}