{"distribution": "lg", "edges": [["A", "D"], ["B", "D"], ["D", "E"], ["C", "E"]], "root_params": "A ~ N(20,20) B ~ N(20,20) C ~ N(15,15)", "experiment": 124, "not_root_params": "D   ~   N ( 2 A + 3 B , 8 . 5 9 3 7 5 )   E   ~   N ( 3 C + 3 D , 8 . 5 9 3 7 5 )", "sample_size": 516, "means": {"A": 20, "B": 20, "C": 15, "D": 100, "E": 345}, "disc_method": "EB", "bins": 12, "target_column": null, "CPT_method": "Bayespriors", "time_disc": 0.17313569999532774, "time_cnf": 0.050050899997586384, "time_VE": 0.0014679000014439225, "time_BP": 0.00976000000082422, "RMSE": 47.27519967775043, "WRMSE": 18.867005812676535, "MAE": 33.533023182876185, "PE": 0.9680777586465964, "exact_EV": 345, "disc_EV": 341.66013173266924, "Wass_scaled": 0.0703994471185692, "Wass_multi": 11.60587936590156, "time_wass": 0.18205550000129733}