{"distribution": "lg", "edges": [["A", "D"], ["B", "D"], ["D", "E"], ["C", "E"]], "root_params": "A ~ N(20,20) B ~ N(20,20) C ~ N(15,15)", "experiment": 124, "not_root_params": "D   ~   N ( 2 A + 3 B , 8 . 5 9 3 7 5 )   E   ~   N ( 3 C + 3 D , 8 . 5 9 3 7 5 )", "sample_size": 516, "means": {"A": 20, "B": 20, "C": 15, "D": 100, "E": 345}, "disc_method": "EV", "bins": 20, "target_column": null, "CPT_method": "Bayespriors", "time_disc": 0.10490661906078458, "time_cnf": 1.0398456738330424, "time_VE": 0.0013181399554014206, "time_BP": 0.006612732075154781, "RMSE": 25.3793935123625, "WRMSE": 25.42616211140982, "MAE": 20.63165879853245, "PE": 1.711040570740523, "exact_EV": 345, "disc_EV": 339.0969100309452, "Wass_scaled": 0.17812841971041088, "Wass_multi": 6.496819143563046, "time_wass": 0.20411744667217135}