{
	"nodecount" : 15988,
	"peaknodes" : 18876,
	"total_load_time" : 2.52963,
	"build_time" : 2.20625,
	"wmc_time" : 0.0038209
}
