{"distribution": "lg", "edges": [["A", "D"], ["B", "D"], ["D", "E"], ["C", "E"]], "root_params": "A ~ N(20,20) B ~ N(20,20) C ~ N(15,15)", "experiment": 124, "not_root_params": "D   ~   N ( 2 A + 3 B , 8 . 5 9 3 7 5 )   E   ~   N ( 3 C + 3 D , 8 . 5 9 3 7 5 )", "sample_size": 516, "means": {"A": 20, "B": 20, "C": 15, "D": 100, "E": 345}, "disc_method": "EB", "bins": 8, "target_column": null, "CPT_method": "Bayespriors", "time_disc": 0.0928616737946868, "time_cnf": 0.18842299096286297, "time_VE": 0.0011598733253777027, "time_BP": 0.004751686006784439, "RMSE": 26.83968657394167, "WRMSE": 11.90978315088391, "MAE": 19.709821247080882, "PE": 0.9764538654229269, "exact_EV": 345, "disc_EV": 341.6312341642909, "Wass_scaled": 0.10567313043771082, "Wass_multi": 16.999601355510883, "time_wass": 0.19632733007892966}