{"distribution": "lg", "edges": [["A", "D"], ["B", "D"], ["D", "E"], ["C", "E"]], "root_params": "A ~ N(20,20) B ~ N(20,20) C ~ N(15,15)", "experiment": 124, "not_root_params": "D   ~   N ( 2 A + 3 B , 8 . 5 9 3 7 5 )   E   ~   N ( 3 C + 3 D , 8 . 5 9 3 7 5 )", "sample_size": 516, "means": {"A": 20, "B": 20, "C": 15, "D": 100, "E": 345}, "disc_method": "EB", "bins": 5, "target_column": null, "CPT_method": "Bayespriors", "time_disc": 0.15099480000208132, "time_cnf": 0.01091729999461677, "time_VE": 0.0013854999997420236, "time_BP": 0.0076609999960055575, "RMSE": 21.04675680895415, "WRMSE": 9.966368396553884, "MAE": 16.95887630517607, "PE": 1.2854799178768992, "exact_EV": 345, "disc_EV": 340.5650942833247, "Wass_scaled": 0.1754790699293305, "Wass_multi": 26.458604298973835, "time_wass": 0.1770983000023989}