{"distribution": "lg", "edges": [["A", "D"], ["B", "D"], ["D", "E"], ["C", "E"]], "root_params": "A ~ N(20,20) B ~ N(20,20) C ~ N(15,15)", "experiment": 124, "not_root_params": "D   ~   N ( 2 A + 3 B , 8 . 5 9 3 7 5 )   E   ~   N ( 3 C + 3 D , 8 . 5 9 3 7 5 )", "sample_size": 516, "means": {"A": 20, "B": 20, "C": 15, "D": 100, "E": 345}, "disc_method": "EB", "bins": 30, "target_column": null, "CPT_method": "Bayespriors", "time_disc": 0.13142848387360573, "time_cnf": 5.728714731056243, "time_VE": 0.0016258778050541878, "time_BP": 0.0091048670001328, "RMSE": 79.63190210656333, "WRMSE": 37.42832228960678, "MAE": 64.44803364221347, "PE": 2.6135130169616922, "exact_EV": 345, "disc_EV": 335.98338009148216, "Wass_scaled": 0.023899513419773734, "Wass_multi": 4.5570324612560045, "time_wass": 0.16769482009112835}