{
	"nodecount" : 7253,
	"peaknodes" : 7711,
	"total_load_time" : 0.728854,
	"build_time" : 0.60759,
	"wmc_time" : 0.00305295
}
