{"distribution": "lg", "edges": [["A", "D"], ["B", "D"], ["D", "E"], ["C", "E"]], "root_params": "A ~ N(20,20) B ~ N(20,20) C ~ N(15,15)", "experiment": 124, "not_root_params": "D   ~   N ( 2 A + 3 B , 8 . 5 9 3 7 5 )   E   ~   N ( 3 C + 3 D , 8 . 5 9 3 7 5 )", "sample_size": 516, "means": {"A": 20, "B": 20, "C": 15, "D": 100, "E": 345}, "disc_method": "EV", "bins": 8, "target_column": null, "CPT_method": "Bayespriors", "time_disc": 0.0954042267985642, "time_cnf": 0.2982872240245342, "time_VE": 0.0012073451653122902, "time_BP": 0.004824274219572544, "RMSE": 6.6133906093765455, "WRMSE": 6.623975905845428, "MAE": 5.580189854019274, "PE": 1.1045759758068292, "exact_EV": 345, "disc_EV": 341.18921288346644, "Wass_scaled": 0.29465476131588453, "Wass_multi": 14.631117007741176, "time_wass": 0.2106523048132658}