{"distribution": "lg", "edges": [["A", "D"], ["B", "D"], ["D", "E"], ["C", "E"]], "root_params": "A ~ N(20,20) B ~ N(20,20) C ~ N(15,15)", "experiment": 124, "not_root_params": "D   ~   N ( 2 A + 3 B , 8 . 5 9 3 7 5 )   E   ~   N ( 3 C + 3 D , 8 . 5 9 3 7 5 )", "sample_size": 516, "means": {"A": 20, "B": 20, "C": 15, "D": 100, "E": 345}, "disc_method": "MDLP", "bins": 2, "target_column": "E", "CPT_method": "Bayespriors", "time_disc": 0.4784952737390995, "time_cnf": 0.8447646801359951, "time_VE": 0.0014137867838144302, "time_BP": 0.0060210321098566055, "RMSE": 8.30786403331074, "WRMSE": 8.263308961327203, "MAE": 6.925369922595976, "PE": 0.8843061058017329, "exact_EV": 345, "disc_EV": 341.949143934984, "Wass_scaled": 0.4154403526877696, "Wass_multi": 9.596094902240166, "time_wass": 0.20157300680875778}