{"distribution": "lg", "edges": [["A", "D"], ["B", "D"], ["D", "E"], ["C", "E"]], "root_params": "A ~ N(20,20) B ~ N(20,20) C ~ N(15,15)", "experiment": 124, "not_root_params": "D   ~   N ( 2 A + 3 B , 8 . 5 9 3 7 5 )   E   ~   N ( 3 C + 3 D , 8 . 5 9 3 7 5 )", "sample_size": 516, "means": {"A": 20, "B": 20, "C": 15, "D": 100, "E": 345}, "disc_method": "EV", "bins": 17, "target_column": null, "CPT_method": "Bayespriors", "time_disc": 0.18004550000478048, "time_cnf": 0.13903150000260212, "time_VE": 0.0032190000056289136, "time_BP": 0.007293400005437434, "RMSE": 19.27553267922638, "WRMSE": 19.347344021460515, "MAE": 15.126011193747665, "PE": 0.938444508733878, "exact_EV": 345, "disc_EV": 341.7623664448681, "Wass_scaled": 0.19522652974295657, "Wass_multi": 7.513994067572092, "time_wass": 0.17820010001014452}