{"distribution": "lg", "edges": [["A", "D"], ["B", "D"], ["D", "E"], ["C", "E"]], "root_params": "A ~ N(20,20) B ~ N(20,20) C ~ N(15,15)", "experiment": 124, "not_root_params": "D   ~   N ( 2 A + 3 B , 8 . 5 9 3 7 5 )   E   ~   N ( 3 C + 3 D , 8 . 5 9 3 7 5 )", "sample_size": 516, "means": {"A": 20, "B": 20, "C": 15, "D": 100, "E": 345}, "disc_method": "EV", "bins": 5, "target_column": null, "CPT_method": "Bayespriors", "time_disc": 0.09159025177359581, "time_cnf": 0.2284041722305119, "time_VE": 0.0011633378453552723, "time_BP": 0.004810190759599209, "RMSE": 6.001734589429653, "WRMSE": 6.004731002550885, "MAE": 5.046767196288852, "PE": 1.3521979810386349, "exact_EV": 345, "disc_EV": 340.3349169654167, "Wass_scaled": 0.39601075109552486, "Wass_multi": 21.58642842589985, "time_wass": 0.21669415989890695}