{
	"nodecount" : 4444,
	"peaknodes" : 4444,
	"total_load_time" : 0.313893,
	"build_time" : 0.17063,
	"wmc_time" : 0.00253487
}
