{
	"nodecount" : 9240,
	"peaknodes" : 10092,
	"total_load_time" : 1.00111,
	"build_time" : 0.845492,
	"wmc_time" : 0.0034759
}
