{"distribution": "lg", "edges": [["A", "D"], ["B", "D"], ["D", "E"], ["C", "E"]], "root_params": "A ~ N(20,20) B ~ N(20,20) C ~ N(15,15)", "experiment": 124, "not_root_params": "D   ~   N ( 2 A + 3 B , 8 . 5 9 3 7 5 )   E   ~   N ( 3 C + 3 D , 8 . 5 9 3 7 5 )", "sample_size": 516, "means": {"A": 20, "B": 20, "C": 15, "D": 100, "E": 345}, "disc_method": "EB", "bins": 20, "target_column": null, "CPT_method": "Bayespriors", "time_disc": 0.11030081287026405, "time_cnf": 1.0382432416081429, "time_VE": 0.001338799949735403, "time_BP": 0.006345725152641535, "RMSE": 71.1389872654975, "WRMSE": 29.14128974953768, "MAE": 53.88817207696544, "PE": 1.753310122577514, "exact_EV": 345, "disc_EV": 338.9510800771076, "Wass_scaled": 0.03365675297697706, "Wass_multi": 6.726853867939064, "time_wass": 0.1755294189788401}