{"distribution": "lg", "edges": [["A", "D"], ["B", "D"], ["D", "E"], ["C", "E"]], "root_params": "A ~ N(20,20) B ~ N(20,20) C ~ N(15,15)", "experiment": 124, "not_root_params": "D   ~   N ( 2 A + 3 B , 8 . 5 9 3 7 5 )   E   ~   N ( 3 C + 3 D , 8 . 5 9 3 7 5 )", "sample_size": 516, "means": {"A": 20, "B": 20, "C": 15, "D": 100, "E": 345}, "disc_method": "EV", "bins": 30, "target_column": null, "CPT_method": "Bayespriors", "time_disc": 0.13278336031362414, "time_cnf": 5.405471951700747, "time_VE": 0.001643069088459015, "time_BP": 0.009641360025852919, "RMSE": 40.27171667505455, "WRMSE": 40.47193218026345, "MAE": 32.072788262826386, "PE": 0.9912013535893369, "exact_EV": 345, "disc_EV": 341.5803553301168, "Wass_scaled": 0.1482646106381419, "Wass_multi": 4.750397365708987, "time_wass": 0.22897966299206018}