{
	"nodecount" : 13383,
	"peaknodes" : 14626,
	"total_load_time" : 1.94656,
	"build_time" : 1.49522,
	"wmc_time" : 0.00388813
}
