{
	"nodecount" : 14548,
	"peaknodes" : 19401,
	"total_load_time" : 9.74357,
	"build_time" : 8.4671,
	"wmc_time" : 0.00495505,
	"wmc_value" : 1,
	"bn_to_cnf_time" : 0.659515
}
