{
	"nodecount" : 5427,
	"peaknodes" : 5804,
	"total_load_time" : 0.494436,
	"build_time" : 0.408301,
	"wmc_time" : 0.00266099
}
