{"distribution": "lg", "edges": [["A", "D"], ["B", "D"], ["D", "E"], ["C", "E"]], "root_params": "A ~ N(20,20) B ~ N(20,20) C ~ N(15,15)", "experiment": 124, "not_root_params": "D   ~   N ( 2 A + 3 B , 8 . 5 9 3 7 5 )   E   ~   N ( 3 C + 3 D , 8 . 5 9 3 7 5 )", "sample_size": 516, "means": {"A": 20, "B": 20, "C": 15, "D": 100, "E": 345}, "disc_method": "EB", "bins": 17, "target_column": null, "CPT_method": "Bayespriors", "time_disc": 0.10389761812984943, "time_cnf": 0.2847811058163643, "time_VE": 0.0013666898012161255, "time_BP": 0.0061497557908296585, "RMSE": 65.09021289604115, "WRMSE": 25.262177740201025, "MAE": 47.15118989416406, "PE": 2.319787190227557, "exact_EV": 345, "disc_EV": 336.99673419371493, "Wass_scaled": 0.04219126280829944, "Wass_multi": 8.125728890639378, "time_wass": 0.17358794901520014}