{
	"nodecount" : 16420,
	"peaknodes" : 18099,
	"total_load_time" : 2.48208,
	"build_time" : 2.14974,
	"wmc_time" : 0.00441003
}
