{"distribution": "lg", "edges": [["A", "D"], ["B", "D"], ["D", "E"], ["C", "E"]], "root_params": "A ~ N(20,20) B ~ N(20,20) C ~ N(15,15)", "experiment": 124, "not_root_params": "D   ~   N ( 2 A + 3 B , 8 . 5 9 3 7 5 )   E   ~   N ( 3 C + 3 D , 8 . 5 9 3 7 5 )", "sample_size": 516, "means": {"A": 20, "B": 20, "C": 15, "D": 100, "E": 345}, "disc_method": "EB", "bins": 14, "target_column": null, "CPT_method": "Bayespriors", "time_disc": 0.15848769999865908, "time_cnf": 0.07667090000177268, "time_VE": 0.0014586999895982444, "time_BP": 0.006135100004030392, "RMSE": 56.15388734875203, "WRMSE": 21.266620755597128, "MAE": 40.18577889617764, "PE": 1.6464299440771473, "exact_EV": 345, "disc_EV": 339.31981669293384, "Wass_scaled": 0.061543525334256215, "Wass_multi": 9.533369462033354, "time_wass": 0.1891524000093341}