{"distribution": "lg", "edges": [["A", "D"], ["B", "D"], ["D", "E"], ["C", "E"]], "root_params": "A ~ N(20,20) B ~ N(20,20) C ~ N(15,15)", "experiment": 124, "not_root_params": "D   ~   N ( 2 A + 3 B , 8 . 5 9 3 7 5 )   E   ~   N ( 3 C + 3 D , 8 . 5 9 3 7 5 )", "sample_size": 516, "means": {"A": 20, "B": 20, "C": 15, "D": 100, "E": 345}, "disc_method": "EV", "bins": 30, "target_column": null, "CPT_method": "Bayespriors", "time_disc": 0.18303490000835154, "time_cnf": 0.8138073000009172, "time_VE": 0.0029196999967098236, "time_BP": 0.014889800004311837, "RMSE": 40.27171667505455, "WRMSE": 40.471932180263444, "MAE": 32.07278826282638, "PE": 0.9912013535893369, "exact_EV": 345, "disc_EV": 341.5803553301168, "Wass_scaled": 0.1482646106381419, "Wass_multi": 4.750397365708987, "time_wass": 0.21763500000815839}