{
	"nodecount" : 12987,
	"peaknodes" : 14289,
	"total_load_time" : 0.993094,
	"build_time" : 0.921828,
	"wmc_time" : 0.00376892
}
