{"distribution": "lg", "edges": [["A", "D"], ["B", "D"], ["D", "E"], ["C", "E"]], "root_params": "A ~ N(20,20) B ~ N(20,20) C ~ N(15,15)", "experiment": 124, "not_root_params": "D   ~   N ( 2 A + 3 B , 8 . 5 9 3 7 5 )   E   ~   N ( 3 C + 3 D , 8 . 5 9 3 7 5 )", "sample_size": 516, "means": {"A": 20, "B": 20, "C": 15, "D": 100, "E": 345}, "disc_method": "EB", "bins": 10, "target_column": null, "CPT_method": "Bayespriors", "time_disc": 0.09640131518244743, "time_cnf": 0.285007334779948, "time_VE": 0.0012027779594063759, "time_BP": 0.00494084507226944, "RMSE": 45.63965444544687, "WRMSE": 14.683023541826053, "MAE": 28.320890587850805, "PE": 1.5942574422940916, "exact_EV": 345, "disc_EV": 339.4998118240854, "Wass_scaled": 0.08622744784660052, "Wass_multi": 13.2416726493979, "time_wass": 0.20112597476691008}