{
	"nodecount" : 9240,
	"peaknodes" : 10092,
	"total_load_time" : 1.7831,
	"build_time" : 1.70275,
	"wmc_time" : 0.00443697,
	"wmc_value" : 1,
	"bn_to_cnf_time" : 0.0581377
}
