{"distribution": "lg", "edges": [["A", "D"], ["B", "D"], ["D", "E"], ["C", "E"]], "root_params": "A ~ N(20,20) B ~ N(20,20) C ~ N(15,15)", "experiment": 124, "not_root_params": "D   ~   N ( 2 A + 3 B , 8 . 5 9 3 7 5 )   E   ~   N ( 3 C + 3 D , 8 . 5 9 3 7 5 )", "sample_size": 516, "means": {"A": 20, "B": 20, "C": 15, "D": 100, "E": 345}, "disc_method": "EB", "bins": 12, "target_column": null, "CPT_method": "Bayespriors", "time_disc": 0.09665874391794205, "time_cnf": 0.3186059179715812, "time_VE": 0.0012166169472038746, "time_BP": 0.005175687838345766, "RMSE": 47.275199677750436, "WRMSE": 18.86700581267655, "MAE": 33.5330231828762, "PE": 0.9680777586465964, "exact_EV": 345, "disc_EV": 341.66013173266924, "Wass_scaled": 0.0703994471185692, "Wass_multi": 11.60587936590156, "time_wass": 0.20885177422314882}