{
	"nodecount" : 8344,
	"peaknodes" : 8648,
	"total_load_time" : 1.05681,
	"build_time" : 1.00465,
	"wmc_time" : 0.00668597,
	"wmc_value" : 1,
	"bn_to_cnf_time" : 0.0218923
}
