{"distribution": "lg", "edges": [["A", "D"], ["B", "D"], ["D", "E"], ["C", "E"]], "root_params": "A ~ N(20,20) B ~ N(20,20) C ~ N(15,15)", "experiment": 124, "not_root_params": "D   ~   N ( 2 A + 3 B , 8 . 5 9 3 7 5 )   E   ~   N ( 3 C + 3 D , 8 . 5 9 3 7 5 )", "sample_size": 516, "means": {"A": 20, "B": 20, "C": 15, "D": 100, "E": 345}, "disc_method": "EB", "bins": 25, "target_column": null, "CPT_method": "Bayespriors", "time_disc": 0.17551640000601765, "time_cnf": 0.4150135000090813, "time_VE": 0.0016179000085685402, "time_BP": 0.010065700000268407, "RMSE": 74.92441838437567, "WRMSE": 33.369884366223445, "MAE": 58.991460401082705, "PE": 3.0132852785798447, "exact_EV": 345, "disc_EV": 334.60416578889954, "Wass_scaled": 0.027342234052501534, "Wass_multi": 5.410402645754815, "time_wass": 0.18864800001028925}