{
	"nodecount" : 1636,
	"peaknodes" : 1636,
	"total_load_time" : 1.66386,
	"build_time" : 1.56102,
	"wmc_time" : 0.00318885,
	"wmc_value" : 1,
	"bn_to_cnf_time" : 0.06126
}
