{
	"nodecount" : 24755,
	"peaknodes" : 25863,
	"total_load_time" : 3.17148,
	"build_time" : 1.83984,
	"wmc_time" : 0.00555301
}
