{
	"nodecount" : 70489,
	"peaknodes" : 76896,
	"total_load_time" : 4.09112,
	"build_time" : 3.56326,
	"wmc_time" : 0.012897
}
