{
	"nodecount" : 1636,
	"peaknodes" : 1636,
	"total_load_time" : 0.789717,
	"build_time" : 0.708272,
	"wmc_time" : 0.00192094
}
