{
	"nodecount" : 19678,
	"peaknodes" : 19678,
	"total_load_time" : 0.93113,
	"build_time" : 0.818109,
	"wmc_time" : 0.00563502
}
