{
	"nodecount" : 46602,
	"peaknodes" : 47147,
	"total_load_time" : 2.27513,
	"build_time" : 2.02083,
	"wmc_time" : 0.00889111
}
