{"distribution": "lg", "edges": [["A", "D"], ["B", "D"], ["D", "E"], ["C", "E"]], "root_params": "A ~ N(20,20) B ~ N(20,20) C ~ N(15,15)", "experiment": 114, "not_root_params": "D   ~   N ( 2 A + 3 B , 7 . 1 8 7 5 )   E   ~   N ( 3 C + 3 D , 7 . 1 8 7 5 )", "sample_size": 1644, "means": {"A": 20, "B": 20, "C": 15, "D": 100, "E": 345}, "disc_method": "EB", "bins": 10, "target_column": null, "CPT_method": "Bayespriors", "time_disc": 0.09671391919255257, "time_cnf": 0.17879744013771415, "time_VE": 0.0012122830376029015, "time_BP": 0.004914692137390375, "RMSE": 30.89278904049784, "WRMSE": 6.877111774926354, "MAE": 16.916894817110343, "PE": 0.1320203867332263, "exact_EV": 345, "disc_EV": 344.54452966577037, "Wass_scaled": 0.0762314460920114, "Wass_multi": 13.597232749937131, "time_wass": 0.8516907626762986}