{"distribution": "lg", "edges": [["A", "D"], ["B", "D"], ["D", "E"], ["C", "E"]], "root_params": "A ~ N(20,20) B ~ N(20,20) C ~ N(15,15)", "experiment": 114, "not_root_params": "D   ~   N ( 2 A + 3 B , 7 . 1 8 7 5 )   E   ~   N ( 3 C + 3 D , 7 . 1 8 7 5 )", "sample_size": 1644, "means": {"A": 20, "B": 20, "C": 15, "D": 100, "E": 345}, "disc_method": "EB", "bins": 12, "target_column": null, "CPT_method": "Bayespriors", "time_disc": 0.10175106395035982, "time_cnf": 0.3444256638176739, "time_VE": 0.0012638629414141178, "time_BP": 0.005139406304806471, "RMSE": 38.381955580910265, "WRMSE": 7.426371550549292, "MAE": 20.782995105048794, "PE": 0.3731771634431221, "exact_EV": 345, "disc_EV": 343.71253878612123, "Wass_scaled": 0.06960521029377699, "Wass_multi": 11.549072495333402, "time_wass": 0.8657830399461091}