{"distribution": "lg", "edges": [["A", "D"], ["B", "D"], ["D", "E"], ["C", "E"]], "root_params": "A ~ N(20,20) B ~ N(20,20) C ~ N(15,15)", "experiment": 114, "not_root_params": "D   ~   N ( 2 A + 3 B , 7 . 1 8 7 5 )   E   ~   N ( 3 C + 3 D , 7 . 1 8 7 5 )", "sample_size": 1644, "means": {"A": 20, "B": 20, "C": 15, "D": 100, "E": 345}, "disc_method": "EV", "bins": 25, "target_column": null, "CPT_method": "Bayespriors", "time_disc": 0.11460669105872512, "time_cnf": 2.9187449291348457, "time_VE": 0.0015041478909552097, "time_BP": 0.008197891991585493, "RMSE": 7.029817700773652, "WRMSE": 7.0360953540588875, "MAE": 5.43900242705445, "PE": 0.3023630186516644, "exact_EV": 345, "disc_EV": 343.95684758565176, "Wass_scaled": 0.17489003670662057, "Wass_multi": 5.248396545144182, "time_wass": 0.9096666630357504}