{"distribution": "lg", "edges": [["A", "D"], ["B", "D"], ["D", "E"], ["C", "E"]], "root_params": "A ~ N(20,20) B ~ N(20,20) C ~ N(15,15)", "experiment": 114, "not_root_params": "D   ~   N ( 2 A + 3 B , 7 . 1 8 7 5 )   E   ~   N ( 3 C + 3 D , 7 . 1 8 7 5 )", "sample_size": 1644, "means": {"A": 20, "B": 20, "C": 15, "D": 100, "E": 345}, "disc_method": "EV", "bins": 12, "target_column": null, "CPT_method": "Bayespriors", "time_disc": 0.09613122325390577, "time_cnf": 0.3399856830947101, "time_VE": 0.0012102439068257809, "time_BP": 0.005101497285068035, "RMSE": 2.8033982721502344, "WRMSE": 2.8033982721502344, "MAE": 2.259643434885708, "PE": 0.20008312326657082, "exact_EV": 345, "disc_EV": 344.30971322473033, "Wass_scaled": 0.2501093738414296, "Wass_multi": 9.88670124358, "time_wass": 0.9247483811341226}