{"distribution": "lg", "edges": [["A", "D"], ["B", "D"], ["D", "E"], ["C", "E"]], "root_params": "A ~ N(20,20) B ~ N(20,20) C ~ N(15,15)", "experiment": 114, "not_root_params": "D   ~   N ( 2 A + 3 B , 7 . 1 8 7 5 )   E   ~   N ( 3 C + 3 D , 7 . 1 8 7 5 )", "sample_size": 1644, "means": {"A": 20, "B": 20, "C": 15, "D": 100, "E": 345}, "disc_method": "EB", "bins": 14, "target_column": null, "CPT_method": "Bayespriors", "time_disc": 0.09969287365674973, "time_cnf": 0.35715744318440557, "time_VE": 0.0012782411649823189, "time_BP": 0.005405404604971409, "RMSE": 41.746650689413435, "WRMSE": 8.672750338944407, "MAE": 23.132318231685836, "PE": 0.03800574153748802, "exact_EV": 345, "disc_EV": 344.86888019169567, "Wass_scaled": 0.057067222377945155, "Wass_multi": 9.789417151024901, "time_wass": 0.8604408651590347}