{"distribution": "lg", "edges": [["A", "D"], ["B", "D"], ["D", "E"], ["C", "E"]], "root_params": "A ~ N(20,20) B ~ N(20,20) C ~ N(15,15)", "experiment": 114, "not_root_params": "D   ~   N ( 2 A + 3 B , 7 . 1 8 7 5 )   E   ~   N ( 3 C + 3 D , 7 . 1 8 7 5 )", "sample_size": 1644, "means": {"A": 20, "B": 20, "C": 15, "D": 100, "E": 345}, "disc_method": "MDLP", "bins": 2, "target_column": "E", "CPT_method": "Bayespriors", "time_disc": 1.4333030999987386, "time_cnf": 0.08022609999170527, "time_VE": 0.0022628999868175015, "time_BP": 0.00685910000174772, "RMSE": 6.862151811033017, "WRMSE": 6.034646995793979, "MAE": 5.388876251146797, "PE": 0.0069130934693238605, "exact_EV": 345, "disc_EV": 345.02385017246917, "Wass_scaled": 0.4086593390795905, "Wass_multi": 8.715708246724459, "time_wass": 1.1898348999966402}