{
	"nodecount" : 1474,
	"peaknodes" : 1545,
	"total_load_time" : 0.124435,
	"build_time" : 0.059386,
	"wmc_time" : 0.00103712
}
