{
	"nodecount" : 58941,
	"peaknodes" : 60947,
	"total_load_time" : 2.87014,
	"build_time" : 2.52755,
	"wmc_time" : 0.0109391
}
