{
	"nodecount" : 5783,
	"peaknodes" : 5783,
	"total_load_time" : 0.281508,
	"build_time" : 0.190783,
	"wmc_time" : 0.00304699
}
