{
	"nodecount" : 3405,
	"peaknodes" : 3542,
	"total_load_time" : 0.269567,
	"build_time" : 0.157592,
	"wmc_time" : 0.00239396
}
