{
	"nodecount" : 46602,
	"peaknodes" : 47147,
	"total_load_time" : 4.07107,
	"build_time" : 3.87694,
	"wmc_time" : 0.00951219,
	"wmc_value" : 1,
	"bn_to_cnf_time" : 0.107966
}
