{
	"nodecount" : 14584,
	"peaknodes" : 15182,
	"total_load_time" : 1.91642,
	"build_time" : 1.83148,
	"wmc_time" : 0.00551105,
	"wmc_value" : 1,
	"bn_to_cnf_time" : 0.0583329
}
