{"distribution": "lg", "edges": [["A", "D"], ["B", "D"], ["D", "E"], ["C", "E"]], "root_params": "A ~ N(20,20) B ~ N(20,20) C ~ N(15,15)", "experiment": 114, "not_root_params": "D   ~   N ( 2 A + 3 B , 7 . 1 8 7 5 )   E   ~   N ( 3 C + 3 D , 7 . 1 8 7 5 )", "sample_size": 1644, "means": {"A": 20, "B": 20, "C": 15, "D": 100, "E": 345}, "disc_method": "EB", "bins": 20, "target_column": null, "CPT_method": "Bayespriors", "time_disc": 0.1768753999931505, "time_cnf": 0.22856509999837726, "time_VE": 0.0015512000099988654, "time_BP": 0.011533000011695549, "RMSE": 53.71553942204334, "WRMSE": 12.86482332056492, "MAE": 34.425734066938105, "PE": 0.18806827211189714, "exact_EV": 345, "disc_EV": 344.35116446121395, "Wass_scaled": 0.03841164451354916, "Wass_multi": 6.759875409946764, "time_wass": 1.098164299997734}