{
	"nodecount" : 49799,
	"peaknodes" : 51638,
	"total_load_time" : 3.98592,
	"build_time" : 3.45124,
	"wmc_time" : 0.010927
}
