{
	"nodecount" : 12316,
	"peaknodes" : 12316,
	"total_load_time" : 0.608142,
	"build_time" : 0.531124,
	"wmc_time" : 0.00429511
}
