{"distribution": "lg", "edges": [["A", "D"], ["B", "D"], ["D", "E"], ["C", "E"]], "root_params": "A ~ N(20,20) B ~ N(20,20) C ~ N(15,15)", "experiment": 114, "not_root_params": "D   ~   N ( 2 A + 3 B , 7 . 1 8 7 5 )   E   ~   N ( 3 C + 3 D , 7 . 1 8 7 5 )", "sample_size": 1644, "means": {"A": 20, "B": 20, "C": 15, "D": 100, "E": 345}, "disc_method": "EV", "bins": 8, "target_column": null, "CPT_method": "Bayespriors", "time_disc": 0.15898510000261012, "time_cnf": 0.018188300004112534, "time_VE": 0.001371700011077337, "time_BP": 0.012722100000246428, "RMSE": 3.8821416367783113, "WRMSE": 3.8851975534150522, "MAE": 2.8406789783697732, "PE": 0.056170831958198775, "exact_EV": 345, "disc_EV": 344.8062106297442, "Wass_scaled": 0.31204432634675705, "Wass_multi": 13.89194913726517, "time_wass": 1.272148100004415}