{
	"nodecount" : 14584,
	"peaknodes" : 15182,
	"total_load_time" : 1.11364,
	"build_time" : 0.943225,
	"wmc_time" : 0.00384116
}
