{
	"nodecount" : 63296,
	"peaknodes" : 66415,
	"total_load_time" : 10.7222,
	"build_time" : 9.57792,
	"wmc_time" : 0.015111,
	"wmc_value" : 1,
	"bn_to_cnf_time" : 0.633369
}
