{"distribution": "lg", "edges": [["A", "D"], ["B", "D"], ["D", "E"], ["C", "E"]], "root_params": "A ~ N(20,20) B ~ N(20,20) C ~ N(15,15)", "experiment": 114, "not_root_params": "D   ~   N ( 2 A + 3 B , 7 . 1 8 7 5 )   E   ~   N ( 3 C + 3 D , 7 . 1 8 7 5 )", "sample_size": 1644, "means": {"A": 20, "B": 20, "C": 15, "D": 100, "E": 345}, "disc_method": "EV", "bins": 10, "target_column": null, "CPT_method": "Bayespriors", "time_disc": 0.15412479999940842, "time_cnf": 0.0342786000110209, "time_VE": 0.0013910999987274408, "time_BP": 0.005468600007588975, "RMSE": 3.0718211962218303, "WRMSE": 3.076023812871592, "MAE": 2.183868226770909, "PE": 0.14218240741301733, "exact_EV": 345, "disc_EV": 344.5094706944251, "Wass_scaled": 0.2754127704826701, "Wass_multi": 11.776179748041173, "time_wass": 1.2415884000074584}