{
	"nodecount" : 1268,
	"peaknodes" : 1333,
	"total_load_time" : 0.110493,
	"build_time" : 0.099551,
	"wmc_time" : 0.00353003,
	"wmc_value" : 1,
	"bn_to_cnf_time" : 0.00284886
}
