{
	"nodecount" : 72270,
	"peaknodes" : 81325,
	"total_load_time" : 5.90956,
	"build_time" : 5.00534,
	"wmc_time" : 0.0134501
}
