{
	"nodecount" : 10395,
	"peaknodes" : 10928,
	"total_load_time" : 0.782475,
	"build_time" : 0.66752,
	"wmc_time" : 0.00400519
}
