{"distribution": "lg", "edges": [["A", "D"], ["B", "D"], ["D", "E"], ["C", "E"]], "root_params": "A ~ N(20,20) B ~ N(20,20) C ~ N(15,15)", "experiment": 114, "not_root_params": "D   ~   N ( 2 A + 3 B , 7 . 1 8 7 5 )   E   ~   N ( 3 C + 3 D , 7 . 1 8 7 5 )", "sample_size": 1644, "means": {"A": 20, "B": 20, "C": 15, "D": 100, "E": 345}, "disc_method": "EB", "bins": 5, "target_column": null, "CPT_method": "Bayespriors", "time_disc": 0.15210069999739062, "time_cnf": 0.01074460000381805, "time_VE": 0.002350700000533834, "time_BP": 0.005729799988330342, "RMSE": 12.472040144147407, "WRMSE": 8.195307000316895, "MAE": 11.24450168078073, "PE": 0.13332938332104133, "exact_EV": 345, "disc_EV": 344.5400136275424, "Wass_scaled": 0.16829581016460207, "Wass_multi": 25.774552244709778, "time_wass": 1.1131069000111893}