{"Z": {"0": 1.6606114593248134, "1": 3.3355677335124923}, "T": {"0": 0.0, "1": 1.0}, "Y": {"0": 6.86009525310816, "1": 11.687357350693222}, "X": {"0": 1.4988560463409795, "1": 2.497120970660052}, "D": {"0": 2.2474478983335895, "1": 2.743986770663046}}