{"Z": {"0": 1.1520824370827503, "1": 2.169140481566876, "2": 2.844908471640508, "3": 3.8262269953844754}, "T": {"0": 0.0, "1": 1.0}, "Y": {"0": 4.4269183654733935, "1": 9.293272140742925, "2": 10.694008962048263, "3": 12.680705739338181}, "X": {"0": 1.250776321198413, "1": 1.746935771483546, "2": 2.2524542995035164, "3": 2.7417876418165883}, "D": {"0": 2.1246771103966777, "1": 2.3702186862705017, "2": 2.617195708491836, "3": 2.8707778328342552}}