{
	"nodecount" : 4171,
	"peaknodes" : 5097,
	"total_load_time" : 0.650514,
	"build_time" : 0.543274,
	"wmc_time" : 0.00229001
}
