{"distribution": "lg", "edges": [["A", "D"], ["B", "D"], ["D", "E"], ["C", "E"]], "root_params": "A ~ N(20,20) B ~ N(20,20) C ~ N(15,15)", "experiment": 116, "not_root_params": "D   ~   N ( 2 A + 3 B , 9 . 4 3 7 5 )   E   ~   N ( 3 C + 3 D , 9 . 4 3 7 5 )", "sample_size": 219, "means": {"A": 20, "B": 20, "C": 15, "D": 100, "E": 345}, "disc_method": "EB", "bins": 5, "target_column": null, "CPT_method": "Bayespriors", "time_disc": 0.0894022942520678, "time_cnf": 1.006725100800395, "time_VE": 0.0012043016031384468, "time_BP": 0.004700060933828354, "RMSE": 32.71893147294783, "WRMSE": 14.943309436160867, "MAE": 24.283692749153868, "PE": 1.4097283359048058, "exact_EV": 345, "disc_EV": 340.1364372411284, "Wass_scaled": 0.17407593897366747, "Wass_multi": 33.504060417206404, "time_wass": 0.022916304878890514}