{
	"nodecount" : 6895,
	"peaknodes" : 9123,
	"total_load_time" : 4.56745,
	"build_time" : 3.83306,
	"wmc_time" : 0.00286317
}
