{
	"nodecount" : 6031,
	"peaknodes" : 7192,
	"total_load_time" : 2.77336,
	"build_time" : 2.60953,
	"wmc_time" : 0.00365496,
	"wmc_value" : 1,
	"bn_to_cnf_time" : 0.0997138
}
