{
	"nodecount" : 4788,
	"peaknodes" : 6511,
	"total_load_time" : 1.68315,
	"build_time" : 1.50593,
	"wmc_time" : 0.00139403
}
