{
	"nodecount" : 2905,
	"peaknodes" : 2982,
	"total_load_time" : 0.384595,
	"build_time" : 0.146246,
	"wmc_time" : 0.00209999
}
