{
	"nodecount" : 2167,
	"peaknodes" : 2240,
	"total_load_time" : 0.289755,
	"build_time" : 0.264036,
	"wmc_time" : 0.00313497,
	"wmc_value" : 1,
	"bn_to_cnf_time" : 0.011524
}
