{"distribution": "lg", "edges": [["A", "D"], ["B", "D"], ["D", "E"], ["C", "E"]], "root_params": "A ~ N(20,20) B ~ N(20,20) C ~ N(15,15)", "experiment": 116, "not_root_params": "D   ~   N ( 2 A + 3 B , 9 . 4 3 7 5 )   E   ~   N ( 3 C + 3 D , 9 . 4 3 7 5 )", "sample_size": 219, "means": {"A": 20, "B": 20, "C": 15, "D": 100, "E": 345}, "disc_method": "EV", "bins": 25, "target_column": null, "CPT_method": "Bayespriors", "time_disc": 0.11742356512695551, "time_cnf": 4.117693545296788, "time_VE": 0.0015130159445106983, "time_BP": 0.008236771915107965, "RMSE": 48.31989967477275, "WRMSE": 48.61323884423206, "MAE": 38.63661177761741, "PE": 1.8126471387577967, "exact_EV": 345, "disc_EV": 338.7463673712856, "Wass_scaled": 0.13890747381478247, "Wass_multi": 7.613970700134848, "time_wass": 0.021322481334209442}