{
	"nodecount" : 5204,
	"peaknodes" : 5844,
	"total_load_time" : 0.904344,
	"build_time" : 0.756467,
	"wmc_time" : 0.00262308
}
