{
	"nodecount" : 1232,
	"peaknodes" : 1269,
	"total_load_time" : 0.186647,
	"build_time" : 0.169574,
	"wmc_time" : 0.00334811,
	"wmc_value" : 1,
	"bn_to_cnf_time" : 0.00274277
}
