{"distribution": "lg", "edges": [["A", "D"], ["B", "D"], ["D", "E"], ["C", "E"]], "root_params": "A ~ N(20,20) B ~ N(20,20) C ~ N(15,15)", "experiment": 116, "not_root_params": "D   ~   N ( 2 A + 3 B , 9 . 4 3 7 5 )   E   ~   N ( 3 C + 3 D , 9 . 4 3 7 5 )", "sample_size": 219, "means": {"A": 20, "B": 20, "C": 15, "D": 100, "E": 345}, "disc_method": "EV", "bins": 20, "target_column": null, "CPT_method": "Bayespriors", "time_disc": 0.10528871417045593, "time_cnf": 1.1682026470080018, "time_VE": 0.001678289845585823, "time_BP": 0.006978768855333328, "RMSE": 43.707934096837924, "WRMSE": 43.807577408547374, "MAE": 35.25728696621478, "PE": 1.2352998546025018, "exact_EV": 345, "disc_EV": 340.73821550162137, "Wass_scaled": 0.15647650794796428, "Wass_multi": 8.960836966695128, "time_wass": 0.024504864122718573}