{
	"nodecount" : 4171,
	"peaknodes" : 5097,
	"total_load_time" : 1.22324,
	"build_time" : 1.15733,
	"wmc_time" : 0.00340986,
	"wmc_value" : 1,
	"bn_to_cnf_time" : 0.03583
}
