{"distribution": "lg", "edges": [["A", "D"], ["B", "D"], ["D", "E"], ["C", "E"]], "root_params": "A ~ N(20,20) B ~ N(20,20) C ~ N(15,15)", "experiment": 116, "not_root_params": "D   ~   N ( 2 A + 3 B , 9 . 4 3 7 5 )   E   ~   N ( 3 C + 3 D , 9 . 4 3 7 5 )", "sample_size": 219, "means": {"A": 20, "B": 20, "C": 15, "D": 100, "E": 345}, "disc_method": "EB", "bins": 10, "target_column": null, "CPT_method": "Bayespriors", "time_disc": 0.15756790000887122, "time_cnf": 0.033711800002492964, "time_VE": 0.002903499989770353, "time_BP": 0.012507699997513555, "RMSE": 60.31801699064215, "WRMSE": 23.138038749073207, "MAE": 41.188236774197776, "PE": 2.770889064410711, "exact_EV": 345, "disc_EV": 335.44043272778305, "Wass_scaled": 0.06849108073047103, "Wass_multi": 16.541748042729182, "time_wass": 0.024253200012026355}