{"distribution": "lg", "edges": [["A", "D"], ["B", "D"], ["D", "E"], ["C", "E"]], "root_params": "A ~ N(20,20) B ~ N(20,20) C ~ N(15,15)", "experiment": 116, "not_root_params": "D   ~   N ( 2 A + 3 B , 9 . 4 3 7 5 )   E   ~   N ( 3 C + 3 D , 9 . 4 3 7 5 )", "sample_size": 219, "means": {"A": 20, "B": 20, "C": 15, "D": 100, "E": 345}, "disc_method": "EB", "bins": 20, "target_column": null, "CPT_method": "Bayespriors", "time_disc": 0.15483050000329968, "time_cnf": 0.20729479999863543, "time_VE": 0.0018820999976014718, "time_BP": 0.00786369999696035, "RMSE": 76.31857080709374, "WRMSE": 39.028080936036545, "MAE": 59.9269334431682, "PE": 2.0591739095776456, "exact_EV": 345, "disc_EV": 337.8958500119571, "Wass_scaled": 0.0359288928271796, "Wass_multi": 8.207497133657748, "time_wass": 0.021583599998848513}