{"distribution": "lg", "edges": [["A", "D"], ["B", "D"], ["D", "E"], ["C", "E"]], "root_params": "A ~ N(20,20) B ~ N(20,20) C ~ N(15,15)", "experiment": 116, "not_root_params": "D   ~   N ( 2 A + 3 B , 9 . 4 3 7 5 )   E   ~   N ( 3 C + 3 D , 9 . 4 3 7 5 )", "sample_size": 219, "means": {"A": 20, "B": 20, "C": 15, "D": 100, "E": 345}, "disc_method": "EB", "bins": 14, "target_column": null, "CPT_method": "Bayespriors", "time_disc": 0.09773546736687422, "time_cnf": 0.28505704598501325, "time_VE": 0.0012127109803259373, "time_BP": 0.0053994618356227875, "RMSE": 70.76888623969417, "WRMSE": 31.053575739484394, "MAE": 51.98845645808667, "PE": 1.3460792022320291, "exact_EV": 345, "disc_EV": 340.3560267522995, "Wass_scaled": 0.05475301053479655, "Wass_multi": 11.487362525415266, "time_wass": 0.021697775926440954}