{
	"nodecount" : 4756,
	"peaknodes" : 7780,
	"total_load_time" : 3.68006,
	"build_time" : 3.13626,
	"wmc_time" : 0.00219393
}
