{
	"nodecount" : 1232,
	"peaknodes" : 1269,
	"total_load_time" : 0.126591,
	"build_time" : 0.0554559,
	"wmc_time" : 0.00175309
}
