{"distribution": "lg", "edges": [["A", "D"], ["B", "D"], ["D", "E"], ["C", "E"]], "root_params": "A ~ N(20,20) B ~ N(20,20) C ~ N(15,15)", "experiment": 116, "not_root_params": "D   ~   N ( 2 A + 3 B , 9 . 4 3 7 5 )   E   ~   N ( 3 C + 3 D , 9 . 4 3 7 5 )", "sample_size": 219, "means": {"A": 20, "B": 20, "C": 15, "D": 100, "E": 345}, "disc_method": "MDLP", "bins": 2, "target_column": "E", "CPT_method": "Bayespriors", "time_disc": 0.36612192122265697, "time_cnf": 31.145536203868687, "time_VE": 0.0024052918888628483, "time_BP": 0.01854619476944208, "RMSE": 38.54893733916572, "WRMSE": 36.04948035865579, "MAE": 31.907576786066308, "PE": 0.5666735680741745, "exact_EV": 345, "disc_EV": 343.0449761901441, "Wass_scaled": 0.25257648752039297, "Wass_multi": 6.621163215429398, "time_wass": 0.016832842957228422}