{
	"nodecount" : 2905,
	"peaknodes" : 2982,
	"total_load_time" : 0.37938,
	"build_time" : 0.35325,
	"wmc_time" : 0.00803995,
	"wmc_value" : 1,
	"bn_to_cnf_time" : 0.0111248
}
