{
	"nodecount" : 4762,
	"peaknodes" : 5850,
	"total_load_time" : 1.6454,
	"build_time" : 1.56531,
	"wmc_time" : 0.00338697,
	"wmc_value" : 1,
	"bn_to_cnf_time" : 0.0602486
}
