{
	"nodecount" : 4061,
	"peaknodes" : 4688,
	"total_load_time" : 0.688765,
	"build_time" : 0.536959,
	"wmc_time" : 0.00239491
}
