{"distribution": "lg", "edges": [["A", "D"], ["B", "D"], ["D", "E"], ["C", "E"]], "root_params": "A ~ N(20,20) B ~ N(20,20) C ~ N(15,15)", "experiment": 116, "not_root_params": "D   ~   N ( 2 A + 3 B , 9 . 4 3 7 5 )   E   ~   N ( 3 C + 3 D , 9 . 4 3 7 5 )", "sample_size": 219, "means": {"A": 20, "B": 20, "C": 15, "D": 100, "E": 345}, "disc_method": "EB", "bins": 12, "target_column": null, "CPT_method": "Bayespriors", "time_disc": 0.16049179999390617, "time_cnf": 0.051478499997756444, "time_VE": 0.002429700005450286, "time_BP": 0.013329200010048226, "RMSE": 64.88937610685886, "WRMSE": 26.11280334236982, "MAE": 44.6307180431009, "PE": 2.041798575325507, "exact_EV": 345, "disc_EV": 337.955794915127, "Wass_scaled": 0.06272626522376881, "Wass_multi": 13.331333853536727, "time_wass": 0.044886700008646585}