{
	"nodecount" : 6031,
	"peaknodes" : 7192,
	"total_load_time" : 1.48684,
	"build_time" : 1.27456,
	"wmc_time" : 0.00263214
}
