{"distribution": "lg", "edges": [["A", "D"], ["B", "D"], ["D", "E"], ["C", "E"]], "root_params": "A ~ N(20,20) B ~ N(20,20) C ~ N(15,15)", "experiment": 116, "not_root_params": "D   ~   N ( 2 A + 3 B , 9 . 4 3 7 5 )   E   ~   N ( 3 C + 3 D , 9 . 4 3 7 5 )", "sample_size": 219, "means": {"A": 20, "B": 20, "C": 15, "D": 100, "E": 345}, "disc_method": "EV", "bins": 17, "target_column": null, "CPT_method": "Bayespriors", "time_disc": 0.1027401378378272, "time_cnf": 0.2905979617498815, "time_VE": 0.0013349531218409538, "time_BP": 0.005719488020986319, "RMSE": 37.6791513862866, "WRMSE": 37.80629063468866, "MAE": 30.595331976385697, "PE": 1.2026125161882013, "exact_EV": 345, "disc_EV": 340.8509868191507, "Wass_scaled": 0.1725856768657417, "Wass_multi": 9.903925754345458, "time_wass": 0.021724453195929527}