{"distribution": "lg", "edges": [["A", "D"], ["B", "D"], ["D", "E"], ["C", "E"]], "root_params": "A ~ N(20,20) B ~ N(20,20) C ~ N(15,15)", "experiment": 11, "not_root_params": "D   ~   N ( 2 A + 3 B , 2 )   E   ~   N ( 3 C + 3 D , 2 )", "sample_size": 2000, "means": {"A": 20, "B": 20, "C": 15, "D": 100, "E": 345}, "disc_method": "EV", "bins": 8, "target_column": null, "CPT_method": "Bayes", "time_disc": 0.08263965183869004, "time_cnf": 0.7883307249285281, "time_VE": 0.0018081027083098888, "time_BP": 0.008306552655994892, "RMSE": 4.7988358191139895, "WRMSE": 4.7988358191139895, "MAE": 3.8075706483814145, "PE": 0.016989392018815677, "exact_EV": 345, "disc_EV": 345.0586134024649, "Wass_scaled": 0.33421482167074684, "Wass_multi": 4.178617169504502, "time_wass": 1.4608349418267608}