{
	"nodecount" : 102472,
	"peaknodes" : 108541,
	"total_load_time" : 7.60919,
	"build_time" : 6.51824,
	"wmc_time" : 0.038218
}
