{
	"nodecount" : 72502,
	"peaknodes" : 76217,
	"total_load_time" : 7.35784,
	"build_time" : 6.55185,
	"wmc_time" : 0.0279341
}
