{
	"nodecount" : 5822,
	"peaknodes" : 5826,
	"total_load_time" : 0.417614,
	"build_time" : 0.233098,
	"wmc_time" : 0.00534511
}
