{
	"nodecount" : 38542,
	"peaknodes" : 40119,
	"total_load_time" : 2.84907,
	"build_time" : 2.38683,
	"wmc_time" : 0.0153642
}
