{"distribution": "lg", "edges": [["A", "D"], ["B", "D"], ["D", "E"], ["C", "E"]], "root_params": "A ~ N(20,20) B ~ N(20,20) C ~ N(15,15)", "experiment": 11, "not_root_params": "D   ~   N ( 2 A + 3 B , 2 )   E   ~   N ( 3 C + 3 D , 2 )", "sample_size": 2000, "means": {"A": 20, "B": 20, "C": 15, "D": 100, "E": 345}, "disc_method": "EV", "bins": 20, "target_column": null, "CPT_method": "Bayes", "time_disc": 0.10201149999920744, "time_cnf": 0.23055889998795465, "time_VE": 0.00167199999850709, "time_BP": 0.008549899997888133, "RMSE": 11.300119786561531, "WRMSE": 11.30011978656153, "MAE": 9.039872216233562, "PE": 0.04000872786013713, "exact_EV": 345, "disc_EV": 345.1380301111175, "Wass_scaled": 0.21265049553178952, "Wass_multi": 1.8444086688507717, "time_wass": 1.7054223000013735}