{"distribution": "lg", "edges": [["A", "D"], ["B", "D"], ["D", "E"], ["C", "E"]], "root_params": "A ~ N(20,20) B ~ N(20,20) C ~ N(15,15)", "experiment": 11, "not_root_params": "D   ~   N ( 2 A + 3 B , 2 )   E   ~   N ( 3 C + 3 D , 2 )", "sample_size": 2000, "means": {"A": 20, "B": 20, "C": 15, "D": 100, "E": 345}, "disc_method": "EB", "bins": 18, "target_column": null, "PE": 0.0670913814956024, "exact_EV": 345, "disc_EV": 345.2316206636629, "Wass1D": 2.4821315086587785, "Wass_multi": 3.241075735896746, "RMSE": 14.10083877096089, "WRMSE": 2.747682410845893, "MAE": 198.83365404463382, "VE_complexity": 3895793.0}