{
	"nodecount" : 23360,
	"peaknodes" : 24677,
	"total_load_time" : 1.4979,
	"build_time" : 1.33211,
	"wmc_time" : 0.0103409
}
