{
	"nodecount" : 92090,
	"peaknodes" : 97033,
	"total_load_time" : 8.90753,
	"build_time" : 7.48777,
	"wmc_time" : 0.0338411
}
