{
	"nodecount" : 1739,
	"peaknodes" : 1801,
	"total_load_time" : 0.123755,
	"build_time" : 0.111449,
	"wmc_time" : 0.00283098,
	"wmc_value" : 1,
	"bn_to_cnf_time" : 0.00319839
}
