{"distribution": "lg", "edges": [["A", "D"], ["B", "D"], ["D", "E"], ["C", "E"]], "root_params": "A ~ N(20,20) B ~ N(20,20) C ~ N(15,15)", "experiment": 11, "not_root_params": "D   ~   N ( 2 A + 3 B , 2 )   E   ~   N ( 3 C + 3 D , 2 )", "sample_size": 2000, "means": {"A": 20, "B": 20, "C": 15, "D": 100, "E": 345}, "disc_method": "EB", "bins": 8, "target_column": null, "CPT_method": "Bayes", "time_disc": 0.09778949999599718, "time_cnf": 0.018415899990941398, "time_VE": 0.0013760000001639128, "time_BP": 0.009775900005479343, "RMSE": 15.765342079023071, "WRMSE": 5.995278645164785, "MAE": 12.108849590657385, "PE": 0.2853974390754429, "exact_EV": 345, "disc_EV": 345.9846211648103, "Wass_scaled": 0.09933332173004954, "Wass_multi": 5.699423892272223, "time_wass": 1.6337534000049345}