{"distribution": "lg", "edges": [["A", "D"], ["B", "D"], ["D", "E"], ["C", "E"]], "root_params": "A ~ N(20,20) B ~ N(20,20) C ~ N(15,15)", "experiment": 11, "not_root_params": "D   ~   N ( 2 A + 3 B , 2 )   E   ~   N ( 3 C + 3 D , 2 )", "sample_size": 2000, "means": {"A": 20, "B": 20, "C": 15, "D": 100, "E": 345}, "disc_method": "EB", "bins": 17, "target_column": null, "CPT_method": "Bayes", "time_disc": 0.10148430000117514, "time_cnf": 0.154037000000244, "time_VE": 0.0014842999953543767, "time_BP": 0.0067599000030895695, "RMSE": 21.601181713929908, "WRMSE": 10.740023380376961, "MAE": 18.08063349657113, "PE": 0.9079440207307325, "exact_EV": 345, "disc_EV": 348.132406871521, "Wass_scaled": 0.04758864803169878, "Wass_multi": 2.785914941654218, "time_wass": 1.5766206000116654}