{
	"nodecount" : 7638,
	"peaknodes" : 7638,
	"total_load_time" : 1.36318,
	"build_time" : 0.230245,
	"wmc_time" : 0.00574398
}
