{"distribution": "lg", "edges": [["A", "D"], ["B", "D"], ["D", "E"], ["C", "E"]], "root_params": "A ~ N(20,20) B ~ N(20,20) C ~ N(15,15)", "experiment": 11, "not_root_params": "D   ~   N ( 2 A + 3 B , 2 )   E   ~   N ( 3 C + 3 D , 2 )", "sample_size": 2000, "means": {"A": 20, "B": 20, "C": 15, "D": 100, "E": 345}, "disc_method": "EB", "bins": 40, "target_column": null, "PE": 0.005883716610191932, "exact_EV": 345, "disc_EV": 345.0203000167006, "Wass1D": 1.9734483243693162, "Wass_multi": 3.5395632252235716, "RMSE": 17.700517297634224, "WRMSE": 5.659848278660071, "MAE": 313.3083126038484, "VE_complexity": 151942607.0}