{"distribution": "lg", "edges": [["A", "D"], ["B", "D"], ["D", "E"], ["C", "E"]], "root_params": "A ~ N(20,20) B ~ N(20,20) C ~ N(15,15)", "experiment": 11, "not_root_params": "D   ~   N ( 2 A + 3 B , 2 )   E   ~   N ( 3 C + 3 D , 2 )", "sample_size": 2000, "means": {"A": 20, "B": 20, "C": 15, "D": 100, "E": 345}, "disc_method": "EV", "bins": 25, "target_column": null, "CPT_method": "Bayes", "time_disc": 0.09171909093856812, "time_cnf": 1.884618244599551, "time_VE": 0.002378263045102358, "time_BP": 0.012097353115677834, "RMSE": 11.615821202344707, "WRMSE": 11.615821202344707, "MAE": 9.260883814855847, "PE": 0.0416145575046074, "exact_EV": 345, "disc_EV": 345.1435702233909, "Wass_scaled": 0.19324642391709615, "Wass_multi": 1.5279344186871755, "time_wass": 1.4940671720542014}