{"distribution": "lg", "edges": [["A", "D"], ["B", "D"], ["D", "E"], ["C", "E"]], "root_params": "A ~ N(20,20) B ~ N(20,20) C ~ N(15,15)", "experiment": 11, "not_root_params": "D   ~   N ( 2 A + 3 B , 2 )   E   ~   N ( 3 C + 3 D , 2 )", "sample_size": 2000, "means": {"A": 20, "B": 20, "C": 15, "D": 100, "E": 345}, "disc_method": "EB", "bins": 5, "target_column": null, "CPT_method": "Bayes", "time_disc": 0.09731669999018777, "time_cnf": 0.01080599999113474, "time_VE": 0.0014918999950168654, "time_BP": 0.011830899995402433, "RMSE": 9.739778143702768, "WRMSE": 4.3341848156617875, "MAE": 7.672273623356136, "PE": 0.07168388453326612, "exact_EV": 345, "disc_EV": 345.24730940163977, "Wass_scaled": 0.16866082409049943, "Wass_multi": 8.432887337327156, "time_wass": 1.527228400009335}