{"distribution": "lg", "edges": [["A", "D"], ["B", "D"], ["D", "E"], ["C", "E"]], "root_params": "A ~ N(20,20) B ~ N(20,20) C ~ N(15,15)", "experiment": 11, "not_root_params": "D   ~   N ( 2 A + 3 B , 2 )   E   ~   N ( 3 C + 3 D , 2 )", "sample_size": 2000, "means": {"A": 20, "B": 20, "C": 15, "D": 100, "E": 345}, "disc_method": "EV", "bins": 12, "target_column": null, "CPT_method": "Bayes", "time_disc": 0.10035059999790974, "time_cnf": 0.059731499990448356, "time_VE": 0.0014527000021189451, "time_BP": 0.01304169998911675, "RMSE": 8.555310038523734, "WRMSE": 8.560564174308615, "MAE": 6.880847809933314, "PE": 0.04537764686732692, "exact_EV": 345, "disc_EV": 345.1565528816923, "Wass_scaled": 0.27113046246628564, "Wass_multi": 2.9729456405511896, "time_wass": 1.7845378999918466}