{"distribution": "lg", "edges": [["A", "D"], ["B", "D"], ["D", "E"], ["C", "E"]], "root_params": "A ~ N(20,20) B ~ N(20,20) C ~ N(15,15)", "experiment": 11, "not_root_params": "D   ~   N ( 2 A + 3 B , 2 )   E   ~   N ( 3 C + 3 D , 2 )", "sample_size": 2000, "means": {"A": 20, "B": 20, "C": 15, "D": 100, "E": 345}, "disc_method": "EB", "bins": 14, "target_column": null, "CPT_method": "Bayes", "time_disc": 0.09966130000248086, "time_cnf": 0.07846479999716394, "time_VE": 0.0015811999910511076, "time_BP": 0.006455499998992309, "RMSE": 20.310733251488873, "WRMSE": 9.56368131359703, "MAE": 16.662533042295227, "PE": 0.7622928476091831, "exact_EV": 345, "disc_EV": 347.6299103242517, "Wass_scaled": 0.0569140596318052, "Wass_multi": 3.339164413785221, "time_wass": 1.6034643000020878}