{
	"nodecount" : 24479,
	"peaknodes" : 24506,
	"total_load_time" : 1.3886,
	"build_time" : 0.954468,
	"wmc_time" : 0.00904083
}
