{
	"nodecount" : 1810,
	"peaknodes" : 1871,
	"total_load_time" : 0.159784,
	"build_time" : 0.145005,
	"wmc_time" : 0.00392795,
	"wmc_value" : 1,
	"bn_to_cnf_time" : 0.00568056
}
