{
	"nodecount" : 79473,
	"peaknodes" : 80670,
	"total_load_time" : 5.05527,
	"build_time" : 3.13498,
	"wmc_time" : 0.0205109
}
