{
	"nodecount" : 50816,
	"peaknodes" : 53128,
	"total_load_time" : 3.84794,
	"build_time" : 3.45904,
	"wmc_time" : 0.0134182
}
