{"distribution": "lg", "edges": [["A", "D"], ["B", "D"], ["D", "E"], ["C", "E"]], "root_params": "A ~ N(20,20) B ~ N(20,20) C ~ N(15,15)", "experiment": 11, "not_root_params": "D   ~   N ( 2 A + 3 B , 2 )   E   ~   N ( 3 C + 3 D , 2 )", "sample_size": 2000, "means": {"A": 20, "B": 20, "C": 15, "D": 100, "E": 345}, "disc_method": "EB", "bins": 20, "target_column": null, "CPT_method": "Bayes", "time_disc": 0.09262489434331656, "time_cnf": 0.6736293332651258, "time_VE": 0.0023047812283039093, "time_BP": 0.009242552798241377, "RMSE": 22.17486888937571, "WRMSE": 11.02483912130666, "MAE": 18.742661224574732, "PE": 0.447020648362837, "exact_EV": 345, "disc_EV": 346.5422212368518, "Wass_scaled": 0.036998552341809966, "Wass_multi": 2.3588133364957016, "time_wass": 1.3818506449460983}