{
	"nodecount" : 7638,
	"peaknodes" : 7638,
	"total_load_time" : 0.510106,
	"build_time" : 0.479622,
	"wmc_time" : 0.014353,
	"wmc_value" : 1,
	"bn_to_cnf_time" : 0.0125568
}
