{"distribution": "lg", "edges": [["A", "D"], ["B", "D"], ["D", "E"], ["C", "E"]], "root_params": "A ~ N(20,20) B ~ N(20,20) C ~ N(15,15)", "experiment": 11, "not_root_params": "D   ~   N ( 2 A + 3 B , 2 )   E   ~   N ( 3 C + 3 D , 2 )", "sample_size": 2000, "means": {"A": 20, "B": 20, "C": 15, "D": 100, "E": 345}, "disc_method": "EV", "bins": 10, "target_column": null, "CPT_method": "Bayes", "time_disc": 0.07622808823361993, "time_cnf": 1.0115502253174782, "time_VE": 0.0015186541713774204, "time_BP": 0.005484392866492271, "RMSE": 6.804696235713487, "WRMSE": 6.804696235713487, "MAE": 5.467032177415632, "PE": 0.03450696331842137, "exact_EV": 345, "disc_EV": 345.11904902344855, "Wass_scaled": 0.29700711317962636, "Wass_multi": 3.4118702501237617, "time_wass": 1.567861245945096}