{"distribution": "lg", "edges": [["A", "D"], ["B", "D"], ["D", "E"], ["C", "E"]], "root_params": "A ~ N(20,20) B ~ N(20,20) C ~ N(15,15)", "experiment": 11, "not_root_params": "D   ~   N ( 2 A + 3 B , 2 )   E   ~   N ( 3 C + 3 D , 2 )", "sample_size": 2000, "means": {"A": 20, "B": 20, "C": 15, "D": 100, "E": 345}, "disc_method": "EB", "bins": 25, "target_column": null, "CPT_method": "Bayes", "time_disc": 0.1028675999987172, "time_cnf": 0.3859714999998687, "time_VE": 0.0018152999982703477, "time_BP": 0.009080399991944432, "RMSE": 22.47877127158655, "WRMSE": 11.695207545896153, "MAE": 19.247329191757252, "PE": 0.5980856179367631, "exact_EV": 345, "disc_EV": 347.06339538188183, "Wass_scaled": 0.031128200623241675, "Wass_multi": 1.902548154861228, "time_wass": 1.6640260999993188}