{
	"nodecount" : 15792,
	"peaknodes" : 15792,
	"total_load_time" : 2.24073,
	"build_time" : 0.718383,
	"wmc_time" : 0.00681615
}
