{"distribution": "lg", "edges": [["A", "D"], ["B", "D"], ["D", "E"], ["C", "E"]], "root_params": "A ~ N(20,20) B ~ N(20,20) C ~ N(15,15)", "experiment": 11, "not_root_params": "D   ~   N ( 2 A + 3 B , 2 )   E   ~   N ( 3 C + 3 D , 2 )", "sample_size": 2000, "means": {"A": 20, "B": 20, "C": 15, "D": 100, "E": 345}, "disc_method": "EV", "bins": 12, "target_column": null, "CPT_method": "Bayes", "time_disc": 0.09951306506991386, "time_cnf": 2.518446845933795, "time_VE": 0.0019051283597946167, "time_BP": 0.008156746160238981, "RMSE": 8.555310038523738, "WRMSE": 8.56056417430862, "MAE": 6.880847809933324, "PE": 0.04537764686732692, "exact_EV": 345, "disc_EV": 345.1565528816923, "Wass_scaled": 0.27113046246628564, "Wass_multi": 2.9729456405511896, "time_wass": 1.5165654947049916}