{"distribution": "lg", "edges": [["A", "D"], ["B", "D"], ["D", "E"], ["C", "E"]], "root_params": "A ~ N(20,20) B ~ N(20,20) C ~ N(15,15)", "experiment": 11, "not_root_params": "D   ~   N ( 2 A + 3 B , 2 )   E   ~   N ( 3 C + 3 D , 2 )", "sample_size": 2000, "means": {"A": 20, "B": 20, "C": 15, "D": 100, "E": 345}, "disc_method": "EB", "bins": 10, "target_column": null, "CPT_method": "Bayes", "time_disc": 0.10521025490015745, "time_cnf": 0.19946392672136426, "time_VE": 0.0019436683505773544, "time_BP": 0.008112507872283459, "RMSE": 18.243601425671027, "WRMSE": 7.2511462613772055, "MAE": 14.12383855553919, "PE": 0.4764942313873571, "exact_EV": 345, "disc_EV": 346.6439050982864, "Wass_scaled": 0.08376719207799312, "Wass_multi": 4.60408601947666, "time_wass": 1.3909056913107634}