{
	"nodecount" : 1718,
	"peaknodes" : 1747,
	"total_load_time" : 0.162121,
	"build_time" : 0.145505,
	"wmc_time" : 0.00481415,
	"wmc_value" : 1,
	"bn_to_cnf_time" : 0.00317526
}
