{
	"nodecount" : 29111,
	"peaknodes" : 32327,
	"total_load_time" : 5.42597,
	"build_time" : 5.02669,
	"wmc_time" : 0.00901818,
	"wmc_value" : 1,
	"bn_to_cnf_time" : 0.167033
}
