{
	"nodecount" : 36637,
	"peaknodes" : 40451,
	"total_load_time" : 3.47662,
	"build_time" : 3.0623,
	"wmc_time" : 0.00777507
}
