{
	"nodecount" : 22141,
	"peaknodes" : 23148,
	"total_load_time" : 1.1275,
	"build_time" : 1.05665,
	"wmc_time" : 0.00548911
}
