{
	"nodecount" : 16987,
	"peaknodes" : 17247,
	"total_load_time" : 0.820244,
	"build_time" : 0.776113,
	"wmc_time" : 0.00460005
}
