{"distribution": "lg", "edges": [["A", "D"], ["B", "D"], ["D", "E"], ["C", "E"]], "root_params": "A ~ N(20,20) B ~ N(20,20) C ~ N(15,15)", "experiment": 120, "not_root_params": "D   ~   N ( 2 A + 3 B , 7 . 4 6 8 7 5 )   E   ~   N ( 3 C + 3 D , 7 . 4 6 8 7 5 )", "sample_size": 753, "means": {"A": 20, "B": 20, "C": 15, "D": 100, "E": 345}, "disc_method": "EB", "bins": 25, "target_column": null, "CPT_method": "Bayes", "time_disc": 0.10763030000089202, "time_cnf": 0.3849488999985624, "time_VE": 0.0015832000062800944, "time_BP": 0.010026999996625818, "RMSE": 72.04372622393115, "WRMSE": 42.96446040151264, "MAE": 61.89833229646504, "PE": 4.125637872946843, "exact_EV": 345, "disc_EV": 359.2334506616666, "Wass_scaled": 0.03199484490148079, "Wass_multi": 5.3630598589666505, "time_wass": 0.3461507000029087}