{"distribution": "lg", "edges": [["A", "D"], ["B", "D"], ["D", "E"], ["C", "E"]], "root_params": "A ~ N(20,20) B ~ N(20,20) C ~ N(15,15)", "experiment": 120, "not_root_params": "D   ~   N ( 2 A + 3 B , 7 . 4 6 8 7 5 )   E   ~   N ( 3 C + 3 D , 7 . 4 6 8 7 5 )", "sample_size": 753, "means": {"A": 20, "B": 20, "C": 15, "D": 100, "E": 345}, "disc_method": "EB", "bins": 10, "target_column": null, "CPT_method": "Bayes", "time_disc": 0.06811536895111203, "time_cnf": 0.5067051439546049, "time_VE": 0.0011823838576674461, "time_BP": 0.004904625006020069, "RMSE": 64.90853627687802, "WRMSE": 33.96591735459425, "MAE": 53.510499618482264, "PE": 3.2158899389377686, "exact_EV": 345, "disc_EV": 356.0948202893353, "Wass_scaled": 0.08387213556384202, "Wass_multi": 13.23387438739768, "time_wass": 0.3267868012189865}