{
	"nodecount" : 38015,
	"peaknodes" : 44191,
	"total_load_time" : 5.58912,
	"build_time" : 4.73544,
	"wmc_time" : 0.00706816
}
