{"distribution": "lg", "edges": [["A", "D"], ["B", "D"], ["D", "E"], ["C", "E"]], "root_params": "A ~ N(20,20) B ~ N(20,20) C ~ N(15,15)", "experiment": 120, "not_root_params": "D   ~   N ( 2 A + 3 B , 7 . 4 6 8 7 5 )   E   ~   N ( 3 C + 3 D , 7 . 4 6 8 7 5 )", "sample_size": 753, "means": {"A": 20, "B": 20, "C": 15, "D": 100, "E": 345}, "disc_method": "EB", "bins": 8, "target_column": null, "CPT_method": "Bayes", "time_disc": 0.09371439999085851, "time_cnf": 0.017673099995590746, "time_VE": 0.0018451999931130558, "time_BP": 0.007515899997088127, "RMSE": 57.747039153384534, "WRMSE": 28.264265223816007, "MAE": 46.205474751232885, "PE": 1.919422795759384, "exact_EV": 345, "disc_EV": 351.6220086453699, "Wass_scaled": 0.11118298604064908, "Wass_multi": 16.14590403685068, "time_wass": 0.37573869999323506}