{
	"nodecount" : 12362,
	"peaknodes" : 12446,
	"total_load_time" : 0.551825,
	"build_time" : 0.52505,
	"wmc_time" : 0.00389504
}
