{"distribution": "lg", "edges": [["A", "D"], ["B", "D"], ["D", "E"], ["C", "E"]], "root_params": "A ~ N(20,20) B ~ N(20,20) C ~ N(15,15)", "experiment": 120, "not_root_params": "D   ~   N ( 2 A + 3 B , 7 . 4 6 8 7 5 )   E   ~   N ( 3 C + 3 D , 7 . 4 6 8 7 5 )", "sample_size": 753, "means": {"A": 20, "B": 20, "C": 15, "D": 100, "E": 345}, "disc_method": "EV", "bins": 10, "target_column": null, "CPT_method": "Bayes", "time_disc": 0.1126079999958165, "time_cnf": 0.032864900000276975, "time_VE": 0.0015507999924011528, "time_BP": 0.005436299994471483, "RMSE": 31.741797412731856, "WRMSE": 31.81505952122613, "MAE": 25.74500813722355, "PE": 0.16492050058959845, "exact_EV": 345, "disc_EV": 344.4310242729659, "Wass_scaled": 0.2628816219781412, "Wass_multi": 11.679716486622041, "time_wass": 0.3862922999978764}