{
	"nodecount" : 5744,
	"peaknodes" : 5744,
	"total_load_time" : 0.204068,
	"build_time" : 0.191442,
	"wmc_time" : 0.00282907
}
