{
	"nodecount" : 5103,
	"peaknodes" : 5171,
	"total_load_time" : 0.192703,
	"build_time" : 0.180327,
	"wmc_time" : 0.00276399
}
