{"distribution": "lg", "edges": [["A", "D"], ["B", "D"], ["D", "E"], ["C", "E"]], "root_params": "A ~ N(20,20) B ~ N(20,20) C ~ N(15,15)", "experiment": 120, "not_root_params": "D   ~   N ( 2 A + 3 B , 7 . 4 6 8 7 5 )   E   ~   N ( 3 C + 3 D , 7 . 4 6 8 7 5 )", "sample_size": 753, "means": {"A": 20, "B": 20, "C": 15, "D": 100, "E": 345}, "disc_method": "EV", "bins": 8, "target_column": null, "CPT_method": "Bayes", "time_disc": 0.102295700009563, "time_cnf": 0.01822280000487808, "time_VE": 0.0014118999970378354, "time_BP": 0.01215809999848716, "RMSE": 25.718671476852887, "WRMSE": 25.750322215382102, "MAE": 20.984557079573484, "PE": 0.19284238635933712, "exact_EV": 345, "disc_EV": 344.3346937670603, "Wass_scaled": 0.29917173446216483, "Wass_multi": 14.325029720888354, "time_wass": 0.39152600000670645}