{"distribution": "lg", "edges": [["A", "D"], ["B", "D"], ["D", "E"], ["C", "E"]], "root_params": "A ~ N(20,20) B ~ N(20,20) C ~ N(15,15)", "experiment": 120, "not_root_params": "D   ~   N ( 2 A + 3 B , 7 . 4 6 8 7 5 )   E   ~   N ( 3 C + 3 D , 7 . 4 6 8 7 5 )", "sample_size": 753, "means": {"A": 20, "B": 20, "C": 15, "D": 100, "E": 345}, "disc_method": "EB", "bins": 12, "target_column": null, "CPT_method": "Bayes", "time_disc": 0.12184170000546146, "time_cnf": 0.08102800000051502, "time_VE": 0.003558399999747053, "time_BP": 0.015693499997723848, "RMSE": 67.88742177230647, "WRMSE": 38.171484409682726, "MAE": 57.005200464088055, "PE": 4.2446676773459275, "exact_EV": 345, "disc_EV": 359.64410348684345, "Wass_scaled": 0.06647829500720007, "Wass_multi": 11.000244332476063, "time_wass": 0.39068199999746867}