{
	"nodecount" : 29111,
	"peaknodes" : 32327,
	"total_load_time" : 2.5005,
	"build_time" : 2.27062,
	"wmc_time" : 0.0067842
}
