{"distribution": "lg", "edges": [["A", "D"], ["B", "D"], ["D", "E"], ["C", "E"]], "root_params": "A ~ N(20,20) B ~ N(20,20) C ~ N(15,15)", "experiment": 120, "not_root_params": "D   ~   N ( 2 A + 3 B , 7 . 4 6 8 7 5 )   E   ~   N ( 3 C + 3 D , 7 . 4 6 8 7 5 )", "sample_size": 753, "means": {"A": 20, "B": 20, "C": 15, "D": 100, "E": 345}, "disc_method": "EV", "bins": 5, "target_column": null, "CPT_method": "Bayes", "time_disc": 0.06780569115653634, "time_cnf": 1.0487141539342701, "time_VE": 0.0011697569862008095, "time_BP": 0.004697449039667845, "RMSE": 13.09533976230166, "WRMSE": 13.10777785196975, "MAE": 10.70816273016817, "PE": 0.27637531821048233, "exact_EV": 345, "disc_EV": 344.04650515217384, "Wass_scaled": 0.40228099293825414, "Wass_multi": 21.079341580811736, "time_wass": 0.3373777139931917}