{"distribution": "lg", "edges": [["A", "D"], ["B", "D"], ["D", "E"], ["C", "E"]], "root_params": "A ~ N(20,20) B ~ N(20,20) C ~ N(15,15)", "experiment": 120, "not_root_params": "D   ~   N ( 2 A + 3 B , 7 . 4 6 8 7 5 )   E   ~   N ( 3 C + 3 D , 7 . 4 6 8 7 5 )", "sample_size": 753, "means": {"A": 20, "B": 20, "C": 15, "D": 100, "E": 345}, "disc_method": "EV", "bins": 5, "target_column": null, "CPT_method": "Bayes", "time_disc": 0.09686130000045523, "time_cnf": 0.011026599997421727, "time_VE": 0.001514800009317696, "time_BP": 0.005877799994777888, "RMSE": 13.095339762301677, "WRMSE": 13.10777785196977, "MAE": 10.70816273016818, "PE": 0.27637531821048233, "exact_EV": 345, "disc_EV": 344.04650515217384, "Wass_scaled": 0.40228099293825414, "Wass_multi": 21.079341580811736, "time_wass": 0.3766672999918228}