{"distribution": "lg", "edges": [["A", "D"], ["B", "D"], ["D", "E"], ["C", "E"]], "root_params": "A ~ N(20,20) B ~ N(20,20) C ~ N(15,15)", "experiment": 120, "not_root_params": "D   ~   N ( 2 A + 3 B , 7 . 4 6 8 7 5 )   E   ~   N ( 3 C + 3 D , 7 . 4 6 8 7 5 )", "sample_size": 753, "means": {"A": 20, "B": 20, "C": 15, "D": 100, "E": 345}, "disc_method": "MDLP", "bins": 2, "target_column": "E", "CPT_method": "Bayes", "time_disc": 0.7488921999902232, "time_cnf": 1.4999597999994876, "time_VE": 0.0032065999985206872, "time_BP": 0.03250679999473505, "RMSE": 37.21111723995514, "WRMSE": 34.55808912961937, "MAE": 31.823023525528328, "PE": 0.7782649377700314, "exact_EV": 345, "disc_EV": 347.6850140353066, "Wass_scaled": 0.3533913540726913, "Wass_multi": 7.251713980991993, "time_wass": 0.3739949000009801}