{"distribution": "lg", "edges": [["A", "D"], ["B", "D"], ["D", "E"], ["C", "E"]], "root_params": "A ~ N(20,20) B ~ N(20,20) C ~ N(15,15)", "experiment": 120, "not_root_params": "D   ~   N ( 2 A + 3 B , 7 . 4 6 8 7 5 )   E   ~   N ( 3 C + 3 D , 7 . 4 6 8 7 5 )", "sample_size": 753, "means": {"A": 20, "B": 20, "C": 15, "D": 100, "E": 345}, "disc_method": "EV", "bins": 30, "target_column": null, "CPT_method": "Bayes", "time_disc": 0.07983861817047, "time_cnf": 5.439706181176007, "time_VE": 0.0016424027271568775, "time_BP": 0.009442195761948824, "RMSE": 38.81402192738441, "WRMSE": 38.986455090840465, "MAE": 30.980907546129917, "PE": 0.19498074739477236, "exact_EV": 345, "disc_EV": 344.32731642148804, "Wass_scaled": 0.14478901218716414, "Wass_multi": 4.1460697099420445, "time_wass": 0.32965500093996525}