{"distribution": "lg", "edges": [["A", "D"], ["B", "D"], ["D", "E"], ["C", "E"]], "root_params": "A ~ N(20,20) B ~ N(20,20) C ~ N(15,15)", "experiment": 120, "not_root_params": "D   ~   N ( 2 A + 3 B , 7 . 4 6 8 7 5 )   E   ~   N ( 3 C + 3 D , 7 . 4 6 8 7 5 )", "sample_size": 753, "means": {"A": 20, "B": 20, "C": 15, "D": 100, "E": 345}, "disc_method": "EV", "bins": 17, "target_column": null, "CPT_method": "Bayes", "time_disc": 0.07082623103633523, "time_cnf": 0.285840077791363, "time_VE": 0.0013459539040923119, "time_BP": 0.005941054783761501, "RMSE": 38.061626131630334, "WRMSE": 38.15635297674024, "MAE": 30.502453888025926, "PE": 0.18975525608423768, "exact_EV": 345, "disc_EV": 344.3453443665094, "Wass_scaled": 0.19569555375456438, "Wass_multi": 7.194066362200474, "time_wass": 0.33050580602139235}