{"distribution": "lg", "edges": [["A", "D"], ["B", "D"], ["D", "E"], ["C", "E"]], "root_params": "A ~ N(20,20) B ~ N(20,20) C ~ N(15,15)", "experiment": 120, "not_root_params": "D   ~   N ( 2 A + 3 B , 7 . 4 6 8 7 5 )   E   ~   N ( 3 C + 3 D , 7 . 4 6 8 7 5 )", "sample_size": 753, "means": {"A": 20, "B": 20, "C": 15, "D": 100, "E": 345}, "disc_method": "EB", "bins": 14, "target_column": null, "CPT_method": "Bayes", "time_disc": 0.09543810000468511, "time_cnf": 0.08072929999616463, "time_VE": 0.001468699992983602, "time_BP": 0.006363799999235198, "RMSE": 70.51168437004729, "WRMSE": 40.805169701129195, "MAE": 59.543752557498564, "PE": 4.866745579351122, "exact_EV": 345, "disc_EV": 361.79027224876137, "Wass_scaled": 0.05703525015560857, "Wass_multi": 9.433092188923661, "time_wass": 0.36493190001056064}