{"distribution": "lg", "edges": [["A", "D"], ["B", "D"], ["D", "E"], ["C", "E"]], "root_params": "A ~ N(20,20) B ~ N(20,20) C ~ N(15,15)", "experiment": 120, "not_root_params": "D   ~   N ( 2 A + 3 B , 7 . 4 6 8 7 5 )   E   ~   N ( 3 C + 3 D , 7 . 4 6 8 7 5 )", "sample_size": 753, "means": {"A": 20, "B": 20, "C": 15, "D": 100, "E": 345}, "disc_method": "EB", "bins": 30, "target_column": null, "CPT_method": "Bayes", "time_disc": 0.07954281195998192, "time_cnf": 2.8778146128170192, "time_VE": 0.0015925588086247444, "time_BP": 0.008776045870035887, "RMSE": 71.65055633013941, "WRMSE": 41.82039151323896, "MAE": 61.90935917063177, "PE": 2.514581332865455, "exact_EV": 345, "disc_EV": 353.6753055983858, "Wass_scaled": 0.02383134446972714, "Wass_multi": 4.2997963750609385, "time_wass": 0.30262311175465584}