{"distribution": "lg", "edges": [["A", "D"], ["B", "D"], ["D", "E"], ["C", "E"]], "root_params": "A ~ N(20,20) B ~ N(20,20) C ~ N(15,15)", "experiment": 120, "not_root_params": "D   ~   N ( 2 A + 3 B , 7 . 4 6 8 7 5 )   E   ~   N ( 3 C + 3 D , 7 . 4 6 8 7 5 )", "sample_size": 753, "means": {"A": 20, "B": 20, "C": 15, "D": 100, "E": 345}, "disc_method": "EV", "bins": 12, "target_column": null, "CPT_method": "Bayes", "time_disc": 0.06913659395650029, "time_cnf": 0.29322935780510306, "time_VE": 0.0012923358008265495, "time_BP": 0.005243248771876097, "RMSE": 35.22660371811505, "WRMSE": 35.27196130216947, "MAE": 28.429098267804264, "PE": 0.19593949571425373, "exact_EV": 345, "disc_EV": 344.3240087397858, "Wass_scaled": 0.23638632013092886, "Wass_multi": 9.861102257552893, "time_wass": 0.3352417196147144}