{"distribution": "lg", "edges": [["A", "D"], ["B", "D"], ["D", "E"], ["C", "E"]], "root_params": "A ~ N(20,20) B ~ N(20,20) C ~ N(15,15)", "experiment": 120, "not_root_params": "D   ~   N ( 2 A + 3 B , 7 . 4 6 8 7 5 )   E   ~   N ( 3 C + 3 D , 7 . 4 6 8 7 5 )", "sample_size": 753, "means": {"A": 20, "B": 20, "C": 15, "D": 100, "E": 345}, "disc_method": "EV", "bins": 20, "target_column": null, "CPT_method": "Bayes", "time_disc": 0.0750414333306253, "time_cnf": 1.4194366107694805, "time_VE": 0.0013356655836105347, "time_BP": 0.006280194967985153, "RMSE": 38.531592659192754, "WRMSE": 38.60871627482795, "MAE": 30.830736953826296, "PE": 0.18367762675165317, "exact_EV": 345, "disc_EV": 344.3663121877068, "Wass_scaled": 0.17806679287581, "Wass_multi": 6.1102824558214035, "time_wass": 0.3331588078290224}