{
	"nodecount" : 12973,
	"peaknodes" : 13581,
	"total_load_time" : 1.45391,
	"build_time" : 1.38264,
	"wmc_time" : 0.00512886,
	"wmc_value" : 1,
	"bn_to_cnf_time" : 0.0648563
}
