{"distribution": "lg", "edges": [["A", "D"], ["B", "D"], ["D", "E"], ["C", "E"]], "root_params": "A ~ N(20,20) B ~ N(20,20) C ~ N(15,15)", "experiment": 120, "not_root_params": "D   ~   N ( 2 A + 3 B , 7 . 4 6 8 7 5 )   E   ~   N ( 3 C + 3 D , 7 . 4 6 8 7 5 )", "sample_size": 753, "means": {"A": 20, "B": 20, "C": 15, "D": 100, "E": 345}, "disc_method": "EB", "bins": 14, "target_column": null, "CPT_method": "Bayes", "time_disc": 0.07023137621581554, "time_cnf": 0.411042045801878, "time_VE": 0.0012315716594457626, "time_BP": 0.005460731219500303, "RMSE": 70.51168437004729, "WRMSE": 40.80516970112919, "MAE": 59.54375255749854, "PE": 4.866745579351122, "exact_EV": 345, "disc_EV": 361.79027224876137, "Wass_scaled": 0.05703525015560857, "Wass_multi": 9.433092188923661, "time_wass": 0.3232226697728038}