{
	"nodecount" : 8970,
	"peaknodes" : 9434,
	"total_load_time" : 0.975482,
	"build_time" : 0.933351,
	"wmc_time" : 0.00467801,
	"wmc_value" : 1,
	"bn_to_cnf_time" : 0.0277815
}
