{
	"nodecount" : 1664,
	"peaknodes" : 1709,
	"total_load_time" : 0.0690711,
	"build_time" : 0.0635729,
	"wmc_time" : 0.00184798
}
