{"distribution": "lg", "edges": [["A", "D"], ["B", "D"], ["D", "E"], ["C", "E"]], "root_params": "A ~ N(20,20) B ~ N(20,20) C ~ N(15,15)", "experiment": 107, "not_root_params": "D   ~   N ( 2 A + 3 B , 2 . 1 2 5 )   E   ~   N ( 3 C + 3 D , 2 . 1 2 5 )", "sample_size": 1288, "means": {"A": 20, "B": 20, "C": 15, "D": 100, "E": 345}, "disc_method": "EB", "bins": 8, "target_column": null, "CPT_method": "Bayespriors", "time_disc": 0.09716494008898735, "time_cnf": 0.3130455147475004, "time_VE": 0.0011782841756939888, "time_BP": 0.004813006147742271, "RMSE": 3.2897104480698336, "WRMSE": 1.5489841066551697, "MAE": 2.6195220688539607, "PE": 0.04883690812003687, "exact_EV": 345, "disc_EV": 344.8315126669859, "Wass_scaled": 0.10248514025813638, "Wass_multi": 5.741540842638427, "time_wass": 0.5918295821174979}