{"distribution": "lg", "edges": [["A", "D"], ["B", "D"], ["D", "E"], ["C", "E"]], "root_params": "A ~ N(20,20) B ~ N(20,20) C ~ N(15,15)", "experiment": 107, "not_root_params": "D   ~   N ( 2 A + 3 B , 2 . 1 2 5 )   E   ~   N ( 3 C + 3 D , 2 . 1 2 5 )", "sample_size": 1288, "means": {"A": 20, "B": 20, "C": 15, "D": 100, "E": 345}, "disc_method": "EV", "bins": 17, "target_column": null, "CPT_method": "Bayespriors", "time_disc": 0.1679537000018172, "time_cnf": 0.14126229999237694, "time_VE": 0.0015085000050021335, "time_BP": 0.007004799990681931, "RMSE": 1.0551332651164098, "WRMSE": 1.0520309693855296, "MAE": 0.6834921013879058, "PE": 0.0022095711641754137, "exact_EV": 345, "disc_EV": 345.0076230205164, "Wass_scaled": 0.21242299149248248, "Wass_multi": 2.3021899960331913, "time_wass": 0.7935655999899609}