{"distribution": "lg", "edges": [["A", "D"], ["B", "D"], ["D", "E"], ["C", "E"]], "root_params": "A ~ N(20,20) B ~ N(20,20) C ~ N(15,15)", "experiment": 107, "not_root_params": "D   ~   N ( 2 A + 3 B , 2 . 1 2 5 )   E   ~   N ( 3 C + 3 D , 2 . 1 2 5 )", "sample_size": 1288, "means": {"A": 20, "B": 20, "C": 15, "D": 100, "E": 345}, "disc_method": "EV", "bins": 14, "target_column": null, "CPT_method": "Bayespriors", "time_disc": 0.09857956925407052, "time_cnf": 0.34775017900392413, "time_VE": 0.0012717610225081444, "time_BP": 0.0052661169320344925, "RMSE": 0.9623346176818959, "WRMSE": 0.9623346176818959, "MAE": 0.7771335481458956, "PE": 0.015503555879838355, "exact_EV": 345, "disc_EV": 344.94651273221456, "Wass_scaled": 0.23463234666506846, "Wass_multi": 2.6830846584059542, "time_wass": 0.6226875795982778}