{"distribution": "lg", "edges": [["A", "D"], ["B", "D"], ["D", "E"], ["C", "E"]], "root_params": "A ~ N(20,20) B ~ N(20,20) C ~ N(15,15)", "experiment": 107, "not_root_params": "D   ~   N ( 2 A + 3 B , 2 . 1 2 5 )   E   ~   N ( 3 C + 3 D , 2 . 1 2 5 )", "sample_size": 1288, "means": {"A": 20, "B": 20, "C": 15, "D": 100, "E": 345}, "disc_method": "EB", "bins": 17, "target_column": null, "CPT_method": "Bayespriors", "time_disc": 0.10374686401337385, "time_cnf": 0.28091928642243147, "time_VE": 0.0013247081078588963, "time_BP": 0.005699291359633207, "RMSE": 10.686523253656786, "WRMSE": 2.9417466117353843, "MAE": 6.404374481030606, "PE": 0.010067295660638078, "exact_EV": 345, "disc_EV": 344.9652678299708, "Wass_scaled": 0.04420503977309547, "Wass_multi": 2.7580166191966144, "time_wass": 0.5684150969609618}