{"distribution": "lg", "edges": [["A", "D"], ["B", "D"], ["D", "E"], ["C", "E"]], "root_params": "A ~ N(20,20) B ~ N(20,20) C ~ N(15,15)", "experiment": 107, "not_root_params": "D   ~   N ( 2 A + 3 B , 2 . 1 2 5 )   E   ~   N ( 3 C + 3 D , 2 . 1 2 5 )", "sample_size": 1288, "means": {"A": 20, "B": 20, "C": 15, "D": 100, "E": 345}, "disc_method": "EV", "bins": 25, "target_column": null, "CPT_method": "Bayespriors", "time_disc": 0.17182220000540838, "time_cnf": 0.49847470001259353, "time_VE": 0.001821500001824461, "time_BP": 0.011267299996688962, "RMSE": 2.753922232791893, "WRMSE": 2.7544579838122965, "MAE": 2.2132114589274012, "PE": 0.06096080666791921, "exact_EV": 345, "disc_EV": 344.7896852169957, "Wass_scaled": 0.17550477908427378, "Wass_multi": 1.6679505511018824, "time_wass": 0.806864999991376}