{
	"nodecount" : 50207,
	"peaknodes" : 58097,
	"total_load_time" : 9.82681,
	"build_time" : 8.70903,
	"wmc_time" : 0.00965214,
	"wmc_value" : 1,
	"bn_to_cnf_time" : 0.651934
}
