{"distribution": "lg", "edges": [["A", "D"], ["B", "D"], ["D", "E"], ["C", "E"]], "root_params": "A ~ N(20,20) B ~ N(20,20) C ~ N(15,15)", "experiment": 107, "not_root_params": "D   ~   N ( 2 A + 3 B , 2 . 1 2 5 )   E   ~   N ( 3 C + 3 D , 2 . 1 2 5 )", "sample_size": 1288, "means": {"A": 20, "B": 20, "C": 15, "D": 100, "E": 345}, "disc_method": "EB", "bins": 30, "target_column": null, "CPT_method": "Bayespriors", "time_disc": 0.13299970608204603, "time_cnf": 6.6582737299613655, "time_VE": 0.0016239169053733349, "time_BP": 0.009112498257309198, "RMSE": 16.604613818567813, "WRMSE": 6.324488100548658, "MAE": 12.191668824007861, "PE": 0.15335402108024132, "exact_EV": 345, "disc_EV": 345.52907137272683, "Wass_scaled": 0.024021777825887523, "Wass_multi": 1.5315728910278303, "time_wass": 0.525962040759623}