{
	"nodecount" : 22806,
	"peaknodes" : 24243,
	"total_load_time" : 1.93252,
	"build_time" : 1.72022,
	"wmc_time" : 0.00583887
}
