{
	"nodecount" : 1833,
	"peaknodes" : 1833,
	"total_load_time" : 1.09134,
	"build_time" : 0.970269,
	"wmc_time" : 0.00195599
}
