{"distribution": "lg", "edges": [["A", "D"], ["B", "D"], ["D", "E"], ["C", "E"]], "root_params": "A ~ N(20,20) B ~ N(20,20) C ~ N(15,15)", "experiment": 107, "not_root_params": "D   ~   N ( 2 A + 3 B , 2 . 1 2 5 )   E   ~   N ( 3 C + 3 D , 2 . 1 2 5 )", "sample_size": 1288, "means": {"A": 20, "B": 20, "C": 15, "D": 100, "E": 345}, "disc_method": "EV", "bins": 12, "target_column": null, "CPT_method": "Bayespriors", "time_disc": 0.09784523770213127, "time_cnf": 0.42108618281781673, "time_VE": 0.0011964519508183002, "time_BP": 0.005031633656471968, "RMSE": 0.7995358913773466, "WRMSE": 0.7998285317732778, "MAE": 0.609505248222059, "PE": 0.0009303845261957326, "exact_EV": 345, "disc_EV": 345.0032098266154, "Wass_scaled": 0.2550904871492393, "Wass_multi": 2.9745705819304673, "time_wass": 0.6188829112797976}