{
	"nodecount" : 22806,
	"peaknodes" : 24243,
	"total_load_time" : 3.46768,
	"build_time" : 3.30497,
	"wmc_time" : 0.00657487,
	"wmc_value" : 1,
	"bn_to_cnf_time" : 0.106534
}
