{
	"nodecount" : 3129,
	"peaknodes" : 3171,
	"total_load_time" : 0.246384,
	"build_time" : 0.151019,
	"wmc_time" : 0.00234604
}
