{"distribution": "lg", "edges": [["A", "D"], ["B", "D"], ["D", "E"], ["C", "E"]], "root_params": "A ~ N(20,20) B ~ N(20,20) C ~ N(15,15)", "experiment": 107, "not_root_params": "D   ~   N ( 2 A + 3 B , 2 . 1 2 5 )   E   ~   N ( 3 C + 3 D , 2 . 1 2 5 )", "sample_size": 1288, "means": {"A": 20, "B": 20, "C": 15, "D": 100, "E": 345}, "disc_method": "EB", "bins": 10, "target_column": null, "CPT_method": "Bayespriors", "time_disc": 0.16696899999806192, "time_cnf": 0.03411130000313278, "time_VE": 0.0013574999902630225, "time_BP": 0.011628100008238107, "RMSE": 7.004775796563287, "WRMSE": 2.096122581384391, "MAE": 3.9138357949637226, "PE": 0.01944908421751938, "exact_EV": 345, "disc_EV": 344.93290065944956, "Wass_scaled": 0.07873828017736348, "Wass_multi": 4.699367817135257, "time_wass": 0.7731509000004735}