{"distribution": "lg", "edges": [["A", "D"], ["B", "D"], ["D", "E"], ["C", "E"]], "root_params": "A ~ N(20,20) B ~ N(20,20) C ~ N(15,15)", "experiment": 107, "not_root_params": "D   ~   N ( 2 A + 3 B , 2 . 1 2 5 )   E   ~   N ( 3 C + 3 D , 2 . 1 2 5 )", "sample_size": 1288, "means": {"A": 20, "B": 20, "C": 15, "D": 100, "E": 345}, "disc_method": "EB", "bins": 12, "target_column": null, "CPT_method": "Bayespriors", "time_disc": 0.16232850000960752, "time_cnf": 0.049876599994604476, "time_VE": 0.0015423000004375353, "time_BP": 0.005858100004843436, "RMSE": 7.342734446732507, "WRMSE": 2.259856231247097, "MAE": 4.2089210169958635, "PE": 0.11332788805480445, "exact_EV": 345, "disc_EV": 344.6090187862109, "Wass_scaled": 0.06581512401569818, "Wass_multi": 3.818938458053837, "time_wass": 0.7690948999952525}