{"distribution": "lg", "edges": [["A", "D"], ["B", "D"], ["D", "E"], ["C", "E"]], "root_params": "A ~ N(20,20) B ~ N(20,20) C ~ N(15,15)", "experiment": 107, "not_root_params": "D   ~   N ( 2 A + 3 B , 2 . 1 2 5 )   E   ~   N ( 3 C + 3 D , 2 . 1 2 5 )", "sample_size": 1288, "means": {"A": 20, "B": 20, "C": 15, "D": 100, "E": 345}, "disc_method": "EV", "bins": 12, "target_column": null, "CPT_method": "Bayespriors", "time_disc": 0.15429500000027474, "time_cnf": 0.053180600007181056, "time_VE": 0.0028718999965349212, "time_BP": 0.005926099998760037, "RMSE": 0.7995358913773345, "WRMSE": 0.7998285317732657, "MAE": 0.6095052482220495, "PE": 0.0009303845261957326, "exact_EV": 345, "disc_EV": 345.0032098266154, "Wass_scaled": 0.2550904871492393, "Wass_multi": 2.9745705819304673, "time_wass": 0.8079301999969175}