{
	"nodecount" : 1498,
	"peaknodes" : 1564,
	"total_load_time" : 0.14756,
	"build_time" : 0.132832,
	"wmc_time" : 0.00339794,
	"wmc_value" : 1,
	"bn_to_cnf_time" : 0.00311518
}
