{
	"nodecount" : 3129,
	"peaknodes" : 3171,
	"total_load_time" : 0.298478,
	"build_time" : 0.27961,
	"wmc_time" : 0.00334907,
	"wmc_value" : 1,
	"bn_to_cnf_time" : 0.0110581
}
