{
	"nodecount" : 11608,
	"peaknodes" : 11669,
	"total_load_time" : 0.731243,
	"build_time" : 0.520074,
	"wmc_time" : 0.00308013
}
