{
	"nodecount" : 50779,
	"peaknodes" : 54603,
	"total_load_time" : 9.40815,
	"build_time" : 8.19767,
	"wmc_time" : 0.0117888,
	"wmc_value" : 1,
	"bn_to_cnf_time" : 0.614799
}
