{
	"nodecount" : 24732,
	"peaknodes" : 24971,
	"total_load_time" : 1.24717,
	"build_time" : 1.09386,
	"wmc_time" : 0.00598407
}
