{"distribution": "lg", "edges": [["A", "D"], ["B", "D"], ["D", "E"], ["C", "E"]], "root_params": "A ~ N(20,20) B ~ N(20,20) C ~ N(15,15)", "experiment": 107, "not_root_params": "D   ~   N ( 2 A + 3 B , 2 . 1 2 5 )   E   ~   N ( 3 C + 3 D , 2 . 1 2 5 )", "sample_size": 1288, "means": {"A": 20, "B": 20, "C": 15, "D": 100, "E": 345}, "disc_method": "EV", "bins": 20, "target_column": null, "CPT_method": "Bayespriors", "time_disc": 0.10851327609270811, "time_cnf": 1.207776125986129, "time_VE": 0.00133950961753726, "time_BP": 0.006332360673695803, "RMSE": 1.7897228675979926, "WRMSE": 1.7934984934659872, "MAE": 1.2773035855342614, "PE": 0.16271004460211613, "exact_EV": 345, "disc_EV": 345.5613496538773, "Wass_scaled": 0.19636372378285866, "Wass_multi": 1.9979059486505397, "time_wass": 0.6053289640694857}