{
	"nodecount" : 6838,
	"peaknodes" : 7240,
	"total_load_time" : 0.579881,
	"build_time" : 0.442316,
	"wmc_time" : 0.00303507
}
