{"distribution": "lg", "edges": [["A", "D"], ["B", "D"], ["D", "E"], ["C", "E"]], "root_params": "A ~ N(20,20) B ~ N(20,20) C ~ N(15,15)", "experiment": 107, "not_root_params": "D   ~   N ( 2 A + 3 B , 2 . 1 2 5 )   E   ~   N ( 3 C + 3 D , 2 . 1 2 5 )", "sample_size": 1288, "means": {"A": 20, "B": 20, "C": 15, "D": 100, "E": 345}, "disc_method": "EB", "bins": 14, "target_column": null, "CPT_method": "Bayespriors", "time_disc": 0.10228399373590946, "time_cnf": 0.3519318476319313, "time_VE": 0.0012887902557849884, "time_BP": 0.005410338751971722, "RMSE": 9.119335300901689, "WRMSE": 2.696753323631464, "MAE": 5.370844361326813, "PE": 0.04147399288592129, "exact_EV": 345, "disc_EV": 344.85691472454357, "Wass_scaled": 0.057958370089340655, "Wass_multi": 3.3853861775903122, "time_wass": 0.5868863379582763}