{
	"nodecount" : 41347,
	"peaknodes" : 44231,
	"total_load_time" : 3.92236,
	"build_time" : 3.36972,
	"wmc_time" : 0.00907493
}
