{
	"nodecount" : 29604,
	"peaknodes" : 31278,
	"total_load_time" : 4.8744,
	"build_time" : 4.56599,
	"wmc_time" : 0.00793695,
	"wmc_value" : 1,
	"bn_to_cnf_time" : 0.175303
}
