{
	"nodecount" : 53206,
	"peaknodes" : 59091,
	"total_load_time" : 4.02571,
	"build_time" : 3.46912,
	"wmc_time" : 0.00971985
}
