{
	"nodecount" : 41347,
	"peaknodes" : 44231,
	"total_load_time" : 6.87323,
	"build_time" : 6.23955,
	"wmc_time" : 0.0100451,
	"wmc_value" : 1,
	"bn_to_cnf_time" : 0.322011
}
