{"distribution": "lg", "edges": [["A", "D"], ["B", "D"], ["D", "E"], ["C", "E"]], "root_params": "A ~ N(20,20) B ~ N(20,20) C ~ N(15,15)", "experiment": 107, "not_root_params": "D   ~   N ( 2 A + 3 B , 2 . 1 2 5 )   E   ~   N ( 3 C + 3 D , 2 . 1 2 5 )", "sample_size": 1288, "means": {"A": 20, "B": 20, "C": 15, "D": 100, "E": 345}, "disc_method": "EV", "bins": 25, "target_column": null, "CPT_method": "Bayespriors", "time_disc": 0.11536568496376276, "time_cnf": 4.090403738897294, "time_VE": 0.0015239701606333256, "time_BP": 0.008188628125935793, "RMSE": 2.7539222327918913, "WRMSE": 2.7544579838122947, "MAE": 2.2132114589273986, "PE": 0.06096080666791921, "exact_EV": 345, "disc_EV": 344.7896852169957, "Wass_scaled": 0.17550477908427378, "Wass_multi": 1.6679505511018824, "time_wass": 0.6137634310871363}