{
	"nodecount" : 37,
	"peaknodes" : 38,
	"total_load_time" : 0.00820899,
	"build_time" : 0.00581193,
	"wmc_time" : 0.000359058
}
