{"distribution": "nm", "edges": [["X", "Y"]], "root_params": ["X ~ B(0.8)"], "experiment": 8, "not_root_params": "P(Y|X) ~ N(6,2) if X = 0.0 and P(Y|X) ~ N(4,2) if X = 1.0", "sample_size": 100, "means": 5.6000000000000005, "disc_method": "EV", "bins": 20, "target_column": null, "CPT_method": "MLE", "time_disc": 0.02109727682545781, "time_cnf": 0.0038562710396945477, "time_VE": 0.0011309781111776829, "time_BP": 0.003122562076896429, "RMSE": 0.05741869782628241, "WRMSE": 0.04046115670973281, "MAE": 0.04966896446653335, "PE": 19.812050879501328, "exact_EV": 5.6000000000000005, "disc_EV": 4.490525150747926, "Wass_scaled": 0.038589517136861165, "Wass_multi": 0.13332144880857763, "time_wass": 0.013120420277118683}