{"distribution": "nm", "edges": [["X", "Y"]], "root_params": ["X ~ B(0.8)"], "experiment": 8, "not_root_params": "P(Y|X) ~ N(6,2) if X = 0.0 and P(Y|X) ~ N(4,2) if X = 1.0", "sample_size": 100, "means": 5.6000000000000005, "disc_method": "EB", "bins": 17, "target_column": null, "CPT_method": "MLE", "time_disc": 0.014378430787473917, "time_cnf": 0.07057736394926906, "time_VE": 0.000833509024232626, "time_BP": 0.0025086989626288414, "RMSE": 0.015409799365761307, "WRMSE": 0.010858802630633716, "MAE": 0.013329957071650078, "PE": 19.812050879501296, "exact_EV": 5.6000000000000005, "disc_EV": 4.490525150747928, "Wass_scaled": 0.01270622233751096, "Wass_multi": 0.13724700881111865, "time_wass": 0.010374625213444233}