{"distribution": "nm", "edges": [["X", "Y"]], "root_params": ["X ~ B(0.8)"], "experiment": 8, "not_root_params": "P(Y|X) ~ N(6,2) if X = 0.0 and P(Y|X) ~ N(4,2) if X = 1.0", "sample_size": 100, "means": 5.6000000000000005, "disc_method": "EV", "bins": 5, "target_column": null, "CPT_method": "MLE", "time_disc": 0.020535205025225878, "time_cnf": 0.5223878570832312, "time_VE": 0.001461520791053772, "time_BP": 0.00362200615927577, "RMSE": 0.021545494492104165, "WRMSE": 0.015182434677832198, "MAE": 0.018637524723738697, "PE": 19.812050879501328, "exact_EV": 5.6000000000000005, "disc_EV": 4.490525150747926, "Wass_scaled": 0.13187932242695907, "Wass_multi": 0.4849555215006284, "time_wass": 0.013790082186460495}