{
	"nodecount" : 35,
	"peaknodes" : 35,
	"total_load_time" : 0.00935912,
	"build_time" : 0.00582409,
	"wmc_time" : 0.000355959
}
