{
	"nodecount" : 39,
	"peaknodes" : 40,
	"total_load_time" : 0.00952911,
	"build_time" : 0.00595498,
	"wmc_time" : 0.000333071
}
