{"distribution": "nm", "edges": [["X", "Y"]], "root_params": ["X ~ B(0.8)"], "experiment": 8, "not_root_params": "P(Y|X) ~ N(6,2) if X = 0.0 and P(Y|X) ~ N(4,2) if X = 1.0", "sample_size": 100, "means": 5.6000000000000005, "disc_method": "EV", "bins": 12, "target_column": null, "CPT_method": "MLE", "time_disc": 0.014318613801151514, "time_cnf": 0.9936523200012743, "time_VE": 0.0009048632346093655, "time_BP": 0.00257313996553421, "RMSE": 0.01321353292197571, "WRMSE": 0.00931116250429041, "MAE": 0.011430118097846442, "PE": 19.812050879501296, "exact_EV": 5.6000000000000005, "disc_EV": 4.490525150747928, "Wass_scaled": 0.06705854762851805, "Wass_multi": 0.22282312947191193, "time_wass": 0.0104412198998034}