{
	"nodecount" : 50,
	"peaknodes" : 52,
	"total_load_time" : 0.013824,
	"build_time" : 0.010592,
	"wmc_time" : 0.00051403
}
