{"distribution": "nm", "edges": [["X", "Y"]], "root_params": ["X ~ B(0.8)"], "experiment": 8, "not_root_params": "P(Y|X) ~ N(6,2) if X = 0.0 and P(Y|X) ~ N(4,2) if X = 1.0", "sample_size": 100, "means": 5.6000000000000005, "disc_method": "MDLP", "bins": 2, "target_column": "Y", "CPT_method": "MLE", "time_disc": 0.02436274802312255, "time_cnf": 1.6528858728706837, "time_VE": 0.0008809068240225315, "time_BP": 0.0024800370447337627, "RMSE": 0.031761156619103746, "WRMSE": 0.02238109159382032, "MAE": 0.027474391082553673, "PE": 19.812050879501314, "exact_EV": 5.6000000000000005, "disc_EV": 4.490525150747927, "Wass_scaled": 0.0581582519220297, "Wass_multi": 0.24735213740545628, "time_wass": 0.009020896162837744}