{"distribution": "nm", "edges": [["X", "Y"]], "root_params": ["X ~ B(0.8)"], "experiment": 8, "not_root_params": "P(Y|X) ~ N(6,2) if X = 0.0 and P(Y|X) ~ N(4,2) if X = 1.0", "sample_size": 100, "means": 5.6000000000000005, "disc_method": "EV", "bins": 14, "target_column": null, "CPT_method": "MLE", "time_disc": 0.015521096996963024, "time_cnf": 0.486337901558727, "time_VE": 0.0011748210527002811, "time_BP": 0.003375678788870573, "RMSE": 0.01837103179976478, "WRMSE": 0.012945490314298168, "MAE": 0.015891515485716656, "PE": 19.812050879501296, "exact_EV": 5.6000000000000005, "disc_EV": 4.490525150747928, "Wass_scaled": 0.05992596014633337, "Wass_multi": 0.1969656725101121, "time_wass": 0.014641868881881237}