{"distribution": "nm", "edges": [["X", "Y"]], "root_params": ["X ~ B(0.8)"], "experiment": 8, "not_root_params": "P(Y|X) ~ N(6,2) if X = 0.0 and P(Y|X) ~ N(4,2) if X = 1.0", "sample_size": 100, "means": 5.6000000000000005, "disc_method": "EB", "bins": 12, "target_column": null, "CPT_method": "MLE", "time_disc": 0.014620375819504261, "time_cnf": 0.3735598768107593, "time_VE": 0.0009738849475979805, "time_BP": 0.0026055150665342808, "RMSE": 0.03409942463963106, "WRMSE": 0.02402879578060179, "MAE": 0.029497065849163118, "PE": 19.812050879501314, "exact_EV": 5.6000000000000005, "disc_EV": 4.490525150747927, "Wass_scaled": 0.020014356869009063, "Wass_multi": 0.21618625430805002, "time_wass": 0.01019479101523757}