{"distribution": "nm", "edges": [["X", "Y"]], "root_params": ["X ~ B(0.8)"], "experiment": 8, "not_root_params": "P(Y|X) ~ N(6,2) if X = 0.0 and P(Y|X) ~ N(4,2) if X = 1.0", "sample_size": 100, "means": 5.6000000000000005, "disc_method": "EB", "bins": 20, "target_column": null, "CPT_method": "MLE", "time_disc": 0.020769843831658363, "time_cnf": 0.0052881487645208836, "time_VE": 0.00113715510815382, "time_BP": 0.004143415950238705, "RMSE": 0.006822967827628332, "WRMSE": 0.004807931578914584, "MAE": 0.005902079974228425, "PE": 19.812050879501314, "exact_EV": 5.6000000000000005, "disc_EV": 4.490525150747927, "Wass_scaled": 0.01094797115496667, "Wass_multi": 0.11825515512465738, "time_wass": 0.017914492171257734}