{
	"nodecount" : 25,
	"peaknodes" : 25,
	"total_load_time" : 0.00589299,
	"build_time" : 0.00287008,
	"wmc_time" : 0.000231981
}
