{
	"nodecount" : 26,
	"peaknodes" : 26,
	"total_load_time" : 0.00649405,
	"build_time" : 0.00306201,
	"wmc_time" : 0.00031209
}
