{"distribution": "nm", "edges": [["X", "Y"]], "root_params": ["X ~ B(0.8)"], "experiment": 8, "not_root_params": "P(Y|X) ~ N(6,2) if X = 0.0 and P(Y|X) ~ N(4,2) if X = 1.0", "sample_size": 100, "means": 5.6000000000000005, "disc_method": "EV", "bins": 10, "target_column": null, "CPT_method": "MLE", "time_disc": 0.015303777996450663, "time_cnf": 0.7959130397066474, "time_VE": 0.001394100021570921, "time_BP": 0.003811524249613285, "RMSE": 0.02163292374264568, "WRMSE": 0.01524404333043306, "MAE": 0.018713153752310863, "PE": 19.812050879501314, "exact_EV": 5.6000000000000005, "disc_EV": 4.490525150747927, "Wass_scaled": 0.07398457429108513, "Wass_multi": 0.2744571729457953, "time_wass": 0.012884558644145727}