{"distribution": "nm", "edges": [["X", "Y"]], "root_params": ["X ~ B(0.8)"], "experiment": 8, "not_root_params": "P(Y|X) ~ N(6,2) if X = 0.0 and P(Y|X) ~ N(4,2) if X = 1.0", "sample_size": 100, "means": 5.6000000000000005, "disc_method": "EB", "bins": 10, "target_column": null, "CPT_method": "MLE", "time_disc": 0.013811598066240549, "time_cnf": 0.2342478116042912, "time_VE": 0.0008783307857811451, "time_BP": 0.0024986579082906246, "RMSE": 0.057564568419433505, "WRMSE": 0.040563947144769665, "MAE": 0.04979514707920485, "PE": 19.812050879501296, "exact_EV": 5.6000000000000005, "disc_EV": 4.490525150747928, "Wass_scaled": 0.023985237869016057, "Wass_multi": 0.2590779592639245, "time_wass": 0.010434332769364119}