{
	"nodecount" : 50,
	"peaknodes" : 52,
	"total_load_time" : 0.015399,
	"build_time" : 0.0128391,
	"wmc_time" : 0.000467062
}
