{
	"nodecount" : 45,
	"peaknodes" : 47,
	"total_load_time" : 0.0134029,
	"build_time" : 0.010824,
	"wmc_time" : 0.000445843
}
