{"distribution": "nm", "edges": [["X", "Y"]], "root_params": ["X ~ B(0.8)"], "experiment": 8, "not_root_params": "P(Y|X) ~ N(6,2) if X = 0.0 and P(Y|X) ~ N(4,2) if X = 1.0", "sample_size": 100, "means": 5.6000000000000005, "disc_method": "EB", "bins": 14, "target_column": null, "CPT_method": "MLE", "time_disc": 0.014990575145930052, "time_cnf": 0.2071951781399548, "time_VE": 0.0009993570856750011, "time_BP": 0.0026038140058517456, "RMSE": 0.0183006850507722, "WRMSE": 0.012895919165130292, "MAE": 0.015830663353775698, "PE": 19.812050879501296, "exact_EV": 5.6000000000000005, "disc_EV": 4.490525150747928, "Wass_scaled": 0.015323565665531001, "Wass_multi": 0.1655183968964926, "time_wass": 0.010468371212482452}