{"distribution": "lg", "edges": [["A", "D"], ["B", "D"], ["D", "E"], ["C", "E"]], "root_params": "A ~ N(20,20) B ~ N(20,20) C ~ N(15,15)", "experiment": 5, "not_root_params": "D   ~   N ( 2 A + 3 B , 2 )   E   ~   N ( 3 C + 3 D , 2 )", "sample_size": 300, "means": {"A": 20, "B": 20, "C": 15, "D": 100, "E": 345}, "disc_method": "EB", "bins": 5, "target_column": null, "Wass1D": 5.949876463262839, "Wass_multi": 6.786953703091811, "RMSE": 2.9027918685294782, "WRMSE": 2.0183095500078476, "MAE": 8.42620063200086, "VE_complexity": 7129.0}