{"distribution": "lg", "edges": [["A", "D"], ["B", "D"], ["D", "E"], ["C", "E"]], "root_params": "A ~ N(20,20) B ~ N(20,20) C ~ N(15,15)", "experiment": 5, "not_root_params": "D   ~   N ( 2 A + 3 B , 2 )   E   ~   N ( 3 C + 3 D , 2 )", "sample_size": 300, "means": {"A": 20, "B": 20, "C": 15, "D": 100, "E": 345}, "disc_method": "EB", "bins": 8, "target_column": null, "Wass1D": 4.219014178006251, "Wass_multi": 5.257006809189134, "RMSE": 9.842150244115892, "WRMSE": 3.5676998835963545, "MAE": 96.86792142775053, "VE_complexity": 70663.0}