{"distribution": "lg", "edges": [["A", "D"], ["B", "D"], ["D", "E"], ["C", "E"]], "root_params": "A ~ N(5,5) B ~ N(10,10) C ~ N(-5,-5)", "experiment": 1, "not_root_params": "D   ~   N ( 2 A + 3 B , 2 )   E   ~   N ( 3 C + 3 D , 2 )", "sample_size": 5000, "means": {"A": 5, "B": 10, "C": -5, "D": 40, "E": 105}, "disc_method": "MDLP", "bins": 5, "target_column": "E", "Wass1D": 0.015363285035555342, "Wass_multi": 0.7241477946979966, "RMSE": 2.8728674635658535e-05, "WRMSE": 2.8728674635658535e-05}