{"distribution": "lg", "edges": [["A", "D"], ["B", "D"], ["D", "E"], ["C", "E"]], "root_params": "A ~ N(20,20) B ~ N(20,20) C ~ N(15,15)", "experiment": 5, "not_root_params": "D   ~   N ( 2 A + 3 B , 2 )   E   ~   N ( 3 C + 3 D , 2 )", "sample_size": 300, "means": {"A": 20, "B": 20, "C": 15, "D": 100, "E": 345}, "disc_method": "MDLP", "bins": 2, "target_column": "E", "Wass1D": 1.9959998284496594, "Wass_multi": 3.8076929041805965, "RMSE": 2.183144255176932, "WRMSE": 1.9633273744339368, "MAE": 4.766118838912041, "VE_complexity": 317462.0}