{"distribution": "lg", "edges": [["A", "D"], ["B", "D"], ["D", "E"], ["C", "E"]], "root_params": "A ~ N(20,20) B ~ N(20,20) C ~ N(15,15)", "experiment": 5, "not_root_params": "D   ~   N ( 2 A + 3 B , 2 )   E   ~   N ( 3 C + 3 D , 2 )", "sample_size": 300, "means": {"A": 20, "B": 20, "C": 15, "D": 100, "E": 345}, "disc_method": "EV", "bins": 8, "target_column": null, "Wass1D": 3.909961366979293, "Wass_multi": 4.761068694054441, "RMSE": 1.5329781516859158, "WRMSE": 1.537693798806341, "MAE": 2.3500220135463663, "VE_complexity": 70663.0}