{
	"nodecount" : 24404,
	"peaknodes" : 27112,
	"total_load_time" : 3.72203,
	"build_time" : 3.52668,
	"wmc_time" : 0.00581217,
	"wmc_value" : 1,
	"bn_to_cnf_time" : 0.1143
}
