{
	"nodecount" : 5678,
	"peaknodes" : 5678,
	"total_load_time" : 0.25009,
	"build_time" : 0.235557,
	"wmc_time" : 0.00405908
}
