{
	"nodecount" : 1614,
	"peaknodes" : 1663,
	"total_load_time" : 0.0926938,
	"build_time" : 0.0805781,
	"wmc_time" : 0.00244212
}
