{"distribution": "lg", "edges": [["A", "D"], ["B", "D"], ["D", "E"], ["C", "E"]], "root_params": "A ~ N(20,20) B ~ N(20,20) C ~ N(15,15)", "experiment": 104, "not_root_params": "D   ~   N ( 2 A + 3 B , 7 . 7 5 )   E   ~   N ( 3 C + 3 D , 7 . 7 5 )", "sample_size": 575, "means": {"A": 20, "B": 20, "C": 15, "D": 100, "E": 345}, "disc_method": "EB", "bins": 10, "target_column": null, "CPT_method": "Bayes", "time_disc": 0.09263853682205081, "time_cnf": 0.3588614328764379, "time_VE": 0.0019341269508004189, "time_BP": 0.0072192056104540825, "RMSE": 69.7496877433239, "WRMSE": 35.49880922796831, "MAE": 57.462780092974754, "PE": 2.969490754098101, "exact_EV": 345, "disc_EV": 334.75525689836155, "Wass_scaled": 0.0747002897603397, "Wass_multi": 15.269600020690497, "time_wass": 0.2918518939986825}