{
	"nodecount" : 10298,
	"peaknodes" : 10960,
	"total_load_time" : 0.914628,
	"build_time" : 0.842194,
	"wmc_time" : 0.00472593
}
