{
	"nodecount" : 4326,
	"peaknodes" : 4423,
	"total_load_time" : 0.243001,
	"build_time" : 0.229339,
	"wmc_time" : 0.00429392
}
