{"distribution": "lg", "edges": [["A", "D"], ["B", "D"], ["D", "E"], ["C", "E"]], "root_params": "A ~ N(20,20) B ~ N(20,20) C ~ N(15,15)", "experiment": 104, "not_root_params": "D   ~   N ( 2 A + 3 B , 7 . 7 5 )   E   ~   N ( 3 C + 3 D , 7 . 7 5 )", "sample_size": 575, "means": {"A": 20, "B": 20, "C": 15, "D": 100, "E": 345}, "disc_method": "MDLP", "bins": 2, "target_column": "E", "CPT_method": "Bayes", "time_disc": 0.6016250999964541, "time_cnf": 0.0855804999882821, "time_VE": 0.0031373999954666942, "time_BP": 0.011382299999240786, "RMSE": 40.83964372127714, "WRMSE": 35.85674216088884, "MAE": 34.169058907830774, "PE": 1.4305976800165394, "exact_EV": 345, "disc_EV": 340.06443800394294, "Wass_scaled": 0.36767718636225655, "Wass_multi": 7.55083523271518, "time_wass": 0.2223229000082938}