{"distribution": "lg", "edges": [["A", "D"], ["B", "D"], ["D", "E"], ["C", "E"]], "root_params": "A ~ N(20,20) B ~ N(20,20) C ~ N(15,15)", "experiment": 104, "not_root_params": "D   ~   N ( 2 A + 3 B , 7 . 7 5 )   E   ~   N ( 3 C + 3 D , 7 . 7 5 )", "sample_size": 575, "means": {"A": 20, "B": 20, "C": 15, "D": 100, "E": 345}, "disc_method": "EV", "bins": 25, "target_column": null, "CPT_method": "Bayes", "time_disc": 0.11122029786929488, "time_cnf": 1.9334865529090166, "time_VE": 0.0027656392194330692, "time_BP": 0.01146393408998847, "RMSE": 40.50811867579825, "WRMSE": 40.50811867579825, "MAE": 32.42470002844934, "PE": 0.6976673607708114, "exact_EV": 345, "disc_EV": 342.5930476053407, "Wass_scaled": 0.16564705955559655, "Wass_multi": 5.915310952727745, "time_wass": 0.2916321400552988}