{"distribution": "lg", "edges": [["A", "D"], ["B", "D"], ["D", "E"], ["C", "E"]], "root_params": "A ~ N(20,20) B ~ N(20,20) C ~ N(15,15)", "experiment": 104, "not_root_params": "D   ~   N ( 2 A + 3 B , 7 . 7 5 )   E   ~   N ( 3 C + 3 D , 7 . 7 5 )", "sample_size": 575, "means": {"A": 20, "B": 20, "C": 15, "D": 100, "E": 345}, "disc_method": "EV", "bins": 14, "target_column": null, "CPT_method": "Bayes", "time_disc": 0.08475276781246066, "time_cnf": 0.32473647594451904, "time_VE": 0.002055421005934477, "time_BP": 0.0074041448533535, "RMSE": 38.9947293198433, "WRMSE": 39.091563578511014, "MAE": 31.399392782276355, "PE": 0.6284817305684727, "exact_EV": 345, "disc_EV": 342.83173802953877, "Wass_scaled": 0.227624553773378, "Wass_multi": 9.472346530331212, "time_wass": 0.2615830865688622}