{"distribution": "lg", "edges": [["A", "D"], ["B", "D"], ["D", "E"], ["C", "E"]], "root_params": "A ~ N(20,20) B ~ N(20,20) C ~ N(15,15)", "experiment": 104, "not_root_params": "D   ~   N ( 2 A + 3 B , 7 . 7 5 )   E   ~   N ( 3 C + 3 D , 7 . 7 5 )", "sample_size": 575, "means": {"A": 20, "B": 20, "C": 15, "D": 100, "E": 345}, "disc_method": "EV", "bins": 30, "target_column": null, "CPT_method": "Bayes", "time_disc": 0.10651169999619015, "time_cnf": 0.8145466999994824, "time_VE": 0.0016942000074777752, "time_BP": 0.01288389999535866, "RMSE": 40.39115841292601, "WRMSE": 40.58902160833686, "MAE": 32.30407247756127, "PE": 0.6937625533837787, "exact_EV": 345, "disc_EV": 342.60651919082596, "Wass_scaled": 0.1527238163092141, "Wass_multi": 5.0447688922585225, "time_wass": 0.2335566999972798}