{"distribution": "lg", "edges": [["A", "D"], ["B", "D"], ["D", "E"], ["C", "E"]], "root_params": "A ~ N(20,20) B ~ N(20,20) C ~ N(15,15)", "experiment": 104, "not_root_params": "D   ~   N ( 2 A + 3 B , 7 . 7 5 )   E   ~   N ( 3 C + 3 D , 7 . 7 5 )", "sample_size": 575, "means": {"A": 20, "B": 20, "C": 15, "D": 100, "E": 345}, "disc_method": "EB", "bins": 25, "target_column": null, "CPT_method": "Bayes", "time_disc": 0.11053545586764812, "time_cnf": 2.096518844831735, "time_VE": 0.0037148287519812584, "time_BP": 0.01587959611788392, "RMSE": 74.91106458396696, "WRMSE": 43.31997504925285, "MAE": 64.47971888582764, "PE": 3.0685410720706967, "exact_EV": 345, "disc_EV": 334.4135333013561, "Wass_scaled": 0.026577170578488418, "Wass_multi": 6.183701425364786, "time_wass": 0.269712901674211}