{"distribution": "lg", "edges": [["A", "D"], ["B", "D"], ["D", "E"], ["C", "E"]], "root_params": "A ~ N(20,20) B ~ N(20,20) C ~ N(15,15)", "experiment": 104, "not_root_params": "D   ~   N ( 2 A + 3 B , 7 . 7 5 )   E   ~   N ( 3 C + 3 D , 7 . 7 5 )", "sample_size": 575, "means": {"A": 20, "B": 20, "C": 15, "D": 100, "E": 345}, "disc_method": "EV", "bins": 12, "target_column": null, "CPT_method": "Bayes", "time_disc": 0.10153849999187514, "time_cnf": 0.05264309998892713, "time_VE": 0.0014367000112542883, "time_BP": 0.005669499994837679, "RMSE": 37.73540602693021, "WRMSE": 37.767290107176166, "MAE": 30.456990102251098, "PE": 0.7047400956844615, "exact_EV": 345, "disc_EV": 342.5686466698886, "Wass_scaled": 0.24676885268267196, "Wass_multi": 10.7703892329036, "time_wass": 0.22471939999377355}