{
	"nodecount" : 24404,
	"peaknodes" : 27112,
	"total_load_time" : 2.31453,
	"build_time" : 2.1486,
	"wmc_time" : 0.00660706
}
