{
	"nodecount" : 1609,
	"peaknodes" : 1656,
	"total_load_time" : 0.073025,
	"build_time" : 0.067898,
	"wmc_time" : 0.00198293
}
