{"distribution": "lg", "edges": [["A", "D"], ["B", "D"], ["D", "E"], ["C", "E"]], "root_params": "A ~ N(20,20) B ~ N(20,20) C ~ N(15,15)", "experiment": 104, "not_root_params": "D   ~   N ( 2 A + 3 B , 7 . 7 5 )   E   ~   N ( 3 C + 3 D , 7 . 7 5 )", "sample_size": 575, "means": {"A": 20, "B": 20, "C": 15, "D": 100, "E": 345}, "disc_method": "EV", "bins": 17, "target_column": null, "CPT_method": "Bayes", "time_disc": 0.08618170162662864, "time_cnf": 0.37223147694021463, "time_VE": 0.002285140100866556, "time_BP": 0.011058772914111614, "RMSE": 39.87067107282062, "WRMSE": 39.945870813401896, "MAE": 31.994355552556037, "PE": 0.7005316962784036, "exact_EV": 345, "disc_EV": 342.5831656478395, "Wass_scaled": 0.2052040465887639, "Wass_multi": 8.216335534706717, "time_wass": 0.2785111451521516}