{
	"nodecount" : 29289,
	"peaknodes" : 34091,
	"total_load_time" : 7.43178,
	"build_time" : 6.39895,
	"wmc_time" : 0.00888491
}
