{
	"nodecount" : 18022,
	"peaknodes" : 19128,
	"total_load_time" : 1.19305,
	"build_time" : 1.11305,
	"wmc_time" : 0.00603294
}
