{"distribution": "lg", "edges": [["A", "D"], ["B", "D"], ["D", "E"], ["C", "E"]], "root_params": "A ~ N(20,20) B ~ N(20,20) C ~ N(15,15)", "experiment": 104, "not_root_params": "D   ~   N ( 2 A + 3 B , 7 . 7 5 )   E   ~   N ( 3 C + 3 D , 7 . 7 5 )", "sample_size": 575, "means": {"A": 20, "B": 20, "C": 15, "D": 100, "E": 345}, "disc_method": "EV", "bins": 20, "target_column": null, "CPT_method": "Bayes", "time_disc": 0.1137524931691587, "time_cnf": 0.9621970099397004, "time_VE": 0.002411683090031147, "time_BP": 0.010825125966221094, "RMSE": 40.189396530356404, "WRMSE": 40.282422271970155, "MAE": 32.22296597510171, "PE": 0.6967601949389499, "exact_EV": 345, "disc_EV": 342.5961773274606, "Wass_scaled": 0.18815859779908078, "Wass_multi": 7.081364047938538, "time_wass": 0.28776658372953534}