{"distribution": "lg", "edges": [["A", "D"], ["B", "D"], ["D", "E"], ["C", "E"]], "root_params": "A ~ N(20,20) B ~ N(20,20) C ~ N(15,15)", "experiment": 104, "not_root_params": "D   ~   N ( 2 A + 3 B , 7 . 7 5 )   E   ~   N ( 3 C + 3 D , 7 . 7 5 )", "sample_size": 575, "means": {"A": 20, "B": 20, "C": 15, "D": 100, "E": 345}, "disc_method": "EB", "bins": 30, "target_column": null, "CPT_method": "Bayes", "time_disc": 0.11212209999212064, "time_cnf": 0.7394745999918086, "time_VE": 0.0020483999978750944, "time_BP": 0.01337739999871701, "RMSE": 76.96433102765124, "WRMSE": 46.239084876577806, "MAE": 66.00867982237473, "PE": 5.5672907696497616, "exact_EV": 345, "disc_EV": 325.7928468447083, "Wass_scaled": 0.023010269734523216, "Wass_multi": 5.262621711115571, "time_wass": 0.1754819000052521}