{"distribution": "lg", "edges": [["A", "D"], ["B", "D"], ["D", "E"], ["C", "E"]], "root_params": "A ~ N(20,20) B ~ N(20,20) C ~ N(15,15)", "experiment": 104, "not_root_params": "D   ~   N ( 2 A + 3 B , 7 . 7 5 )   E   ~   N ( 3 C + 3 D , 7 . 7 5 )", "sample_size": 575, "means": {"A": 20, "B": 20, "C": 15, "D": 100, "E": 345}, "disc_method": "EV", "bins": 10, "target_column": null, "CPT_method": "Bayes", "time_disc": 0.10975090088322759, "time_cnf": 0.5707462863065302, "time_VE": 0.0016178409568965435, "time_BP": 0.00733172707259655, "RMSE": 34.80552453898633, "WRMSE": 34.87809143286975, "MAE": 28.16117175599955, "PE": 0.7048151025258389, "exact_EV": 345, "disc_EV": 342.56838789628586, "Wass_scaled": 0.27329038613047923, "Wass_multi": 12.49465303083849, "time_wass": 0.2948122709058225}