{
	"nodecount" : 27002,
	"peaknodes" : 31683,
	"total_load_time" : 7.36663,
	"build_time" : 6.69945,
	"wmc_time" : 0.00781894,
	"wmc_value" : 1,
	"bn_to_cnf_time" : 0.341283
}
