{"distribution": "lg", "edges": [["A", "D"], ["B", "D"], ["D", "E"], ["C", "E"]], "root_params": "A ~ N(20,20) B ~ N(20,20) C ~ N(15,15)", "experiment": 104, "not_root_params": "D   ~   N ( 2 A + 3 B , 7 . 7 5 )   E   ~   N ( 3 C + 3 D , 7 . 7 5 )", "sample_size": 575, "means": {"A": 20, "B": 20, "C": 15, "D": 100, "E": 345}, "disc_method": "EV", "bins": 17, "target_column": null, "CPT_method": "Bayes", "time_disc": 0.09573240000463556, "time_cnf": 0.14782559999730438, "time_VE": 0.003615000008721836, "time_BP": 0.007782400003634393, "RMSE": 39.870671072820635, "WRMSE": 39.9458708134019, "MAE": 31.99435555255606, "PE": 0.7005316962784036, "exact_EV": 345, "disc_EV": 342.5831656478395, "Wass_scaled": 0.2052040465887639, "Wass_multi": 8.216335534706717, "time_wass": 0.24490700000023935}