{
	"nodecount" : 28812,
	"peaknodes" : 31603,
	"total_load_time" : 5.02721,
	"build_time" : 4.48088,
	"wmc_time" : 0.00992584
}
