{"distribution": "lg", "edges": [["A", "D"], ["B", "D"], ["D", "E"], ["C", "E"]], "root_params": "A ~ N(20,20) B ~ N(20,20) C ~ N(15,15)", "experiment": 104, "not_root_params": "D   ~   N ( 2 A + 3 B , 7 . 7 5 )   E   ~   N ( 3 C + 3 D , 7 . 7 5 )", "sample_size": 575, "means": {"A": 20, "B": 20, "C": 15, "D": 100, "E": 345}, "disc_method": "EB", "bins": 12, "target_column": null, "CPT_method": "Bayes", "time_disc": 0.09163782885298133, "time_cnf": 0.5766228251159191, "time_VE": 0.0016834880225360394, "time_BP": 0.007690578233450651, "RMSE": 71.87589821275598, "WRMSE": 39.257774156268574, "MAE": 60.50259576064954, "PE": 4.202186911672546, "exact_EV": 345, "disc_EV": 330.5024551547297, "Wass_scaled": 0.06338422188285052, "Wass_multi": 12.56019271855909, "time_wass": 0.3307839408516884}