{
	"nodecount" : 29289,
	"peaknodes" : 34091,
	"total_load_time" : 10.5012,
	"build_time" : 9.17054,
	"wmc_time" : 0.00648093,
	"wmc_value" : 1,
	"bn_to_cnf_time" : 0.653971
}
