{"distribution": "lg", "edges": [["A", "D"], ["B", "D"], ["D", "E"], ["C", "E"]], "root_params": "A ~ N(20,20) B ~ N(20,20) C ~ N(15,15)", "experiment": 105, "not_root_params": "D   ~   N ( 2 A + 3 B , 4 . 3 7 5 )   E   ~   N ( 3 C + 3 D , 4 . 3 7 5 )", "sample_size": 812, "means": {"A": 20, "B": 20, "C": 15, "D": 100, "E": 345}, "disc_method": "EB", "bins": 10, "target_column": null, "CPT_method": "Bayespriors", "time_disc": 0.09537675604224205, "time_cnf": 0.19182423688471317, "time_VE": 0.0012064091861248016, "time_BP": 0.004846711177378893, "RMSE": 14.79541209348953, "WRMSE": 4.144058363302891, "MAE": 8.509179138812794, "PE": 0.19500556515323375, "exact_EV": 345, "disc_EV": 345.67276919977866, "Wass_scaled": 0.0880168963308431, "Wass_multi": 8.902240931818273, "time_wass": 0.35809657210484147}