{"distribution": "lg", "edges": [["A", "D"], ["B", "D"], ["D", "E"], ["C", "E"]], "root_params": "A ~ N(20,20) B ~ N(20,20) C ~ N(15,15)", "experiment": 105, "not_root_params": "D   ~   N ( 2 A + 3 B , 4 . 3 7 5 )   E   ~   N ( 3 C + 3 D , 4 . 3 7 5 )", "sample_size": 812, "means": {"A": 20, "B": 20, "C": 15, "D": 100, "E": 345}, "disc_method": "EV", "bins": 8, "target_column": null, "CPT_method": "Bayespriors", "time_disc": 0.1650897000072291, "time_cnf": 0.017077800002880394, "time_VE": 0.0014126000023679808, "time_BP": 0.009306399995693937, "RMSE": 2.160432562165761, "WRMSE": 2.162189822974101, "MAE": 1.7993415257590257, "PE": 0.10291821291707162, "exact_EV": 345, "disc_EV": 345.3550678345639, "Wass_scaled": 0.3241191555972719, "Wass_multi": 8.427937480472414, "time_wass": 0.42106069999863394}