{
	"nodecount" : 1169,
	"peaknodes" : 1223,
	"total_load_time" : 0.119205,
	"build_time" : 0.0568471,
	"wmc_time" : 0.00172305
}
