{
	"nodecount" : 8100,
	"peaknodes" : 8764,
	"total_load_time" : 0.751204,
	"build_time" : 0.620234,
	"wmc_time" : 0.00332904
}
