{
	"nodecount" : 21548,
	"peaknodes" : 23146,
	"total_load_time" : 2.53826,
	"build_time" : 2.20905,
	"wmc_time" : 0.00541997
}
