{
	"nodecount" : 28330,
	"peaknodes" : 31144,
	"total_load_time" : 3.72499,
	"build_time" : 3.1376,
	"wmc_time" : 0.00662613
}
