{
	"nodecount" : 14420,
	"peaknodes" : 14806,
	"total_load_time" : 0.77699,
	"build_time" : 0.731921,
	"wmc_time" : 0.00427794
}
