{
	"nodecount" : 9924,
	"peaknodes" : 10207,
	"total_load_time" : 0.521555,
	"build_time" : 0.493913,
	"wmc_time" : 0.0035131
}
