{
	"nodecount" : 19099,
	"peaknodes" : 19947,
	"total_load_time" : 2.04558,
	"build_time" : 1.95814,
	"wmc_time" : 0.00542498,
	"wmc_value" : 1,
	"bn_to_cnf_time" : 0.0576854
}
