{"distribution": "lg", "edges": [["A", "D"], ["B", "D"], ["D", "E"], ["C", "E"]], "root_params": "A ~ N(20,20) B ~ N(20,20) C ~ N(15,15)", "experiment": 105, "not_root_params": "D   ~   N ( 2 A + 3 B , 4 . 3 7 5 )   E   ~   N ( 3 C + 3 D , 4 . 3 7 5 )", "sample_size": 812, "means": {"A": 20, "B": 20, "C": 15, "D": 100, "E": 345}, "disc_method": "EB", "bins": 17, "target_column": null, "CPT_method": "Bayespriors", "time_disc": 0.10469523072242737, "time_cnf": 0.31360998610034585, "time_VE": 0.0012949807569384575, "time_BP": 0.005885106045752764, "RMSE": 27.729325313898137, "WRMSE": 8.095638672506606, "MAE": 17.178427173032087, "PE": 0.28437348051267586, "exact_EV": 345, "disc_EV": 345.98108850776873, "Wass_scaled": 0.04233327668958869, "Wass_multi": 5.23089058435486, "time_wass": 0.3385211918503046}