{"distribution": "lg", "edges": [["A", "D"], ["B", "D"], ["D", "E"], ["C", "E"]], "root_params": "A ~ N(20,20) B ~ N(20,20) C ~ N(15,15)", "experiment": 105, "not_root_params": "D   ~   N ( 2 A + 3 B , 4 . 3 7 5 )   E   ~   N ( 3 C + 3 D , 4 . 3 7 5 )", "sample_size": 812, "means": {"A": 20, "B": 20, "C": 15, "D": 100, "E": 345}, "disc_method": "EB", "bins": 12, "target_column": null, "CPT_method": "Bayespriors", "time_disc": 0.09691823460161686, "time_cnf": 0.5138436211273074, "time_VE": 0.0012172670103609562, "time_BP": 0.0050662970170378685, "RMSE": 18.534259083820483, "WRMSE": 5.875024541338036, "MAE": 10.989010555728072, "PE": 0.15640389632331472, "exact_EV": 345, "disc_EV": 345.53959344231544, "Wass_scaled": 0.0696305995858036, "Wass_multi": 7.34596578086542, "time_wass": 0.35398083506152034}