{
	"nodecount" : 28165,
	"peaknodes" : 33513,
	"total_load_time" : 6.9678,
	"build_time" : 6.34608,
	"wmc_time" : 0.00639796,
	"wmc_value" : 1,
	"bn_to_cnf_time" : 0.414068
}
