{
	"nodecount" : 2824,
	"peaknodes" : 2947,
	"total_load_time" : 0.29171,
	"build_time" : 0.272736,
	"wmc_time" : 0.003227,
	"wmc_value" : 1,
	"bn_to_cnf_time" : 0.0109575
}
