{"distribution": "lg", "edges": [["A", "D"], ["B", "D"], ["D", "E"], ["C", "E"]], "root_params": "A ~ N(20,20) B ~ N(20,20) C ~ N(15,15)", "experiment": 105, "not_root_params": "D   ~   N ( 2 A + 3 B , 4 . 3 7 5 )   E   ~   N ( 3 C + 3 D , 4 . 3 7 5 )", "sample_size": 812, "means": {"A": 20, "B": 20, "C": 15, "D": 100, "E": 345}, "disc_method": "EV", "bins": 14, "target_column": null, "CPT_method": "Bayespriors", "time_disc": 0.17217429999436717, "time_cnf": 0.07760210000560619, "time_VE": 0.001825800005462952, "time_BP": 0.013736299995798618, "RMSE": 1.9207330237947018, "WRMSE": 1.9207330237947022, "MAE": 1.6663946189228835, "PE": 0.057778320451623164, "exact_EV": 345, "disc_EV": 344.8006647944419, "Wass_scaled": 0.24135701671307305, "Wass_multi": 5.172537565833213, "time_wass": 0.43625820000306703}