{
	"nodecount" : 19099,
	"peaknodes" : 19947,
	"total_load_time" : 1.08286,
	"build_time" : 1.01146,
	"wmc_time" : 0.00474691
}
