{
	"nodecount" : 1459,
	"peaknodes" : 1531,
	"total_load_time" : 0.065995,
	"build_time" : 0.059927,
	"wmc_time" : 0.00180507
}
