{"distribution": "lg", "edges": [["A", "D"], ["B", "D"], ["D", "E"], ["C", "E"]], "root_params": "A ~ N(20,20) B ~ N(20,20) C ~ N(15,15)", "experiment": 105, "not_root_params": "D   ~   N ( 2 A + 3 B , 4 . 3 7 5 )   E   ~   N ( 3 C + 3 D , 4 . 3 7 5 )", "sample_size": 812, "means": {"A": 20, "B": 20, "C": 15, "D": 100, "E": 345}, "disc_method": "EV", "bins": 10, "target_column": null, "CPT_method": "Bayespriors", "time_disc": 0.09579590987414122, "time_cnf": 0.3425343707203865, "time_VE": 0.0012497548013925552, "time_BP": 0.005144870840013027, "RMSE": 1.6841645417270081, "WRMSE": 1.687831605641243, "MAE": 1.2865726011273921, "PE": 0.053927866636338855, "exact_EV": 345, "disc_EV": 345.18605113989537, "Wass_scaled": 0.2878372992982598, "Wass_multi": 6.962387334821989, "time_wass": 0.36233930196613073}