{"distribution": "lg", "edges": [["A", "D"], ["B", "D"], ["D", "E"], ["C", "E"]], "root_params": "A ~ N(20,20) B ~ N(20,20) C ~ N(15,15)", "experiment": 105, "not_root_params": "D   ~   N ( 2 A + 3 B , 4 . 3 7 5 )   E   ~   N ( 3 C + 3 D , 4 . 3 7 5 )", "sample_size": 812, "means": {"A": 20, "B": 20, "C": 15, "D": 100, "E": 345}, "disc_method": "EV", "bins": 5, "target_column": null, "CPT_method": "Bayespriors", "time_disc": 0.19023910000396427, "time_cnf": 0.008824999997159466, "time_VE": 0.0017967000021599233, "time_BP": 0.012414600001648068, "RMSE": 1.9842881969315505, "WRMSE": 1.9874122758014963, "MAE": 1.573091853533856, "PE": 0.16320549564593947, "exact_EV": 345, "disc_EV": 345.5630589599785, "Wass_scaled": 0.42630621492842946, "Wass_multi": 12.26454558588503, "time_wass": 0.4320344999869121}