{"distribution": "lg", "edges": [["A", "D"], ["B", "D"], ["D", "E"], ["C", "E"]], "root_params": "A ~ N(20,20) B ~ N(20,20) C ~ N(15,15)", "experiment": 105, "not_root_params": "D   ~   N ( 2 A + 3 B , 4 . 3 7 5 )   E   ~   N ( 3 C + 3 D , 4 . 3 7 5 )", "sample_size": 812, "means": {"A": 20, "B": 20, "C": 15, "D": 100, "E": 345}, "disc_method": "EV", "bins": 25, "target_column": null, "CPT_method": "Bayespriors", "time_disc": 0.1672515999962343, "time_cnf": 0.506845699987025, "time_VE": 0.0016152000025613233, "time_BP": 0.012476000003516674, "RMSE": 9.965036405384295, "WRMSE": 9.988085215413717, "MAE": 7.881208977057695, "PE": 0.4007185672759058, "exact_EV": 345, "disc_EV": 346.3824790571019, "Wass_scaled": 0.18239293507442342, "Wass_multi": 3.2214049479461604, "time_wass": 0.41338170001108665}