{"distribution": "lg", "edges": [["A", "D"], ["B", "D"], ["D", "E"], ["C", "E"]], "root_params": "A ~ N(20,20) B ~ N(20,20) C ~ N(15,15)", "experiment": 105, "not_root_params": "D   ~   N ( 2 A + 3 B , 4 . 3 7 5 )   E   ~   N ( 3 C + 3 D , 4 . 3 7 5 )", "sample_size": 812, "means": {"A": 20, "B": 20, "C": 15, "D": 100, "E": 345}, "disc_method": "EB", "bins": 20, "target_column": null, "CPT_method": "Bayespriors", "time_disc": 0.16091099999903236, "time_cnf": 0.2161334000120405, "time_VE": 0.0018394999933661893, "time_BP": 0.0076979000004939735, "RMSE": 29.7004623403206, "WRMSE": 9.327612729187738, "MAE": 19.384733762844064, "PE": 0.41296536644173776, "exact_EV": 345, "disc_EV": 346.424730514224, "Wass_scaled": 0.03834808383047004, "Wass_multi": 4.490530756487863, "time_wass": 0.3907576999918092}