{
	"nodecount" : 31389,
	"peaknodes" : 34752,
	"total_load_time" : 5.10304,
	"build_time" : 4.30954,
	"wmc_time" : 0.00733685
}
