{
	"nodecount" : 10604,
	"peaknodes" : 11420,
	"total_load_time" : 1.02007,
	"build_time" : 0.866921,
	"wmc_time" : 0.00378394
}
