{
	"nodecount" : 27009,
	"peaknodes" : 31272,
	"total_load_time" : 2.70996,
	"build_time" : 2.34028,
	"wmc_time" : 0.00564098
}
