{"distribution": "lg", "edges": [["A", "D"], ["B", "D"], ["D", "E"], ["C", "E"]], "root_params": "A ~ N(20,20) B ~ N(20,20) C ~ N(15,15)", "experiment": 105, "not_root_params": "D   ~   N ( 2 A + 3 B , 4 . 3 7 5 )   E   ~   N ( 3 C + 3 D , 4 . 3 7 5 )", "sample_size": 812, "means": {"A": 20, "B": 20, "C": 15, "D": 100, "E": 345}, "disc_method": "EV", "bins": 20, "target_column": null, "CPT_method": "Bayespriors", "time_disc": 0.10532242292538285, "time_cnf": 1.271561814006418, "time_VE": 0.0013442058116197586, "time_BP": 0.006648259703069925, "RMSE": 5.586494128185781, "WRMSE": 5.586135913617314, "MAE": 4.173682085947769, "PE": 0.3491905154732214, "exact_EV": 345, "disc_EV": 346.2047072783826, "Wass_scaled": 0.20323428657836823, "Wass_multi": 3.8505820355374842, "time_wass": 0.3611904960125685}