{"distribution": "lg", "edges": [["A", "D"], ["B", "D"], ["D", "E"], ["C", "E"]], "root_params": "A ~ N(20,20) B ~ N(20,20) C ~ N(15,15)", "experiment": 105, "not_root_params": "D   ~   N ( 2 A + 3 B , 4 . 3 7 5 )   E   ~   N ( 3 C + 3 D , 4 . 3 7 5 )", "sample_size": 812, "means": {"A": 20, "B": 20, "C": 15, "D": 100, "E": 345}, "disc_method": "EV", "bins": 17, "target_column": null, "CPT_method": "Bayespriors", "time_disc": 0.16763350000837818, "time_cnf": 0.14867720000620466, "time_VE": 0.0026344000070821494, "time_BP": 0.015382600002340041, "RMSE": 2.879114131271918, "WRMSE": 2.881365690114097, "MAE": 2.3612756617525257, "PE": 0.18586778130026582, "exact_EV": 345, "disc_EV": 345.6412438454859, "Wass_scaled": 0.21976388914069364, "Wass_multi": 4.336352900284024, "time_wass": 0.41755369999737013}