{
	"nodecount" : 19275,
	"peaknodes" : 20843,
	"total_load_time" : 2.56057,
	"build_time" : 2.31327,
	"wmc_time" : 0.00661397
}
