{
	"nodecount" : 2624,
	"peaknodes" : 2752,
	"total_load_time" : 0.229201,
	"build_time" : 0.149653,
	"wmc_time" : 0.00250316
}
