{"distribution": "lg", "edges": [["A", "D"], ["B", "D"], ["D", "E"], ["C", "E"]], "root_params": "A ~ N(20,20) B ~ N(20,20) C ~ N(15,15)", "experiment": 105, "not_root_params": "D   ~   N ( 2 A + 3 B , 4 . 3 7 5 )   E   ~   N ( 3 C + 3 D , 4 . 3 7 5 )", "sample_size": 812, "means": {"A": 20, "B": 20, "C": 15, "D": 100, "E": 345}, "disc_method": "EV", "bins": 17, "target_column": null, "CPT_method": "MLE", "time_disc": 0.0790920089930296, "time_cnf": 0.21668002009391785, "time_VE": 0.0022284649312496185, "time_BP": 0.008560114074498415, "RMSE": 2.8737014856906855, "WRMSE": 2.8759313085098697, "MAE": 2.3556438756859146, "PE": 0.1860304055008598, "exact_EV": 345, "disc_EV": 345.64180489897797, "Wass_scaled": 0.21976388914069364, "Wass_multi": 4.336352900284024, "time_wass": 0.39039077004417777}