{
	"nodecount" : 25740,
	"peaknodes" : 28499,
	"total_load_time" : 3.8932,
	"build_time" : 3.42027,
	"wmc_time" : 0.00682783
}
