{"distribution": "lg", "edges": [["A", "D"], ["B", "D"], ["D", "E"], ["C", "E"]], "root_params": "A ~ N(20,20) B ~ N(20,20) C ~ N(15,15)", "experiment": 105, "not_root_params": "D   ~   N ( 2 A + 3 B , 4 . 3 7 5 )   E   ~   N ( 3 C + 3 D , 4 . 3 7 5 )", "sample_size": 812, "means": {"A": 20, "B": 20, "C": 15, "D": 100, "E": 345}, "disc_method": "EB", "bins": 5, "target_column": null, "CPT_method": "MLE", "time_disc": 0.11530220000713598, "time_cnf": 0.009195499995257705, "time_VE": 0.004043900000397116, "time_BP": 0.005852100002812222, "RMSE": 9.346736481849295, "WRMSE": 5.1495857902161655, "MAE": 7.830305826387769, "PE": 0.05918167807927287, "exact_EV": 345, "disc_EV": 345.2041767893735, "Wass_scaled": 0.17894678327086688, "Wass_multi": 16.256482138975045, "time_wass": 0.4350546000059694}