{
	"nodecount" : 5386,
	"peaknodes" : 5709,
	"total_load_time" : 0.53643,
	"build_time" : 0.42047,
	"wmc_time" : 0.0028379
}
