{"distribution": "lg", "edges": [["A", "D"], ["B", "D"], ["D", "E"], ["C", "E"]], "root_params": "A ~ N(20,20) B ~ N(20,20) C ~ N(15,15)", "experiment": 105, "not_root_params": "D   ~   N ( 2 A + 3 B , 4 . 3 7 5 )   E   ~   N ( 3 C + 3 D , 4 . 3 7 5 )", "sample_size": 812, "means": {"A": 20, "B": 20, "C": 15, "D": 100, "E": 345}, "disc_method": "EV", "bins": 20, "target_column": null, "CPT_method": "MLE", "time_disc": 0.057077302131801844, "time_cnf": 0.4019144279882312, "time_VE": 0.002282656729221344, "time_BP": 0.009111578110605478, "RMSE": 5.577238363512431, "WRMSE": 5.576846010311414, "MAE": 4.166609186655831, "PE": 0.34954685682975284, "exact_EV": 345, "disc_EV": 346.20593665606265, "Wass_scaled": 0.20323428657836823, "Wass_multi": 3.8505820355374842, "time_wass": 0.3871337790042162}