{"distribution": "lg", "edges": [["A", "D"], ["B", "D"], ["D", "E"], ["C", "E"]], "root_params": "A ~ N(20,20) B ~ N(20,20) C ~ N(15,15)", "experiment": 105, "not_root_params": "D   ~   N ( 2 A + 3 B , 4 . 3 7 5 )   E   ~   N ( 3 C + 3 D , 4 . 3 7 5 )", "sample_size": 812, "means": {"A": 20, "B": 20, "C": 15, "D": 100, "E": 345}, "disc_method": "EV", "bins": 30, "target_column": null, "CPT_method": "MLE", "time_disc": 0.11556020000716671, "time_cnf": 0.8649299000098836, "time_VE": 0.001736600010190159, "time_BP": 0.01594860000477638, "RMSE": 13.569470500523185, "WRMSE": 13.623614255785744, "MAE": 10.762579040774806, "PE": 0.2892867232099869, "exact_EV": 345, "disc_EV": 345.99803919507445, "Wass_scaled": 0.16816383512585414, "Wass_multi": 2.814306448478639, "time_wass": 0.45878309999534395}