{"distribution": "lg", "edges": [["A", "D"], ["B", "D"], ["D", "E"], ["C", "E"]], "root_params": "A ~ N(20,20) B ~ N(20,20) C ~ N(15,15)", "experiment": 105, "not_root_params": "D   ~   N ( 2 A + 3 B , 4 . 3 7 5 )   E   ~   N ( 3 C + 3 D , 4 . 3 7 5 )", "sample_size": 812, "means": {"A": 20, "B": 20, "C": 15, "D": 100, "E": 345}, "disc_method": "EV", "bins": 20, "target_column": null, "CPT_method": "MLE", "time_disc": 0.10862310000811704, "time_cnf": 0.22487789999286178, "time_VE": 0.0015478999994229525, "time_BP": 0.009004299994558096, "RMSE": 5.577238363512437, "WRMSE": 5.57684601031142, "MAE": 4.166609186655842, "PE": 0.34954685682975284, "exact_EV": 345, "disc_EV": 346.20593665606265, "Wass_scaled": 0.20323428657836823, "Wass_multi": 3.8505820355374842, "time_wass": 0.4626981000037631}