{
	"nodecount" : 28827,
	"peaknodes" : 32113,
	"total_load_time" : 5.46121,
	"build_time" : 4.65968,
	"wmc_time" : 0.00968409
}
