{"distribution": "lg", "edges": [["A", "D"], ["B", "D"], ["D", "E"], ["C", "E"]], "root_params": "A ~ N(20,20) B ~ N(20,20) C ~ N(15,15)", "experiment": 105, "not_root_params": "D   ~   N ( 2 A + 3 B , 4 . 3 7 5 )   E   ~   N ( 3 C + 3 D , 4 . 3 7 5 )", "sample_size": 812, "means": {"A": 20, "B": 20, "C": 15, "D": 100, "E": 345}, "disc_method": "MDLP", "bins": 2, "target_column": "E", "CPT_method": "MLE", "time_disc": 0.8663452151231468, "time_cnf": 0.40808940399438143, "time_VE": 0.0019468041136860847, "time_BP": 0.006537318229675293, "RMSE": 2.2618387269180174, "WRMSE": 1.929333154544747, "MAE": 1.5728680031760405, "PE": 0.3142739306353, "exact_EV": 345, "disc_EV": 343.9157549393082, "Wass_scaled": 0.35254493225300815, "Wass_multi": 3.984755496078262, "time_wass": 0.41834288090467453}