{"distribution": "lg", "edges": [["A", "D"], ["B", "D"], ["D", "E"], ["C", "E"]], "root_params": "A ~ N(20,20) B ~ N(20,20) C ~ N(15,15)", "experiment": 105, "not_root_params": "D   ~   N ( 2 A + 3 B , 4 . 3 7 5 )   E   ~   N ( 3 C + 3 D , 4 . 3 7 5 )", "sample_size": 812, "means": {"A": 20, "B": 20, "C": 15, "D": 100, "E": 345}, "disc_method": "EB", "bins": 14, "target_column": null, "CPT_method": "MLE", "time_disc": 0.054657159838825464, "time_cnf": 0.21594423102214932, "time_VE": 0.0018638516776263714, "time_BP": 0.006948078982532024, "RMSE": 18.75767250890337, "WRMSE": 6.317975734995687, "MAE": 12.423655661664194, "PE": 0.15839908136226571, "exact_EV": 345, "disc_EV": 345.5464768306998, "Wass_scaled": 0.057758498571268205, "Wass_multi": 6.341193335417392, "time_wass": 0.38291519694030285}