{"distribution": "lg", "edges": [["A", "D"], ["B", "D"], ["D", "E"], ["C", "E"]], "root_params": "A ~ N(20,20) B ~ N(20,20) C ~ N(15,15)", "experiment": 105, "not_root_params": "D   ~   N ( 2 A + 3 B , 4 . 3 7 5 )   E   ~   N ( 3 C + 3 D , 4 . 3 7 5 )", "sample_size": 812, "means": {"A": 20, "B": 20, "C": 15, "D": 100, "E": 345}, "disc_method": "EB", "bins": 25, "target_column": null, "CPT_method": "MLE", "time_disc": 0.0738898441195488, "time_cnf": 1.6309840041212738, "time_VE": 0.0020014941692352295, "time_BP": 0.009552930016070604, "RMSE": 31.770295259675112, "WRMSE": 12.282756243522313, "MAE": 23.018777546145593, "PE": 0.705215444726132, "exact_EV": 345, "disc_EV": 347.43299328430516, "Wass_scaled": 0.029233556397192367, "Wass_multi": 3.574513789298957, "time_wass": 0.3505056747235358}