{"distribution": "lg", "edges": [["A", "D"], ["B", "D"], ["D", "E"], ["C", "E"]], "root_params": "A ~ N(20,20) B ~ N(20,20) C ~ N(15,15)", "experiment": 105, "not_root_params": "D   ~   N ( 2 A + 3 B , 4 . 3 7 5 )   E   ~   N ( 3 C + 3 D , 4 . 3 7 5 )", "sample_size": 812, "means": {"A": 20, "B": 20, "C": 15, "D": 100, "E": 345}, "disc_method": "EB", "bins": 14, "target_column": null, "CPT_method": "MLE", "time_disc": 0.13444119998894166, "time_cnf": 0.15559579999535345, "time_VE": 0.0031132000003708526, "time_BP": 0.013756100001046434, "RMSE": 18.757672508903372, "WRMSE": 6.317975734995692, "MAE": 12.4236556616642, "PE": 0.15839908136226571, "exact_EV": 345, "disc_EV": 345.5464768306998, "Wass_scaled": 0.057758498571268205, "Wass_multi": 6.341193335417392, "time_wass": 0.4881173000030685}