{
	"nodecount" : 1053,
	"peaknodes" : 1103,
	"total_load_time" : 0.146004,
	"build_time" : 0.0549991,
	"wmc_time" : 0.00177002
}
