{
	"nodecount" : 2624,
	"peaknodes" : 2752,
	"total_load_time" : 0.450569,
	"build_time" : 0.422978,
	"wmc_time" : 0.00648284,
	"wmc_value" : 1,
	"bn_to_cnf_time" : 0.0106072
}
