{"distribution": "lg", "edges": [["A", "D"], ["B", "D"], ["D", "E"], ["C", "E"]], "root_params": "A ~ N(20,20) B ~ N(20,20) C ~ N(15,15)", "experiment": 105, "not_root_params": "D   ~   N ( 2 A + 3 B , 4 . 3 7 5 )   E   ~   N ( 3 C + 3 D , 4 . 3 7 5 )", "sample_size": 812, "means": {"A": 20, "B": 20, "C": 15, "D": 100, "E": 345}, "disc_method": "EB", "bins": 17, "target_column": null, "CPT_method": "MLE", "time_disc": 0.11707659999956377, "time_cnf": 0.15639720000035595, "time_VE": 0.0024139000015566126, "time_BP": 0.01111500000115484, "RMSE": 27.725411797291095, "WRMSE": 8.0919103287285, "MAE": 17.171606645568925, "PE": 0.28362308671606684, "exact_EV": 345, "disc_EV": 345.97849964917043, "Wass_scaled": 0.04233327668958869, "Wass_multi": 5.23089058435486, "time_wass": 0.39846850000321865}