{
	"nodecount" : 1567,
	"peaknodes" : 1567,
	"total_load_time" : 1.37981,
	"build_time" : 1.20386,
	"wmc_time" : 0.00194502
}
