{
	"nodecount" : 1053,
	"peaknodes" : 1103,
	"total_load_time" : 0.123664,
	"build_time" : 0.110674,
	"wmc_time" : 0.00566006,
	"wmc_value" : 1,
	"bn_to_cnf_time" : 0.00315166
}
