{
	"nodecount" : 9723,
	"peaknodes" : 10524,
	"total_load_time" : 2.07618,
	"build_time" : 1.98743,
	"wmc_time" : 0.00515008,
	"wmc_value" : 1,
	"bn_to_cnf_time" : 0.13247
}
