{
	"nodecount" : 24406,
	"peaknodes" : 28286,
	"total_load_time" : 5.89171,
	"build_time" : 5.50176,
	"wmc_time" : 0.00654292,
	"wmc_value" : 1,
	"bn_to_cnf_time" : 0.171649
}
