{"distribution": "lg", "edges": [["A", "D"], ["B", "D"], ["D", "E"], ["C", "E"]], "root_params": "A ~ N(20,20) B ~ N(20,20) C ~ N(15,15)", "experiment": 105, "not_root_params": "D   ~   N ( 2 A + 3 B , 4 . 3 7 5 )   E   ~   N ( 3 C + 3 D , 4 . 3 7 5 )", "sample_size": 812, "means": {"A": 20, "B": 20, "C": 15, "D": 100, "E": 345}, "disc_method": "EB", "bins": 20, "target_column": null, "CPT_method": "MLE", "time_disc": 0.10822510000434704, "time_cnf": 0.21794360000058077, "time_VE": 0.0022043999924790114, "time_BP": 0.007695299995248206, "RMSE": 29.69558459097007, "WRMSE": 9.322264910945, "MAE": 19.37569520252713, "PE": 0.4111107591986671, "exact_EV": 345, "disc_EV": 346.4183321192354, "Wass_scaled": 0.03834808383047004, "Wass_multi": 4.490530756487863, "time_wass": 0.38153779999993276}