{"distribution": "lg", "edges": [["A", "D"], ["B", "D"], ["D", "E"], ["C", "E"]], "root_params": "A ~ N(20,20) B ~ N(20,20) C ~ N(15,15)", "experiment": 105, "not_root_params": "D   ~   N ( 2 A + 3 B , 4 . 3 7 5 )   E   ~   N ( 3 C + 3 D , 4 . 3 7 5 )", "sample_size": 812, "means": {"A": 20, "B": 20, "C": 15, "D": 100, "E": 345}, "disc_method": "EB", "bins": 10, "target_column": null, "CPT_method": "MLE", "time_disc": 0.18575350000173785, "time_cnf": 0.09256319999985863, "time_VE": 0.009262800012947991, "time_BP": 0.016825600003357977, "RMSE": 14.79122079869599, "WRMSE": 4.142022592592556, "MAE": 8.505077735144237, "PE": 0.19466271334782717, "exact_EV": 345, "disc_EV": 345.67158636105, "Wass_scaled": 0.0880168963308431, "Wass_multi": 8.902240931818273, "time_wass": 0.5262687000067672}