{
	"nodecount" : 9723,
	"peaknodes" : 10524,
	"total_load_time" : 1.02143,
	"build_time" : 0.881302,
	"wmc_time" : 0.00431895
}
