{"distribution": "lg", "edges": [["A", "D"], ["B", "D"], ["D", "E"], ["C", "E"]], "root_params": "A ~ N(20,20) B ~ N(20,20) C ~ N(15,15)", "experiment": 105, "not_root_params": "D   ~   N ( 2 A + 3 B , 4 . 3 7 5 )   E   ~   N ( 3 C + 3 D , 4 . 3 7 5 )", "sample_size": 812, "means": {"A": 20, "B": 20, "C": 15, "D": 100, "E": 345}, "disc_method": "EB", "bins": 12, "target_column": null, "CPT_method": "MLE", "time_disc": 0.16526470000098925, "time_cnf": 0.08033249998698011, "time_VE": 0.005542099999729544, "time_BP": 0.010068499992485158, "RMSE": 18.530033339479488, "WRMSE": 5.872672672246537, "MAE": 10.984061984578494, "PE": 0.15574176669271922, "exact_EV": 345, "disc_EV": 345.5373090950899, "Wass_scaled": 0.0696305995858036, "Wass_multi": 7.34596578086542, "time_wass": 0.43796690000453964}