{
	"nodecount" : 12714,
	"peaknodes" : 13128,
	"total_load_time" : 0.773518,
	"build_time" : 0.723647,
	"wmc_time" : 0.00444317
}
