{"distribution": "lg", "edges": [["A", "D"], ["B", "D"], ["D", "E"], ["C", "E"]], "root_params": "A ~ N(20,20) B ~ N(20,20) C ~ N(15,15)", "experiment": 105, "not_root_params": "D   ~   N ( 2 A + 3 B , 4 . 3 7 5 )   E   ~   N ( 3 C + 3 D , 4 . 3 7 5 )", "sample_size": 812, "means": {"A": 20, "B": 20, "C": 15, "D": 100, "E": 345}, "disc_method": "EB", "bins": 10, "target_column": null, "CPT_method": "MLE", "time_disc": 0.05040027992799878, "time_cnf": 0.15436583803966641, "time_VE": 0.0016132611781358719, "time_BP": 0.007539893034845591, "RMSE": 14.791220798695988, "WRMSE": 4.142022592592555, "MAE": 8.505077735144232, "PE": 0.19466271334782717, "exact_EV": 345, "disc_EV": 345.67158636105, "Wass_scaled": 0.0880168963308431, "Wass_multi": 8.902240931818273, "time_wass": 0.3789062639698386}