{
	"nodecount" : 5386,
	"peaknodes" : 5709,
	"total_load_time" : 1.63086,
	"build_time" : 1.57336,
	"wmc_time" : 0.00595999,
	"wmc_value" : 1,
	"bn_to_cnf_time" : 0.0693662
}
