{
	"nodecount" : 24493,
	"peaknodes" : 29816,
	"total_load_time" : 6.12301,
	"build_time" : 5.16698,
	"wmc_time" : 0.00696301
}
