{
	"nodecount" : 24493,
	"peaknodes" : 29816,
	"total_load_time" : 10.2747,
	"build_time" : 9.13619,
	"wmc_time" : 0.00573397,
	"wmc_value" : 1,
	"bn_to_cnf_time" : 0.708293
}
