{"distribution": "lg", "edges": [["A", "D"], ["B", "D"], ["D", "E"], ["C", "E"]], "root_params": "A ~ N(20,20) B ~ N(20,20) C ~ N(15,15)", "experiment": 105, "not_root_params": "D   ~   N ( 2 A + 3 B , 4 . 3 7 5 )   E   ~   N ( 3 C + 3 D , 4 . 3 7 5 )", "sample_size": 812, "means": {"A": 20, "B": 20, "C": 15, "D": 100, "E": 345}, "disc_method": "EV", "bins": 25, "target_column": null, "CPT_method": "MLE", "time_disc": 0.10938409999653231, "time_cnf": 0.4523283000016818, "time_VE": 0.001650199992582202, "time_BP": 0.011088900006143376, "RMSE": 9.952812721580738, "WRMSE": 9.975828242065814, "MAE": 7.872132699942179, "PE": 0.4012477534955167, "exact_EV": 345, "disc_EV": 346.38430474955953, "Wass_scaled": 0.18239293507442342, "Wass_multi": 3.2214049479461604, "time_wass": 0.4137635000079172}