{"distribution": "lg", "edges": [["A", "D"], ["B", "D"], ["D", "E"], ["C", "E"]], "root_params": "A ~ N(20,20) B ~ N(20,20) C ~ N(15,15)", "experiment": 105, "not_root_params": "D   ~   N ( 2 A + 3 B , 4 . 3 7 5 )   E   ~   N ( 3 C + 3 D , 4 . 3 7 5 )", "sample_size": 812, "means": {"A": 20, "B": 20, "C": 15, "D": 100, "E": 345}, "disc_method": "EV", "bins": 8, "target_column": null, "CPT_method": "MLE", "time_disc": 0.09545459999935701, "time_cnf": 0.01518729999952484, "time_VE": 0.0013617999939015135, "time_BP": 0.006981900005484931, "RMSE": 2.1595530998369883, "WRMSE": 2.1613070424682204, "MAE": 1.7986508903974965, "PE": 0.10292127069569555, "exact_EV": 345, "disc_EV": 345.35507838390015, "Wass_scaled": 0.3241191555972719, "Wass_multi": 8.427937480472414, "time_wass": 0.4405012000061106}