{
	"nodecount" : 15896,
	"peaknodes" : 17471,
	"total_load_time" : 4.1336,
	"build_time" : 3.9294,
	"wmc_time" : 0.00652313,
	"wmc_value" : 1,
	"bn_to_cnf_time" : 0.120969
}
