{
	"nodecount" : 4741,
	"peaknodes" : 4741,
	"total_load_time" : 0.469585,
	"build_time" : 0.437344,
	"wmc_time" : 0.00855398,
	"wmc_value" : 1,
	"bn_to_cnf_time" : 0.0101147
}
