{"distribution": "lg", "edges": [["A", "D"], ["B", "D"], ["D", "E"], ["C", "E"]], "root_params": "A ~ N(20,20) B ~ N(20,20) C ~ N(15,15)", "experiment": 105, "not_root_params": "D   ~   N ( 2 A + 3 B , 4 . 3 7 5 )   E   ~   N ( 3 C + 3 D , 4 . 3 7 5 )", "sample_size": 812, "means": {"A": 20, "B": 20, "C": 15, "D": 100, "E": 345}, "disc_method": "EB", "bins": 17, "target_column": null, "CPT_method": "MLE", "time_disc": 0.0572214899584651, "time_cnf": 0.2338148858398199, "time_VE": 0.0018119420856237411, "time_BP": 0.007324914913624525, "RMSE": 27.72541179729109, "WRMSE": 8.0919103287285, "MAE": 17.17160664556892, "PE": 0.28362308671606684, "exact_EV": 345, "disc_EV": 345.97849964917043, "Wass_scaled": 0.04233327668958869, "Wass_multi": 5.23089058435486, "time_wass": 0.34463632572442293}