{"distribution": "lg", "edges": [["A", "D"], ["B", "D"], ["D", "E"], ["C", "E"]], "root_params": "A ~ N(20,20) B ~ N(20,20) C ~ N(15,15)", "experiment": 105, "not_root_params": "D   ~   N ( 2 A + 3 B , 4 . 3 7 5 )   E   ~   N ( 3 C + 3 D , 4 . 3 7 5 )", "sample_size": 812, "means": {"A": 20, "B": 20, "C": 15, "D": 100, "E": 345}, "disc_method": "EV", "bins": 12, "target_column": null, "CPT_method": "MLE", "time_disc": 0.0562705947086215, "time_cnf": 0.2666837517172098, "time_VE": 0.001674966886639595, "time_BP": 0.005838253069669008, "RMSE": 1.3913415416678143, "WRMSE": 1.3920868026131705, "MAE": 1.1850955292806162, "PE": 0.10667400971946651, "exact_EV": 345, "disc_EV": 345.36802533353216, "Wass_scaled": 0.26109868205843123, "Wass_multi": 5.813059585557617, "time_wass": 0.41549999732524157}