{"distribution": "lg", "edges": [["A", "D"], ["B", "D"], ["D", "E"], ["C", "E"]], "root_params": "A ~ N(20,20) B ~ N(20,20) C ~ N(15,15)", "experiment": 16, "not_root_params": "D   ~   N ( 2 A + 3 B , 2 )   E   ~   N ( 3 C + 3 D , 2 )", "sample_size": 400, "means": {"A": 20, "B": 20, "C": 15, "D": 100, "E": 345}, "disc_method": "MDLP", "bins": 2, "target_column": "E", "CPT_method": "MLE", "time_disc": 0.5048701870255172, "time_cnf": 0.1907272357493639, "time_VE": 0.002408364787697792, "time_BP": 0.008442741353064775, "RMSE": 1.8444733634084487, "WRMSE": 1.7424834835732785, "MAE": 1.722953522719422, "PE": 0.10252389479513811, "exact_EV": 345, "disc_EV": 344.6462925629568, "Wass_scaled": 0.296048696819869, "Wass_multi": 2.0890276831058725, "time_wass": 0.05022925417870283}