{
	"nodecount" : 9760,
	"peaknodes" : 13513,
	"total_load_time" : 7.86343,
	"build_time" : 7.22769,
	"wmc_time" : 0.00436902,
	"wmc_value" : 1,
	"bn_to_cnf_time" : 0.331434
}
