{"distribution": "lg", "edges": [["A", "D"], ["B", "D"], ["D", "E"], ["C", "E"]], "root_params": "A ~ N(20,20) B ~ N(20,20) C ~ N(15,15)", "experiment": 16, "not_root_params": "D   ~   N ( 2 A + 3 B , 2 )   E   ~   N ( 3 C + 3 D , 2 )", "sample_size": 400, "means": {"A": 20, "B": 20, "C": 15, "D": 100, "E": 345}, "disc_method": "EB", "bins": 30, "target_column": null, "CPT_method": "MLE", "time_disc": 0.08492751279845834, "time_cnf": 3.0074880947358906, "time_VE": 0.0023096948862075806, "time_BP": 0.01283358410000801, "RMSE": 17.528748618603924, "WRMSE": 9.424864009694119, "MAE": 14.344812551698894, "PE": 0.5393052760835753, "exact_EV": 345, "disc_EV": 343.13939679751167, "Wass_scaled": 0.023329717035377888, "Wass_multi": 1.0478137319291905, "time_wass": 0.04759678291156888}