{"distribution": "lg", "edges": [["A", "D"], ["B", "D"], ["D", "E"], ["C", "E"]], "root_params": "A ~ N(20,20) B ~ N(20,20) C ~ N(15,15)", "experiment": 16, "not_root_params": "D   ~   N ( 2 A + 3 B , 2 )   E   ~   N ( 3 C + 3 D , 2 )", "sample_size": 400, "means": {"A": 20, "B": 20, "C": 15, "D": 100, "E": 345}, "disc_method": "EV", "bins": 17, "target_column": null, "CPT_method": "MLE", "time_disc": 0.15741020000132266, "time_cnf": 0.158425100002205, "time_VE": 0.0017481999966548756, "time_BP": 0.016452800002298318, "RMSE": 5.078723704240319, "WRMSE": 5.088934793999663, "MAE": 4.258382196378725, "PE": 0.15730175655588924, "exact_EV": 345, "disc_EV": 344.4573089398822, "Wass_scaled": 0.15403865390961394, "Wass_multi": 1.8936397444826114, "time_wass": 0.11985070000810083}