{
	"nodecount" : 9760,
	"peaknodes" : 13513,
	"total_load_time" : 5.00443,
	"build_time" : 4.44651,
	"wmc_time" : 0.00370288
}
