{"distribution": "lg", "edges": [["A", "D"], ["B", "D"], ["D", "E"], ["C", "E"]], "root_params": "A ~ N(20,20) B ~ N(20,20) C ~ N(15,15)", "experiment": 16, "not_root_params": "D   ~   N ( 2 A + 3 B , 2 )   E   ~   N ( 3 C + 3 D , 2 )", "sample_size": 400, "means": {"A": 20, "B": 20, "C": 15, "D": 100, "E": 345}, "disc_method": "EB", "bins": 10, "target_column": null, "CPT_method": "MLE", "time_disc": 0.10799550000228919, "time_cnf": 0.03754039999330416, "time_VE": 0.0016552000015508384, "time_BP": 0.014912400001776405, "RMSE": 10.103128686665556, "WRMSE": 3.8641959551669705, "MAE": 6.748596959272424, "PE": 0.3247601536074491, "exact_EV": 345, "disc_EV": 343.8795774700543, "Wass_scaled": 0.08052327752911459, "Wass_multi": 3.1911477692629964, "time_wass": 0.11906129999260884}