{"distribution": "lg", "edges": [["A", "D"], ["B", "D"], ["D", "E"], ["C", "E"]], "root_params": "A ~ N(20,20) B ~ N(20,20) C ~ N(15,15)", "experiment": 16, "not_root_params": "D   ~   N ( 2 A + 3 B , 2 )   E   ~   N ( 3 C + 3 D , 2 )", "sample_size": 400, "means": {"A": 20, "B": 20, "C": 15, "D": 100, "E": 345}, "disc_method": "EB", "bins": 25, "target_column": null, "CPT_method": "MLE", "time_disc": 0.07823089975863695, "time_cnf": 1.6702321572229266, "time_VE": 0.01989590097218752, "time_BP": 0.01034681499004364, "RMSE": 16.575855754216665, "WRMSE": 8.730450627899806, "MAE": 13.421006110613966, "PE": 0.31844896397877204, "exact_EV": 345, "disc_EV": 343.90135107427324, "Wass_scaled": 0.026549302232096693, "Wass_multi": 1.2002356539319823, "time_wass": 0.04634180525317788}