{
	"nodecount" : 7812,
	"peaknodes" : 8700,
	"total_load_time" : 0.779309,
	"build_time" : 0.733681,
	"wmc_time" : 0.00367188
}
