{
	"nodecount" : 3502,
	"peaknodes" : 3506,
	"total_load_time" : 0.249374,
	"build_time" : 0.189474,
	"wmc_time" : 0.00290298
}
