{
	"nodecount" : 986,
	"peaknodes" : 986,
	"total_load_time" : 0.341223,
	"build_time" : 0.309235,
	"wmc_time" : 0.00198698
}
