{
	"nodecount" : 6547,
	"peaknodes" : 6900,
	"total_load_time" : 1.33408,
	"build_time" : 1.28131,
	"wmc_time" : 0.00539279,
	"wmc_value" : 1,
	"bn_to_cnf_time" : 0.020757
}
