{"distribution": "lg", "edges": [["A", "D"], ["B", "D"], ["D", "E"], ["C", "E"]], "root_params": "A ~ N(20,20) B ~ N(20,20) C ~ N(15,15)", "experiment": 16, "not_root_params": "D   ~   N ( 2 A + 3 B , 2 )   E   ~   N ( 3 C + 3 D , 2 )", "sample_size": 400, "means": {"A": 20, "B": 20, "C": 15, "D": 100, "E": 345}, "disc_method": "EB", "bins": 5, "target_column": null, "CPT_method": "MLE", "time_disc": 0.12424560000363272, "time_cnf": 0.005591399996774271, "time_VE": 0.0030576999997720122, "time_BP": 0.011025899992091581, "RMSE": 2.7509317736346475, "WRMSE": 1.899918799087399, "MAE": 2.4706492652499263, "PE": 0.10967353371220401, "exact_EV": 345, "disc_EV": 344.6216263086929, "Wass_scaled": 0.176792262294719, "Wass_multi": 6.330921780750724, "time_wass": 0.09877339999366086}