{
	"nodecount" : 14209,
	"peaknodes" : 17327,
	"total_load_time" : 6.87142,
	"build_time" : 6.01946,
	"wmc_time" : 0.00592804
}
