{
	"nodecount" : 1171,
	"peaknodes" : 1235,
	"total_load_time" : 0.176303,
	"build_time" : 0.057322,
	"wmc_time" : 0.0018599
}
