{"distribution": "lg", "edges": [["A", "D"], ["B", "D"], ["D", "E"], ["C", "E"]], "root_params": "A ~ N(20,20) B ~ N(20,20) C ~ N(15,15)", "experiment": 16, "not_root_params": "D   ~   N ( 2 A + 3 B , 2 )   E   ~   N ( 3 C + 3 D , 2 )", "sample_size": 400, "means": {"A": 20, "B": 20, "C": 15, "D": 100, "E": 345}, "disc_method": "EB", "bins": 8, "target_column": null, "CPT_method": "MLE", "time_disc": 0.09144879999803379, "time_cnf": 0.016293300010147505, "time_VE": 0.0015032000083010644, "time_BP": 0.009616700001060963, "RMSE": 9.383279063916516, "WRMSE": 3.229960377500754, "MAE": 5.500853123835697, "PE": 0.12297441965692403, "exact_EV": 345, "disc_EV": 344.5757382521836, "Wass_scaled": 0.10164211107385153, "Wass_multi": 4.024063754398531, "time_wass": 0.1192293000058271}