{"distribution": "lg", "edges": [["A", "D"], ["B", "D"], ["D", "E"], ["C", "E"]], "root_params": "A ~ N(20,20) B ~ N(20,20) C ~ N(15,15)", "experiment": 16, "not_root_params": "D   ~   N ( 2 A + 3 B , 2 )   E   ~   N ( 3 C + 3 D , 2 )", "sample_size": 400, "means": {"A": 20, "B": 20, "C": 15, "D": 100, "E": 345}, "disc_method": "EB", "bins": 14, "target_column": null, "CPT_method": "MLE", "time_disc": 0.09726939999382012, "time_cnf": 0.0743060999957379, "time_VE": 0.001494500000262633, "time_BP": 0.006190699990838766, "RMSE": 12.767900104858866, "WRMSE": 5.332245798507134, "MAE": 9.34301624375688, "PE": 0.22387385620873645, "exact_EV": 345, "disc_EV": 344.22763519607986, "Wass_scaled": 0.05696466850063994, "Wass_multi": 2.210037274199136, "time_wass": 0.09651439999288414}