{"distribution": "lg", "edges": [["A", "D"], ["B", "D"], ["D", "E"], ["C", "E"]], "root_params": "A ~ N(20,20) B ~ N(20,20) C ~ N(15,15)", "experiment": 16, "not_root_params": "D   ~   N ( 2 A + 3 B , 2 )   E   ~   N ( 3 C + 3 D , 2 )", "sample_size": 400, "means": {"A": 20, "B": 20, "C": 15, "D": 100, "E": 345}, "disc_method": "EB", "bins": 17, "target_column": null, "CPT_method": "MLE", "time_disc": 0.0560760167427361, "time_cnf": 0.2135354052297771, "time_VE": 0.0018995441496372223, "time_BP": 0.008907692972570658, "RMSE": 14.841480906331926, "WRMSE": 6.689783258230148, "MAE": 11.161000635084402, "PE": 0.38911056233710833, "exact_EV": 345, "disc_EV": 343.657568559937, "Wass_scaled": 0.0430405775902546, "Wass_multi": 1.8001106924133383, "time_wass": 0.05262752715498209}