{
	"nodecount" : 1007,
	"peaknodes" : 1064,
	"total_load_time" : 0.11652,
	"build_time" : 0.062047,
	"wmc_time" : 0.00202703
}
