{"distribution": "lg", "edges": [["A", "D"], ["B", "D"], ["D", "E"], ["C", "E"]], "root_params": "A ~ N(20,20) B ~ N(20,20) C ~ N(15,15)", "experiment": 16, "not_root_params": "D   ~   N ( 2 A + 3 B , 2 )   E   ~   N ( 3 C + 3 D , 2 )", "sample_size": 400, "means": {"A": 20, "B": 20, "C": 15, "D": 100, "E": 345}, "disc_method": "EV", "bins": 8, "target_column": null, "CPT_method": "MLE", "time_disc": 0.13950370000384282, "time_cnf": 0.018186000001151115, "time_VE": 0.004865199996856973, "time_BP": 0.006560199995874427, "RMSE": 1.6888685881002494, "WRMSE": 1.6888685881002494, "MAE": 1.329121014489317, "PE": 0.3002317514427346, "exact_EV": 345, "disc_EV": 343.96420045752257, "Wass_scaled": 0.2605169254627983, "Wass_multi": 3.6974496206282144, "time_wass": 0.105416200007312}