{"distribution": "lg", "edges": [["A", "D"], ["B", "D"], ["D", "E"], ["C", "E"]], "root_params": "A ~ N(20,20) B ~ N(20,20) C ~ N(15,15)", "experiment": 16, "not_root_params": "D   ~   N ( 2 A + 3 B , 2 )   E   ~   N ( 3 C + 3 D , 2 )", "sample_size": 400, "means": {"A": 20, "B": 20, "C": 15, "D": 100, "E": 345}, "disc_method": "EV", "bins": 5, "target_column": null, "CPT_method": "MLE", "time_disc": 0.14939240000967402, "time_cnf": 0.007135899999411777, "time_VE": 0.0016749999922467396, "time_BP": 0.007342299999436364, "RMSE": 1.8796561062582844, "WRMSE": 1.8796561062582844, "MAE": 1.452566897108511, "PE": 0.1831769415130968, "exact_EV": 345, "disc_EV": 344.3680395517798, "Wass_scaled": 0.36852783226619085, "Wass_multi": 5.653541760831396, "time_wass": 0.1262886000040453}