{
	"nodecount" : 11357,
	"peaknodes" : 12488,
	"total_load_time" : 4.55972,
	"build_time" : 4.26961,
	"wmc_time" : 0.00669789,
	"wmc_value" : 1,
	"bn_to_cnf_time" : 0.106919
}
