{"distribution": "lg", "edges": [["A", "D"], ["B", "D"], ["D", "E"], ["C", "E"]], "root_params": "A ~ N(20,20) B ~ N(20,20) C ~ N(15,15)", "experiment": 16, "not_root_params": "D   ~   N ( 2 A + 3 B , 2 )   E   ~   N ( 3 C + 3 D , 2 )", "sample_size": 400, "means": {"A": 20, "B": 20, "C": 15, "D": 100, "E": 345}, "disc_method": "EV", "bins": 12, "target_column": null, "CPT_method": "MLE", "time_disc": 0.052044729236513376, "time_cnf": 0.1831217729486525, "time_VE": 0.0015682992525398731, "time_BP": 0.006156890653073788, "RMSE": 2.6767088463813096, "WRMSE": 2.6868258892227996, "MAE": 1.9162432143995762, "PE": 0.32381892549001284, "exact_EV": 345, "disc_EV": 343.88282470705946, "Wass_scaled": 0.19692636290936097, "Wass_multi": 2.709169702838916, "time_wass": 0.05497306492179632}