{
	"nodecount" : 9477,
	"peaknodes" : 11676,
	"total_load_time" : 2.21697,
	"build_time" : 2.0563,
	"wmc_time" : 0.00432205
}
