{
	"nodecount" : 4281,
	"peaknodes" : 4726,
	"total_load_time" : 0.49916,
	"build_time" : 0.438181,
	"wmc_time" : 0.00301194
}
