{"distribution": "lg", "edges": [["A", "D"], ["B", "D"], ["D", "E"], ["C", "E"]], "root_params": "A ~ N(20,20) B ~ N(20,20) C ~ N(15,15)", "experiment": 18, "not_root_params": "D   ~   N ( 2 A + 3 B , 2 )   E   ~   N ( 3 C + 3 D , 2 )", "sample_size": 200, "means": {"A": 20, "B": 20, "C": 15, "D": 100, "E": 345}, "disc_method": "EV", "bins": 5, "target_column": null, "CPT_method": "Bayes", "time_disc": 0.08822689999942668, "time_cnf": 0.009412900006282143, "time_VE": 0.0018243999948026612, "time_BP": 0.007479100007913075, "RMSE": 7.602868155257334, "WRMSE": 7.602868155257334, "MAE": 6.238552368570379, "PE": 0.13378829097553574, "exact_EV": 345, "disc_EV": 344.5384303961344, "Wass_scaled": 0.3856996491058718, "Wass_multi": 5.887287130612113, "time_wass": 0.028115199995227158}