{
	"nodecount" : 6274,
	"peaknodes" : 7645,
	"total_load_time" : 1.78665,
	"build_time" : 1.54287,
	"wmc_time" : 0.00337505
}
