{"distribution": "lg", "edges": [["A", "D"], ["B", "D"], ["D", "E"], ["C", "E"]], "root_params": "A ~ N(20,20) B ~ N(20,20) C ~ N(15,15)", "experiment": 18, "not_root_params": "D   ~   N ( 2 A + 3 B , 2 )   E   ~   N ( 3 C + 3 D , 2 )", "sample_size": 200, "means": {"A": 20, "B": 20, "C": 15, "D": 100, "E": 345}, "disc_method": "EB", "bins": 17, "target_column": null, "CPT_method": "Bayes", "time_disc": 0.10810694610700011, "time_cnf": 0.705285158008337, "time_VE": 0.0036300448700785637, "time_BP": 0.012203661259263754, "RMSE": 19.011385665961214, "WRMSE": 12.000141189114666, "MAE": 16.001483367023543, "PE": 0.9308647925960308, "exact_EV": 345, "disc_EV": 341.7885164655437, "Wass_scaled": 0.04013392725422228, "Wass_multi": 1.8434684818243445, "time_wass": 0.04071549605578184}