{"distribution": "lg", "edges": [["A", "D"], ["B", "D"], ["D", "E"], ["C", "E"]], "root_params": "A ~ N(20,20) B ~ N(20,20) C ~ N(15,15)", "experiment": 18, "not_root_params": "D   ~   N ( 2 A + 3 B , 2 )   E   ~   N ( 3 C + 3 D , 2 )", "sample_size": 200, "means": {"A": 20, "B": 20, "C": 15, "D": 100, "E": 345}, "disc_method": "EB", "bins": 30, "target_column": null, "CPT_method": "Bayes", "time_disc": 0.1415361999970628, "time_cnf": 0.6653044999984559, "time_VE": 0.004103100000065751, "time_BP": 0.014192600006936118, "RMSE": 17.44390506790042, "WRMSE": 12.188000298095414, "MAE": 14.661024807561006, "PE": 0.9546914029192521, "exact_EV": 345, "disc_EV": 341.7063146599286, "Wass_scaled": 0.022815468976140847, "Wass_multi": 0.9947643959863477, "time_wass": 0.01886660000309348}