{
	"nodecount" : 8269,
	"peaknodes" : 10018,
	"total_load_time" : 3.59615,
	"build_time" : 3.42232,
	"wmc_time" : 0.00372291,
	"wmc_value" : 1,
	"bn_to_cnf_time" : 0.10983
}
