{"distribution": "lg", "edges": [["A", "D"], ["B", "D"], ["D", "E"], ["C", "E"]], "root_params": "A ~ N(20,20) B ~ N(20,20) C ~ N(15,15)", "experiment": 18, "not_root_params": "D   ~   N ( 2 A + 3 B , 2 )   E   ~   N ( 3 C + 3 D , 2 )", "sample_size": 200, "means": {"A": 20, "B": 20, "C": 15, "D": 100, "E": 345}, "disc_method": "EB", "bins": 20, "target_column": null, "CPT_method": "Bayes", "time_disc": 0.1045977000030689, "time_cnf": 0.19573969999328256, "time_VE": 0.00277730000379961, "time_BP": 0.01240690000122413, "RMSE": 18.33855714448326, "WRMSE": 12.025818163888413, "MAE": 15.35746523520366, "PE": 0.9325111804170702, "exact_EV": 345, "disc_EV": 341.7828364275611, "Wass_scaled": 0.03542651130548902, "Wass_multi": 1.5833204256008755, "time_wass": 0.02430429999367334}