{"distribution": "lg", "edges": [["A", "D"], ["B", "D"], ["D", "E"], ["C", "E"]], "root_params": "A ~ N(20,20) B ~ N(20,20) C ~ N(15,15)", "experiment": 18, "not_root_params": "D   ~   N ( 2 A + 3 B , 2 )   E   ~   N ( 3 C + 3 D , 2 )", "sample_size": 200, "means": {"A": 20, "B": 20, "C": 15, "D": 100, "E": 345}, "disc_method": "EV", "bins": 14, "target_column": null, "CPT_method": "Bayes", "time_disc": 0.09652520000236109, "time_cnf": 0.07856549999269191, "time_VE": 0.0025085999950533733, "time_BP": 0.006431799993151799, "RMSE": 10.762731042335886, "WRMSE": 10.857054429167853, "MAE": 8.624764626097415, "PE": 0.21669077822597158, "exact_EV": 345, "disc_EV": 344.2524168151204, "Wass_scaled": 0.1972978290202819, "Wass_multi": 2.4082683618360714, "time_wass": 0.020392499995068647}