{
	"nodecount" : 1414,
	"peaknodes" : 1429,
	"total_load_time" : 0.34176,
	"build_time" : 0.15167,
	"wmc_time" : 0.00501394
}
