{
	"nodecount" : 6929,
	"peaknodes" : 7819,
	"total_load_time" : 1.6955,
	"build_time" : 1.60784,
	"wmc_time" : 0.00385404,
	"wmc_value" : 1,
	"bn_to_cnf_time" : 0.0590577
}
