{"distribution": "lg", "edges": [["A", "D"], ["B", "D"], ["D", "E"], ["C", "E"]], "root_params": "A ~ N(20,20) B ~ N(20,20) C ~ N(15,15)", "experiment": 18, "not_root_params": "D   ~   N ( 2 A + 3 B , 2 )   E   ~   N ( 3 C + 3 D , 2 )", "sample_size": 200, "means": {"A": 20, "B": 20, "C": 15, "D": 100, "E": 345}, "disc_method": "EV", "bins": 25, "target_column": null, "CPT_method": "Bayes", "time_disc": 0.1056278000032762, "time_cnf": 0.42663240000547376, "time_VE": 0.001829200002248399, "time_BP": 0.011379699993995018, "RMSE": 10.967439616352259, "WRMSE": 10.96743961635226, "MAE": 8.718113759902124, "PE": 0.21393804067089886, "exact_EV": 345, "disc_EV": 344.2619137596854, "Wass_scaled": 0.1264852873243354, "Wass_multi": 1.363404180643287, "time_wass": 0.021210899998550303}