{
	"nodecount" : 2840,
	"peaknodes" : 3191,
	"total_load_time" : 2.2592,
	"build_time" : 1.64544,
	"wmc_time" : 0.00408506
}
