{
	"nodecount" : 3583,
	"peaknodes" : 3667,
	"total_load_time" : 0.578599,
	"build_time" : 0.388792,
	"wmc_time" : 0.00576401
}
