{
	"nodecount" : 5482,
	"peaknodes" : 6101,
	"total_load_time" : 1.2421,
	"build_time" : 1.08662,
	"wmc_time" : 0.00985718
}
