{"distribution": "lg", "edges": [["A", "D"], ["B", "D"], ["D", "E"], ["C", "E"]], "root_params": "A ~ N(20,20) B ~ N(20,20) C ~ N(15,15)", "experiment": 18, "not_root_params": "D   ~   N ( 2 A + 3 B , 2 )   E   ~   N ( 3 C + 3 D , 2 )", "sample_size": 200, "means": {"A": 20, "B": 20, "C": 15, "D": 100, "E": 345}, "disc_method": "EB", "bins": 10, "target_column": null, "CPT_method": "Bayes", "time_disc": 0.09831091715022922, "time_cnf": 9.659181414172053, "time_VE": 0.0036828028969466686, "time_BP": 0.013521343935281038, "RMSE": 18.927462610949075, "WRMSE": 11.308978861856827, "MAE": 15.963000995168215, "PE": 0.8081181099067384, "exact_EV": 345, "disc_EV": 342.21199252082175, "Wass_scaled": 0.07508763152838713, "Wass_multi": 3.1467821089145107, "time_wass": 0.051229913253337145}