{
	"nodecount" : 6159,
	"peaknodes" : 7067,
	"total_load_time" : 1.16883,
	"build_time" : 0.883241,
	"wmc_time" : 0.003582
}
