{
	"nodecount" : 1280,
	"peaknodes" : 1391,
	"total_load_time" : 0.107613,
	"build_time" : 0.096431,
	"wmc_time" : 0.002671,
	"wmc_value" : 1,
	"bn_to_cnf_time" : 0.0028708
}
