{"distribution": "lg", "edges": [["A", "D"], ["B", "D"], ["D", "E"], ["C", "E"]], "root_params": "A ~ N(20,20) B ~ N(20,20) C ~ N(15,15)", "experiment": 18, "not_root_params": "D   ~   N ( 2 A + 3 B , 2 )   E   ~   N ( 3 C + 3 D , 2 )", "sample_size": 200, "means": {"A": 20, "B": 20, "C": 15, "D": 100, "E": 345}, "disc_method": "EB", "bins": 12, "target_column": null, "CPT_method": "Bayes", "time_disc": 0.10331639999640174, "time_cnf": 0.050999200000660494, "time_VE": 0.0019120000069960952, "time_BP": 0.01254039999912493, "RMSE": 19.222317089925923, "WRMSE": 11.703297318476126, "MAE": 16.19281934255301, "PE": 0.9167120983392307, "exact_EV": 345, "disc_EV": 341.83734326072965, "Wass_scaled": 0.06114903486653186, "Wass_multi": 2.643265454057687, "time_wass": 0.03989400000136811}