{
	"nodecount" : 11692,
	"peaknodes" : 14174,
	"total_load_time" : 8.31402,
	"build_time" : 7.442,
	"wmc_time" : 0.00491595,
	"wmc_value" : 1,
	"bn_to_cnf_time" : 0.541625
}
