{"distribution": "lg", "edges": [["A", "D"], ["B", "D"], ["D", "E"], ["C", "E"]], "root_params": "A ~ N(20,20) B ~ N(20,20) C ~ N(15,15)", "experiment": 18, "not_root_params": "D   ~   N ( 2 A + 3 B , 2 )   E   ~   N ( 3 C + 3 D , 2 )", "sample_size": 200, "means": {"A": 20, "B": 20, "C": 15, "D": 100, "E": 345}, "disc_method": "EV", "bins": 10, "target_column": null, "CPT_method": "Bayes", "time_disc": 0.09731550001015421, "time_cnf": 0.033327199998893775, "time_VE": 0.00171050000062678, "time_BP": 0.01126980000117328, "RMSE": 10.616369165289099, "WRMSE": 10.616369165289099, "MAE": 8.58459731261201, "PE": 0.21285532349266112, "exact_EV": 345, "disc_EV": 344.2656491339503, "Wass_scaled": 0.24077400366445112, "Wass_multi": 3.361897479108705, "time_wass": 0.020908099992084317}