{"distribution": "lg", "edges": [["A", "D"], ["B", "D"], ["D", "E"], ["C", "E"]], "root_params": "A ~ N(20,20) B ~ N(20,20) C ~ N(15,15)", "experiment": 18, "not_root_params": "D   ~   N ( 2 A + 3 B , 2 )   E   ~   N ( 3 C + 3 D , 2 )", "sample_size": 200, "means": {"A": 20, "B": 20, "C": 15, "D": 100, "E": 345}, "disc_method": "EV", "bins": 8, "target_column": null, "CPT_method": "Bayes", "time_disc": 0.11377790001279209, "time_cnf": 0.020287899998947978, "time_VE": 0.0038478999922517687, "time_BP": 0.010343800007831305, "RMSE": 10.236955937345519, "WRMSE": 10.236955937345519, "MAE": 8.346859153853892, "PE": 0.21657981551826472, "exact_EV": 345, "disc_EV": 344.252799636462, "Wass_scaled": 0.27987623258963934, "Wass_multi": 4.021808285665176, "time_wass": 0.030715700006112456}