{"distribution": "lg", "edges": [["A", "D"], ["B", "D"], ["D", "E"], ["C", "E"]], "root_params": "A ~ N(20,20) B ~ N(20,20) C ~ N(15,15)", "experiment": 18, "not_root_params": "D   ~   N ( 2 A + 3 B , 2 )   E   ~   N ( 3 C + 3 D , 2 )", "sample_size": 200, "means": {"A": 20, "B": 20, "C": 15, "D": 100, "E": 345}, "disc_method": "EV", "bins": 17, "target_column": null, "CPT_method": "Bayes", "time_disc": 0.1761957830749452, "time_cnf": 1.2346108588390052, "time_VE": 0.0034090401604771614, "time_BP": 0.015199106186628342, "RMSE": 10.848405840738694, "WRMSE": 10.910270403828877, "MAE": 8.644288761885836, "PE": 0.21416939606549182, "exact_EV": 345, "disc_EV": 344.26111558357405, "Wass_scaled": 0.16890707732600402, "Wass_multi": 2.0026928089394973, "time_wass": 0.05196646321564913}