{
	"nodecount" : 9423,
	"peaknodes" : 12746,
	"total_load_time" : 7.31578,
	"build_time" : 6.08427,
	"wmc_time" : 0.00453806
}
