{"distribution": "lg", "edges": [["A", "D"], ["B", "D"], ["D", "E"], ["C", "E"]], "root_params": "A ~ N(20,20) B ~ N(20,20) C ~ N(15,15)", "experiment": 18, "not_root_params": "D   ~   N ( 2 A + 3 B , 2 )   E   ~   N ( 3 C + 3 D , 2 )", "sample_size": 200, "means": {"A": 20, "B": 20, "C": 15, "D": 100, "E": 345}, "disc_method": "EB", "bins": 8, "target_column": null, "CPT_method": "Bayes", "time_disc": 0.0910165999957826, "time_cnf": 0.02195499998924788, "time_VE": 0.0020902999967802316, "time_BP": 0.008857199994963594, "RMSE": 18.438932322424574, "WRMSE": 10.626799506379784, "MAE": 15.22734881528146, "PE": 0.7378691604432386, "exact_EV": 345, "disc_EV": 342.4543513964708, "Wass_scaled": 0.09390311437571412, "Wass_multi": 4.001433628958981, "time_wass": 0.026972600011504255}