{
	"nodecount" : 1280,
	"peaknodes" : 1391,
	"total_load_time" : 0.380157,
	"build_time" : 0.0994081,
	"wmc_time" : 0.0032711
}
