{"distribution": "lg", "edges": [["A", "D"], ["B", "D"], ["D", "E"], ["C", "E"]], "root_params": "A ~ N(20,20) B ~ N(20,20) C ~ N(15,15)", "experiment": 18, "not_root_params": "D   ~   N ( 2 A + 3 B , 2 )   E   ~   N ( 3 C + 3 D , 2 )", "sample_size": 200, "means": {"A": 20, "B": 20, "C": 15, "D": 100, "E": 345}, "disc_method": "MDLP", "bins": 2, "target_column": "E", "CPT_method": "Bayes", "time_disc": 0.22671519999857992, "time_cnf": 0.13134819999686442, "time_VE": 0.0030002000130480155, "time_BP": 0.008009400000446476, "RMSE": 17.744059523557755, "WRMSE": 11.50765024397948, "MAE": 16.971424967331867, "PE": 0.30314656450497646, "exact_EV": 345, "disc_EV": 343.95414435245783, "Wass_scaled": 0.38784979929755686, "Wass_multi": 2.092587224533704, "time_wass": 0.01823859999421984}