{"distribution": "lg", "edges": [["A", "D"], ["B", "D"], ["D", "E"], ["C", "E"]], "root_params": "A ~ N(20,20) B ~ N(20,20) C ~ N(15,15)", "experiment": 18, "not_root_params": "D   ~   N ( 2 A + 3 B , 2 )   E   ~   N ( 3 C + 3 D , 2 )", "sample_size": 200, "means": {"A": 20, "B": 20, "C": 15, "D": 100, "E": 345}, "disc_method": "EB", "bins": 14, "target_column": null, "CPT_method": "Bayes", "time_disc": 0.11281030299142003, "time_cnf": 0.6132441624067724, "time_VE": 0.002113665919750929, "time_BP": 0.007548903115093708, "RMSE": 18.933272837956522, "WRMSE": 11.832106071616588, "MAE": 16.102148985804178, "PE": 0.9085037011451389, "exact_EV": 345, "disc_EV": 341.86566223104927, "Wass_scaled": 0.05210675195923483, "Wass_multi": 2.2460504945624415, "time_wass": 0.03814620478078723}