{
	"nodecount" : 1414,
	"peaknodes" : 1429,
	"total_load_time" : 0.145732,
	"build_time" : 0.130965,
	"wmc_time" : 0.00344706,
	"wmc_value" : 1,
	"bn_to_cnf_time" : 0.00282621
}
