{
	"nodecount" : 5801,
	"peaknodes" : 6476,
	"total_load_time" : 1.32512,
	"build_time" : 0.956381,
	"wmc_time" : 0.00553489
}
