{"distribution": "lg", "edges": [["A", "D"], ["B", "D"], ["D", "E"], ["C", "E"]], "root_params": "A ~ N(20,20) B ~ N(20,20) C ~ N(15,15)", "experiment": 18, "not_root_params": "D   ~   N ( 2 A + 3 B , 2 )   E   ~   N ( 3 C + 3 D , 2 )", "sample_size": 200, "means": {"A": 20, "B": 20, "C": 15, "D": 100, "E": 345}, "disc_method": "EB", "bins": 25, "target_column": null, "CPT_method": "Bayes", "time_disc": 0.09725659999821801, "time_cnf": 0.35109699999156874, "time_VE": 0.0037435999984154478, "time_BP": 0.010420399994472973, "RMSE": 17.646223463988864, "WRMSE": 12.098091581936082, "MAE": 14.656764161233276, "PE": 1.0055169851421766, "exact_EV": 345, "disc_EV": 341.5309664012595, "Wass_scaled": 0.02942104519432975, "Wass_multi": 1.1780368946056703, "time_wass": 0.02048629999626428}