{"distribution": "lg", "edges": [["A", "D"], ["B", "D"], ["D", "E"], ["C", "E"]], "root_params": "A ~ N(20,20) B ~ N(20,20) C ~ N(15,15)", "experiment": 18, "not_root_params": "D   ~   N ( 2 A + 3 B , 2 )   E   ~   N ( 3 C + 3 D , 2 )", "sample_size": 200, "means": {"A": 20, "B": 20, "C": 15, "D": 100, "E": 345}, "disc_method": "EV", "bins": 17, "target_column": null, "CPT_method": "Bayes", "time_disc": 0.09520709999196697, "time_cnf": 0.1429604000004474, "time_VE": 0.0016109999996842816, "time_BP": 0.00995859999966342, "RMSE": 10.848405840738709, "WRMSE": 10.91027040382889, "MAE": 8.644288761885843, "PE": 0.21416939606549182, "exact_EV": 345, "disc_EV": 344.26111558357405, "Wass_scaled": 0.16890707732600402, "Wass_multi": 2.0026928089394973, "time_wass": 0.03374440000334289}