{"distribution": "lg", "edges": [["A", "D"], ["B", "D"], ["D", "E"], ["C", "E"]], "root_params": "A ~ N(20,20) B ~ N(20,20) C ~ N(15,15)", "experiment": 13, "not_root_params": "D   ~   N ( 2 A + 3 B , 2 )   E   ~   N ( 3 C + 3 D , 2 )", "sample_size": 800, "means": {"A": 20, "B": 20, "C": 15, "D": 100, "E": 345}, "disc_method": "EB", "bins": 25, "target_column": null, "CPT_method": "Bayespriors", "time_disc": 0.1801978000003146, "time_cnf": 0.35429910001403186, "time_VE": 0.0016429999959655106, "time_BP": 0.011185499999555759, "RMSE": 17.03980706400083, "WRMSE": 6.694150816479768, "MAE": 12.69651176635409, "PE": 0.11008851274930524, "exact_EV": 345, "disc_EV": 344.6201946310149, "Wass_scaled": 0.03223314368193133, "Wass_multi": 1.6911683472256274, "time_wass": 0.37049060000572354}