{
	"nodecount" : 5977,
	"peaknodes" : 6207,
	"total_load_time" : 0.535336,
	"build_time" : 0.508574,
	"wmc_time" : 0.00358987
}
