{"distribution": "lg", "edges": [["A", "D"], ["B", "D"], ["D", "E"], ["C", "E"]], "root_params": "A ~ N(20,20) B ~ N(20,20) C ~ N(15,15)", "experiment": 13, "not_root_params": "D   ~   N ( 2 A + 3 B , 2 )   E   ~   N ( 3 C + 3 D , 2 )", "sample_size": 800, "means": {"A": 20, "B": 20, "C": 15, "D": 100, "E": 345}, "disc_method": "EB", "bins": 20, "target_column": null, "CPT_method": "Bayespriors", "time_disc": 0.19886309999856167, "time_cnf": 0.20155080000404269, "time_VE": 0.002773000000161119, "time_BP": 0.008712199996807612, "RMSE": 15.744264086004987, "WRMSE": 5.637080604607802, "MAE": 11.204649412964795, "PE": 0.29214509689512047, "exact_EV": 345, "disc_EV": 343.99209941571183, "Wass_scaled": 0.04044404774386279, "Wass_multi": 2.1889495212944547, "time_wass": 0.39179300000250805}