{"distribution": "lg", "edges": [["A", "D"], ["B", "D"], ["D", "E"], ["C", "E"]], "root_params": "A ~ N(20,20) B ~ N(20,20) C ~ N(15,15)", "experiment": 13, "not_root_params": "D   ~   N ( 2 A + 3 B , 2 )   E   ~   N ( 3 C + 3 D , 2 )", "sample_size": 800, "means": {"A": 20, "B": 20, "C": 15, "D": 100, "E": 345}, "disc_method": "EV", "bins": 8, "target_column": null, "CPT_method": "Bayespriors", "time_disc": 0.14523989999725018, "time_cnf": 0.02003669999248814, "time_VE": 0.0014304999931482598, "time_BP": 0.006841800000984222, "RMSE": 1.1054567422189328, "WRMSE": 1.1054567422189328, "MAE": 0.8301309458243225, "PE": 0.016460454052374163, "exact_EV": 345, "disc_EV": 344.9432114335193, "Wass_scaled": 0.33348403751704464, "Wass_multi": 4.156158588495777, "time_wass": 0.4036654999945313}