{
	"nodecount" : 1130,
	"peaknodes" : 1220,
	"total_load_time" : 0.07829,
	"build_time" : 0.072825,
	"wmc_time" : 0.00227594
}
