{"distribution": "lg", "edges": [["A", "D"], ["B", "D"], ["D", "E"], ["C", "E"]], "root_params": "A ~ N(20,20) B ~ N(20,20) C ~ N(15,15)", "experiment": 13, "not_root_params": "D   ~   N ( 2 A + 3 B , 2 )   E   ~   N ( 3 C + 3 D , 2 )", "sample_size": 800, "means": {"A": 20, "B": 20, "C": 15, "D": 100, "E": 345}, "disc_method": "EB", "bins": 14, "target_column": null, "CPT_method": "Bayespriors", "time_disc": 0.16745070001343265, "time_cnf": 0.07590070000151172, "time_VE": 0.002354399999603629, "time_BP": 0.014377500003320165, "RMSE": 11.960262319265905, "WRMSE": 3.8773932659615236, "MAE": 7.788975555590505, "PE": 0.05548511149820537, "exact_EV": 345, "disc_EV": 344.8085763653312, "Wass_scaled": 0.0655571126243961, "Wass_multi": 3.0655121713237246, "time_wass": 0.39939840001170523}