{"distribution": "lg", "edges": [["A", "D"], ["B", "D"], ["D", "E"], ["C", "E"]], "root_params": "A ~ N(20,20) B ~ N(20,20) C ~ N(15,15)", "experiment": 13, "not_root_params": "D   ~   N ( 2 A + 3 B , 2 )   E   ~   N ( 3 C + 3 D , 2 )", "sample_size": 800, "means": {"A": 20, "B": 20, "C": 15, "D": 100, "E": 345}, "disc_method": "EV", "bins": 10, "target_column": null, "CPT_method": "Bayespriors", "time_disc": 0.15543369999795686, "time_cnf": 0.031304999996791594, "time_VE": 0.0014438999933190644, "time_BP": 0.005740200009313412, "RMSE": 1.0852960875398328, "WRMSE": 1.0852960875398328, "MAE": 0.8858811349794621, "PE": 0.011852248630913786, "exact_EV": 345, "disc_EV": 344.95910974222335, "Wass_scaled": 0.29804869724844374, "Wass_multi": 3.4593099855714797, "time_wass": 0.3991782999946736}