{"distribution": "lg", "edges": [["A", "D"], ["B", "D"], ["D", "E"], ["C", "E"]], "root_params": "A ~ N(20,20) B ~ N(20,20) C ~ N(15,15)", "experiment": 13, "not_root_params": "D   ~   N ( 2 A + 3 B , 2 )   E   ~   N ( 3 C + 3 D , 2 )", "sample_size": 800, "means": {"A": 20, "B": 20, "C": 15, "D": 100, "E": 345}, "disc_method": "EV", "bins": 17, "target_column": null, "CPT_method": "Bayespriors", "time_disc": 0.10894739022478461, "time_cnf": 0.5802678549662232, "time_VE": 0.0015890528447926044, "time_BP": 0.006738671101629734, "RMSE": 2.388127285568256, "WRMSE": 2.391629192804785, "MAE": 1.9096120466451292, "PE": 0.1599397199580723, "exact_EV": 345, "disc_EV": 344.44820796614465, "Wass_scaled": 0.2391100922756249, "Wass_multi": 2.1029692765216477, "time_wass": 0.3778188140131533}