{"distribution": "lg", "edges": [["A", "D"], ["B", "D"], ["D", "E"], ["C", "E"]], "root_params": "A ~ N(20,20) B ~ N(20,20) C ~ N(15,15)", "experiment": 13, "not_root_params": "D   ~   N ( 2 A + 3 B , 2 )   E   ~   N ( 3 C + 3 D , 2 )", "sample_size": 800, "means": {"A": 20, "B": 20, "C": 15, "D": 100, "E": 345}, "disc_method": "EB", "bins": 17, "target_column": null, "CPT_method": "Bayespriors", "time_disc": 0.16665749999810942, "time_cnf": 0.12065719999372959, "time_VE": 0.0018872999935410917, "time_BP": 0.012692400006926619, "RMSE": 13.812467739426507, "WRMSE": 4.559813464428737, "MAE": 9.318777569465894, "PE": 0.09783562346126638, "exact_EV": 345, "disc_EV": 345.33753290094137, "Wass_scaled": 0.04729970852626857, "Wass_multi": 2.442701986113975, "time_wass": 0.4000296000012895}