{"distribution": "lg", "edges": [["A", "D"], ["B", "D"], ["D", "E"], ["C", "E"]], "root_params": "A ~ N(20,20) B ~ N(20,20) C ~ N(15,15)", "experiment": 13, "not_root_params": "D   ~   N ( 2 A + 3 B , 2 )   E   ~   N ( 3 C + 3 D , 2 )", "sample_size": 800, "means": {"A": 20, "B": 20, "C": 15, "D": 100, "E": 345}, "disc_method": "EV", "bins": 30, "target_column": null, "CPT_method": "Bayespriors", "time_disc": 0.19016019999980927, "time_cnf": 0.8278338000091026, "time_VE": 0.002670900008524768, "time_BP": 0.013804200003505684, "RMSE": 8.117413086317748, "WRMSE": 8.133013243237043, "MAE": 6.444503428091042, "PE": 0.08568289365316757, "exact_EV": 345, "disc_EV": 344.7043940168966, "Wass_scaled": 0.19589934171793277, "Wass_multi": 1.249617059868883, "time_wass": 0.399604400008684}