{"distribution": "lg", "edges": [["A", "D"], ["B", "D"], ["D", "E"], ["C", "E"]], "root_params": "A ~ N(20,20) B ~ N(20,20) C ~ N(15,15)", "experiment": 13, "not_root_params": "D   ~   N ( 2 A + 3 B , 2 )   E   ~   N ( 3 C + 3 D , 2 )", "sample_size": 800, "means": {"A": 20, "B": 20, "C": 15, "D": 100, "E": 345}, "disc_method": "MDLP", "bins": 2, "target_column": "E", "CPT_method": "Bayespriors", "time_disc": 0.6351515091955662, "time_cnf": 0.5479025458917022, "time_VE": 0.0015377821400761604, "time_BP": 0.00544038275256753, "RMSE": 1.1274686953436655, "WRMSE": 0.9564201621049853, "MAE": 0.8676424714603002, "PE": 0.017052480884377223, "exact_EV": 345, "disc_EV": 344.9411689409489, "Wass_scaled": 0.3455419458827325, "Wass_multi": 2.301046735052884, "time_wass": 0.3506111423484981}