{
	"nodecount" : 26114,
	"peaknodes" : 32019,
	"total_load_time" : 9.56384,
	"build_time" : 8.43328,
	"wmc_time" : 0.00660682,
	"wmc_value" : 1,
	"bn_to_cnf_time" : 0.668044
}
