{
	"nodecount" : 20863,
	"peaknodes" : 22792,
	"total_load_time" : 3.01247,
	"build_time" : 2.8013,
	"wmc_time" : 0.00889993
}
