{
	"nodecount" : 11032,
	"peaknodes" : 11651,
	"total_load_time" : 1.14988,
	"build_time" : 1.08234,
	"wmc_time" : 0.00488591
}
