{
	"nodecount" : 4966,
	"peaknodes" : 4966,
	"total_load_time" : 0.240767,
	"build_time" : 0.227939,
	"wmc_time" : 0.00451994
}
