{
	"nodecount" : 15446,
	"peaknodes" : 16404,
	"total_load_time" : 1.75149,
	"build_time" : 1.59221,
	"wmc_time" : 0.00519896
}
