{
	"nodecount" : 1471,
	"peaknodes" : 1551,
	"total_load_time" : 0.0782602,
	"build_time" : 0.0732701,
	"wmc_time" : 0.00217795
}
