{"distribution": "lg", "edges": [["A", "D"], ["B", "D"], ["D", "E"], ["C", "E"]], "root_params": "A ~ N(20,20) B ~ N(20,20) C ~ N(15,15)", "experiment": 13, "not_root_params": "D   ~   N ( 2 A + 3 B , 2 )   E   ~   N ( 3 C + 3 D , 2 )", "sample_size": 800, "means": {"A": 20, "B": 20, "C": 15, "D": 100, "E": 345}, "disc_method": "EB", "bins": 8, "target_column": null, "CPT_method": "Bayespriors", "time_disc": 0.12334484979510307, "time_cnf": 0.22468203864991665, "time_VE": 0.001772554125636816, "time_BP": 0.006515142973512411, "RMSE": 6.196762663153121, "WRMSE": 2.372351434732732, "MAE": 4.349235520205589, "PE": 0.024557665406278382, "exact_EV": 345, "disc_EV": 344.91527605434834, "Wass_scaled": 0.11858929017709252, "Wass_multi": 5.17341233924591, "time_wass": 0.3684623087756336}