{"distribution": "lg", "edges": [["A", "D"], ["B", "D"], ["D", "E"], ["C", "E"]], "root_params": "A ~ N(20,20) B ~ N(20,20) C ~ N(15,15)", "experiment": 13, "not_root_params": "D   ~   N ( 2 A + 3 B , 2 )   E   ~   N ( 3 C + 3 D , 2 )", "sample_size": 800, "means": {"A": 20, "B": 20, "C": 15, "D": 100, "E": 345}, "disc_method": "EV", "bins": 12, "target_column": null, "CPT_method": "Bayespriors", "time_disc": 0.15696870000101626, "time_cnf": 0.05273519999173004, "time_VE": 0.002147599996533245, "time_BP": 0.0055078000004868954, "RMSE": 0.9419410228688594, "WRMSE": 0.9418459559517154, "MAE": 0.8258330041891213, "PE": 0.014657000723165793, "exact_EV": 345, "disc_EV": 344.9494333475051, "Wass_scaled": 0.2749206462920881, "Wass_multi": 2.8214885656782145, "time_wass": 0.4079273999959696}