{
	"nodecount" : 25322,
	"peaknodes" : 28009,
	"total_load_time" : 4.18814,
	"build_time" : 3.99767,
	"wmc_time" : 0.00579906,
	"wmc_value" : 1,
	"bn_to_cnf_time" : 0.107797
}
