{
	"nodecount" : 1471,
	"peaknodes" : 1551,
	"total_load_time" : 0.1439,
	"build_time" : 0.127297,
	"wmc_time" : 0.00342298,
	"wmc_value" : 1,
	"bn_to_cnf_time" : 0.00350666
}
