{"distribution": "lg", "edges": [["A", "D"], ["B", "D"], ["D", "E"], ["C", "E"]], "root_params": "A ~ N(20,20) B ~ N(20,20) C ~ N(15,15)", "experiment": 13, "not_root_params": "D   ~   N ( 2 A + 3 B , 2 )   E   ~   N ( 3 C + 3 D , 2 )", "sample_size": 800, "means": {"A": 20, "B": 20, "C": 15, "D": 100, "E": 345}, "disc_method": "EV", "bins": 25, "target_column": null, "CPT_method": "Bayespriors", "time_disc": 0.12120876600965858, "time_cnf": 2.524002302903682, "time_VE": 0.001699032261967659, "time_BP": 0.009459892753511667, "RMSE": 6.097631677129838, "WRMSE": 6.097631677129839, "MAE": 4.68823206822364, "PE": 0.020206634339033833, "exact_EV": 345, "disc_EV": 345.06971288846967, "Wass_scaled": 0.2072590239973037, "Wass_multi": 1.474992722885753, "time_wass": 0.3606367688626051}