{
	"nodecount" : 4966,
	"peaknodes" : 4966,
	"total_load_time" : 0.439205,
	"build_time" : 0.414307,
	"wmc_time" : 0.00443101,
	"wmc_value" : 1,
	"bn_to_cnf_time" : 0.0101447
}
