{
	"nodecount" : 7928,
	"peaknodes" : 8324,
	"total_load_time" : 1.25297,
	"build_time" : 1.18228,
	"wmc_time" : 0.00424004,
	"wmc_value" : 1,
	"bn_to_cnf_time" : 0.0390954
}
