{"distribution": "lg", "edges": [["A", "D"], ["B", "D"], ["D", "E"], ["C", "E"]], "root_params": "A ~ N(20,20) B ~ N(20,20) C ~ N(15,15)", "experiment": 13, "not_root_params": "D   ~   N ( 2 A + 3 B , 2 )   E   ~   N ( 3 C + 3 D , 2 )", "sample_size": 800, "means": {"A": 20, "B": 20, "C": 15, "D": 100, "E": 345}, "disc_method": "EV", "bins": 14, "target_column": null, "CPT_method": "Bayespriors", "time_disc": 0.11718923971056938, "time_cnf": 0.4719038410112262, "time_VE": 0.0018493221141397953, "time_BP": 0.0064460840076208115, "RMSE": 1.4484795293402477, "WRMSE": 1.4514619083458804, "MAE": 1.1536132075864194, "PE": 0.14819317728018216, "exact_EV": 345, "disc_EV": 344.48873353838337, "Wass_scaled": 0.2585051904700604, "Wass_multi": 2.5179781971477744, "time_wass": 0.37704592710360885}