{
	"nodecount" : 673,
	"peaknodes" : 673,
	"total_load_time" : 0.154444,
	"build_time" : 0.135967,
	"wmc_time" : 0.00424886
}
