{
	"nodecount" : 827,
	"peaknodes" : 832,
	"total_load_time" : 0.413807,
	"build_time" : 0.381318,
	"wmc_time" : 0.00461602
}
