{
	"nodecount" : 541,
	"peaknodes" : 546,
	"total_load_time" : 0.220966,
	"build_time" : 0.197789,
	"wmc_time" : 0.0034039
}
