{"distribution": "causal_quadratic", "edges": [["T", "Y"], ["Z1", "T"], ["Z1", "Y"]], "sample_size": 2500, "ate": 1.3733864183664533, "disc_method": "EV", "bins": 14, "target_column": null, "CPT_method": "Bayespriors", "time_disc": 0.13274299999466166, "time_cnf": 0.8200522000115598, "time_VE": 0.023738000003504567, "PE": 5.958245756986981, "exact_EV": 1.3733864183664533, "disc_EV": 1.2915566803670986, "Wass_scaled": 0.18235407665332803, "Wass_multi": 0.24482352975231247, "time_wass": 3.299577199999476}