{
	"nodecount" : 304,
	"peaknodes" : 308,
	"total_load_time" : 0.108563,
	"build_time" : 0.0892019,
	"wmc_time" : 0.00249696
}
