{
	"nodecount" : 1126,
	"peaknodes" : 1174,
	"total_load_time" : 0.393899,
	"build_time" : 0.361797,
	"wmc_time" : 0.00317001,
	"wmc_value" : 1,
	"bn_to_cnf_time" : 0.0156302
}
