{
	"nodecount" : 945,
	"peaknodes" : 980,
	"total_load_time" : 0.449839,
	"build_time" : 0.411549,
	"wmc_time" : 0.00320411
}
