{
	"nodecount" : 470,
	"peaknodes" : 473,
	"total_load_time" : 0.167491,
	"build_time" : 0.143016,
	"wmc_time" : 0.00326085
}
