{"distribution": "causal_quadratic", "edges": [["T", "Y"], ["Z1", "T"], ["Z1", "Y"]], "sample_size": 2500, "ate": 1.4163929793554437, "disc_method": "EB", "bins": 5, "target_column": null, "CPT_method": "Bayespriors", "time_disc": 0.15488050000567455, "time_cnf": 0.007904699989012443, "time_BP": 0.026058899995405227, "time_VE": 0.005673099993146025, "PE": 23.395429744976862, "exact_EV": 1.4163929793554437, "disc_EV": 1.0850217549575563, "Wass_scaled": 0.1443841786881282, "Wass_multi": 0.6661830638704033, "time_wass": 3.154837800000678}