{"distribution": "causal_quadratic", "edges": [["T", "Y"], ["Z1", "T"], ["Z1", "Y"]], "sample_size": 2500, "ate": 1.4163929793554437, "disc_method": "EV", "bins": 8, "target_column": null, "CPT_method": "Bayespriors", "time_disc": 0.12088650000805501, "time_cnf": 0.0067968000075779855, "time_BP": 0.04281790000095498, "time_VE": 0.009282600003643893, "PE": 7.837716116823559, "exact_EV": 1.4163929793554437, "disc_EV": 1.3053801185349447, "Wass_scaled": 0.2389427631650758, "Wass_multi": 0.383692411356533, "time_wass": 2.8332429000001866}