{"distribution": "causal_quadratic", "edges": [["T", "Y"], ["Z1", "T"], ["Z1", "Y"]], "sample_size": 2500, "ate": 1.4163929793554437, "disc_method": "EB", "bins": 25, "target_column": null, "CPT_method": "Bayespriors", "time_disc": 0.13383089999842923, "time_cnf": 0.02209870000660885, "time_BP": 0.05933079999522306, "time_VE": 0.017108500003814697, "PE": 3.5524191615491447, "exact_EV": 1.4163929793554437, "disc_EV": 1.3660767637539841, "Wass_scaled": 0.024765969600060982, "Wass_multi": 0.16425810262296006, "time_wass": 2.6796139999933075}