{"distribution": "causal_quadratic", "edges": [["T", "Y"], ["Z1", "T"], ["Z1", "Y"]], "sample_size": 2500, "ate": 1.3733864183664533, "disc_method": "EV", "bins": 30, "target_column": null, "CPT_method": "Bayespriors", "time_disc": 0.1648676999975578, "time_cnf": 4.598727899996447, "time_BP": 0.15689800000109244, "time_VE": 0.038289100000838516, "PE": 7.308314877698999, "exact_EV": 1.3733864183664533, "disc_EV": 1.2730150144246803, "Wass_scaled": 0.12384501679038612, "Wass_multi": 0.12795058712650628, "time_wass": 4.044477299998107}