{"distribution": "causal_quadratic", "edges": [["T", "Y"], ["Z1", "T"], ["Z1", "Y"]], "sample_size": 2500, "ate": 1.4163929793554437, "disc_method": "EB", "bins": 12, "target_column": null, "CPT_method": "Bayespriors", "time_disc": 0.14346659999864642, "time_cnf": 0.01644279999891296, "time_BP": 0.03473949999897741, "time_VE": 0.010116800011019222, "PE": 6.468073771084127, "exact_EV": 1.4163929793554437, "disc_EV": 1.3247796365622773, "Wass_scaled": 0.05120751533121676, "Wass_multi": 0.3349669817104948, "time_wass": 2.8712539999978617}