{"distribution": "causal_quadratic", "edges": [["T", "Y"], ["Z1", "T"], ["Z1", "Y"]], "sample_size": 2500, "ate": 1.3733864183664533, "disc_method": "EV", "bins": 20, "target_column": null, "CPT_method": "Bayespriors", "time_disc": 0.26562859999830835, "time_cnf": 2.1297483000016655, "time_BP": 0.09679700000197045, "time_VE": 0.029122300002200063, "PE": 6.828982146999015, "exact_EV": 1.3733864183664533, "disc_EV": 1.279598105046899, "Wass_scaled": 0.15157780568248316, "Wass_multi": 0.17667883404409465, "time_wass": 4.19211969999742}