{"distribution": "causal_quadratic", "edges": [["T", "Y"], ["Z1", "T"], ["Z1", "Y"]], "sample_size": 2500, "ate": 1.4163929793554437, "disc_method": "EV", "bins": 14, "target_column": null, "CPT_method": "Bayespriors", "time_disc": 0.13958559998718556, "time_cnf": 0.010184800004935823, "time_BP": 0.054279500007396564, "time_VE": 0.01584059999731835, "PE": 1.0945773968021588, "exact_EV": 1.4163929793554437, "disc_EV": 1.4008894619535264, "Wass_scaled": 0.1769992117771227, "Wass_multi": 0.2504740533344806, "time_wass": 2.704896200011717}