{"distribution": "causal_quadratic", "edges": [["T", "Y"], ["Z1", "T"], ["Z1", "Y"]], "sample_size": 2500, "ate": 1.3733864183664533, "disc_method": "MDLP", "bins": 2, "target_column": "Y", "CPT_method": "Bayespriors", "time_disc": 0.6306369000085397, "time_cnf": 0.2513156000059098, "time_VE": 0.01541680000082124, "PE": 20.358881873769956, "exact_EV": 1.3733864183664533, "disc_EV": 1.093780299780827, "Wass_scaled": 0.27010547432132725, "Wass_multi": 0.5736544367372276, "time_wass": 3.1942945000046166}