{"distribution": "causal_quadratic", "edges": [["T", "Y"], ["Z1", "T"], ["Z1", "Y"]], "sample_size": 2500, "ate": 1.3733864183664533, "disc_method": "EB", "bins": 5, "target_column": null, "CPT_method": "Bayespriors", "time_disc": 0.25445249999756925, "time_cnf": 0.46704119999776594, "time_VE": 0.04860239999834448, "PE": 29.81482705425321, "exact_EV": 1.3733864183664533, "disc_EV": 0.9639136329438928, "Wass_scaled": 0.14129510054173516, "Wass_multi": 0.6861143222571773, "time_wass": 3.7613525000051595}