{"distribution": "causal_quadratic", "edges": [["T", "Y"], ["Z1", "T"], ["Z1", "Y"]], "sample_size": 2500, "ate": 1.4163929793554437, "disc_method": "EB", "bins": 20, "target_column": null, "CPT_method": "Bayespriors", "time_disc": 0.11912130001292098, "time_cnf": 0.015945299994200468, "time_BP": 0.048113699987879954, "time_VE": 0.013482499998644926, "PE": 2.666924455490729, "exact_EV": 1.4163929793554437, "disc_EV": 1.3786188486031596, "Wass_scaled": 0.02794342700528307, "Wass_multi": 0.20790750449192755, "time_wass": 2.756985200001509}