{"distribution": "causal_quadratic", "edges": [["T", "Y"], ["Z1", "T"], ["Z1", "Y"]], "sample_size": 2500, "ate": 1.3733864183664533, "disc_method": "EB", "bins": 20, "target_column": null, "CPT_method": "Bayespriors", "time_disc": 0.16460219999862602, "time_cnf": 1.9516480000020238, "time_BP": 0.08917279999877792, "time_VE": 0.03176090000124532, "PE": 10.616751770560843, "exact_EV": 1.3733864183664533, "disc_EV": 1.2275773914778907, "Wass_scaled": 0.027807137061687307, "Wass_multi": 0.21059983079189945, "time_wass": 3.670769799999107}