{"distribution": "causal_quadratic", "edges": [["T", "Y"], ["Z1", "T"], ["Z1", "Y"]], "sample_size": 2500, "ate": 1.4163929793554437, "disc_method": "EB", "bins": 17, "target_column": null, "CPT_method": "Bayespriors", "time_disc": 0.12587619999249, "time_cnf": 0.013279399994644336, "time_BP": 0.04590309999184683, "time_VE": 0.01549759999033995, "PE": 4.070900229502444, "exact_EV": 1.4163929793554437, "disc_EV": 1.3587330343082065, "Wass_scaled": 0.03461556159137391, "Wass_multi": 0.24360680448949232, "time_wass": 2.633761899996898}