{"distribution": "causal_quadratic", "edges": [["T", "Y"], ["Z1", "T"], ["Z1", "Y"]], "sample_size": 2500, "ate": 1.4163929793554437, "disc_method": "EB", "bins": 30, "target_column": null, "CPT_method": "Bayespriors", "time_disc": 0.11913419999473263, "time_cnf": 0.03275189999840222, "time_BP": 0.07743639999534935, "time_VE": 0.01837130000058096, "PE": 1.4951913652529847, "exact_EV": 1.4163929793554437, "disc_EV": 1.3952151938300716, "Wass_scaled": 0.02091422445853489, "Wass_multi": 0.13917000820793807, "time_wass": 2.5702030999964336}