{
	"nodecount" : 119,
	"peaknodes" : 119,
	"total_load_time" : 0.0685041,
	"build_time" : 0.0246792,
	"wmc_time" : 0.00153995
}
