{"distribution": "causal_quadratic", "edges": [["T", "Y"], ["Z1", "T"], ["Z1", "Y"]], "sample_size": 2500, "ate": 1.4163929793554437, "disc_method": "EV", "bins": 10, "target_column": null, "CPT_method": "Bayespriors", "time_disc": 0.11636070000531618, "time_cnf": 0.005931899999268353, "time_BP": 0.027625600007013418, "time_VE": 0.014764599996851757, "PE": 4.928148628109942, "exact_EV": 1.4163929793554437, "disc_EV": 1.346591028174693, "Wass_scaled": 0.21124802850052166, "Wass_multi": 0.3237092293712917, "time_wass": 2.5982233000104316}