{
	"nodecount" : 135,
	"peaknodes" : 135,
	"total_load_time" : 0.0369761,
	"build_time" : 0.022933,
	"wmc_time" : 0.00142717
}
