{"distribution": "causal_quadratic", "edges": [["T", "Y"], ["Z1", "T"], ["Z1", "Y"]], "sample_size": 2500, "ate": 1.4163929793554437, "disc_method": "EB", "bins": 14, "target_column": null, "CPT_method": "Bayespriors", "time_disc": 0.15042170000378974, "time_cnf": 0.013999999995576218, "time_BP": 0.058954499996616505, "time_VE": 0.015661700002965517, "PE": 3.750878858458252, "exact_EV": 1.4163929793554437, "disc_EV": 1.3632657945401134, "Wass_scaled": 0.04110646011057773, "Wass_multi": 0.28955463972889167, "time_wass": 3.0496565000066767}