{"distribution": "causal_quadratic", "edges": [["T", "Y"], ["Z1", "T"], ["Z1", "Y"]], "sample_size": 2500, "ate": 1.3733864183664533, "disc_method": "EV", "bins": 17, "target_column": null, "CPT_method": "Bayespriors", "time_disc": 0.15521190000072238, "time_cnf": 1.446996599999693, "time_BP": 0.08294020000175806, "time_VE": 0.032751599999755854, "PE": 5.986575696825716, "exact_EV": 1.3733864183664533, "disc_EV": 1.291167600821022, "Wass_scaled": 0.16493529445124538, "Wass_multi": 0.20472575470381696, "time_wass": 3.883026899999095}