{"distribution": "causal_quadratic", "edges": [["T", "Y"], ["Z1", "T"], ["Z1", "Y"]], "sample_size": 2500, "ate": 1.3733864183664533, "disc_method": "EV", "bins": 10, "target_column": null, "CPT_method": "Bayespriors", "time_disc": 0.10615320000215434, "time_cnf": 0.382543200001237, "time_VE": 0.01637700000719633, "PE": 8.267547861013707, "exact_EV": 1.3733864183664533, "disc_EV": 1.2598410389113448, "Wass_scaled": 0.21743646806496708, "Wass_multi": 0.3219163089369727, "time_wass": 3.175145299988799}