{
	"nodecount" : 379,
	"peaknodes" : 381,
	"total_load_time" : 0.136393,
	"build_time" : 0.111259,
	"wmc_time" : 0.00259495
}
