{
	"nodecount" : 318,
	"peaknodes" : 318,
	"total_load_time" : 0.0776129,
	"build_time" : 0.066081,
	"wmc_time" : 0.00170588,
	"wmc_value" : 1,
	"bn_to_cnf_time" : 0.00269842
}
