{"distribution": "causal_quadratic", "edges": [["T", "Y"], ["Z1", "T"], ["Z1", "Y"]], "sample_size": 2500, "ate": 1.3733864183664533, "disc_method": "EB", "bins": 30, "target_column": null, "CPT_method": "Bayespriors", "time_disc": 0.17861509999784175, "time_cnf": 4.293964599997707, "time_BP": 0.13698179999846616, "time_VE": 0.056733299999905284, "PE": 8.540379911337283, "exact_EV": 1.3733864183664533, "disc_EV": 1.25609400058725, "Wass_scaled": 0.01964849854509224, "Wass_multi": 0.14325106072558005, "time_wass": 3.762447899996914}