{
	"nodecount" : 2998,
	"peaknodes" : 2998,
	"total_load_time" : 1.81041,
	"build_time" : 1.68621,
	"wmc_time" : 0.003613,
	"wmc_value" : 1,
	"bn_to_cnf_time" : 0.0563207
}
