{
	"nodecount" : 118966,
	"peaknodes" : 119685,
	"total_load_time" : 5.58398,
	"build_time" : 5.25391,
	"wmc_time" : 0.033479,
	"wmc_value" : 1,
	"bn_to_cnf_time" : 0.175772
}
