{"distribution": "lg", "edges": [["A", "D"], ["B", "D"], ["D", "E"], ["C", "E"]], "root_params": "A ~ N(20,20) B ~ N(20,20) C ~ N(15,15)", "experiment": 9, "not_root_params": "D   ~   N ( 2 A + 3 B , 2 )   E   ~   N ( 3 C + 3 D , 2 )", "sample_size": 5000, "means": {"A": 20, "B": 20, "C": 15, "D": 100, "E": 345}, "disc_method": "EV", "bins": 12, "target_column": null, "CPT_method": "Bayes", "time_disc": 0.09751038113608956, "time_cnf": 0.40749370492994785, "time_VE": 0.0021524159237742424, "time_BP": 0.0077092284336686134, "RMSE": 5.643684857480627, "WRMSE": 5.645107553889915, "MAE": 4.5346669877015655, "PE": 0.038552367729733014, "exact_EV": 345, "disc_EV": 344.8669943313324, "Wass_scaled": 0.2673604658985199, "Wass_multi": 2.77680532677384, "time_wass": 10.27494286512956}