{
	"nodecount" : 125006,
	"peaknodes" : 128607,
	"total_load_time" : 7.83996,
	"build_time" : 7.18549,
	"wmc_time" : 0.042362,
	"wmc_value" : 1,
	"bn_to_cnf_time" : 0.337059
}
