{"distribution": "lg", "edges": [["A", "D"], ["B", "D"], ["D", "E"], ["C", "E"]], "root_params": "A ~ N(20,20) B ~ N(20,20) C ~ N(15,15)", "experiment": 9, "not_root_params": "D   ~   N ( 2 A + 3 B , 2 )   E   ~   N ( 3 C + 3 D , 2 )", "sample_size": 5000, "means": {"A": 20, "B": 20, "C": 15, "D": 100, "E": 345}, "disc_method": "EB", "bins": 14, "target_column": null, "CPT_method": "Bayes", "time_disc": 0.09985534381121397, "time_cnf": 6.415314866695553, "time_VE": 0.002228427678346634, "time_BP": 0.008038727100938559, "RMSE": 20.514751561650947, "WRMSE": 7.096729404637096, "MAE": 15.83372402842413, "PE": 0.17497090759315656, "exact_EV": 345, "disc_EV": 345.6036496311964, "Wass_scaled": 0.05513225793369063, "Wass_multi": 2.997650330162099, "time_wass": 8.918726848904043}