{"distribution": "lg", "edges": [["A", "D"], ["B", "D"], ["D", "E"], ["C", "E"]], "root_params": "A ~ N(20,20) B ~ N(20,20) C ~ N(15,15)", "experiment": 9, "not_root_params": "D   ~   N ( 2 A + 3 B , 2 )   E   ~   N ( 3 C + 3 D , 2 )", "sample_size": 5000, "means": {"A": 20, "B": 20, "C": 15, "D": 100, "E": 345}, "disc_method": "EV", "bins": 17, "target_column": null, "CPT_method": "Bayes", "time_disc": 0.10696548689156771, "time_cnf": 0.7582089593634009, "time_VE": 0.0023724171333014965, "time_BP": 0.008362095337361097, "RMSE": 9.008058728527068, "WRMSE": 9.013515651851288, "MAE": 7.227157999118494, "PE": 0.03864594820129241, "exact_EV": 345, "disc_EV": 344.86667147870554, "Wass_scaled": 0.22610114227978276, "Wass_multi": 2.0740601766092785, "time_wass": 10.996509559918195}