{"distribution": "lg", "edges": [["A", "D"], ["B", "D"], ["D", "E"], ["C", "E"]], "root_params": "A ~ N(20,20) B ~ N(20,20) C ~ N(15,15)", "experiment": 9, "not_root_params": "D   ~   N ( 2 A + 3 B , 2 )   E   ~   N ( 3 C + 3 D , 2 )", "sample_size": 5000, "means": {"A": 20, "B": 20, "C": 15, "D": 100, "E": 345}, "disc_method": "EB", "bins": 5, "target_column": null, "CPT_method": "Bayes", "time_disc": 0.12403500000073109, "time_cnf": 0.010198400006629527, "time_VE": 0.0028957000031368807, "time_BP": 0.007002300000749528, "RMSE": 8.626377623187778, "WRMSE": 3.7078132311220204, "MAE": 6.919700115753142, "PE": 0.0108543342438007, "exact_EV": 345, "disc_EV": 344.9625525468589, "Wass_scaled": 0.16951734484995992, "Wass_multi": 7.659887862011348, "time_wass": 11.110951800001203}