{"distribution": "lg", "edges": [["A", "D"], ["B", "D"], ["D", "E"], ["C", "E"]], "root_params": "A ~ N(20,20) B ~ N(20,20) C ~ N(15,15)", "experiment": 9, "not_root_params": "D   ~   N ( 2 A + 3 B , 2 )   E   ~   N ( 3 C + 3 D , 2 )", "sample_size": 5000, "means": {"A": 20, "B": 20, "C": 15, "D": 100, "E": 345}, "disc_method": "EB", "bins": 25, "target_column": null, "CPT_method": "Bayes", "time_disc": 0.11103010000078939, "time_cnf": 0.43086359999142587, "time_VE": 0.0015305999986594543, "time_BP": 0.00967349999700673, "RMSE": 23.47602058785499, "WRMSE": 10.80926267884875, "MAE": 19.767369035271702, "PE": 0.5141880549574811, "exact_EV": 345, "disc_EV": 346.7739487896033, "Wass_scaled": 0.0307098329353648, "Wass_multi": 1.694157998999129, "time_wass": 10.62927600000694}