{"distribution": "lg", "edges": [["A", "D"], ["B", "D"], ["D", "E"], ["C", "E"]], "root_params": "A ~ N(20,20) B ~ N(20,20) C ~ N(15,15)", "experiment": 9, "not_root_params": "D   ~   N ( 2 A + 3 B , 2 )   E   ~   N ( 3 C + 3 D , 2 )", "sample_size": 5000, "means": {"A": 20, "B": 20, "C": 15, "D": 100, "E": 345}, "disc_method": "EV", "bins": 20, "target_column": null, "CPT_method": "Bayes", "time_disc": 0.10485470001003705, "time_cnf": 0.22624800000630785, "time_VE": 0.001538199998321943, "time_BP": 0.008242299998528324, "RMSE": 10.250494073485276, "WRMSE": 10.250494073485275, "MAE": 8.235124302720752, "PE": 0.030654049695431902, "exact_EV": 345, "disc_EV": 344.89424352855076, "Wass_scaled": 0.20911440467214043, "Wass_multi": 1.79466925636153, "time_wass": 12.41520999999193}