{"distribution": "lg", "edges": [["A", "D"], ["B", "D"], ["D", "E"], ["C", "E"]], "root_params": "A ~ N(20,20) B ~ N(20,20) C ~ N(15,15)", "experiment": 9, "not_root_params": "D   ~   N ( 2 A + 3 B , 2 )   E   ~   N ( 3 C + 3 D , 2 )", "sample_size": 5000, "means": {"A": 20, "B": 20, "C": 15, "D": 100, "E": 345}, "disc_method": "EV", "bins": 10, "target_column": null, "CPT_method": "Bayes", "time_disc": 0.09823030000552535, "time_cnf": 0.03511159999470692, "time_VE": 0.0014787999971304089, "time_BP": 0.0050897000037366524, "RMSE": 4.05551906767515, "WRMSE": 4.055519067675151, "MAE": 3.2583819940827823, "PE": 0.03008178526897609, "exact_EV": 345, "disc_EV": 344.89621784082203, "Wass_scaled": 0.29338298618605807, "Wass_multi": 3.2375247579110122, "time_wass": 12.868516299990006}