{
	"nodecount" : 81031,
	"peaknodes" : 83870,
	"total_load_time" : 3.17261,
	"build_time" : 2.80848,
	"wmc_time" : 0.0221961
}
