{"distribution": "lg", "edges": [["A", "D"], ["B", "D"], ["D", "E"], ["C", "E"]], "root_params": "A ~ N(20,20) B ~ N(20,20) C ~ N(15,15)", "experiment": 9, "not_root_params": "D   ~   N ( 2 A + 3 B , 2 )   E   ~   N ( 3 C + 3 D , 2 )", "sample_size": 5000, "means": {"A": 20, "B": 20, "C": 15, "D": 100, "E": 345}, "disc_method": "EB", "bins": 12, "target_column": null, "CPT_method": "Bayes", "time_disc": 0.09967549999419134, "time_cnf": 0.05392660001234617, "time_VE": 0.00152679999882821, "time_BP": 0.01177720000850968, "RMSE": 19.104549507618284, "WRMSE": 6.179742766787535, "MAE": 14.3005140590936, "PE": 0.10903933199201213, "exact_EV": 345, "disc_EV": 345.37618569537244, "Wass_scaled": 0.06462216201647959, "Wass_multi": 3.4471319344970555, "time_wass": 11.25484239999787}