{
	"nodecount" : 6476,
	"peaknodes" : 6523,
	"total_load_time" : 0.590478,
	"build_time" : 0.211645,
	"wmc_time" : 0.003824
}
