{
	"nodecount" : 46860,
	"peaknodes" : 46993,
	"total_load_time" : 2.52114,
	"build_time" : 2.43314,
	"wmc_time" : 0.0151951,
	"wmc_value" : 1,
	"bn_to_cnf_time" : 0.0598392
}
