{"distribution": "lg", "edges": [["A", "D"], ["B", "D"], ["D", "E"], ["C", "E"]], "root_params": "A ~ N(20,20) B ~ N(20,20) C ~ N(15,15)", "experiment": 9, "not_root_params": "D   ~   N ( 2 A + 3 B , 2 )   E   ~   N ( 3 C + 3 D , 2 )", "sample_size": 5000, "means": {"A": 20, "B": 20, "C": 15, "D": 100, "E": 345}, "disc_method": "EB", "bins": 8, "target_column": null, "CPT_method": "Bayes", "time_disc": 0.09380720001354348, "time_cnf": 0.019827299998723902, "time_VE": 0.0013325999898370355, "time_BP": 0.008734800008824095, "RMSE": 15.229788856150032, "WRMSE": 4.229449253854768, "MAE": 10.685798039364975, "PE": 0.033936597492472, "exact_EV": 345, "disc_EV": 345.117081261349, "Wass_scaled": 0.09791378368933074, "Wass_multi": 5.088879990347956, "time_wass": 11.038826200005133}