{"distribution": "lg", "edges": [["A", "D"], ["B", "D"], ["D", "E"], ["C", "E"]], "root_params": "A ~ N(20,20) B ~ N(20,20) C ~ N(15,15)", "experiment": 9, "not_root_params": "D   ~   N ( 2 A + 3 B , 2 )   E   ~   N ( 3 C + 3 D , 2 )", "sample_size": 5000, "means": {"A": 20, "B": 20, "C": 15, "D": 100, "E": 345}, "disc_method": "EV", "bins": 8, "target_column": null, "CPT_method": "Bayes", "time_disc": 0.08034285809844732, "time_cnf": 0.32757066329941154, "time_VE": 0.001553648617118597, "time_BP": 0.006400106940418482, "RMSE": 2.7454564511677226, "WRMSE": 2.7454564511677226, "MAE": 2.144249394985316, "PE": 0.025681282323797648, "exact_EV": 345, "disc_EV": 344.9113995759829, "Wass_scaled": 0.3303949759672707, "Wass_multi": 3.9056553345408074, "time_wass": 9.792672437150031}