{
	"nodecount" : 32393,
	"peaknodes" : 33113,
	"total_load_time" : 1.62293,
	"build_time" : 1.4568,
	"wmc_time" : 0.0159609
}
