{
	"nodecount" : 13739,
	"peaknodes" : 14033,
	"total_load_time" : 0.79849,
	"build_time" : 0.64143,
	"wmc_time" : 0.0062151
}
