{
	"nodecount" : 256023,
	"peaknodes" : 259068,
	"total_load_time" : 9.17036,
	"build_time" : 8.00937,
	"wmc_time" : 0.0971911
}
