{
	"nodecount" : 1865,
	"peaknodes" : 1927,
	"total_load_time" : 0.178487,
	"build_time" : 0.0793579,
	"wmc_time" : 0.00230002
}
