{"distribution": "lg", "edges": [["A", "D"], ["B", "D"], ["D", "E"], ["C", "E"]], "root_params": "A ~ N(20,20) B ~ N(20,20) C ~ N(15,15)", "experiment": 9, "not_root_params": "D   ~   N ( 2 A + 3 B , 2 )   E   ~   N ( 3 C + 3 D , 2 )", "sample_size": 5000, "means": {"A": 20, "B": 20, "C": 15, "D": 100, "E": 345}, "disc_method": "EV", "bins": 14, "target_column": null, "CPT_method": "Bayes", "time_disc": 0.1046508999861544, "time_cnf": 0.08504660001199227, "time_VE": 0.0014488999877357855, "time_BP": 0.012390199990477413, "RMSE": 7.153778415266788, "WRMSE": 7.157752532222925, "MAE": 5.745411195800846, "PE": 0.031095479633624593, "exact_EV": 345, "disc_EV": 344.892720595264, "Wass_scaled": 0.24776668432746232, "Wass_multi": 2.434022749440685, "time_wass": 12.613941399991745}