{
	"nodecount" : 83329,
	"peaknodes" : 83712,
	"total_load_time" : 3.16745,
	"build_time" : 2.7243,
	"wmc_time" : 0.0270422
}
