{"distribution": "lg", "edges": [["A", "D"], ["B", "D"], ["D", "E"], ["C", "E"]], "root_params": "A ~ N(20,20) B ~ N(20,20) C ~ N(15,15)", "experiment": 9, "not_root_params": "D   ~   N ( 2 A + 3 B , 2 )   E   ~   N ( 3 C + 3 D , 2 )", "sample_size": 5000, "means": {"A": 20, "B": 20, "C": 15, "D": 100, "E": 345}, "disc_method": "EV", "bins": 5, "target_column": null, "CPT_method": "Bayes", "time_disc": 0.08385830000042915, "time_cnf": 0.00894220000191126, "time_VE": 0.0013312999944901094, "time_BP": 0.0053662999998778105, "RMSE": 1.8826590812372421, "WRMSE": 1.8826590812372423, "MAE": 1.4375512099730372, "PE": 0.044737872318377864, "exact_EV": 345, "disc_EV": 344.8456543405016, "Wass_scaled": 0.4356135840551808, "Wass_multi": 5.813209467274187, "time_wass": 11.672350699998788}