{
	"nodecount" : 118966,
	"peaknodes" : 119685,
	"total_load_time" : 4.64058,
	"build_time" : 4.04015,
	"wmc_time" : 0.0469079
}
