{"distribution": "lg", "edges": [["A", "D"], ["B", "D"], ["D", "E"], ["C", "E"]], "root_params": "A ~ N(20,20) B ~ N(20,20) C ~ N(15,15)", "experiment": 9, "not_root_params": "D   ~   N ( 2 A + 3 B , 2 )   E   ~   N ( 3 C + 3 D , 2 )", "sample_size": 5000, "means": {"A": 20, "B": 20, "C": 15, "D": 100, "E": 345}, "disc_method": "EV", "bins": 25, "target_column": null, "CPT_method": "Bayes", "time_disc": 0.11241397121921182, "time_cnf": 1.9193734847940505, "time_VE": 0.0028687468729913235, "time_BP": 0.011881665326654911, "RMSE": 11.272026286577391, "WRMSE": 11.272026286577391, "MAE": 9.02910065755436, "PE": 0.03163223097803366, "exact_EV": 345, "disc_EV": 344.8908688031258, "Wass_scaled": 0.18895651513727785, "Wass_multi": 1.460999125754095, "time_wass": 10.763126914855093}