{
	"nodecount" : 22177,
	"peaknodes" : 22547,
	"total_load_time" : 1.55682,
	"build_time" : 1.49877,
	"wmc_time" : 0.00953293,
	"wmc_value" : 1,
	"bn_to_cnf_time" : 0.0383165
}
