{
	"nodecount" : 22177,
	"peaknodes" : 22547,
	"total_load_time" : 1.25628,
	"build_time" : 1.0799,
	"wmc_time" : 0.009161
}
