{"distribution": "lg", "edges": [["A", "D"], ["B", "D"], ["D", "E"], ["C", "E"]], "root_params": "A ~ N(20,20) B ~ N(20,20) C ~ N(15,15)", "experiment": 9, "not_root_params": "D   ~   N ( 2 A + 3 B , 2 )   E   ~   N ( 3 C + 3 D , 2 )", "sample_size": 5000, "means": {"A": 20, "B": 20, "C": 15, "D": 100, "E": 345}, "disc_method": "EB", "bins": 30, "target_column": null, "CPT_method": "Bayes", "time_disc": 0.10224158503115177, "time_cnf": 3.7762407399713993, "time_VE": 0.0025650011375546455, "time_BP": 0.014229213818907738, "RMSE": 23.804196471097672, "WRMSE": 11.544566872565579, "MAE": 20.32943599799227, "PE": 0.6415980315555778, "exact_EV": 345, "disc_EV": 347.21351320886674, "Wass_scaled": 0.02574857446556059, "Wass_multi": 1.3986304360539454, "time_wass": 7.71071538515389}