{"distribution": "lg", "edges": [["A", "D"], ["B", "D"], ["D", "E"], ["C", "E"]], "root_params": "A ~ N(20,20) B ~ N(20,20) C ~ N(15,15)", "experiment": 125, "not_root_params": "D   ~   N ( 2 A + 3 B , 2 . 4 0 6 2 5 )   E   ~   N ( 3 C + 3 D , 2 . 4 0 6 2 5 )", "sample_size": 397, "means": {"A": 20, "B": 20, "C": 15, "D": 100, "E": 345}, "disc_method": "EB", "bins": 20, "target_column": null, "CPT_method": "MLE", "time_disc": 0.06600987492129207, "time_cnf": 1.0202597388997674, "time_VE": 0.0022118971683084965, "time_BP": 0.00946171535179019, "RMSE": 16.18768038378268, "WRMSE": 7.110649252923233, "MAE": 12.103861254110413, "PE": 0.3992781273788184, "exact_EV": 345, "disc_EV": 343.6224904605431, "Wass_scaled": 0.03583993752831941, "Wass_multi": 1.719957910520814, "time_wass": 0.04924043966457248}