{"distribution": "lg", "edges": [["A", "D"], ["B", "D"], ["D", "E"], ["C", "E"]], "root_params": "A ~ N(20,20) B ~ N(20,20) C ~ N(15,15)", "experiment": 125, "not_root_params": "D   ~   N ( 2 A + 3 B , 2 . 4 0 6 2 5 )   E   ~   N ( 3 C + 3 D , 2 . 4 0 6 2 5 )", "sample_size": 397, "means": {"A": 20, "B": 20, "C": 15, "D": 100, "E": 345}, "disc_method": "EV", "bins": 17, "target_column": null, "CPT_method": "MLE", "time_disc": 0.09601410001050681, "time_cnf": 0.1312398000009125, "time_VE": 0.0016013999993447214, "time_BP": 0.015574500008369796, "RMSE": 4.824600288224544, "WRMSE": 4.860447252808632, "MAE": 3.3838420252319565, "PE": 0.12167861986791069, "exact_EV": 345, "disc_EV": 344.5802087614557, "Wass_scaled": 0.17144360471224065, "Wass_multi": 2.1764818545169855, "time_wass": 0.10180750000290573}