{
	"nodecount" : 14014,
	"peaknodes" : 16282,
	"total_load_time" : 10.3141,
	"build_time" : 9.2168,
	"wmc_time" : 0.00570297,
	"wmc_value" : 1,
	"bn_to_cnf_time" : 0.60618
}
