{"distribution": "lg", "edges": [["A", "D"], ["B", "D"], ["D", "E"], ["C", "E"]], "root_params": "A ~ N(20,20) B ~ N(20,20) C ~ N(15,15)", "experiment": 125, "not_root_params": "D   ~   N ( 2 A + 3 B , 2 . 4 0 6 2 5 )   E   ~   N ( 3 C + 3 D , 2 . 4 0 6 2 5 )", "sample_size": 397, "means": {"A": 20, "B": 20, "C": 15, "D": 100, "E": 345}, "disc_method": "EB", "bins": 17, "target_column": null, "CPT_method": "MLE", "time_disc": 0.07170985313132405, "time_cnf": 0.5852336902171373, "time_VE": 0.0019118250347673893, "time_BP": 0.007507347967475653, "RMSE": 14.400444236097373, "WRMSE": 5.846062214478171, "MAE": 10.198277645387165, "PE": 0.3940964081631216, "exact_EV": 345, "disc_EV": 343.64036739183723, "Wass_scaled": 0.047299166774089504, "Wass_multi": 2.0850746233015283, "time_wass": 0.049906720872968435}