{"distribution": "lg", "edges": [["A", "D"], ["B", "D"], ["D", "E"], ["C", "E"]], "root_params": "A ~ N(20,20) B ~ N(20,20) C ~ N(15,15)", "experiment": 125, "not_root_params": "D   ~   N ( 2 A + 3 B , 2 . 4 0 6 2 5 )   E   ~   N ( 3 C + 3 D , 2 . 4 0 6 2 5 )", "sample_size": 397, "means": {"A": 20, "B": 20, "C": 15, "D": 100, "E": 345}, "disc_method": "EV", "bins": 5, "target_column": null, "CPT_method": "MLE", "time_disc": 0.10284769999270793, "time_cnf": 0.007303099991986528, "time_VE": 0.0026673999964259565, "time_BP": 0.009142199996858835, "RMSE": 1.483209487269198, "WRMSE": 1.48564464129131, "MAE": 1.3895763614797148, "PE": 0.2536159963162153, "exact_EV": 345, "disc_EV": 344.12502481270906, "Wass_scaled": 0.3938839945755979, "Wass_multi": 5.971001864697726, "time_wass": 0.12355360000219662}