{"distribution": "lg", "edges": [["A", "D"], ["B", "D"], ["D", "E"], ["C", "E"]], "root_params": "A ~ N(20,20) B ~ N(20,20) C ~ N(15,15)", "experiment": 125, "not_root_params": "D   ~   N ( 2 A + 3 B , 2 . 4 0 6 2 5 )   E   ~   N ( 3 C + 3 D , 2 . 4 0 6 2 5 )", "sample_size": 397, "means": {"A": 20, "B": 20, "C": 15, "D": 100, "E": 345}, "disc_method": "EV", "bins": 8, "target_column": null, "CPT_method": "MLE", "time_disc": 0.09478579999995418, "time_cnf": 0.014659599997685291, "time_VE": 0.0014328999968711287, "time_BP": 0.006317300008959137, "RMSE": 1.012911574118425, "WRMSE": 1.0145492830968188, "MAE": 0.8444241770939058, "PE": 0.25075025151132335, "exact_EV": 345, "disc_EV": 344.13491163228593, "Wass_scaled": 0.28414465716798587, "Wass_multi": 4.131605523179245, "time_wass": 0.10843710000335705}