{
	"nodecount" : 10753,
	"peaknodes" : 12786,
	"total_load_time" : 2.78453,
	"build_time" : 2.0133,
	"wmc_time" : 0.00404692
}
