{
	"nodecount" : 10535,
	"peaknodes" : 11908,
	"total_load_time" : 2.41556,
	"build_time" : 2.25352,
	"wmc_time" : 0.00563908
}
