{"distribution": "lg", "edges": [["A", "D"], ["B", "D"], ["D", "E"], ["C", "E"]], "root_params": "A ~ N(20,20) B ~ N(20,20) C ~ N(15,15)", "experiment": 125, "not_root_params": "D   ~   N ( 2 A + 3 B , 2 . 4 0 6 2 5 )   E   ~   N ( 3 C + 3 D , 2 . 4 0 6 2 5 )", "sample_size": 397, "means": {"A": 20, "B": 20, "C": 15, "D": 100, "E": 345}, "disc_method": "MDLP", "bins": 2, "target_column": "E", "CPT_method": "MLE", "time_disc": 0.38557107793167233, "time_cnf": 0.25041993195191026, "time_VE": 0.0015784953720867634, "time_BP": 0.006373250856995583, "RMSE": 1.6943480931690083, "WRMSE": 1.2509155711742714, "MAE": 1.0728490050507418, "PE": 0.20863312565208048, "exact_EV": 345, "disc_EV": 344.2802157165003, "Wass_scaled": 0.33462890188248895, "Wass_multi": 2.2727530537622376, "time_wass": 0.04878957709297538}