{"distribution": "lg", "edges": [["A", "D"], ["B", "D"], ["D", "E"], ["C", "E"]], "root_params": "A ~ N(20,20) B ~ N(20,20) C ~ N(15,15)", "experiment": 125, "not_root_params": "D   ~   N ( 2 A + 3 B , 2 . 4 0 6 2 5 )   E   ~   N ( 3 C + 3 D , 2 . 4 0 6 2 5 )", "sample_size": 397, "means": {"A": 20, "B": 20, "C": 15, "D": 100, "E": 345}, "disc_method": "EV", "bins": 10, "target_column": null, "CPT_method": "MLE", "time_disc": 0.05097988015040755, "time_cnf": 0.2869555503129959, "time_VE": 0.001590680330991745, "time_BP": 0.007441248279064894, "RMSE": 1.1061419852875898, "WRMSE": 1.106306721697694, "MAE": 0.9243877398102711, "PE": 0.23571759315880136, "exact_EV": 345, "disc_EV": 344.18677430360214, "Wass_scaled": 0.24582377789775423, "Wass_multi": 3.476622800001598, "time_wass": 0.06326795183122158}