{
	"nodecount" : 12929,
	"peaknodes" : 14824,
	"total_load_time" : 7.53177,
	"build_time" : 6.91614,
	"wmc_time" : 0.00519204,
	"wmc_value" : 1,
	"bn_to_cnf_time" : 0.311111
}
