{"distribution": "lg", "edges": [["A", "D"], ["B", "D"], ["D", "E"], ["C", "E"]], "root_params": "A ~ N(20,20) B ~ N(20,20) C ~ N(15,15)", "experiment": 125, "not_root_params": "D   ~   N ( 2 A + 3 B , 2 . 4 0 6 2 5 )   E   ~   N ( 3 C + 3 D , 2 . 4 0 6 2 5 )", "sample_size": 397, "means": {"A": 20, "B": 20, "C": 15, "D": 100, "E": 345}, "disc_method": "EB", "bins": 25, "target_column": null, "CPT_method": "MLE", "time_disc": 0.07078327098861337, "time_cnf": 1.9218826820142567, "time_VE": 0.004190586972981691, "time_BP": 0.00971314124763012, "RMSE": 16.46503538983186, "WRMSE": 8.37356543502016, "MAE": 12.869394917848048, "PE": 0.6802589898547361, "exact_EV": 345, "disc_EV": 342.65310648500116, "Wass_scaled": 0.02981615236987129, "Wass_multi": 1.3329988195452738, "time_wass": 0.04868302773684263}