{"distribution": "lg", "edges": [["A", "D"], ["B", "D"], ["D", "E"], ["C", "E"]], "root_params": "A ~ N(20,20) B ~ N(20,20) C ~ N(15,15)", "experiment": 125, "not_root_params": "D   ~   N ( 2 A + 3 B , 2 . 4 0 6 2 5 )   E   ~   N ( 3 C + 3 D , 2 . 4 0 6 2 5 )", "sample_size": 397, "means": {"A": 20, "B": 20, "C": 15, "D": 100, "E": 345}, "disc_method": "EV", "bins": 14, "target_column": null, "CPT_method": "MLE", "time_disc": 0.0537909222766757, "time_cnf": 0.38421213906258345, "time_VE": 0.001871492713689804, "time_BP": 0.0071106539107859135, "RMSE": 2.958751126109534, "WRMSE": 2.9689015434444284, "MAE": 2.274876367775907, "PE": 0.2518695387878825, "exact_EV": 345, "disc_EV": 344.1310500911818, "Wass_scaled": 0.19587559902344318, "Wass_multi": 2.4903299418336964, "time_wass": 0.05919728800654411}