{
	"nodecount" : 8659,
	"peaknodes" : 13445,
	"total_load_time" : 7.15226,
	"build_time" : 6.21247,
	"wmc_time" : 0.00310898
}
