{
	"nodecount" : 7423,
	"peaknodes" : 8042,
	"total_load_time" : 1.13078,
	"build_time" : 1.05263,
	"wmc_time" : 0.00455499
}
