{"distribution": "lg", "edges": [["A", "D"], ["B", "D"], ["D", "E"], ["C", "E"]], "root_params": "A ~ N(20,20) B ~ N(20,20) C ~ N(15,15)", "experiment": 125, "not_root_params": "D   ~   N ( 2 A + 3 B , 2 . 4 0 6 2 5 )   E   ~   N ( 3 C + 3 D , 2 . 4 0 6 2 5 )", "sample_size": 397, "means": {"A": 20, "B": 20, "C": 15, "D": 100, "E": 345}, "disc_method": "EB", "bins": 12, "target_column": null, "CPT_method": "MLE", "time_disc": 0.05426728818565607, "time_cnf": 0.2638045852072537, "time_VE": 0.002017637714743614, "time_BP": 0.008116315118968487, "RMSE": 11.91049769374352, "WRMSE": 4.474572169698642, "MAE": 7.911043378103149, "PE": 0.24146493668565092, "exact_EV": 345, "disc_EV": 344.1669459684345, "Wass_scaled": 0.06664379817452752, "Wass_multi": 2.902792406425142, "time_wass": 0.06465582735836506}