{
	"nodecount" : 5749,
	"peaknodes" : 6373,
	"total_load_time" : 0.645128,
	"build_time" : 0.595341,
	"wmc_time" : 0.002882
}
