{"distribution": "lg", "edges": [["A", "D"], ["B", "D"], ["D", "E"], ["C", "E"]], "root_params": "A ~ N(20,20) B ~ N(20,20) C ~ N(15,15)", "experiment": 125, "not_root_params": "D   ~   N ( 2 A + 3 B , 2 . 4 0 6 2 5 )   E   ~   N ( 3 C + 3 D , 2 . 4 0 6 2 5 )", "sample_size": 397, "means": {"A": 20, "B": 20, "C": 15, "D": 100, "E": 345}, "disc_method": "EB", "bins": 10, "target_column": null, "CPT_method": "MLE", "time_disc": 0.07663439866155386, "time_cnf": 0.3528371648862958, "time_VE": 0.002028166316449642, "time_BP": 0.007723229005932808, "RMSE": 11.036663350659904, "WRMSE": 3.7989871465704996, "MAE": 6.8345810387710575, "PE": 0.28446916902252256, "exact_EV": 345, "disc_EV": 344.0185813668723, "Wass_scaled": 0.07916553406581434, "Wass_multi": 3.601834939545579, "time_wass": 0.06353954272344708}