{
	"nodecount" : 3363,
	"peaknodes" : 3388,
	"total_load_time" : 1.01094,
	"build_time" : 0.162242,
	"wmc_time" : 0.00240707
}
