{
	"nodecount" : 6327,
	"peaknodes" : 6681,
	"total_load_time" : 0.477691,
	"build_time" : 0.444376,
	"wmc_time" : 0.00333214
}
