{"distribution": "lg", "edges": [["A", "D"], ["B", "D"], ["D", "E"], ["C", "E"]], "root_params": "A ~ N(20,20) B ~ N(20,20) C ~ N(15,15)", "experiment": 125, "not_root_params": "D   ~   N ( 2 A + 3 B , 2 . 4 0 6 2 5 )   E   ~   N ( 3 C + 3 D , 2 . 4 0 6 2 5 )", "sample_size": 397, "means": {"A": 20, "B": 20, "C": 15, "D": 100, "E": 345}, "disc_method": "EB", "bins": 5, "target_column": null, "CPT_method": "MLE", "time_disc": 0.11289340000075754, "time_cnf": 0.011357400013366714, "time_VE": 0.0031538000039290637, "time_BP": 0.010688700000173412, "RMSE": 6.511904817785405, "WRMSE": 2.939089844912019, "MAE": 4.562995878967195, "PE": 0.24711213595659554, "exact_EV": 345, "disc_EV": 344.14746313094975, "Wass_scaled": 0.17644477961266478, "Wass_multi": 7.064336139724281, "time_wass": 0.11340180000115652}