{
	"nodecount" : 7407,
	"peaknodes" : 8463,
	"total_load_time" : 0.909289,
	"build_time" : 0.699883,
	"wmc_time" : 0.00367594
}
