{
	"nodecount" : 7407,
	"peaknodes" : 8463,
	"total_load_time" : 1.24455,
	"build_time" : 1.17992,
	"wmc_time" : 0.00379896,
	"wmc_value" : 1,
	"bn_to_cnf_time" : 0.0364752
}
