{"distribution": "lg", "edges": [["A", "D"], ["B", "D"], ["D", "E"], ["C", "E"]], "root_params": "A ~ N(20,20) B ~ N(20,20) C ~ N(15,15)", "experiment": 125, "not_root_params": "D   ~   N ( 2 A + 3 B , 2 . 4 0 6 2 5 )   E   ~   N ( 3 C + 3 D , 2 . 4 0 6 2 5 )", "sample_size": 397, "means": {"A": 20, "B": 20, "C": 15, "D": 100, "E": 345}, "disc_method": "EV", "bins": 20, "target_column": null, "CPT_method": "MLE", "time_disc": 0.09400679999089334, "time_cnf": 0.21177100000204518, "time_VE": 0.0015473999956157058, "time_BP": 0.01287370000500232, "RMSE": 6.719964970188682, "WRMSE": 6.738365587223584, "MAE": 5.119626555474494, "PE": 0.10930002736464249, "exact_EV": 345, "disc_EV": 344.622914905592, "Wass_scaled": 0.15066659323334816, "Wass_multi": 1.78958055120412, "time_wass": 0.10783860000083223}