{
	"nodecount" : 8046,
	"peaknodes" : 9556,
	"total_load_time" : 0.915623,
	"build_time" : 0.841342,
	"wmc_time" : 0.00338197
}
