{"distribution": "lg", "edges": [["A", "D"], ["B", "D"], ["D", "E"], ["C", "E"]], "root_params": "A ~ N(20,20) B ~ N(20,20) C ~ N(15,15)", "experiment": 125, "not_root_params": "D   ~   N ( 2 A + 3 B , 2 . 4 0 6 2 5 )   E   ~   N ( 3 C + 3 D , 2 . 4 0 6 2 5 )", "sample_size": 397, "means": {"A": 20, "B": 20, "C": 15, "D": 100, "E": 345}, "disc_method": "EB", "bins": 17, "target_column": null, "CPT_method": "MLE", "time_disc": 0.09689559999969788, "time_cnf": 0.13620470000023488, "time_VE": 0.0015524000045843422, "time_BP": 0.013311100003193133, "RMSE": 14.40044423609737, "WRMSE": 5.846062214478168, "MAE": 10.19827764538716, "PE": 0.3940964081631216, "exact_EV": 345, "disc_EV": 343.64036739183723, "Wass_scaled": 0.047299166774089504, "Wass_multi": 2.0850746233015283, "time_wass": 0.10665440000593662}