{"distribution": "lg", "edges": [["A", "D"], ["B", "D"], ["D", "E"], ["C", "E"]], "root_params": "A ~ N(20,20) B ~ N(20,20) C ~ N(15,15)", "experiment": 125, "not_root_params": "D   ~   N ( 2 A + 3 B , 2 . 4 0 6 2 5 )   E   ~   N ( 3 C + 3 D , 2 . 4 0 6 2 5 )", "sample_size": 397, "means": {"A": 20, "B": 20, "C": 15, "D": 100, "E": 345}, "disc_method": "EB", "bins": 8, "target_column": null, "CPT_method": "MLE", "time_disc": 0.0602876259945333, "time_cnf": 0.35300459479913116, "time_VE": 0.0016266722232103348, "time_BP": 0.006515363231301308, "RMSE": 10.354262614549306, "WRMSE": 3.5268761234369443, "MAE": 5.732108454273543, "PE": 0.395954593883401, "exact_EV": 345, "disc_EV": 343.63395665110227, "Wass_scaled": 0.0984447636242271, "Wass_multi": 4.53891391496895, "time_wass": 0.057853193022310734}