{"distribution": "lg", "edges": [["A", "D"], ["B", "D"], ["D", "E"], ["C", "E"]], "root_params": "A ~ N(20,20) B ~ N(20,20) C ~ N(15,15)", "experiment": 125, "not_root_params": "D   ~   N ( 2 A + 3 B , 2 . 4 0 6 2 5 )   E   ~   N ( 3 C + 3 D , 2 . 4 0 6 2 5 )", "sample_size": 397, "means": {"A": 20, "B": 20, "C": 15, "D": 100, "E": 345}, "disc_method": "EV", "bins": 12, "target_column": null, "CPT_method": "MLE", "time_disc": 0.09478559999843128, "time_cnf": 0.048042599999462254, "time_VE": 0.0015599999896949157, "time_BP": 0.013399799994658679, "RMSE": 1.863837407058619, "WRMSE": 1.8649292930979318, "MAE": 1.6149177520123554, "PE": 0.3905574470301074, "exact_EV": 345, "disc_EV": 343.65257680774613, "Wass_scaled": 0.21807703146915988, "Wass_multi": 2.949430518165095, "time_wass": 0.1347513000073377}