{"distribution": "lg", "edges": [["A", "D"], ["B", "D"], ["D", "E"], ["C", "E"]], "root_params": "A ~ N(20,20) B ~ N(20,20) C ~ N(15,15)", "experiment": 125, "not_root_params": "D   ~   N ( 2 A + 3 B , 2 . 4 0 6 2 5 )   E   ~   N ( 3 C + 3 D , 2 . 4 0 6 2 5 )", "sample_size": 397, "means": {"A": 20, "B": 20, "C": 15, "D": 100, "E": 345}, "disc_method": "EV", "bins": 25, "target_column": null, "CPT_method": "MLE", "time_disc": 0.09622830001171678, "time_cnf": 0.40029869999852963, "time_VE": 0.0016357999993488193, "time_BP": 0.010615000006509945, "RMSE": 8.550502913733258, "WRMSE": 8.575268148806527, "MAE": 6.645767693717241, "PE": 0.20210820374871588, "exact_EV": 345, "disc_EV": 344.30272669706693, "Wass_scaled": 0.12786244259554572, "Wass_multi": 1.4791518251166358, "time_wass": 0.10411659999226686}