{
	"nodecount" : 991,
	"peaknodes" : 1069,
	"total_load_time" : 0.0626602,
	"build_time" : 0.0576322,
	"wmc_time" : 0.00170803
}
