{
	"nodecount" : 5439,
	"peaknodes" : 5439,
	"total_load_time" : 0.351991,
	"build_time" : 0.227708,
	"wmc_time" : 0.00425696
}
