{
	"nodecount" : 1122,
	"peaknodes" : 1208,
	"total_load_time" : 0.104676,
	"build_time" : 0.093576,
	"wmc_time" : 0.0028739,
	"wmc_value" : 1,
	"bn_to_cnf_time" : 0.00260782
}
