{
	"nodecount" : 1434,
	"peaknodes" : 1521,
	"total_load_time" : 0.169481,
	"build_time" : 0.074033,
	"wmc_time" : 0.00242209
}
