{"distribution": "lg", "edges": [["A", "D"], ["B", "D"], ["D", "E"], ["C", "E"]], "root_params": "A ~ N(20,20) B ~ N(20,20) C ~ N(15,15)", "experiment": 111, "not_root_params": "D   ~   N ( 2 A + 3 B , 1 . 5 6 2 5 )   E   ~   N ( 3 C + 3 D , 1 . 5 6 2 5 )", "sample_size": 1881, "means": {"A": 20, "B": 20, "C": 15, "D": 100, "E": 345}, "disc_method": "EV", "bins": 20, "target_column": null, "CPT_method": "MLE", "time_disc": 0.07983370497822762, "time_cnf": 0.5627509513869882, "time_VE": 0.002921830862760544, "time_BP": 0.011325399857014418, "RMSE": 0.4699863481658894, "WRMSE": 0.4699555042757415, "MAE": 0.385857584906023, "PE": 0.03402619994578371, "exact_EV": 345, "disc_EV": 345.11739038981295, "Wass_scaled": 0.2053751385353026, "Wass_multi": 0.9428560151957316, "time_wass": 1.7812029770575464}