{"distribution": "lg", "edges": [["A", "D"], ["B", "D"], ["D", "E"], ["C", "E"]], "root_params": "A ~ N(20,20) B ~ N(20,20) C ~ N(15,15)", "experiment": 111, "not_root_params": "D   ~   N ( 2 A + 3 B , 1 . 5 6 2 5 )   E   ~   N ( 3 C + 3 D , 1 . 5 6 2 5 )", "sample_size": 1881, "means": {"A": 20, "B": 20, "C": 15, "D": 100, "E": 345}, "disc_method": "EB", "bins": 30, "target_column": null, "CPT_method": "MLE", "time_disc": 0.09675943292677402, "time_cnf": 3.4813691643066704, "time_VE": 0.010601085145026445, "time_BP": 0.029817260801792145, "RMSE": 7.870210677536949, "WRMSE": 2.4086021318308015, "MAE": 5.323655182145397, "PE": 0.10621233343361225, "exact_EV": 345, "disc_EV": 345.36643255034596, "Wass_scaled": 0.027005801955180073, "Wass_multi": 0.7049797377757712, "time_wass": 1.5032239770516753}