{
	"nodecount" : 23169,
	"peaknodes" : 24517,
	"total_load_time" : 3.01522,
	"build_time" : 2.75282,
	"wmc_time" : 0.016072
}
