{"distribution": "lg", "edges": [["A", "D"], ["B", "D"], ["D", "E"], ["C", "E"]], "root_params": "A ~ N(20,20) B ~ N(20,20) C ~ N(15,15)", "experiment": 111, "not_root_params": "D   ~   N ( 2 A + 3 B , 1 . 5 6 2 5 )   E   ~   N ( 3 C + 3 D , 1 . 5 6 2 5 )", "sample_size": 1881, "means": {"A": 20, "B": 20, "C": 15, "D": 100, "E": 345}, "disc_method": "EB", "bins": 25, "target_column": null, "CPT_method": "MLE", "time_disc": 0.08752219611778855, "time_cnf": 2.065349522046745, "time_VE": 0.004334974102675915, "time_BP": 0.027964120730757713, "RMSE": 7.894190880504921, "WRMSE": 2.0237091863700107, "MAE": 5.1952495918440995, "PE": 0.06969156034094103, "exact_EV": 345, "disc_EV": 345.24043588317625, "Wass_scaled": 0.032004723996123224, "Wass_multi": 0.8328888696117033, "time_wass": 1.51816608896479}