{
	"nodecount" : 26953,
	"peaknodes" : 26953,
	"total_load_time" : 2.14496,
	"build_time" : 2.05015,
	"wmc_time" : 0.00743294,
	"wmc_value" : 1,
	"bn_to_cnf_time" : 0.0540063
}
