{"distribution": "lg", "edges": [["A", "D"], ["B", "D"], ["D", "E"], ["C", "E"]], "root_params": "A ~ N(20,20) B ~ N(20,20) C ~ N(15,15)", "experiment": 111, "not_root_params": "D   ~   N ( 2 A + 3 B , 1 . 5 6 2 5 )   E   ~   N ( 3 C + 3 D , 1 . 5 6 2 5 )", "sample_size": 1881, "means": {"A": 20, "B": 20, "C": 15, "D": 100, "E": 345}, "disc_method": "EB", "bins": 14, "target_column": null, "CPT_method": "MLE", "time_disc": 0.09059250494465232, "time_cnf": 4.387413731310517, "time_VE": 0.003104696050286293, "time_BP": 0.013050280045717955, "RMSE": 5.048581646091828, "WRMSE": 1.0617010814558379, "MAE": 2.8066683216266393, "PE": 0.019135227243204874, "exact_EV": 345, "disc_EV": 344.93398346601094, "Wass_scaled": 0.05399420695957306, "Wass_multi": 1.4918353541913252, "time_wass": 1.579247793648392}