{"distribution": "lg", "edges": [["A", "D"], ["B", "D"], ["D", "E"], ["C", "E"]], "root_params": "A ~ N(20,20) B ~ N(20,20) C ~ N(15,15)", "experiment": 111, "not_root_params": "D   ~   N ( 2 A + 3 B , 1 . 5 6 2 5 )   E   ~   N ( 3 C + 3 D , 1 . 5 6 2 5 )", "sample_size": 1881, "means": {"A": 20, "B": 20, "C": 15, "D": 100, "E": 345}, "disc_method": "EB", "bins": 10, "target_column": null, "CPT_method": "MLE", "time_disc": 0.07252323208376765, "time_cnf": 0.33902660198509693, "time_VE": 0.0029079639352858067, "time_BP": 0.010142216924577951, "RMSE": 3.4277180364468838, "WRMSE": 0.9630679081873373, "MAE": 2.2579450098338727, "PE": 0.018728185564856652, "exact_EV": 345, "disc_EV": 345.06461224019876, "Wass_scaled": 0.07706402221141777, "Wass_multi": 2.0722352640751525, "time_wass": 1.4193690810352564}