{
	"nodecount" : 1695,
	"peaknodes" : 1695,
	"total_load_time" : 0.628847,
	"build_time" : 0.463735,
	"wmc_time" : 0.00263405
}
