{"distribution": "lg", "edges": [["A", "D"], ["B", "D"], ["D", "E"], ["C", "E"]], "root_params": "A ~ N(20,20) B ~ N(20,20) C ~ N(15,15)", "experiment": 111, "not_root_params": "D   ~   N ( 2 A + 3 B , 1 . 5 6 2 5 )   E   ~   N ( 3 C + 3 D , 1 . 5 6 2 5 )", "sample_size": 1881, "means": {"A": 20, "B": 20, "C": 15, "D": 100, "E": 345}, "disc_method": "EB", "bins": 17, "target_column": null, "CPT_method": "MLE", "time_disc": 0.09738009999273345, "time_cnf": 0.13910079999186564, "time_VE": 0.0014221999881556258, "time_BP": 0.013395100002526306, "RMSE": 6.351978412630515, "WRMSE": 1.2757339546488329, "MAE": 3.6242970980577156, "PE": 0.033105000541028225, "exact_EV": 345, "disc_EV": 345.11421225186655, "Wass_scaled": 0.047995437264941786, "Wass_multi": 1.2368166296746823, "time_wass": 1.4756351000105496}