{"distribution": "lg", "edges": [["A", "D"], ["B", "D"], ["D", "E"], ["C", "E"]], "root_params": "A ~ N(20,20) B ~ N(20,20) C ~ N(15,15)", "experiment": 111, "not_root_params": "D   ~   N ( 2 A + 3 B , 1 . 5 6 2 5 )   E   ~   N ( 3 C + 3 D , 1 . 5 6 2 5 )", "sample_size": 1881, "means": {"A": 20, "B": 20, "C": 15, "D": 100, "E": 345}, "disc_method": "EB", "bins": 20, "target_column": null, "CPT_method": "MLE", "time_disc": 0.11565459985285997, "time_cnf": 0.5765154953114688, "time_VE": 0.002850227989256382, "time_BP": 0.010737549047917128, "RMSE": 7.150153533091879, "WRMSE": 1.4306139783025642, "MAE": 4.16363461380499, "PE": 0.012753192264884658, "exact_EV": 345, "disc_EV": 345.04399851331385, "Wass_scaled": 0.03558863506040288, "Wass_multi": 1.0329779141269098, "time_wass": 1.6286903889849782}