{
	"nodecount" : 6534,
	"peaknodes" : 6741,
	"total_load_time" : 0.985657,
	"build_time" : 0.948073,
	"wmc_time" : 0.00423384,
	"wmc_value" : 1,
	"bn_to_cnf_time" : 0.020261
}
