{"distribution": "lg", "edges": [["A", "D"], ["B", "D"], ["D", "E"], ["C", "E"]], "root_params": "A ~ N(20,20) B ~ N(20,20) C ~ N(15,15)", "experiment": 111, "not_root_params": "D   ~   N ( 2 A + 3 B , 1 . 5 6 2 5 )   E   ~   N ( 3 C + 3 D , 1 . 5 6 2 5 )", "sample_size": 1881, "means": {"A": 20, "B": 20, "C": 15, "D": 100, "E": 345}, "disc_method": "EV", "bins": 25, "target_column": null, "CPT_method": "MLE", "time_disc": 0.09982649999437854, "time_cnf": 0.39316490000055637, "time_VE": 0.002580700005637482, "time_BP": 0.01099499998963438, "RMSE": 0.7981417917123067, "WRMSE": 0.7995773175040654, "MAE": 0.6371032306425286, "PE": 0.020665494959223946, "exact_EV": 345, "disc_EV": 345.0712959576093, "Wass_scaled": 0.18633165754157027, "Wass_multi": 0.7882680677720639, "time_wass": 1.5222906000126386}