{"distribution": "lg", "edges": [["A", "D"], ["B", "D"], ["D", "E"], ["C", "E"]], "root_params": "A ~ N(20,20) B ~ N(20,20) C ~ N(15,15)", "experiment": 111, "not_root_params": "D   ~   N ( 2 A + 3 B , 1 . 5 6 2 5 )   E   ~   N ( 3 C + 3 D , 1 . 5 6 2 5 )", "sample_size": 1881, "means": {"A": 20, "B": 20, "C": 15, "D": 100, "E": 345}, "disc_method": "EV", "bins": 12, "target_column": null, "CPT_method": "MLE", "time_disc": 0.10256242426112294, "time_cnf": 0.3648087242618203, "time_VE": 0.0048490120097994804, "time_BP": 0.01724677113816142, "RMSE": 0.485831041951959, "WRMSE": 0.48616095506360696, "MAE": 0.39564092720574706, "PE": 0.018344729385081086, "exact_EV": 345, "disc_EV": 345.06328931637853, "Wass_scaled": 0.2632297256690875, "Wass_multi": 1.4520360412585833, "time_wass": 1.7366223079152405}