{"distribution": "lg", "edges": [["A", "D"], ["B", "D"], ["D", "E"], ["C", "E"]], "root_params": "A ~ N(20,20) B ~ N(20,20) C ~ N(15,15)", "experiment": 111, "not_root_params": "D   ~   N ( 2 A + 3 B , 1 . 5 6 2 5 )   E   ~   N ( 3 C + 3 D , 1 . 5 6 2 5 )", "sample_size": 1881, "means": {"A": 20, "B": 20, "C": 15, "D": 100, "E": 345}, "disc_method": "EV", "bins": 14, "target_column": null, "CPT_method": "MLE", "time_disc": 0.09734809999645222, "time_cnf": 0.07172259999788366, "time_VE": 0.0014226999919628724, "time_BP": 0.0137477999960538, "RMSE": 0.5158844371605076, "WRMSE": 0.5159062629857594, "MAE": 0.3824442808846941, "PE": 0.002058969719497406, "exact_EV": 345, "disc_EV": 345.00710344553227, "Wass_scaled": 0.24419568719926057, "Wass_multi": 1.2798205254360555, "time_wass": 1.5806205999979284}