{
	"nodecount" : 46211,
	"peaknodes" : 48518,
	"total_load_time" : 7.37639,
	"build_time" : 6.78622,
	"wmc_time" : 0.0111079,
	"wmc_value" : 1,
	"bn_to_cnf_time" : 0.306162
}
