{"distribution": "lg", "edges": [["A", "D"], ["B", "D"], ["D", "E"], ["C", "E"]], "root_params": "A ~ N(20,20) B ~ N(20,20) C ~ N(15,15)", "experiment": 111, "not_root_params": "D   ~   N ( 2 A + 3 B , 1 . 5 6 2 5 )   E   ~   N ( 3 C + 3 D , 1 . 5 6 2 5 )", "sample_size": 1881, "means": {"A": 20, "B": 20, "C": 15, "D": 100, "E": 345}, "disc_method": "EV", "bins": 8, "target_column": null, "CPT_method": "MLE", "time_disc": 0.07734298706054688, "time_cnf": 0.9655486936680973, "time_VE": 0.0038003502413630486, "time_BP": 0.013883700128644705, "RMSE": 0.49664082941618154, "WRMSE": 0.49655604890927935, "MAE": 0.3280846989415309, "PE": 0.009513458231657607, "exact_EV": 345, "disc_EV": 345.0328214308992, "Wass_scaled": 0.32665619880026914, "Wass_multi": 2.010049488986274, "time_wass": 2.062128267250955}