{
	"nodecount" : 46211,
	"peaknodes" : 48518,
	"total_load_time" : 6.85663,
	"build_time" : 6.11999,
	"wmc_time" : 0.0186591
}
