{
	"nodecount" : 18743,
	"peaknodes" : 18833,
	"total_load_time" : 1.1572,
	"build_time" : 0.970111,
	"wmc_time" : 0.010499
}
