{"distribution": "lg", "edges": [["A", "D"], ["B", "D"], ["D", "E"], ["C", "E"]], "root_params": "A ~ N(20,20) B ~ N(20,20) C ~ N(15,15)", "experiment": 111, "not_root_params": "D   ~   N ( 2 A + 3 B , 1 . 5 6 2 5 )   E   ~   N ( 3 C + 3 D , 1 . 5 6 2 5 )", "sample_size": 1881, "means": {"A": 20, "B": 20, "C": 15, "D": 100, "E": 345}, "disc_method": "EV", "bins": 17, "target_column": null, "CPT_method": "MLE", "time_disc": 0.07433714624494314, "time_cnf": 0.3487103981897235, "time_VE": 0.002528256271034479, "time_BP": 0.013657999224960804, "RMSE": 0.46589072058258324, "WRMSE": 0.46629748140839217, "MAE": 0.3556664251211547, "PE": 0.011485477526726438, "exact_EV": 345, "disc_EV": 345.0396248974672, "Wass_scaled": 0.22194990384657545, "Wass_multi": 1.0883866322390068, "time_wass": 1.607084486167878}