{"distribution": "lg", "edges": [["A", "D"], ["B", "D"], ["D", "E"], ["C", "E"]], "root_params": "A ~ N(20,20) B ~ N(20,20) C ~ N(15,15)", "experiment": 111, "not_root_params": "D   ~   N ( 2 A + 3 B , 1 . 5 6 2 5 )   E   ~   N ( 3 C + 3 D , 1 . 5 6 2 5 )", "sample_size": 1881, "means": {"A": 20, "B": 20, "C": 15, "D": 100, "E": 345}, "disc_method": "EV", "bins": 5, "target_column": null, "CPT_method": "MLE", "time_disc": 0.09765129999141209, "time_cnf": 0.0074108000117121264, "time_VE": 0.0015292000025510788, "time_BP": 0.005298800009768456, "RMSE": 0.8166024441673692, "WRMSE": 0.8166167681936597, "MAE": 0.6302072163726052, "PE": 0.013539371650857493, "exact_EV": 345, "disc_EV": 345.04671083219546, "Wass_scaled": 0.42954618443391884, "Wass_multi": 2.964922133407672, "time_wass": 1.5338269999920158}