{
	"nodecount" : 3493,
	"peaknodes" : 3514,
	"total_load_time" : 0.3186,
	"build_time" : 0.209003,
	"wmc_time" : 0.0034821
}
