{"distribution": "lg", "edges": [["A", "D"], ["B", "D"], ["D", "E"], ["C", "E"]], "root_params": "A ~ N(20,20) B ~ N(20,20) C ~ N(15,15)", "experiment": 111, "not_root_params": "D   ~   N ( 2 A + 3 B , 1 . 5 6 2 5 )   E   ~   N ( 3 C + 3 D , 1 . 5 6 2 5 )", "sample_size": 1881, "means": {"A": 20, "B": 20, "C": 15, "D": 100, "E": 345}, "disc_method": "EB", "bins": 5, "target_column": null, "CPT_method": "MLE", "time_disc": 0.06818828219547868, "time_cnf": 0.5164801948703825, "time_VE": 0.0019021080806851387, "time_BP": 0.0073387050069868565, "RMSE": 2.5907308986066306, "WRMSE": 1.4906580928669857, "MAE": 2.22545178155508, "PE": 0.011042705970919706, "exact_EV": 345, "disc_EV": 345.0380973355997, "Wass_scaled": 0.1696235018060865, "Wass_multi": 3.895733921347304, "time_wass": 1.3759472570382059}