{
	"nodecount" : 62324,
	"peaknodes" : 66279,
	"total_load_time" : 9.72837,
	"build_time" : 8.39907,
	"wmc_time" : 0.0164931,
	"wmc_value" : 1,
	"bn_to_cnf_time" : 0.598996
}
