{"distribution": "lg", "edges": [["A", "D"], ["B", "D"], ["D", "E"], ["C", "E"]], "root_params": "A ~ N(20,20) B ~ N(20,20) C ~ N(15,15)", "experiment": 111, "not_root_params": "D   ~   N ( 2 A + 3 B , 1 . 5 6 2 5 )   E   ~   N ( 3 C + 3 D , 1 . 5 6 2 5 )", "sample_size": 1881, "means": {"A": 20, "B": 20, "C": 15, "D": 100, "E": 345}, "disc_method": "EB", "bins": 8, "target_column": null, "CPT_method": "MLE", "time_disc": 0.09569520001241472, "time_cnf": 0.01709609999670647, "time_VE": 0.0015984000056050718, "time_BP": 0.01201000000583008, "RMSE": 2.8352504684056052, "WRMSE": 0.8594161661132514, "MAE": 1.9137718050206232, "PE": 0.024022849798955682, "exact_EV": 345, "disc_EV": 345.0828788318064, "Wass_scaled": 0.0983368418086436, "Wass_multi": 2.5582939105664555, "time_wass": 1.4593894999998156}