{
	"nodecount" : 81243,
	"peaknodes" : 89721,
	"total_load_time" : 9.38791,
	"build_time" : 8.28681,
	"wmc_time" : 0.020849
}
