{"distribution": "lg", "edges": [["A", "D"], ["B", "D"], ["D", "E"], ["C", "E"]], "root_params": "A ~ N(20,20) B ~ N(20,20) C ~ N(15,15)", "experiment": 111, "not_root_params": "D   ~   N ( 2 A + 3 B , 1 . 5 6 2 5 )   E   ~   N ( 3 C + 3 D , 1 . 5 6 2 5 )", "sample_size": 1881, "means": {"A": 20, "B": 20, "C": 15, "D": 100, "E": 345}, "disc_method": "EV", "bins": 10, "target_column": null, "CPT_method": "MLE", "time_disc": 0.07489967113360763, "time_cnf": 0.2277682558633387, "time_VE": 0.0022845487110316753, "time_BP": 0.011303805746138096, "RMSE": 0.41062607484469954, "WRMSE": 0.41054922095621577, "MAE": 0.30195226230715094, "PE": 0.016882734545712687, "exact_EV": 345, "disc_EV": 345.0582454341827, "Wass_scaled": 0.28907686950928557, "Wass_multi": 1.674995874792933, "time_wass": 1.783182886429131}