{"distribution": "lalonde", "edges": [["treat", "re78"], ["age", "treat"], ["educ", "treat"], ["black", "treat"], ["hisp", "treat"], ["married", "treat"], ["nodegr", "treat"], ["re74", "treat"], ["re75", "treat"], ["age", "re78"], ["educ", "re78"], ["black", "re78"], ["hisp", "re78"], ["married", "re78"], ["nodegr", "re78"], ["re74", "re78"], ["re75", "re78"]], "disc_method": "EB", "bins": 10, "target_column": null, "CPT_method": "Bayes", "time_disc": 2.800159509992227, "time_cnf": 284.57441397500224, "time_VE": 1930.282699415926, "PE": 122.46729498303976, "exact_EV": 1794.34, "disc_EV": 3991.8196607986756, "Wass_scaled": 0.0914868993479117, "Wass_multi": 7214.420756186683, "time_wass": 2.4262057018931955}