{"distribution": "lalonde", "edges": [["treat", "re78"], ["age", "treat"], ["educ", "treat"], ["black", "treat"], ["hisp", "treat"], ["married", "treat"], ["nodegr", "treat"], ["re74", "treat"], ["re75", "treat"], ["age", "re78"], ["educ", "re78"], ["black", "re78"], ["hisp", "re78"], ["married", "re78"], ["nodegr", "re78"], ["re74", "re78"], ["re75", "re78"]], "disc_method": "EV", "bins": 5, "target_column": null, "CPT_method": "Bayes", "time_disc": 0.7839685999788344, "time_cnf": 325.05710589996306, "time_BP": 235.33121070003835, "time_VE": 31.467977299995255, "PE": 103.62316399991191, "exact_EV": 1794.34, "disc_EV": -65.01188091601944, "Wass_scaled": 0.6969186419602401, "Wass_multi": 6216.367214823542, "time_wass": 8.015149799990468}