{"distribution": "lalonde", "edges": [["treat", "re78"], ["age", "treat"], ["educ", "treat"], ["black", "treat"], ["hisp", "treat"], ["married", "treat"], ["nodegr", "treat"], ["re74", "treat"], ["re75", "treat"], ["age", "re78"], ["educ", "re78"], ["black", "re78"], ["hisp", "re78"], ["married", "re78"], ["nodegr", "re78"], ["re74", "re78"], ["re75", "re78"]], "disc_method": "EV", "bins": 7, "target_column": null, "CPT_method": "Bayes", "time_disc": 1.4567487999999997, "time_cnf": 1517.4628022, "time_BP": 2677.048394, "time_VE": 205.1287130999999, "PE": 102.43408962741051, "exact_EV": 1794.34, "disc_EV": -43.675843820477894, "Wass_scaled": 0.6222104546232847, "Wass_multi": 4953.603611444714, "time_wass": 5.361233799999354}