{"distribution": "lalonde", "edges": [["treat", "re78"], ["age", "treat"], ["educ", "treat"], ["black", "treat"], ["hisp", "treat"], ["married", "treat"], ["nodegr", "treat"], ["re74", "treat"], ["re75", "treat"], ["age", "re78"], ["educ", "re78"], ["black", "re78"], ["hisp", "re78"], ["married", "re78"], ["nodegr", "re78"], ["re74", "re78"], ["re75", "re78"]], "disc_method": "EV", "bins": 6, "target_column": null, "CPT_method": "Bayes", "time_disc": 1.2803966999636032, "time_cnf": 3465.589122799982, "time_BP": 591.037760999985, "time_VE": 61.93227389996173, "PE": 103.89633876906437, "exact_EV": 1794.34, "disc_EV": -69.91356506882948, "Wass_scaled": 0.6504540687380744, "Wass_multi": 5440.37585087107, "time_wass": 5.4589203000068665}