{"distribution": "lalonde", "edges": [["treat", "re78"], ["age", "treat"], ["educ", "treat"], ["black", "treat"], ["hisp", "treat"], ["married", "treat"], ["nodegr", "treat"], ["re74", "treat"], ["re75", "treat"], ["age", "re78"], ["educ", "re78"], ["black", "re78"], ["hisp", "re78"], ["married", "re78"], ["nodegr", "re78"], ["re74", "re78"], ["re75", "re78"]], "disc_method": "MDLP", "bins": 2, "target_column": "re78", "CPT_method": "Bayes", "time_disc": 116.60138047905639, "time_cnf": 441.74910337105393, "time_VE": 135.24303130595945, "PE": 96.60252782667814, "exact_EV": 1794.34, "disc_EV": 60.96220219478346, "Wass_scaled": 0.5928511376655885, "Wass_multi": 5673.180973007158, "time_wass": 2.5638627561274916}