{"distribution": "lalonde", "edges": [["treat", "re78"], ["age", "treat"], ["educ", "treat"], ["black", "treat"], ["hisp", "treat"], ["married", "treat"], ["nodegr", "treat"], ["re74", "treat"], ["re75", "treat"], ["age", "re78"], ["educ", "re78"], ["black", "re78"], ["hisp", "re78"], ["married", "re78"], ["nodegr", "re78"], ["re74", "re78"], ["re75", "re78"]], "disc_method": "EV", "bins": 8, "target_column": null, "CPT_method": "Bayes", "time_disc": 1.4559950000002573, "time_cnf": 2125.6980103999995, "time_BP": 4078.6546813000023, "time_VE": 270.8446554000002, "PE": 95.95642285359554, "exact_EV": 1794.34, "disc_EV": 72.55552216879369, "Wass_scaled": 0.5572938614772569, "Wass_multi": 5008.174521559217, "time_wass": 5.124578999999358}