{
	"nodecount" : 478,
	"peaknodes" : 478,
	"total_load_time" : 0.308978,
	"build_time" : 0.126398,
	"wmc_time" : 0.00147319
}
