{"distribution": "lalonde", "edges": [["treat", "re78"], ["age", "treat"], ["educ", "treat"], ["black", "treat"], ["hisp", "treat"], ["married", "treat"], ["nodegr", "treat"], ["re74", "treat"], ["re75", "treat"], ["age", "re78"], ["educ", "re78"], ["black", "re78"], ["hisp", "re78"], ["married", "re78"], ["nodegr", "re78"], ["re74", "re78"], ["re75", "re78"]], "disc_method": "EV", "bins": 3, "target_column": null, "CPT_method": "Bayes", "time_disc": 0.2780941999517381, "time_cnf": 23.22542919998523, "time_BP": 9.527117900026496, "time_VE": 1.996270400006324, "PE": 119.73991123888293, "exact_EV": 1794.34, "disc_EV": -354.20112332377175, "Wass_scaled": 0.9142598037009048, "Wass_multi": 9470.660505195243, "time_wass": 5.138344999984838}