{"distribution": "lalonde", "edges": [["treat", "re78"], ["age", "treat"], ["educ", "treat"], ["black", "treat"], ["hisp", "treat"], ["married", "treat"], ["nodegr", "treat"], ["re74", "treat"], ["re75", "treat"], ["age", "re78"], ["educ", "re78"], ["black", "re78"], ["hisp", "re78"], ["married", "re78"], ["nodegr", "re78"], ["re74", "re78"], ["re75", "re78"]], "ate": 1794.34, "disc_method": "EB", "bins": 2, "target_column": null, "CPT_method": "Bayes", "time_disc": 0.10613533994182944, "time_cnf": 0.2402985729277134, "time_VE": 0.3001863600220531, "PE": 701.230054713171, "exact_EV": 1794.34, "disc_EV": 14376.79136374031, "Wass_scaled": 0.489662163124128, "Wass_multi": 19229.519749922794, "time_wass": 2.270531340967864}