{"distribution": "lalonde", "edges": [["treat", "re78"], ["age", "treat"], ["educ", "treat"], ["black", "treat"], ["hisp", "treat"], ["married", "treat"], ["nodegr", "treat"], ["re74", "treat"], ["re75", "treat"], ["age", "re78"], ["educ", "re78"], ["black", "re78"], ["hisp", "re78"], ["married", "re78"], ["nodegr", "re78"], ["re74", "re78"], ["re75", "re78"]], "disc_method": "EB", "bins": 12, "target_column": null, "CPT_method": "Bayes", "time_disc": 6.987481795018539, "time_cnf": 649.4261692609871, "time_VE": 14824.307617285987, "PE": 24.092052384165754, "exact_EV": 1794.34, "disc_EV": 2226.6333327500397, "Wass_scaled": 0.07632454832160812, "Wass_multi": 5893.906333952615, "time_wass": 2.7880636049667373}