{"distribution": "lalonde", "edges": [["treat", "re78"], ["age", "treat"], ["educ", "treat"], ["black", "treat"], ["hisp", "treat"], ["married", "treat"], ["nodegr", "treat"], ["re74", "treat"], ["re75", "treat"], ["age", "re78"], ["educ", "re78"], ["black", "re78"], ["hisp", "re78"], ["married", "re78"], ["nodegr", "re78"], ["re74", "re78"], ["re75", "re78"]], "disc_method": "EV", "bins": 2, "target_column": null, "CPT_method": "Bayes", "time_disc": 0.36956239998107776, "time_cnf": 6.253723700006958, "time_BP": 2.982565100013744, "time_VE": 0.6760692999814637, "PE": 158.8305597470397, "exact_EV": 1794.34, "disc_EV": -1055.620265765032, "Wass_scaled": 1.0521656833290003, "Wass_multi": 12735.51407146113, "time_wass": 5.15997989999596}