{"distribution": "lalonde", "edges": [["treat", "re78"], ["age", "treat"], ["educ", "treat"], ["black", "treat"], ["hisp", "treat"], ["married", "treat"], ["nodegr", "treat"], ["re74", "treat"], ["re75", "treat"], ["age", "re78"], ["educ", "re78"], ["black", "re78"], ["hisp", "re78"], ["married", "re78"], ["nodegr", "re78"], ["re74", "re78"], ["re75", "re78"]], "disc_method": "EB", "bins": 6, "target_column": null, "CPT_method": "Bayes", "time_disc": 0.5000033999967854, "time_cnf": 588.6671794999857, "time_BP": 645.322788599995, "time_VE": 60.78505779997795, "PE": 458.1918955463208, "exact_EV": 1794.34, "disc_EV": 10015.860458545852, "Wass_scaled": 0.1710371641167934, "Wass_multi": 11439.53149659677, "time_wass": 4.0445818999724}