{
	"nodecount" : 771,
	"peaknodes" : 771,
	"total_load_time" : 0.239607,
	"build_time" : 0.132293,
	"wmc_time" : 0.00173807
}
