{"distribution": "lalonde", "edges": [["treat", "re78"], ["age", "treat"], ["educ", "treat"], ["black", "treat"], ["hisp", "treat"], ["married", "treat"], ["nodegr", "treat"], ["re74", "treat"], ["re75", "treat"], ["age", "re78"], ["educ", "re78"], ["black", "re78"], ["hisp", "re78"], ["married", "re78"], ["nodegr", "re78"], ["re74", "re78"], ["re75", "re78"]], "disc_method": "EB", "bins": 7, "target_column": null, "CPT_method": "Bayes", "time_disc": 0.7520422999805305, "time_cnf": 1453.8339531999954, "time_BP": 3480.102668000007, "time_VE": 342.80510599998524, "PE": 474.07607939887566, "exact_EV": 1794.34, "disc_EV": 10300.876723085785, "Wass_scaled": 0.1456691741333414, "Wass_multi": 10142.936080251757, "time_wass": 6.535108499985654}