{
	"nodecount" : 1683,
	"peaknodes" : 1683,
	"total_load_time" : 0.941188,
	"build_time" : 0.743677,
	"wmc_time" : 0.00207615
}
