{"distribution": "lalonde", "edges": [["treat", "re78"], ["age", "treat"], ["educ", "treat"], ["black", "treat"], ["hisp", "treat"], ["married", "treat"], ["nodegr", "treat"], ["re74", "treat"], ["re75", "treat"], ["age", "re78"], ["educ", "re78"], ["black", "re78"], ["hisp", "re78"], ["married", "re78"], ["nodegr", "re78"], ["re74", "re78"], ["re75", "re78"]], "disc_method": "EV", "bins": 9, "target_column": null, "CPT_method": "Bayes", "time_disc": 1.0145867579849437, "time_cnf": 114.94455506606027, "time_VE": 349.06927783903666, "PE": 94.39129810814472, "exact_EV": 1794.34, "disc_EV": 100.63918152631595, "Wass_scaled": 0.5352731329365938, "Wass_multi": 4578.105648617445, "time_wass": 2.743805092992261}